normalized_artists,normalized_title,source_position,video_id,video_url,reason,best_match_score,best_match_title,best_match_artist,best_match_id
Static-X,Stem,6,eIp2atwDIDY,https://music.youtube.com/watch?v=eIp2atwDIDY,not_found,0.0000,,,
Current Joys,Blondie,14,Zm_GfzD80hQ,https://music.youtube.com/watch?v=Zm_GfzD80hQ,not_found,0.0000,,,
Schmalgauzen,уночі,15,GImHu7QWTEY,https://music.youtube.com/watch?v=GImHu7QWTEY,not_found,0.0000,,,
Radiohead,Spectre,16,CLiDemXYSLc,https://music.youtube.com/watch?v=CLiDemXYSLc,not_found,0.0000,,,
Mitski,My Love Mine All Mine,18,Qy9LTRu89FA,https://music.youtube.com/watch?v=Qy9LTRu89FA,not_found,0.0000,,,
Mudvayne,King Of Pain,23,v2R8icOeBEg,https://music.youtube.com/watch?v=v2R8icOeBEg,not_found,0.0000,,,
DYING FETUS,Kill your Mother / Rape your Dog,28,t3QJtY214CM,https://music.youtube.com/watch?v=t3QJtY214CM,not_found,0.0000,,,
Ramin Djawadi; Serj Tankian,The Rains of Castamere,30,USNr_n-NYmc,https://music.youtube.com/watch?v=USNr_n-NYmc,not_found,0.0000,,,
Temple of Void,The Crawl,33,lgTMOQSQvHc,https://music.youtube.com/watch?v=lgTMOQSQvHc,not_found,0.0000,,,
Turnstile,SLOWDIVE,35,yjS8EeK-We0,https://music.youtube.com/watch?v=yjS8EeK-We0,not_found,0.0000,,,
Static-X,Destroy All,38,7wNyotJ3T_w,https://music.youtube.com/watch?v=7wNyotJ3T_w,not_found,0.0000,,,
Static-X,Otsegolation,39,KhQWKdyN208,https://music.youtube.com/watch?v=KhQWKdyN208,not_found,0.0000,,,
Deftones,my mind is a mountain,43,aLjJ8iwG8UU,https://music.youtube.com/watch?v=aLjJ8iwG8UU,not_found,0.0000,,,
Marilyn Manson,Tainted Love,45,WPlO_iEWFQc,https://music.youtube.com/watch?v=WPlO_iEWFQc,not_found,0.0000,,,
Nirvana,You Know You're Right,46,F2zJDTL6dh8,https://music.youtube.com/watch?v=F2zJDTL6dh8,not_found,0.0000,,,
Alice In Chains,Nutshell,48,_siJRgDlddY,https://music.youtube.com/watch?v=_siJRgDlddY,not_found,0.0000,,,
Beyond Remembrance,Alternate Resident Evil Save Room Music,50,epPjc73iT2w,https://music.youtube.com/watch?v=epPjc73iT2w,not_found,0.0000,,,
Hans Zimmer,I've Got My Eye On You,59,nhgQYW_pYMs,https://music.youtube.com/watch?v=nhgQYW_pYMs,not_found,0.0000,,,
Shira Choir,Mimkoimchu,62,y1thKzyRxkU,https://music.youtube.com/watch?v=y1thKzyRxkU,not_found,0.0000,,,
Blues 'n' Trouble,Blue Because Of You,63,yipcGcmnri4,https://music.youtube.com/watch?v=yipcGcmnri4,not_found,0.0000,,,
Sundazer,Cry Wolf,64,o2OZLe2j9so,https://music.youtube.com/watch?v=o2OZLe2j9so,not_found,0.0000,,,
Luigi Scordamaglia,Siamo Qui (feat. Guido Focardi),65,4VBhf_wEfE4,https://music.youtube.com/watch?v=4VBhf_wEfE4,not_found,0.0000,,,
HIM,Your Sweet 666,66,gOiFFTL5j7o,https://music.youtube.com/watch?v=gOiFFTL5j7o,not_found,0.0000,,,
Encapsulation,Alternate Resident Evil Save Room Music,67,J2_ifsAX4Gg,https://music.youtube.com/watch?v=J2_ifsAX4Gg,not_found,0.0000,,,
Rowan Lee Hartsuiker,Chinggis Magtaal,68,gF4q6PSkRw0,https://music.youtube.com/watch?v=gF4q6PSkRw0,not_found,0.0000,,,
Khusugtun,Praise of Chinggis Khaan,69,J5jI59BQjzs,https://music.youtube.com/watch?v=J5jI59BQjzs,not_found,0.0000,,,
The Main Squeeze,"Have a Cigar"" (Pink Floyd)",72,FdCkXQ6ciXg,https://music.youtube.com/watch?v=FdCkXQ6ciXg,not_found,0.0000,,,
Minoru Muraoka,Take Five,77,j88eE2iMuGU,https://music.youtube.com/watch?v=j88eE2iMuGU,not_found,0.0000,,,
Beegie Adair,Misty,78,Qk6BEu2pAV4,https://music.youtube.com/watch?v=Qk6BEu2pAV4,not_found,0.0000,,,
Batzorig Vaanchig,The Beautiful Steppe,80,ec73IZloJhc,https://music.youtube.com/watch?v=ec73IZloJhc,not_found,0.0000,,,
Rowan Lee Hartsuiker,Chinggis Khaanii Magtaal - by Rowan Hartsuiker,81,xwAbWWjeoWQ,https://music.youtube.com/watch?v=xwAbWWjeoWQ,not_found,0.0000,,,
Angelo Badalamenti,Moving Through Time,84,i3BhWXi5lzo,https://music.youtube.com/watch?v=i3BhWXi5lzo,not_found,0.0000,,,
John Mayall & The Bluesbreakers with Gary Moore,So Many Roads,96,dwc7ZEYfWYc,https://music.youtube.com/watch?v=dwc7ZEYfWYc,not_found,0.0000,,,
Stoic Music,Storm Edge,97,Zt7rxV2i8cE,https://music.youtube.com/watch?v=Zt7rxV2i8cE,not_found,0.0000,,,
Nils Frahm,Talisman,99,PtJ_BmVLCyQ,https://music.youtube.com/watch?v=PtJ_BmVLCyQ,not_found,0.0000,,,
"Anthony Hopkins, Danielle de Niese, Bruno Lazzaretti, Libera, The Lyndhurst Orchestra, and Gavin Greenaway",Vide Cor Meum,100,f7ykwOLts3k,https://music.youtube.com/watch?v=f7ykwOLts3k,not_found,0.0000,,,
Wounded Masquerade,my own blood,104,cnZfTY96THI,https://music.youtube.com/watch?v=cnZfTY96THI,not_found,0.0000,,,
Wounded Masquerade,you,113,cpHr2QH52Lo,https://music.youtube.com/watch?v=cpHr2QH52Lo,not_found,0.0000,,,
Wisp,Guide light,114,oIaL2lkWjBs,https://music.youtube.com/watch?v=oIaL2lkWjBs,not_found,0.0000,,,
The Lonely,Drowned (feat. Blade And Bath),115,CVi-_fL8jew,https://music.youtube.com/watch?v=CVi-_fL8jew,not_found,0.0000,,,
Midwife,Song for an Unborn Sun,116,EtIfko_vauo,https://music.youtube.com/watch?v=EtIfko_vauo,not_found,0.0000,,,
My Useless Life,Melancholic Night,117,FgnKKE-YCLE,https://music.youtube.com/watch?v=FgnKKE-YCLE,not_found,0.0000,,,
CØL,One Last Touch...,118,wKv6zi7hzzc,https://music.youtube.com/watch?v=wKv6zi7hzzc,not_found,0.0000,,,
Rotting Christ,Daimonon Vrosis (Re-recorded),119,ELOqwWO8vAc,https://music.youtube.com/watch?v=ELOqwWO8vAc,not_found,0.0000,,,
Diddy Heil Epstein,Full Lyric Video (tiktok audio),125,CTfAn-6trNQ,https://music.youtube.com/watch?v=CTfAn-6trNQ,not_found,0.0000,,,
Cities Last Broadcast; Fractalyst,Imprecise Waltz,126,FzvqjWiQd4U,https://music.youtube.com/watch?v=FzvqjWiQd4U,not_found,0.0000,,,
Wounded Masquerade,my lungs are just rooms for ghosts,127,c776nK4no0Q,https://music.youtube.com/watch?v=c776nK4no0Q,not_found,0.0000,,,
Finnegan Tui,Denna,128,8ZNucRs1hf8,https://music.youtube.com/watch?v=8ZNucRs1hf8,not_found,0.0000,,,
Atrium Carceri,Pathway to Nothing,129,4iKqzUEmKGA,https://music.youtube.com/watch?v=4iKqzUEmKGA,not_found,0.0000,,,
Yves Montand,Sous Le Ciel De Paris,135,XZ5uNaChjfM,https://music.youtube.com/watch?v=XZ5uNaChjfM,not_found,0.0000,,,
John Murphy,Adagio in D Minor,139,-K9PM3_lAgQ,https://music.youtube.com/watch?v=-K9PM3_lAgQ,not_found,0.0000,,,
Metatron Omega,Megalosthronos,140,TP0_3JMntAc,https://music.youtube.com/watch?v=TP0_3JMntAc,not_found,0.0000,,,
Emerelle,"Evenstar (""Lord of the Rings"")",144,2GdWWPVMITc,https://music.youtube.com/watch?v=2GdWWPVMITc,not_found,0.0000,,,
Swordlender,Ancient Mountain,145,98nWAuL87rk,https://music.youtube.com/watch?v=98nWAuL87rk,not_found,0.0000,,,
Swordlender,Caverns of the Old Gods,146,vJ_rSbiKGTI,https://music.youtube.com/watch?v=vJ_rSbiKGTI,not_found,0.0000,,,
Nocturnal Depression,Spring,149,bagdrYMn9R0,https://music.youtube.com/watch?v=bagdrYMn9R0,not_found,0.0000,,,
Nocturnal Depression,Anthem to Self Destruction,151,fTc4bzYAmmU,https://music.youtube.com/watch?v=fTc4bzYAmmU,not_found,0.0000,,,
FLat7,パス・トゥ・ハート - Path To Heart,153,baaDERtnt2o,https://music.youtube.com/watch?v=baaDERtnt2o,not_found,0.0000,,,
Pogomix,Boy & Bear,155,Nfh0IJikKVo,https://music.youtube.com/watch?v=Nfh0IJikKVo,not_found,0.0000,,,
Famous Fhil,Million Dollar Baby,159,HyejjJA8tqI,https://music.youtube.com/watch?v=HyejjJA8tqI,not_found,0.0000,,,
揽佬SKAI ISYOURGOD,求签,160,Jnkm6kM4Tn0,https://music.youtube.com/watch?v=Jnkm6kM4Tn0,not_found,0.0000,,,
攬佬SKAI ISYOURGOD & AR劉夫陽,大展鴻圖(Blueprint Supreme),161,yWT-UopFlAs,https://music.youtube.com/watch?v=yWT-UopFlAs,not_found,0.0000,,,
Lian Ross,Mamy Blue,164,_Llli2oIIIE,https://music.youtube.com/watch?v=_Llli2oIIIE,not_found,0.0000,,,
攬佬SKAI ISYOURGOD,八方來財(Stacks from All Sides),168,cUwnLvgdo5g,https://music.youtube.com/watch?v=cUwnLvgdo5g,not_found,0.0000,,,
Travis Scott; GloRilla,SHYNE,182,9U6suxc3kIs,https://music.youtube.com/watch?v=9U6suxc3kIs,not_found,0.0000,,,
Misanthrop,Blod Besvimelse,183,sapvbf2CKoE,https://music.youtube.com/watch?v=sapvbf2CKoE,not_found,0.0000,,,
PATRIARKH,WIERSZALIN V,184,NGIx9z5k3Go,https://music.youtube.com/watch?v=NGIx9z5k3Go,not_found,0.0000,,,
Eminem,Venom (Music From The Motion Picture),189,pB-B6DUY0OY,https://music.youtube.com/watch?v=pB-B6DUY0OY,not_found,0.0000,,,
Byzantine Choir,Kyrie Eleison,193,wVWNFuk4N2M,https://music.youtube.com/watch?v=wVWNFuk4N2M,not_found,0.0000,,,
Teddy Swims,Lose Control,196,AeedWEyMYYo,https://music.youtube.com/watch?v=AeedWEyMYYo,not_found,0.0000,,,
Земфира,П.М.М.Л.,197,gqXde_na_YA,https://music.youtube.com/watch?v=gqXde_na_YA,not_found,0.0000,,,
Pogo,Grover Groove,201,H5Vrom3ngSE,https://music.youtube.com/watch?v=H5Vrom3ngSE,not_found,0.0000,,,
Ghost,Zenith,204,G-8KOmo5nps,https://music.youtube.com/watch?v=G-8KOmo5nps,not_found,0.0000,,,
Bob Sinclar,"World, Hold On (Children of the Sky) (feat. Steve Edwards)",208,Hw2z_MdSf-k,https://music.youtube.com/watch?v=Hw2z_MdSf-k,not_found,0.0000,,,
Lipps Inc.,Funkytown,212,OAC4ItP0xWM,https://music.youtube.com/watch?v=OAC4ItP0xWM,not_found,0.0000,,,
Silent Rhythm,Starry Night,214,626uq6qqavY,https://music.youtube.com/watch?v=626uq6qqavY,not_found,0.0000,,,
Engelbert Humperdinck,Love Me With All Your Heart (Cuando Calienta El Sol),219,blhEVJkgAtQ,https://music.youtube.com/watch?v=blhEVJkgAtQ,not_found,0.0000,,,
Maceo,The Soul Of A Black Man,221,DDU_LlOMK0k,https://music.youtube.com/watch?v=DDU_LlOMK0k,not_found,0.0000,,,
Triads; Gimp,Now I Can Hold My Head Up High,222,8Mzxp-b3q7U,https://music.youtube.com/watch?v=8Mzxp-b3q7U,not_found,0.0000,,,
Them Two,Am I a Good Man,225,7EUipDulX8c,https://music.youtube.com/watch?v=7EUipDulX8c,not_found,0.0000,,,
what i hate about atom eve,thanks to you,226,sPI6aOeAuF0,https://music.youtube.com/watch?v=sPI6aOeAuF0,not_found,0.0000,,,
Peppino Gagliardi,Che vuole questa musica stasera,228,0g16tSwpvwQ,https://music.youtube.com/watch?v=0g16tSwpvwQ,not_found,0.0000,,,
Deftones,souvenir,230,zlSjfJTyzVM,https://music.youtube.com/watch?v=zlSjfJTyzVM,not_found,0.0000,,,
Decalius,Tortured,231,ieOCKmLevc0,https://music.youtube.com/watch?v=ieOCKmLevc0,not_found,0.0000,,,
Smother dsbm,pain agony (Dsbm),232,7CKrMkCmBsY,https://music.youtube.com/watch?v=7CKrMkCmBsY,not_found,0.0000,,,
Deftones,infinite source,235,jSNvyzsNEaQ,https://music.youtube.com/watch?v=jSNvyzsNEaQ,not_found,0.0000,,,
Wounded Masquerade,Wish you were here,237,cYiUAI1Oj_Y,https://music.youtube.com/watch?v=cYiUAI1Oj_Y,not_found,0.0000,,,
Mgła,Further Down the Nest I,238,qq9CC8z53As,https://music.youtube.com/watch?v=qq9CC8z53As,not_found,0.0000,,,
Daevar,Leviathan (feat. Jan Oberg),240,A3NcpZQQl5k,https://music.youtube.com/watch?v=A3NcpZQQl5k,not_found,0.0000,,,
nixxiu,vain,241,DcFoM0qFB6o,https://music.youtube.com/watch?v=DcFoM0qFB6o,not_found,0.0000,,,
Hideki Taniuchi,Tokei no Hari no Oto,247,M7h8XlbQ4aA,https://music.youtube.com/watch?v=M7h8XlbQ4aA,not_found,0.0000,,,
Deadspace,Pain's Grey,248,7LzF3EhLkLQ,https://music.youtube.com/watch?v=7LzF3EhLkLQ,not_found,0.0000,,,
Kra$h,"Yours Truly, Krash",255,g55E5dofoJY,https://music.youtube.com/watch?v=g55E5dofoJY,not_found,0.0000,,,
Scizzie,aquatic ambience,256,oEybvx6Fx8M,https://music.youtube.com/watch?v=oEybvx6Fx8M,not_found,0.0000,,,
Macintosh Plus,私はそれで午前ZONE,258,DK_sVdH2PwU,https://music.youtube.com/watch?v=DK_sVdH2PwU,not_found,0.0000,,,
Nujabes,Still Talking to You,259,PzW62UP8CmY,https://music.youtube.com/watch?v=PzW62UP8CmY,not_found,0.0000,,,
Tony Anderson,Pastoral,263,6r79aWeHu4Q,https://music.youtube.com/watch?v=6r79aWeHu4Q,not_found,0.0000,,,
Klaus Badelt,The Medallion Calls,264,FT13elr90q8,https://music.youtube.com/watch?v=FT13elr90q8,not_found,0.0000,,,
Klaus Badelt,Swords Crossed,265,QQLErKfQ4LU,https://music.youtube.com/watch?v=QQLErKfQ4LU,not_found,0.0000,,,
Geoff Zanelli,My Name Is Barbossa,266,i2Om-raqmaM,https://music.youtube.com/watch?v=i2Om-raqmaM,not_found,0.0000,,,
Susumu Hirasawa,Gats,267,auLopgsgJ_s,https://music.youtube.com/watch?v=auLopgsgJ_s,not_found,0.0000,,,
Michał Łapaj,Breathe,268,9a9hXH2Km_4,https://music.youtube.com/watch?v=9a9hXH2Km_4,not_found,0.0000,,,
Imperial Orchestra,Interstellar (Original Score),269,Vdi8c51e-ME,https://music.youtube.com/watch?v=Vdi8c51e-ME,not_found,0.0000,,,
Static-X,Black Star,271,vSADld6FRMQ,https://music.youtube.com/watch?v=vSADld6FRMQ,not_found,0.0000,,,
Wounded Masquerade,brighter than every star,272,4_u-czHl--Q,https://music.youtube.com/watch?v=4_u-czHl--Q,not_found,0.0000,,,
Meshuggah,Broken Cog,273,ESgBunzLJyI,https://music.youtube.com/watch?v=ESgBunzLJyI,not_found,0.0000,,,
Black Sabbath,Changes (2009 Remaster),276,exfhPVHOZzM,https://music.youtube.com/watch?v=exfhPVHOZzM,not_found,0.0000,,,
Dying Fetus,Unbridled Fury,277,YlFFSKkGwP4,https://music.youtube.com/watch?v=YlFFSKkGwP4,not_found,0.0000,,,
Ghost,Phantom Of The Opera,281,pMCqlsAoTik,https://music.youtube.com/watch?v=pMCqlsAoTik,not_found,0.0000,,,
Urfaust,Meditatum VI,284,4LQh6l-WGSk,https://music.youtube.com/watch?v=4LQh6l-WGSk,not_found,0.0000,,,
Black Sabbath,Changes (2021 Remaster),287,_eBCxYVma1g,https://music.youtube.com/watch?v=_eBCxYVma1g,not_found,0.0000,,,
Urfaust,Meditatum I,291,c8XEfqWj6nk,https://music.youtube.com/watch?v=c8XEfqWj6nk,not_found,0.0000,,,
Urfaust,Vom Geist der Schwere,293,Yh_Olc_Ayjs,https://music.youtube.com/watch?v=Yh_Olc_Ayjs,not_found,0.0000,,,
Nirvana,Half The Man I Used To Be.wmv,294,XH_vR2mvaRs,https://music.youtube.com/watch?v=XH_vR2mvaRs,not_found,0.0000,,,
Black Label Society,S.D.M.F.,295,O1bioFfEBK4,https://music.youtube.com/watch?v=O1bioFfEBK4,not_found,0.0000,,,
传统艺术团,老鹰之歌 (纯音乐版),297,j1Irg6TLcaQ,https://music.youtube.com/watch?v=j1Irg6TLcaQ,not_found,0.0000,,,
Wisp,Your face,299,g5YH32cygp0,https://music.youtube.com/watch?v=g5YH32cygp0,not_found,0.0000,,,
Radiohead,Go Slowly,302,wqh9GKAtZzo,https://music.youtube.com/watch?v=wqh9GKAtZzo,not_found,0.0000,,,
Bonnie Tyler,"Holding Out for a Hero (From ""Footloose"" Soundtrack)",303,qgHVh5jspsA,https://music.youtube.com/watch?v=qgHVh5jspsA,not_found,0.0000,,,
Static-X,Wisconsin Death Trip,309,ZZJxWqmP4Yw,https://music.youtube.com/watch?v=ZZJxWqmP4Yw,not_found,0.0000,,,
Këkht Aräkh,Forever Night Castle of Love,312,dW1kJk98fuA,https://music.youtube.com/watch?v=dW1kJk98fuA,not_found,0.0000,,,
Meshuggah,Phantoms,314,t0KUzIZggIs,https://music.youtube.com/watch?v=t0KUzIZggIs,not_found,0.0000,,,
Nocturnal Depression,Nostalgia,320,B47FypVbC4Y,https://music.youtube.com/watch?v=B47FypVbC4Y,not_found,0.0000,,,
Perry Como,We've Only Just Begun,322,zMvJ6zGl1_E,https://music.youtube.com/watch?v=zMvJ6zGl1_E,not_found,0.0000,,,
Perry Como,El Cóndor Pasa,323,yk-qoqOxt14,https://music.youtube.com/watch?v=yk-qoqOxt14,not_found,0.0000,,,
Stevie Wonder,I Just Called To Say I Love You,327,djHiBp5oRnY,https://music.youtube.com/watch?v=djHiBp5oRnY,not_found,0.0000,,,
Rotting Christ,Heaven and Hell and Fire,328,t9wy0GikGxw,https://music.youtube.com/watch?v=t9wy0GikGxw,not_found,0.0000,,,
Decalius,Unknown,329,SD7S2XEbzGk,https://music.youtube.com/watch?v=SD7S2XEbzGk,not_found,0.0000,,,
Silent Rhythm,Starry Night (Sleep Music),330,2VCPAR1UHEI,https://music.youtube.com/watch?v=2VCPAR1UHEI,not_found,0.0000,,,
Wounded Masquerade,gone to waste,331,erHLmzjUrnw,https://music.youtube.com/watch?v=erHLmzjUrnw,not_found,0.0000,,,
HIM,Love's Requiem,336,1ZZzO3zF9mY,https://music.youtube.com/watch?v=1ZZzO3zF9mY,not_found,0.0000,,,
Dido,Thank You,345,Ezi1Owv_rag,https://music.youtube.com/watch?v=Ezi1Owv_rag,not_found,0.0000,,,
INTHEWHALE,Waves,346,e4IBQ5f_tFg,https://music.youtube.com/watch?v=e4IBQ5f_tFg,not_found,0.0000,,,
Mars Lasar,Dominus,349,LQFJrZe__L0,https://music.youtube.com/watch?v=LQFJrZe__L0,not_found,0.0000,,,
Decalius,I'm a Failure,350,oDdE3UvEDc0,https://music.youtube.com/watch?v=oDdE3UvEDc0,not_found,0.0000,,,
Saint Avangeline,Shades of Cool,358,lhrgbsaVO9Y,https://music.youtube.com/watch?v=lhrgbsaVO9Y,not_found,0.0000,,,
Decalius,Isolated From Life,359,DOMRnLat1AE,https://music.youtube.com/watch?v=DOMRnLat1AE,not_found,0.0000,,,
DustBowlChampion,You,363,alUPxWJizQM,https://music.youtube.com/watch?v=alUPxWJizQM,not_found,0.0000,,,
VXLLAIN; VØJ; Narvent,Distant Echoes,364,87Nk5cVwD9A,https://music.youtube.com/watch?v=87Nk5cVwD9A,not_found,0.0000,,,
Soulless,See You When The Sky Turns Purple,366,qt-k_cF0msE,https://music.youtube.com/watch?v=qt-k_cF0msE,not_found,0.0000,,,
None,Suffer,367,zeaZhbuPjnM,https://music.youtube.com/watch?v=zeaZhbuPjnM,not_found,0.0000,,,
Wounded Masquerade,Cling to Past Memories,368,m7yPJ-1cd4c,https://music.youtube.com/watch?v=m7yPJ-1cd4c,not_found,0.0000,,,
Blade and Bath,Alcoholic and Drug Addicted,369,8HZVv5neY_E,https://music.youtube.com/watch?v=8HZVv5neY_E,not_found,0.0000,,,
Gutalax,Zakletý pšouk v pet lahvi,372,1nx9NmCq_YA,https://music.youtube.com/watch?v=1nx9NmCq_YA,not_found,0.0000,,,
Gutalax,Asshole Ghost Wishmaster,373,jnW1ssqjKVs,https://music.youtube.com/watch?v=jnW1ssqjKVs,not_found,0.0000,,,
Gutalax,Vykouření dařbujána vietnamského veterána,375,6tDwv7Xqgr8,https://music.youtube.com/watch?v=6tDwv7Xqgr8,not_found,0.0000,,,
Old Wharf,The Fault In Our Design (feat. Daniel Hounslow),376,iMbzuV_HE4c,https://music.youtube.com/watch?v=iMbzuV_HE4c,not_found,0.0000,,,
Wounded Masquerade,The day i finally left my pain behind,377,bArJ_6kwhOg,https://music.youtube.com/watch?v=bArJ_6kwhOg,not_found,0.0000,,,
Hell,Helmzmen,378,BjWEvOMeuP0,https://music.youtube.com/watch?v=BjWEvOMeuP0,not_found,0.0000,,,
Blade and Bath,Blade and Bath,379,KwYZGHXUgEU,https://music.youtube.com/watch?v=KwYZGHXUgEU,not_found,0.0000,,,
Ultar,Au Seuil,381,gGAcwVrmkXk,https://music.youtube.com/watch?v=gGAcwVrmkXk,not_found,0.0000,,,
cult of luna,I Remember,382,XHoob_0zFz8,https://music.youtube.com/watch?v=XHoob_0zFz8,not_found,0.0000,,,
Urfaust,Vom Gesicht und Rätsel,383,g9wS2V4cHcc,https://music.youtube.com/watch?v=g9wS2V4cHcc,not_found,0.0000,,,
None,It's Painless to Let Go,385,IHYxs17nGaw,https://music.youtube.com/watch?v=IHYxs17nGaw,not_found,0.0000,,,
Perry Como,It's Impossible,386,EdBts4zwt2w,https://music.youtube.com/watch?v=EdBts4zwt2w,not_found,0.0000,,,
Wounded Masquerade,Would my ending bring you peace?,389,2EGOdTxOaJA,https://music.youtube.com/watch?v=2EGOdTxOaJA,not_found,0.0000,,,
REZN,Dread,390,n7o2UCXm1LE,https://music.youtube.com/watch?v=n7o2UCXm1LE,not_found,0.0000,,,
My Useless Life,I Should Have Never Been Born,391,pZQpgxMDVCU,https://music.youtube.com/watch?v=pZQpgxMDVCU,not_found,0.0000,,,
Wounded Masquerade,be myself,392,GsmwHrMd360,https://music.youtube.com/watch?v=GsmwHrMd360,not_found,0.0000,,,
Wounded Masquerade,I died that day,393,e47dRQ_UKao,https://music.youtube.com/watch?v=e47dRQ_UKao,not_found,0.0000,,,
Blade and Bath,How to Enjoy Life?,394,J0_Z5543V5Y,https://music.youtube.com/watch?v=J0_Z5543V5Y,not_found,0.0000,,,
Blade and Bath,Trouble Sleeping,395,4v3gYpwo2yE,https://music.youtube.com/watch?v=4v3gYpwo2yE,not_found,0.0000,,,
Wounded Masquerade,All moments were in vain,398,XeUHNN7L5Jo,https://music.youtube.com/watch?v=XeUHNN7L5Jo,not_found,0.0000,,,
Decalius,A Miserable Life...,399,DEuhdR9Cf_E,https://music.youtube.com/watch?v=DEuhdR9Cf_E,not_found,0.0000,,,
Wounded Masquerade,Forlorn (Closure),400,_Flb0fJTx6U,https://music.youtube.com/watch?v=_Flb0fJTx6U,not_found,0.0000,,,
Wounded Masquerade,I want to disappear,403,n10IVykcoS4,https://music.youtube.com/watch?v=n10IVykcoS4,not_found,0.0000,,,
Blade and Bath; Блукання Самотньої Особистості,You Are Gone,404,W8LjCZoaFC0,https://music.youtube.com/watch?v=W8LjCZoaFC0,not_found,0.0000,,,
Wounded Masquerade,Everything you love will fade away,405,X8BVfcIkgV8,https://music.youtube.com/watch?v=X8BVfcIkgV8,not_found,0.0000,,,
Nergot Traurig,Sacrimoon - A Moment of My Depression,406,aZweCOPNn48,https://music.youtube.com/watch?v=aZweCOPNn48,not_found,0.0000,,,
Wounded Masquerade,It hurt most when it came from you,407,A-pFep2MB9U,https://music.youtube.com/watch?v=A-pFep2MB9U,not_found,0.0000,,,
Wounded Masquerade,I ruin everything,409,lJiQuVHtsGc,https://music.youtube.com/watch?v=lJiQuVHtsGc,not_found,0.0000,,,
Blade and Bath,Eternal Nothingness,410,5VxS4SESIYk,https://music.youtube.com/watch?v=5VxS4SESIYk,not_found,0.0000,,,
Decalius,Hated By Life Itself,411,5J-2DhvuClQ,https://music.youtube.com/watch?v=5J-2DhvuClQ,not_found,0.0000,,,
Decalius,Excluded From Humanity,412,HDD3m9RPAZY,https://music.youtube.com/watch?v=HDD3m9RPAZY,not_found,0.0000,,,
Wounded Masquerade,X,413,FmZ6GAAccgk,https://music.youtube.com/watch?v=FmZ6GAAccgk,not_found,0.0000,,,
Decalius,Loneliness,415,jbNZym6bEt8,https://music.youtube.com/watch?v=jbNZym6bEt8,not_found,0.0000,,,
Blade and Bath,Useless,416,oZiUxAri5RE,https://music.youtube.com/watch?v=oZiUxAri5RE,not_found,0.0000,,,
Blade and Bath,In the Flame of My Memories,419,KkrPUIiX1AM,https://music.youtube.com/watch?v=KkrPUIiX1AM,not_found,0.0000,,,
Blade and Bath,Shot,420,2X-K28nCEo8,https://music.youtube.com/watch?v=2X-K28nCEo8,not_found,0.0000,,,
cloudyfield,crawl,421,e097hGFSGnc,https://music.youtube.com/watch?v=e097hGFSGnc,not_found,0.0000,,,
Enrico Macias,Zingarella,423,vxNFXkXj8Z4,https://music.youtube.com/watch?v=vxNFXkXj8Z4,not_found,0.0000,,,
Dopelord,Ghost Cargo from the Bong,424,P5bPuzrMQGc,https://music.youtube.com/watch?v=P5bPuzrMQGc,not_found,0.0000,,,
juggler,so hard to quit you,425,z-qezf6oqwI,https://music.youtube.com/watch?v=z-qezf6oqwI,not_found,0.0000,,,
Blade and Bath,Misanthrope,426,5tWGOPn5Qoc,https://music.youtube.com/watch?v=5tWGOPn5Qoc,not_found,0.0000,,,
Blade and Bath & Saad,Tears of Broken Memories,427,4jtnVs_AeV8,https://music.youtube.com/watch?v=4jtnVs_AeV8,not_found,0.0000,,,
Andy Williams,"Where Do I Begin (Love Theme from ""Love Story"")",431,cpu22VEdRRM,https://music.youtube.com/watch?v=cpu22VEdRRM,not_found,0.0000,,,
Acrania,The Depopulation Programme,439,r74SSdxFSx0,https://music.youtube.com/watch?v=r74SSdxFSx0,not_found,0.0000,,,
Nextime; richmnkey,heavens,448,PR-CCYmUxCc,https://music.youtube.com/watch?v=PR-CCYmUxCc,not_found,0.0000,,,
Arthur Rubinstein; Frédéric Chopin,"Nocturnes, Op. 55: No. 1 in F Minor",454,DcwAQ08-So0,https://music.youtube.com/watch?v=DcwAQ08-So0,not_found,0.0000,,,
Bonnie Tyler,Total Eclipse of the Heart (Radio Version),470,KqBZAxCfWHA,https://music.youtube.com/watch?v=KqBZAxCfWHA,not_found,0.0000,,,
Static-X,Take Control,473,UDcfUx1a0IY,https://music.youtube.com/watch?v=UDcfUx1a0IY,not_found,0.0000,,,
RoseHipRose,Blame it on me (Breakcore Version),474,JxYn6x6JzOo,https://music.youtube.com/watch?v=JxYn6x6JzOo,not_found,0.0000,,,
Rotting Christ,The Sixth Day,475,PF9RrhR1EBY,https://music.youtube.com/watch?v=PF9RrhR1EBY,not_found,0.0000,,,
Tracy Huang,Woman In Love,481,Q8C-XdmlUXc,https://music.youtube.com/watch?v=Q8C-XdmlUXc,not_found,0.0000,,,
Bonnie Tyler,Total Eclipse of the Heart (Re-Recorded),484,Iu65S0BNzRM,https://music.youtube.com/watch?v=Iu65S0BNzRM,not_found,0.0000,,,
Океан Ельзи,Не питай,491,xcEgCjWbb3A,https://music.youtube.com/watch?v=xcEgCjWbb3A,not_found,0.0000,,,
Rowan Lee Hartsuiker,Jingle Bells (Mongolian Style),492,d6Cr1_j0rL4,https://music.youtube.com/watch?v=d6Cr1_j0rL4,not_found,0.0000,,,
Steve Lawrence,Somewhere Along the Way,495,xnQCKBnBDRs,https://music.youtube.com/watch?v=xnQCKBnBDRs,not_found,0.0000,,,
Grupo Soñador,El Paso Del Gigante,498,B_aQV6Q8700,https://music.youtube.com/watch?v=B_aQV6Q8700,not_found,0.0000,,,
The Rigthteous Brother,Unchained Melody,500,Zv8czIoAw5w,https://music.youtube.com/watch?v=Zv8czIoAw5w,not_found,0.0000,,,
André Laplante; Maurice Ravel,Jeux D'Eau,501,VLC9oJBHxkI,https://music.youtube.com/watch?v=VLC9oJBHxkI,not_found,0.0000,,,
Armando Trovajoli,"L'amore dice ciao Slow Take (From ""La Matriarca - The Libertine"")",505,V0is-RpQHAg,https://music.youtube.com/watch?v=V0is-RpQHAg,not_found,0.0000,,,
Gunter Kallmann Choir,Daydream,506,2c0UusJoscE,https://music.youtube.com/watch?v=2c0UusJoscE,not_found,0.0000,,,
John Bayless; Giacomo Puccini,Puccini: Nessun dorma! (No man shall sleep!),507,lUEPM3jIKOs,https://music.youtube.com/watch?v=lUEPM3jIKOs,not_found,0.0000,,,
Dvorak,New World Symphony (Full),508,Qut5e3OfCvg,https://music.youtube.com/watch?v=Qut5e3OfCvg,not_found,0.0000,,,
Piano Marine Mike,Ebb Tide,516,DDVjTyCc6Ag,https://music.youtube.com/watch?v=DDVjTyCc6Ag,not_found,0.0000,,,
Khusugtun,Chinggis Khaan,517,tcd59zMIadk,https://music.youtube.com/watch?v=tcd59zMIadk,not_found,0.0000,,,
Infant Annihilator,Apocalypse Incarnate,518,YUdA6xcNLeA,https://music.youtube.com/watch?v=YUdA6xcNLeA,not_found,0.0000,,,
Powerwolf,Resurrection by Erection (Rerecorded Version),519,pKr6xrJZB6M,https://music.youtube.com/watch?v=pKr6xrJZB6M,not_found,0.0000,,,
Soothing Orthodox Chant (First Part of Polyeleos),Fixed,521,ox0KUghydNE,https://music.youtube.com/watch?v=ox0KUghydNE,not_found,0.0000,,,
Emil De Nuit; Frederic Chopin,Op.27 Nocturne 2 Des Dur In D Flat,522,WXIIjsCcVOA,https://music.youtube.com/watch?v=WXIIjsCcVOA,not_found,0.0000,,,
André Laplante; Maurice Ravel,Miroirs: III. Une barque sur l'océan,523,wkAnau-XU80,https://music.youtube.com/watch?v=wkAnau-XU80,not_found,0.0000,,,
Ólafur Järvinen,"Chopin: Waltz in C sharp minor, Op. 64 No. 2",524,KMuJSI8WbaQ,https://music.youtube.com/watch?v=KMuJSI8WbaQ,not_found,0.0000,,,
François Chaplin; Frédéric Chopin,"Nocturne No. 20 in C Sharp Minor, Op. Posthume 1830",526,hzeWANhdvv8,https://music.youtube.com/watch?v=hzeWANhdvv8,not_found,0.0000,,,
Satoru Kousaki,La Campanella,527,r-v39GDaTR0,https://music.youtube.com/watch?v=r-v39GDaTR0,not_found,0.0000,,,
Klara Kormendi; Erik Satie,Gnossienne No. 1: Lent,528,tXqtQdGo_pU,https://music.youtube.com/watch?v=tXqtQdGo_pU,not_found,0.0000,,,
Maurizio Pollini; Frédéric Chopin,"Chopin: 12 Études, Op. 25: No. 11 in A Minor ""Winter Wind",529,bHbgLoDG8Ko,https://music.youtube.com/watch?v=bHbgLoDG8Ko,not_found,0.0000,,,
Entropy,A Dystopian Cyberpunk Ambient Journey - Blade Runner Ambient Music for Deep Focus,531,CAj-Bw9yKhg,https://music.youtube.com/watch?v=CAj-Bw9yKhg,not_found,0.0000,,,
Meshuggah,Ligature Marks,533,23gPkJYoaNM,https://music.youtube.com/watch?v=23gPkJYoaNM,not_found,0.0000,,,
Renato Carosone,Tu Vuò Fa' L'Americano,535,4UAj7-R_zas,https://music.youtube.com/watch?v=4UAj7-R_zas,not_found,0.0000,,,
Memories of the Fabricated,Blade Runner Ambient Music | Cyberpunk Ambient Space,539,nO-LzH6NPb4,https://music.youtube.com/watch?v=nO-LzH6NPb4,not_found,0.0000,,,
Jeremy Soule; The Elder Scrolls,Secunda,543,VPgZFgOvJDE,https://music.youtube.com/watch?v=VPgZFgOvJDE,not_found,0.0000,,,
Dope,"Die, Bom, Bang, Burn, F***",552,ei_uE29PJmE,https://music.youtube.com/watch?v=ei_uE29PJmE,not_found,0.0000,,,
Static-X,Follow,553,nypJgo-bBc4,https://music.youtube.com/watch?v=nypJgo-bBc4,not_found,0.0000,,,
Dope,F*ck tha Police [2005 Studio Version],556,J8yTMBHkMnc,https://music.youtube.com/watch?v=J8yTMBHkMnc,not_found,0.0000,,,
Dope,Die MF Die,557,JC9jhtuscZ4,https://music.youtube.com/watch?v=JC9jhtuscZ4,not_found,0.0000,,,
Static-X,Bring You Down (Project Regeneration),558,97YZGSRJ6xE,https://music.youtube.com/watch?v=97YZGSRJ6xE,not_found,0.0000,,,
Static-X,My Destruction,559,eoGh5WRFPGM,https://music.youtube.com/watch?v=eoGh5WRFPGM,not_found,0.0000,,,
Static-X,Accelerate,560,iHQnmwsV8UQ,https://music.youtube.com/watch?v=iHQnmwsV8UQ,not_found,0.0000,,,
Andrea Bocelli,Con te partirò (2016 Version),564,rqE10TnBPGM,https://music.youtube.com/watch?v=rqE10TnBPGM,not_found,0.0000,,,
Belle,Notre Dame de Paris French & English Lyrics Paroles Play Musical Translation Learn Songs,565,wbZ2KAuNTP8,https://music.youtube.com/watch?v=wbZ2KAuNTP8,not_found,0.0000,,,
Brian Grey,Smooth Night,568,SUeqJR3WAlg,https://music.youtube.com/watch?v=SUeqJR3WAlg,not_found,0.0000,,,
The Beatles,Don't Let Me Down (Remastered 2009),569,xk7f6i0CNfs,https://music.youtube.com/watch?v=xk7f6i0CNfs,not_found,0.0000,,,
Ulcerate,Further Opening the Wounds,578,CCTbRbEPoB4,https://music.youtube.com/watch?v=CCTbRbEPoB4,not_found,0.0000,,,
Atakan Teoman,Aria Math (Handpan Version),582,FnPmIrdOkcU,https://music.youtube.com/watch?v=FnPmIrdOkcU,not_found,0.0000,,,
Ulcerate,Transfiguration In and Out of Worlds,583,iPKEcdIbUEE,https://music.youtube.com/watch?v=iPKEcdIbUEE,not_found,0.0000,,,
Urfaust,Hypnotisch Bevel - De Daimonische Mensch,584,dHU7aV-cXXE,https://music.youtube.com/watch?v=dHU7aV-cXXE,not_found,0.0000,,,
Montserrat Caballé,Exercises in Free Love (Montserrat Vocal),585,p1AXvGpQMq0,https://music.youtube.com/watch?v=p1AXvGpQMq0,not_found,0.0000,,,
Ulcerate,To See Death Just Once,589,pkP4lKEonuk,https://music.youtube.com/watch?v=pkP4lKEonuk,not_found,0.0000,,,
Ulcerate,To Flow Through Ashen Hearts,590,hO3EH6A-SEE,https://music.youtube.com/watch?v=hO3EH6A-SEE,not_found,0.0000,,,
Ulcerate,Cutting the Throat of God,593,674H5DJ7ECQ,https://music.youtube.com/watch?v=674H5DJ7ECQ,not_found,0.0000,,,
The HU,Black Thunder (Extended),599,Yndyk2cRjMM,https://music.youtube.com/watch?v=Yndyk2cRjMM,not_found,0.0000,,,
The HU,Sad But True,600,FoaNhkH5rr8,https://music.youtube.com/watch?v=FoaNhkH5rr8,not_found,0.0000,,,
Static-X,Z28,607,A_vgC4Rk_3A,https://music.youtube.com/watch?v=A_vgC4Rk_3A,not_found,0.0000,,,
Static-X,Lunatic,608,eJG-mYkses4,https://music.youtube.com/watch?v=eJG-mYkses4,not_found,0.0000,,,
Static-X,You Am I,609,fMNgnnjnOsw,https://music.youtube.com/watch?v=fMNgnnjnOsw,not_found,0.0000,,,
Static-X,Skinned,610,8qAIHFZnSws,https://music.youtube.com/watch?v=8qAIHFZnSws,not_found,0.0000,,,
Foreigner,Waiting For A Girl Like You (Live),612,JD-JOa17Feg,https://music.youtube.com/watch?v=JD-JOa17Feg,not_found,0.0000,,,
Nextime; Richmnkey,smoky,613,Wq9dXy615jE,https://music.youtube.com/watch?v=Wq9dXy615jE,not_found,0.0000,,,
Rotting Christ,Les Litanies De Satan (Fleurs Du Mal),618,UAbDfKUWHOw,https://music.youtube.com/watch?v=UAbDfKUWHOw,not_found,0.0000,,,
The Romantics,Talking In Your Sleep (2023 Remaster),621,B4yVmBdXwfw,https://music.youtube.com/watch?v=B4yVmBdXwfw,not_found,0.0000,,,
M8L8TH,Мужество Ведет На Небеса,625,U2qfOmKrQns,https://music.youtube.com/watch?v=U2qfOmKrQns,not_found,0.0000,,,
Rotting Christ,"Like Father, Like Son",627,_RpUxaEI8H8,https://music.youtube.com/watch?v=_RpUxaEI8H8,not_found,0.0000,,,
Yot Club,YKWIM?,628,_C9rRLDimfQ,https://music.youtube.com/watch?v=_C9rRLDimfQ,not_found,0.0000,,,
Thy Art Is Murder,Keres,630,WBOh416nMR0,https://music.youtube.com/watch?v=WBOh416nMR0,not_found,0.0000,,,
Enya,May It Be,632,mvwysPNdthM,https://music.youtube.com/watch?v=mvwysPNdthM,not_found,0.0000,,,
The Hollies,Long Cool Woman (In a Black Dress) (1999 Remaster),636,zqBCGmqgbHU,https://music.youtube.com/watch?v=zqBCGmqgbHU,not_found,0.0000,,,
Fleetwood Mac,The Chain (2004 Remaster),638,FhgFtXESdPk,https://music.youtube.com/watch?v=FhgFtXESdPk,not_found,0.0000,,,
Urfaust,Bloedsacrament Voor De Geestenzieners,643,9tFtRpqWBjY,https://music.youtube.com/watch?v=9tFtRpqWBjY,not_found,0.0000,,,
Urfaust,Scrabreusheden Uit Het Tuchtarsenaal,644,rhBmF0JLA-A,https://music.youtube.com/watch?v=rhBmF0JLA-A,not_found,0.0000,,,
Urfaust,Die Erste Levitation,645,DgqaSX9hTxY,https://music.youtube.com/watch?v=DgqaSX9hTxY,not_found,0.0000,,,
Urfaust,Zelfkastijder,646,p9Wayr74KTE,https://music.youtube.com/watch?v=p9Wayr74KTE,not_found,0.0000,,,
Urfaust,Verderber,649,8ONDA_KtQO0,https://music.youtube.com/watch?v=8ONDA_KtQO0,not_found,0.0000,,,
Macintosh Plus,海底,656,Yl7ArRaHUQw,https://music.youtube.com/watch?v=Yl7ArRaHUQw,not_found,0.0000,,,
lost corp.,Eyes Without A Face,657,MFlP75lMg_0,https://music.youtube.com/watch?v=MFlP75lMg_0,not_found,0.0000,,,
Roadman Shaq,Feel Ting Inc.,659,DyMY2jbeLEI,https://music.youtube.com/watch?v=DyMY2jbeLEI,not_found,0.0000,,,
Stardust,Music Sounds Better With You,667,Hf244LCkkLc,https://music.youtube.com/watch?v=Hf244LCkkLc,not_found,0.0000,,,
Vales,Warm The Room,668,Riyytm8_5TE,https://music.youtube.com/watch?v=Riyytm8_5TE,not_found,0.0000,,,
Paleface Swiss,Nail To The Tooth,670,DAf9q0mGhr0,https://music.youtube.com/watch?v=DAf9q0mGhr0,not_found,0.0000,,,
Beach Weather,"Sex, Drugs, Etc.",671,8kXNJWalO14,https://music.youtube.com/watch?v=8kXNJWalO14,not_found,0.0000,,,
Frank Sinatra,It Was A Very Good Year (2008 Remastered),677,TeDfgUvyKHk,https://music.youtube.com/watch?v=TeDfgUvyKHk,not_found,0.0000,,,
Silent Rhythm,Space Ambient Sleep Music,678,AQzHFSYswr0,https://music.youtube.com/watch?v=AQzHFSYswr0,not_found,0.0000,,,
Artie Shaw & His Orchestra,Stardust,681,ggusizL531I,https://music.youtube.com/watch?v=ggusizL531I,not_found,0.0000,,,
Meshuggah,The Abysmal Eye,701,_7XHQ09C_6I,https://music.youtube.com/watch?v=_7XHQ09C_6I,not_found,0.0000,,,
Foreigner,Cold as Ice (2008 Remaster),705,SdOFadTTV_8,https://music.youtube.com/watch?v=SdOFadTTV_8,not_found,0.0000,,,
Aerosmith,"I Don't Want To Miss A Thing (From ""Armageddon"" Soundtrack)",706,6_uYSLZizy0,https://music.youtube.com/watch?v=6_uYSLZizy0,not_found,0.0000,,,
Ghost,The Future Is A Foreign Land,711,ldpeB6yD6r0,https://music.youtube.com/watch?v=ldpeB6yD6r0,not_found,0.0000,,,
Infant Annihilator,"Baptised, Bastardised, Sodomised.",714,g_HTpeC2tW4,https://music.youtube.com/watch?v=g_HTpeC2tW4,not_found,0.0000,,,
Genesis,That's All (2007 Remaster),724,0X0EsVa7YvY,https://music.youtube.com/watch?v=0X0EsVa7YvY,not_found,0.0000,,,
Static-X,Behemoth,726,YoBuNm8vdEs,https://music.youtube.com/watch?v=YoBuNm8vdEs,not_found,0.0000,,,
Foster the People,Pumped Up Kicks But It's the Drake and Josh Theme Song,730,tzwXFGssmzo,https://music.youtube.com/watch?v=tzwXFGssmzo,not_found,0.0000,,,
Yaakov Shwekey,רחם,731,xxfKbIoy2_g,https://music.youtube.com/watch?v=xxfKbIoy2_g,not_found,0.0000,,,
Shulem,Uvyom HaShabbos,732,rF2l2mtfufg,https://music.youtube.com/watch?v=rF2l2mtfufg,not_found,0.0000,,,
C418,Aria Math,733,maWHojZTnTg,https://music.youtube.com/watch?v=maWHojZTnTg,not_found,0.0000,,,
деформация души,дай денег,736,6ECkuppjECg,https://music.youtube.com/watch?v=6ECkuppjECg,not_found,0.0000,,,
DJ Cummerbund,Animal Wonderland,737,Y4FC0pUHAmI,https://music.youtube.com/watch?v=Y4FC0pUHAmI,not_found,0.0000,,,
"Slipknot and Evelyn ""Champagne"" King",Shame-ality,745,AJmQbz0uy_c,https://music.youtube.com/watch?v=AJmQbz0uy_c,not_found,0.0000,,,
Los Disturbados,Stuparena,746,A_SaCZbENZk,https://music.youtube.com/watch?v=A_SaCZbENZk,not_found,0.0000,,,
Bill McClintock,"Spiceknot - ""If You Wanna Breathe My Sulfur",747,pm08v69vG10,https://music.youtube.com/watch?v=pm08v69vG10,not_found,0.0000,,,
Rick James Dio,Holy Mary Jane,748,T_A6XC_EG4A,https://music.youtube.com/watch?v=T_A6XC_EG4A,not_found,0.0000,,,
Bill McClintock,"Mentallica - ""Land Down One-der",749,HJIIGpuuuYQ,https://music.youtube.com/watch?v=HJIIGpuuuYQ,not_found,0.0000,,,
Bill McClintock,Bob Marleykorn - “Could You Be a Freak on a Leash”,750,XgIu2xcIJ6w,https://music.youtube.com/watch?v=XgIu2xcIJ6w,not_found,0.0000,,,
DJ Cummerbund,Time Marches On (For Carol The Bell Tolls),751,jwy4_je9bdQ,https://music.youtube.com/watch?v=jwy4_je9bdQ,not_found,0.0000,,,
DJ Cummerbund,I Believe In A Pony,752,K4KN_KqxMOQ,https://music.youtube.com/watch?v=K4KN_KqxMOQ,not_found,0.0000,,,
DJ Cummerbund,Pretty Fly For Rasputin,753,KbWug0sFAJQ,https://music.youtube.com/watch?v=KbWug0sFAJQ,not_found,0.0000,,,
DJ Cummerbund,That Which I Desire,754,nfVCoD6909g,https://music.youtube.com/watch?v=nfVCoD6909g,not_found,0.0000,,,
DJ Cummerbund,The Sound of Smash Mouth,755,jJnK9EhiXQw,https://music.youtube.com/watch?v=jJnK9EhiXQw,not_found,0.0000,,,
Uriah Heep,Lady in Black (Alternate Version),758,YAK-o_Sq-qA,https://music.youtube.com/watch?v=YAK-o_Sq-qA,not_found,0.0000,,,
Thy Art Is Murder,Whore to a Chainsaw,760,McF8U-y01Wk,https://music.youtube.com/watch?v=McF8U-y01Wk,not_found,0.0000,,,
Shaman's Dream; Poranguí; Eric Zang,Cedar Moon (feat. Geometrae),762,LDnNBmbEme0,https://music.youtube.com/watch?v=LDnNBmbEme0,not_found,0.0000,,,
HIM,Enjoy the Silence,770,tQYzBm8J4M4,https://music.youtube.com/watch?v=tQYzBm8J4M4,not_found,0.0000,,,
Hideki Taniuchi,Shinigamikai B,771,hlM8jL40xWc,https://music.youtube.com/watch?v=hlM8jL40xWc,not_found,0.0000,,,
Hideki Taniuchi,Melo,772,dFCz1hG6ikA,https://music.youtube.com/watch?v=dFCz1hG6ikA,not_found,0.0000,,,
Hideki Taniuchi,L no Kako,773,dQSG381pNWo,https://music.youtube.com/watch?v=dQSG381pNWo,not_found,0.0000,,,
Hideki Taniuchi,Tokuso,774,idXL5x6RtEQ,https://music.youtube.com/watch?v=idXL5x6RtEQ,not_found,0.0000,,,
Hideki Taniuchi,Shinigamikai,775,joOLTDC9clo,https://music.youtube.com/watch?v=joOLTDC9clo,not_found,0.0000,,,
Hideki Taniuchi,Light no Theme,776,srDmw7kSjik,https://music.youtube.com/watch?v=srDmw7kSjik,not_found,0.0000,,,
LP,Lost on You,777,yC83sb4PMLQ,https://music.youtube.com/watch?v=yC83sb4PMLQ,not_found,0.0000,,,
Stephen Sanchez,Until I Found You,781,znvky0Uq8qc,https://music.youtube.com/watch?v=znvky0Uq8qc,not_found,0.0000,,,
Океан Ельзи,Обійми,783,8wWrzr3_46Y,https://music.youtube.com/watch?v=8wWrzr3_46Y,not_found,0.0000,,,
БумБокс,Тримай мене (feat. The Gitas),788,UmJApFVLWZ0,https://music.youtube.com/watch?v=UmJApFVLWZ0,not_found,0.0000,,,
Pianoбой,Кохання,789,TuF-1TbV6Mw,https://music.youtube.com/watch?v=TuF-1TbV6Mw,not_found,0.0000,,,
Macintosh Plus,ライブラリ,790,8ZsDsjO6Knc,https://music.youtube.com/watch?v=8ZsDsjO6Knc,not_found,0.0000,,,
Macintosh Plus,リサフランク420 - 現代のコンピュー,791,ZyH5EjuDLx8,https://music.youtube.com/watch?v=ZyH5EjuDLx8,not_found,0.0000,,,
Macintosh Plus,ブート,792,xDVKyHvi65s,https://music.youtube.com/watch?v=xDVKyHvi65s,not_found,0.0000,,,
Aethyrien,Árásaust,798,xzxK9eAEDZY,https://music.youtube.com/watch?v=xzxK9eAEDZY,not_found,0.0000,,,
Conchita performs Rise Like a Phoenix,Sydney Opera House,801,P7TKoQ6nwiI,https://music.youtube.com/watch?v=P7TKoQ6nwiI,not_found,0.0000,,,
Ghost,It's A Sin,807,bZdtY84zzXw,https://music.youtube.com/watch?v=bZdtY84zzXw,not_found,0.0000,,,
Ghost,Kaisarion,808,yt40jLz7TeQ,https://music.youtube.com/watch?v=yt40jLz7TeQ,not_found,0.0000,,,
"Хор "" София","П.Гончаров: "" Кресту Твоему",809,pgvelTw51AI,https://music.youtube.com/watch?v=pgvelTw51AI,not_found,0.0000,,,
Aethyrien,Valkyrja,812,veEYWN5PuRw,https://music.youtube.com/watch?v=veEYWN5PuRw,not_found,0.0000,,,
Lil Peep; XXXTENTACION,Falling Down (Bonus Track),814,DmhdcDQt7Dk,https://music.youtube.com/watch?v=DmhdcDQt7Dk,not_found,0.0000,,,
Mawang,Kasih Sayang Kepada Orang Tua,815,_l13E-Yb6NM,https://music.youtube.com/watch?v=_l13E-Yb6NM,not_found,0.0000,,,
Aethyrien,Wanderer,816,E9vf2hjWZJE,https://music.youtube.com/watch?v=E9vf2hjWZJE,not_found,0.0000,,,
Aethyrien,Open The Gates,817,Jh_V2y2ioPM,https://music.youtube.com/watch?v=Jh_V2y2ioPM,not_found,0.0000,,,
Urfaust,Meditatum IV,820,BcknjjGcFOM,https://music.youtube.com/watch?v=BcknjjGcFOM,not_found,0.0000,,,
Led Zeppelin,Heartbreaker (Remaster),821,0hdQi2_HzAc,https://music.youtube.com/watch?v=0hdQi2_HzAc,not_found,0.0000,,,
Aethyrien,Berserkr (The Henbane Experience),826,8uWiraV_JHg,https://music.youtube.com/watch?v=8uWiraV_JHg,not_found,0.0000,,,
Roman Hurko,The Great Litany,832,4uZi4fx_y2A,https://music.youtube.com/watch?v=4uZi4fx_y2A,not_found,0.0000,,,
Roman Hurko,Litany of Supplication,833,Qp_cxc9oXwg,https://music.youtube.com/watch?v=Qp_cxc9oXwg,not_found,0.0000,,,
Eagles,"Hotel California (Live On MTV, 1994)",838,X7usA3YouKw,https://music.youtube.com/watch?v=X7usA3YouKw,not_found,0.0000,,,
Shon MC,Мы таджики (feat. Umfa Man),841,F_7-srWn5pc,https://music.youtube.com/watch?v=F_7-srWn5pc,not_found,0.0000,,,
Scorpions,Still Loving You (2015 - Remaster),850,vJrYN-_BXws,https://music.youtube.com/watch?v=vJrYN-_BXws,not_found,0.0000,,,
Rammstein,Führe mich,852,JmL-yXMn9Ic,https://music.youtube.com/watch?v=JmL-yXMn9Ic,not_found,0.0000,,,
Karel Gott,Měl jsem rád a mám (Soleado),854,QuAMK3lzFW8,https://music.youtube.com/watch?v=QuAMK3lzFW8,not_found,0.0000,,,
Freddie Mercury; Montserrat Caballé,How Can I Go On (New Orchestrated Version),855,4E8EWd5P804,https://music.youtube.com/watch?v=4E8EWd5P804,not_found,0.0000,,,
Ladislav Štaidl se svým orchestrem; Karel Gott,Je jaká je (Sereno é),856,UKtEtwqXxVo,https://music.youtube.com/watch?v=UKtEtwqXxVo,not_found,0.0000,,,
Rammstein,Links 2 3 4,857,6NXOezeuLRU,https://music.youtube.com/watch?v=6NXOezeuLRU,not_found,0.0000,,,
Rammstein,Ausländer,858,3eEA6H_y1VI,https://music.youtube.com/watch?v=3eEA6H_y1VI,not_found,0.0000,,,
Zeraphine,When Love And Death Embrace,863,ql-op7ftTQM,https://music.youtube.com/watch?v=ql-op7ftTQM,not_found,0.0000,,,
Rammstein,Armee der Tristen,869,t-NUBR2kufw,https://music.youtube.com/watch?v=t-NUBR2kufw,not_found,0.0000,,,
Ozzy Osbourne,Patient Number 9 (feat. Jeff Beck),872,6c2OCDBVw08,https://music.youtube.com/watch?v=6c2OCDBVw08,not_found,0.0000,,,
AndrisMusic,Enigma,873,8lMkDwxuM4E,https://music.youtube.com/watch?v=8lMkDwxuM4E,not_found,0.0000,,,
Scorpions,No One Like You (Live) (2015 - Remaster),887,-yYqqSyhHhA,https://music.youtube.com/watch?v=-yYqqSyhHhA,not_found,0.0000,,,
Scorpions,When the Smoke Is Going Down (2015 - Remaster),888,Dq6v3BGzzSk,https://music.youtube.com/watch?v=Dq6v3BGzzSk,not_found,0.0000,,,
Deep Purple,Soldier Of Fortune (2009 Digital Remaster),894,znW-P7lMKjU,https://music.youtube.com/watch?v=znW-P7lMKjU,not_found,0.0000,,,
PATRIARKH,Tretij Czas,900,53dtLBhPi_A,https://music.youtube.com/watch?v=53dtLBhPi_A,not_found,0.0000,,,
PATRIARKH,Wieczernia,901,52_OmwfeVSw,https://music.youtube.com/watch?v=52_OmwfeVSw,not_found,0.0000,,,
"Tchaikovsky, Pyotr I.","Symphony No. 4 in F minor Op. 36: Andante sostenuto, moderato con anima",902,ZKrG1IZVaCQ,https://music.youtube.com/watch?v=ZKrG1IZVaCQ,not_found,0.0000,,,
PATRIARKH,Utrenia,905,mPRfKPZHIJQ,https://music.youtube.com/watch?v=mPRfKPZHIJQ,not_found,0.0000,,,
Ghost,Griftwood,907,ni3IMbhLJ_k,https://music.youtube.com/watch?v=ni3IMbhLJ_k,not_found,0.0000,,,
Randy Crenshaw,Perry the Platypus,908,CdylQOG3Mto,https://music.youtube.com/watch?v=CdylQOG3Mto,not_found,0.0000,,,
ghots,Jigolo Har Megiddo (Live) [Acoustic],910,VU_4qFko7NE,https://music.youtube.com/watch?v=VU_4qFko7NE,not_found,0.0000,,,
Ghost,Ghuleh/Zombie Queen,911,VgamwEi90w4,https://music.youtube.com/watch?v=VgamwEi90w4,not_found,0.0000,,,
Ghost,If You Have Ghosts (Live Acoustic) | HardDrive Online,912,vCFwY6ISEMs,https://music.youtube.com/watch?v=vCFwY6ISEMs,not_found,0.0000,,,
Ghost,Jigolo Har Megiddo (Live Acoustic) | HardDrive Online,913,xcCPp3l_1T4,https://music.youtube.com/watch?v=xcCPp3l_1T4,not_found,0.0000,,,
Ghost,Mary On A Cross (Live),914,NmxFxBiCrL4,https://music.youtube.com/watch?v=NmxFxBiCrL4,not_found,0.0000,,,
THY ART IS MURDER,Slaves Beyond Death - Bloodstock 2019,917,4d_5R_noZas,https://music.youtube.com/watch?v=4d_5R_noZas,not_found,0.0000,,,
Disembodied Tyrant,The Divine Stigmata,918,mG8H7yt8lBc,https://music.youtube.com/watch?v=mG8H7yt8lBc,not_found,0.0000,,,
Ghost B.C.,Missionary Man,919,NqUgOFdL6Zg,https://music.youtube.com/watch?v=NqUgOFdL6Zg,not_found,0.0000,,,
Ghost,Square Hammer,920,5IaLIcuFJeE,https://music.youtube.com/watch?v=5IaLIcuFJeE,not_found,0.0000,,,
Ghost B.C.,Nocturnal Me,921,mTdaLHyXIAk,https://music.youtube.com/watch?v=mTdaLHyXIAk,not_found,0.0000,,,
Ghost,Darkness At The Heart Of My Love,922,3AD-KR-z1x8,https://music.youtube.com/watch?v=3AD-KR-z1x8,not_found,0.0000,,,
Ghost,Mary On A Cross,923,seJ83vfHoIU,https://music.youtube.com/watch?v=seJ83vfHoIU,not_found,0.0000,,,
Ghost,Respite On The Spitalfields,930,OY8kAOv_Z6U,https://music.youtube.com/watch?v=OY8kAOv_Z6U,not_found,0.0000,,,
Ghost,Kiss The Go-Goat,931,i9t1V5GPG8Q,https://music.youtube.com/watch?v=i9t1V5GPG8Q,not_found,0.0000,,,
Ghost,Call Me Little Sunshine,937,1Df28_NCk6s,https://music.youtube.com/watch?v=1Df28_NCk6s,not_found,0.0000,,,
Scorpions,Rock You Like a Hurricane (2015 - Remaster),944,KpSGd-5c27s,https://music.youtube.com/watch?v=KpSGd-5c27s,not_found,0.0000,,,
Cuckold Burger,Машина говновоз,948,iyFG6uA_DLI,https://music.youtube.com/watch?v=iyFG6uA_DLI,not_found,0.0000,,,
РУСЛАНА,Це - любов,949,xlxV4yadaZw,https://music.youtube.com/watch?v=xlxV4yadaZw,not_found,0.0000,,,
Василь Жданкін,Чорна рілля,954,NY7Dj01LnuE,https://music.youtube.com/watch?v=NY7Dj01LnuE,not_found,0.0000,,,
Adele,Easy On Me,955,Oh5DyTk5T-E,https://music.youtube.com/watch?v=Oh5DyTk5T-E,not_found,0.0000,,,
Adele,I Drink Wine,956,GDdoEZL3vJg,https://music.youtube.com/watch?v=GDdoEZL3vJg,not_found,0.0000,,,
Urfaust,Unter Töchtern der Wüste,967,Pfa6anjthnY,https://music.youtube.com/watch?v=Pfa6anjthnY,not_found,0.0000,,,
Aethyrien,Allfather,985,R7JRPh7mpF4,https://music.youtube.com/watch?v=R7JRPh7mpF4,not_found,0.0000,,,
Jan J. Močnik,Land of the Gods,987,HjJCWQdoyNU,https://music.youtube.com/watch?v=HjJCWQdoyNU,not_found,0.0000,,,
Pawl D Beats,Viking Music: Rurik,988,DyPJkqkdkY0,https://music.youtube.com/watch?v=DyPJkqkdkY0,not_found,0.0000,,,
ZODIVK,Devil Eyes,991,2VrAp-jhJh8,https://music.youtube.com/watch?v=2VrAp-jhJh8,not_found,0.0000,,,
FindMyName,Show Me Your Back,993,N_T6bPWvplA,https://music.youtube.com/watch?v=N_T6bPWvplA,not_found,0.0000,,,
KSLV Noh,Lunatic,994,W1rYElNKY50,https://music.youtube.com/watch?v=W1rYElNKY50,not_found,0.0000,,,
VISXGE,BOROS,995,6RIrderkpVw,https://music.youtube.com/watch?v=6RIrderkpVw,not_found,0.0000,,,
líue,Suffer With Me,998,OgmMJGEhwxw,https://music.youtube.com/watch?v=OgmMJGEhwxw,not_found,0.0000,,,
PHXXSPHOR; zanudda,BANKAI,1000,gsmECgCO4O0,https://music.youtube.com/watch?v=gsmECgCO4O0,not_found,0.0000,,,
Bjorth,Midgard Rising,1004,o_UHeqTe1nQ,https://music.youtube.com/watch?v=o_UHeqTe1nQ,not_found,0.0000,,,
Sound Healing Center,"Zen Garden (Music for Deep Sleep, Meditation, Spa, Healing, Relaxation)",1007,Pe7_APPZgoE,https://music.youtube.com/watch?v=Pe7_APPZgoE,not_found,0.0000,,,
Lil Peep,Kiss,1008,8C0SUdGItRA,https://music.youtube.com/watch?v=8C0SUdGItRA,not_found,0.0000,,,
Urfaust,The Healer,1016,DduyDUpzj3Y,https://music.youtube.com/watch?v=DduyDUpzj3Y,not_found,0.0000,,,
M8,AzovStahl,1017,NabkPanTpC0,https://music.youtube.com/watch?v=NabkPanTpC0,not_found,0.0000,,,
Marduk,As We Are,1019,3PfJbM9P8CA,https://music.youtube.com/watch?v=3PfJbM9P8CA,not_found,0.0000,,,
Urfaust,Offerschaal Der Astrologische Mengvormen,1027,JfM7h9u1VP0,https://music.youtube.com/watch?v=JfM7h9u1VP0,not_found,0.0000,,,
Urfaust,IX: Der Einsiedler,1028,kEXJeYispmQ,https://music.youtube.com/watch?v=kEXJeYispmQ,not_found,0.0000,,,
Urfaust,Die kalte Teufelsfaust,1029,F_IN6anCEJk,https://music.youtube.com/watch?v=F_IN6anCEJk,not_found,0.0000,,,
M8,And Still It Will Be So,1030,UqWpJ3x_0uE,https://music.youtube.com/watch?v=UqWpJ3x_0uE,not_found,0.0000,,,
Falling In Reverse,"Watch The World Burn"" LIVE! The Popular Monstour",1042,g10qKRsi28U,https://music.youtube.com/watch?v=g10qKRsi28U,not_found,0.0000,,,
Mudvayne,Live Dosage 50,1045,qW4T5tEOq_E,https://music.youtube.com/watch?v=qW4T5tEOq_E,not_found,0.0000,,,
Marilyn Manson,Cry Little Sister,1048,cK3hggLUc2g,https://music.youtube.com/watch?v=cK3hggLUc2g,not_found,0.0000,,,
Gnarls Barkley,Crazy - From the Basement,1053,WOjFhKg4h3s,https://music.youtube.com/watch?v=WOjFhKg4h3s,not_found,0.0000,,,
Gary Moore,"Live Blues (1993) #8 ""Still Got The Blues",1057,0o7BwblazjQ,https://music.youtube.com/watch?v=0o7BwblazjQ,not_found,0.0000,,,
Buster Benton,Money Is the Name of the Game,1059,Zgdk16PQstY,https://music.youtube.com/watch?v=Zgdk16PQstY,not_found,0.0000,,,
Gary Moore,Parisienne Walkways (Best Version),1064,98eIW6CN62k,https://music.youtube.com/watch?v=98eIW6CN62k,not_found,0.0000,,,
The epic of Gilgamesh,Ancient Sumerian Song by Peter Pringle,1074,62pa9YAf6f8,https://music.youtube.com/watch?v=62pa9YAf6f8,not_found,0.0000,,,
Alcest,"Ecailles de lune, Pt. 1",1085,ipWabqtjmkM,https://music.youtube.com/watch?v=ipWabqtjmkM,not_found,0.0000,,,
Wolves in the Throne Room,Thuja Magus Imperium,1086,8GDK0tcnlk0,https://music.youtube.com/watch?v=8GDK0tcnlk0,not_found,0.0000,,,
Enigma,Why!...,1097,xpqFGZMBnlk,https://music.youtube.com/watch?v=xpqFGZMBnlk,not_found,0.0000,,,
Batzorig Vaanchig,Chinggis khaanii Magtaal (Live),1098,p_5yt5IX38I,https://music.youtube.com/watch?v=p_5yt5IX38I,not_found,0.0000,,,
Moby,New Dawn Fades,1100,J1z3DAr_rpQ,https://music.youtube.com/watch?v=J1z3DAr_rpQ,not_found,0.0000,,,
Elvis Presley,Can ́t Help Falling In Love,1113,OjiOTDqYYo0,https://music.youtube.com/watch?v=OjiOTDqYYo0,not_found,0.0000,,,
Jefferson Airplane,Somebody to Love (Mono Single Version),1114,SrGSt5eDt9o,https://music.youtube.com/watch?v=SrGSt5eDt9o,not_found,0.0000,,,
Wardruna,Voluspá (Skaldic Version),1117,lt4Z1dvlERc,https://music.youtube.com/watch?v=lt4Z1dvlERc,not_found,0.0000,,,
Enigma,I Love You... I'll Kill You,1121,958SSCqRUo8,https://music.youtube.com/watch?v=958SSCqRUo8,not_found,0.0000,,,
Lucio Dalla,Caruso (Remastered in 192 KHz),1124,wz8-1K9Zw_Q,https://music.youtube.com/watch?v=wz8-1K9Zw_Q,not_found,0.0000,,,
Mireille Mathieu,Pardonne-moi ce caprice d'enfant,1127,WHzo3c6_nQk,https://music.youtube.com/watch?v=WHzo3c6_nQk,not_found,0.0000,,,
St. Symeon Orthodox Church Choir,God Is With Us,1128,Ffp0FrCsbb8,https://music.youtube.com/watch?v=Ffp0FrCsbb8,not_found,0.0000,,,
Aethyrien,"Varðlokkur, Caller of Spirits",1129,VM1YDxh2Hww,https://music.youtube.com/watch?v=VM1YDxh2Hww,not_found,0.0000,,,
Divna Ljubojevic,Blessed art Thou O Lord: teach me Thy statutes,1130,jQRO_jM4HWQ,https://music.youtube.com/watch?v=jQRO_jM4HWQ,not_found,0.0000,,,
Chesnokov Op. 24-6,Let My Prayer Arise,1136,gvHAqjODCcI,https://music.youtube.com/watch?v=gvHAqjODCcI,not_found,0.0000,,,
Kabarnos,Agni Parthene (Live Lebanon 2017),1137,Y56UcWkJ1Bk,https://music.youtube.com/watch?v=Y56UcWkJ1Bk,not_found,0.0000,,,
Wardruna,Lyfjaberg,1138,e4iDsbd1fzc,https://music.youtube.com/watch?v=e4iDsbd1fzc,not_found,0.0000,,,
Aethyrien,"Völuspá, Visions of the Prophecy",1139,Nt9gpQsKgEg,https://music.youtube.com/watch?v=Nt9gpQsKgEg,not_found,0.0000,,,
Seraphim Bit-Kharibi,Psalm 53,1140,h8T8iby670s,https://music.youtube.com/watch?v=h8T8iby670s,not_found,0.0000,,,
Der Weg Einer Freiheit,Immortal,1141,CFzGM3x-vbA,https://music.youtube.com/watch?v=CFzGM3x-vbA,not_found,0.0000,,,
Seraphim Bit-Kharibi,Psalm 50,1142,94ByPx0G6fA,https://music.youtube.com/watch?v=94ByPx0G6fA,not_found,0.0000,,,
Patrick Lenk,Lo Boier,1143,AmZMPUQUFNk,https://music.youtube.com/watch?v=AmZMPUQUFNk,not_found,0.0000,,,
Alexandr Misko,Smooth Criminal,1146,0EnsQvXw3u0,https://music.youtube.com/watch?v=0EnsQvXw3u0,not_found,0.0000,,,
Ruslana,Miy Brat!,1149,hRFCbEI9j3U,https://music.youtube.com/watch?v=hRFCbEI9j3U,not_found,0.0000,,,
Ruslana,Rachmaninov (DJ Small’s Remake),1150,LfXsj2H8i9Y,https://music.youtube.com/watch?v=LfXsj2H8i9Y,not_found,0.0000,,,
Holy Transfiguration Monastery,Blessed Is the Man,1151,ekG3q8wPaW4,https://music.youtube.com/watch?v=ekG3q8wPaW4,not_found,0.0000,,,
Alexander,Christ Has Risen,1152,oQfuvcerLTQ,https://music.youtube.com/watch?v=oQfuvcerLTQ,not_found,0.0000,,,
Lévon Minassian,Siretzi Yares Daran (They Have Taken the One I Love),1153,mLnOpbV4tPU,https://music.youtube.com/watch?v=mLnOpbV4tPU,not_found,0.0000,,,
Agalloch,Limbs (2016 - Remaster),1156,fC0OFbhLeqk,https://music.youtube.com/watch?v=fC0OFbhLeqk,not_found,0.0000,,,
Shinnobu,The Man,1157,9Ic3vl_Zdsc,https://music.youtube.com/watch?v=9Ic3vl_Zdsc,not_found,0.0000,,,
Vangelis,Blade Runner Blues,1158,ECYLHiXvrBQ,https://music.youtube.com/watch?v=ECYLHiXvrBQ,not_found,0.0000,,,
niteboi,we should try,1160,dMhXymfudvA,https://music.youtube.com/watch?v=dMhXymfudvA,not_found,0.0000,,,
PATRIARKH,IRMOS I,1161,-9DXT82_25k,https://music.youtube.com/watch?v=-9DXT82_25k,not_found,0.0000,,,
Elton John; Luciano Pavarotti; Orchestra Filarmonica Di Torino; Marco Armiliato,Live Like Horses (Live Finale Version),1162,6rPN7NMzd8Y,https://music.youtube.com/watch?v=6rPN7NMzd8Y,not_found,0.0000,,,
Іво Бобул,Болить душа,1163,-WiBhW7re-Y,https://music.youtube.com/watch?v=-WiBhW7re-Y,not_found,0.0000,,,
Alisa Sova,Чорнобривці,1166,5xMzABwELqA,https://music.youtube.com/watch?v=5xMzABwELqA,not_found,0.0000,,,
Kvitka Cisyk,I Will Go to the Distant Hills,1167,C7kkj5qsayA,https://music.youtube.com/watch?v=C7kkj5qsayA,not_found,0.0000,,,
Nuages,Closer,1170,Fds3Z7TBjlQ,https://music.youtube.com/watch?v=Fds3Z7TBjlQ,not_found,0.0000,,,
Batzorig Vaanchig; Auli,Hunnu Guren,1179,X5oVGVbbwfI,https://music.youtube.com/watch?v=X5oVGVbbwfI,not_found,0.0000,,,
Kvitka Cisyk,Two Colors,1188,tAy3vB2xCSo,https://music.youtube.com/watch?v=tAy3vB2xCSo,not_found,0.0000,,,
Stevie T ft. Jim Carrey,You Don't Bring Me Flowers,1190,7t3a_wk904E,https://music.youtube.com/watch?v=7t3a_wk904E,not_found,0.0000,,,
Kvitka Cisyk,Dearest Mother Of Mine,1193,jwtVa5R8qAE,https://music.youtube.com/watch?v=jwtVa5R8qAE,not_found,0.0000,,,
Electro-Light,Symbolism,1194,f6Zk4Lx0cJ4,https://music.youtube.com/watch?v=f6Zk4Lx0cJ4,not_found,0.0000,,,
Василь Жданкін,"Думи мої, думи мої",1196,RrCAHoI8N7c,https://music.youtube.com/watch?v=RrCAHoI8N7c,not_found,0.0000,,,
ДахаБраха,Пливе човен,1199,asts8js-GNk,https://music.youtube.com/watch?v=asts8js-GNk,not_found,0.0000,,,
DakhaBrakha,Nad Dunaem,1200,nqng93Gpw4A,https://music.youtube.com/watch?v=nqng93Gpw4A,not_found,0.0000,,,
Jordan Critz,Starry Night,1202,xSXzw1XiDVw,https://music.youtube.com/watch?v=xSXzw1XiDVw,not_found,0.0000,,,
All Angels,Barber: Agnus Dei,1204,TwSC-nH_td8,https://music.youtube.com/watch?v=TwSC-nH_td8,not_found,0.0000,,,
Aurora,Hans Zimmer,1205,1oTbyENpX58,https://music.youtube.com/watch?v=1oTbyENpX58,not_found,0.0000,,,
Yoshihisa Hirano,Kyrie II,1206,fr3QRSw-UN0,https://music.youtube.com/watch?v=fr3QRSw-UN0,not_found,0.0000,,,
Kordhell,Killa,1209,Rvb20s1Ozek,https://music.youtube.com/watch?v=Rvb20s1Ozek,not_found,0.0000,,,
FindMyName,Hide N Seek,1210,HtfsDrGEnXk,https://music.youtube.com/watch?v=HtfsDrGEnXk,not_found,0.0000,,,
KUTE; Kordhell,Dead on Arrival,1212,bhwEhBRbe4s,https://music.youtube.com/watch?v=bhwEhBRbe4s,not_found,0.0000,,,
KUTE; RAIZHELL,ANUBIS,1213,-My3J4qmlWU,https://music.youtube.com/watch?v=-My3J4qmlWU,not_found,0.0000,,,
Борис Гмиря,Ніч яка мiсячна,1215,En7TsomfE5A,https://music.youtube.com/watch?v=En7TsomfE5A,not_found,0.0000,,,
Володимир Івасюк,Пісня буде поміж нас (Live),1216,RzZHYHO0Pjw,https://music.youtube.com/watch?v=RzZHYHO0Pjw,not_found,0.0000,,,
Mario Lanza,Na sera 'e maggio (Remastered 1995),1219,b2dhl0xPFLU,https://music.youtube.com/watch?v=b2dhl0xPFLU,not_found,0.0000,,,
Ghostface Playa; fkbambam,KILLKA,1224,oalkbgRJAW8,https://music.youtube.com/watch?v=oalkbgRJAW8,not_found,0.0000,,,
KSLV Noh,Disaster,1225,7Ua_ilBIx9A,https://music.youtube.com/watch?v=7Ua_ilBIx9A,not_found,0.0000,,,
PlayaPhonk,IMMORTAL,1227,5BG6o53cJj0,https://music.youtube.com/watch?v=5BG6o53cJj0,not_found,0.0000,,,
Kordhell,MURDER PLOT,1228,w1JjPvLAzRE,https://music.youtube.com/watch?v=w1JjPvLAzRE,not_found,0.0000,,,
Ghostface Playa,I Don't Give a Fuck (feat. Pharmacist),1229,cZfb2HU7c9o,https://music.youtube.com/watch?v=cZfb2HU7c9o,not_found,0.0000,,,
Ariis,Chupki V Krusta Phonk,1230,UumS0KEZdH0,https://music.youtube.com/watch?v=UumS0KEZdH0,not_found,0.0000,,,
Chris Norman; Suzi Quatro,Stumblin' In,1237,3fHkPX7U91g,https://music.youtube.com/watch?v=3fHkPX7U91g,not_found,0.0000,,,
Julio Iglesias,Nostalgie (Nathalie),1240,9jdzcUGJvpo,https://music.youtube.com/watch?v=9jdzcUGJvpo,not_found,0.0000,,,
Albano Carrisi,Ti Amo (Version 2010),1243,1SeoYxmpwUs,https://music.youtube.com/watch?v=1SeoYxmpwUs,not_found,0.0000,,,
Sheryl Crow,Tomorrow Never Dies,1246,rwDUWnOVf0c,https://music.youtube.com/watch?v=rwDUWnOVf0c,not_found,0.0000,,,
Sergio Velesky,MAIAJI MAIAJUUU,1248,1LGEOYF_b0Y,https://music.youtube.com/watch?v=1LGEOYF_b0Y,not_found,0.0000,,,
Batushka,Yekteniya VII,1256,EYVDSxpbIWA,https://music.youtube.com/watch?v=EYVDSxpbIWA,not_found,0.0000,,,
паліндром; Юрій Бондарчук,З букетом троянд,1257,8KIRX9K9vH0,https://music.youtube.com/watch?v=8KIRX9K9vH0,not_found,0.0000,,,
Frédéric Chopin,"Nocturne No. 2 in E flat Major, Op. 9,2",1278,bVeOdm-29pU,https://music.youtube.com/watch?v=bVeOdm-29pU,not_found,0.0000,,,
BrunoPelletier1,Notre Dame de Paris Le Temps des Cathédrales,1280,dSa0Z0Yd0J0,https://music.youtube.com/watch?v=dSa0Z0Yd0J0,not_found,0.0000,,,
Ilmari Hakkola,Bad Piggies Theme,1286,EgAOqt8I5ac,https://music.youtube.com/watch?v=EgAOqt8I5ac,not_found,0.0000,,,
Patrick Carney,BoJack's Theme (Full Length) (feat. Ralph Carney),1288,UkhHY7U3LwU,https://music.youtube.com/watch?v=UkhHY7U3LwU,not_found,0.0000,,,
Moby,"Extreme Ways (From The ""Bourne"" Film Series)",1289,aYAoeYE9CLs,https://music.youtube.com/watch?v=aYAoeYE9CLs,not_found,0.0000,,,
Hans Zimmer,No Time for Caution,1291,2o9KfyPqQzY,https://music.youtube.com/watch?v=2o9KfyPqQzY,not_found,0.0000,,,
Hans Zimmer,Wheel of Fortune,1292,XMgMOYKZ96g,https://music.youtube.com/watch?v=XMgMOYKZ96g,not_found,0.0000,,,
Hans Zimmer,Tia Dalma,1293,Cc3qZ1HtwsM,https://music.youtube.com/watch?v=Cc3qZ1HtwsM,not_found,0.0000,,,
Hans Zimmer,Dinner Is Served,1294,z9vs_UCmfdA,https://music.youtube.com/watch?v=z9vs_UCmfdA,not_found,0.0000,,,
Михаил Елизаров,ДЕТИ И ГАШИШ,1295,h0eEsdYOCRE,https://music.youtube.com/watch?v=h0eEsdYOCRE,not_found,0.0000,,,
Shaman's Harvest,Broken Dreams [Drew McIntyre | HQ + full intro + Lyrics],1296,iRyaB8RgU4c,https://music.youtube.com/watch?v=iRyaB8RgU4c,not_found,0.0000,,,
19 Most Romantic Waltzes,Chopin Complete Waltzes,1301,trDOwHzEqMY,https://music.youtube.com/watch?v=trDOwHzEqMY,not_found,0.0000,,,
TRAUM,"Grandes études de Paganini, S. 141: No. 3 in G-Sharp Minor (Allegretto) ""La campanella",1304,dG-SLTnN9go,https://music.youtube.com/watch?v=dG-SLTnN9go,not_found,0.0000,,,
Geoff Castellucci,Far over the Misty Mountains Cold,1305,jDFtgMHiPAM,https://music.youtube.com/watch?v=jDFtgMHiPAM,not_found,0.0000,,,
Miracle Of Sound; Peyton Parrish,Valhalla Calling - Duet Version,1306,bbdEIzfeDSs,https://music.youtube.com/watch?v=bbdEIzfeDSs,not_found,0.0000,,,
Motörhead,Enter Sandman,1307,KS0Tk8UDRno,https://music.youtube.com/watch?v=KS0Tk8UDRno,not_found,0.0000,,,
Воплі Відоплясова,Halya Is Carrying,1320,aDo38jxxBkw,https://music.youtube.com/watch?v=aDo38jxxBkw,not_found,0.0000,,,
Vopli Vidopliasova,We Were in the Village,1321,fPKR8Uv7Rxo,https://music.youtube.com/watch?v=fPKR8Uv7Rxo,not_found,0.0000,,,
Воплі Відоплясова,Land of Dream,1322,iDvEIJtuDYw,https://music.youtube.com/watch?v=iDvEIJtuDYw,not_found,0.0000,,,
БумБокс,Вахтерам,1323,pqIbm7H6E1w,https://music.youtube.com/watch?v=pqIbm7H6E1w,not_found,0.0000,,,
Океан Ельзи,"Там, де нас нема",1325,kTiiUw2HjjM,https://music.youtube.com/watch?v=kTiiUw2HjjM,not_found,0.0000,,,
Воплі Відоплясова,Весна,1327,aLq0gHTvt8w,https://music.youtube.com/watch?v=aLq0gHTvt8w,not_found,0.0000,,,
Vopli Vidopliasova,Ye-Ye,1328,gmp_J2Si_BU,https://music.youtube.com/watch?v=gmp_J2Si_BU,not_found,0.0000,,,
Михаил Елизаров,СТОМАТОЛОГ,1329,52VL7jBq1pc,https://music.youtube.com/watch?v=52VL7jBq1pc,not_found,0.0000,,,
Егор Летов,Всё как у людей,1333,XAJ47jr3h0U,https://music.youtube.com/watch?v=XAJ47jr3h0U,not_found,0.0000,,,
Егор Летов,Колыбельная,1334,GY8hbWW8Cfg,https://music.youtube.com/watch?v=GY8hbWW8Cfg,not_found,0.0000,,,
Егор Летов,Иуда будет в раю,1335,UdgAHSGvIAg,https://music.youtube.com/watch?v=UdgAHSGvIAg,not_found,0.0000,,,
Егор Летов,Как листовка,1336,T0dUUXaM0Xk,https://music.youtube.com/watch?v=T0dUUXaM0Xk,not_found,0.0000,,,
Егор Летов,Философская песня о пуле,1337,1riHV-aLO8Q,https://music.youtube.com/watch?v=1riHV-aLO8Q,not_found,0.0000,,,
Егор Летов,Государство,1340,vBdiuFMScc4,https://music.youtube.com/watch?v=vBdiuFMScc4,not_found,0.0000,,,
Michael Thomas Connolly,Hallelujah,1354,MWzeCcQqFyM,https://music.youtube.com/watch?v=MWzeCcQqFyM,not_found,0.0000,,,
System Of A Down,Lost In Hollywood live (HD/DVD Quality),1359,e0YW5ZpQWsM,https://music.youtube.com/watch?v=e0YW5ZpQWsM,not_found,0.0000,,,
Океан Ельзи,Мить,1361,QevMTQTPhjg,https://music.youtube.com/watch?v=QevMTQTPhjg,not_found,0.0000,,,
Renée Fleming; London Philharmonic Orchestra; Sir Charles Mackerras; Giacomo Puccini,Puccini: Gianni Schicchi: O mio babbino caro,1364,DLi25fgVuRs,https://music.youtube.com/watch?v=DLi25fgVuRs,not_found,0.0000,,,
Rotting christ,Χ Ξ Σ (666),1365,70qPvCKU_m4,https://music.youtube.com/watch?v=70qPvCKU_m4,not_found,0.0000,,,
Дмитро Гнатюк,Два Кольори (1966),1369,cvV2cWyQ9ls,https://music.youtube.com/watch?v=cvV2cWyQ9ls,not_found,0.0000,,,
The Minions,I Swear,1371,Oy39gZzS2m8,https://music.youtube.com/watch?v=Oy39gZzS2m8,not_found,0.0000,,,
Дмитро Гнатюк,Рідна мати моя (Пісня про рушник),1372,XTEMDTVGiKE,https://music.youtube.com/watch?v=XTEMDTVGiKE,not_found,0.0000,,,
Blackhelm,One Thousand Years,1373,2whmcxjH-k8,https://music.youtube.com/watch?v=2whmcxjH-k8,not_found,0.0000,,,
PATRIARKH,Pierwyj Czas,1375,hdbHnKoEzUc,https://music.youtube.com/watch?v=hdbHnKoEzUc,not_found,0.0000,,,
Urfaust,Meditatum II,1377,JM0VKVa_aRo,https://music.youtube.com/watch?v=JM0VKVa_aRo,not_found,0.0000,,,
PATRIARKH,Liturgiya,1378,MY2DF1KVatM,https://music.youtube.com/watch?v=MY2DF1KVatM,not_found,0.0000,,,
Batushka,Yekteniya VIII,1379,5uu8HewYlMA,https://music.youtube.com/watch?v=5uu8HewYlMA,not_found,0.0000,,,
Batushka,Yekteniya VI,1380,IeJeAB-F0Rw,https://music.youtube.com/watch?v=IeJeAB-F0Rw,not_found,0.0000,,,
Batushka,Yekteniya I,1381,XCMNqKuuFC4,https://music.youtube.com/watch?v=XCMNqKuuFC4,not_found,0.0000,,,
Batushka,Yekteniya IV,1383,o_rKSTh6ViE,https://music.youtube.com/watch?v=o_rKSTh6ViE,not_found,0.0000,,,
Batushka,Yekteniya II,1384,xxdzwpoIZPA,https://music.youtube.com/watch?v=xxdzwpoIZPA,not_found,0.0000,,,
Batushka,Yekteniya III,1385,DHmZ88ybPtI,https://music.youtube.com/watch?v=DHmZ88ybPtI,not_found,0.0000,,,
Христина Соловій,Тримай,1389,A4ud4WxXTEk,https://music.youtube.com/watch?v=A4ud4WxXTEk,not_found,0.0000,,,
Luciano Pavarotti; National Philharmonic Orchestra; Giancarlo Chiaramello,De Curtis: Torna a Surriento (Arr. Chiaramello),1394,Z5pjO907UG0,https://music.youtube.com/watch?v=Z5pjO907UG0,not_found,0.0000,,,
Luciano Pavarotti; Giacomo Puccini,"Tosca: Tosca, Act III: E lucevan le stelle",1395,1SevF1IlHCI,https://music.youtube.com/watch?v=1SevF1IlHCI,not_found,0.0000,,,
Luciano Pavarotti; Tom Krause; Pier Francesco Poli; Piero de Palma,"Puccini: Turandot, Act III: Nessun dorma – Tu che guardi le stelle",1397,lHoYk2mRuSQ,https://music.youtube.com/watch?v=lHoYk2mRuSQ,not_found,0.0000,,,
Luciano Pavarotti; Mariah Carey,Hero,1398,t3s-r18MLDI,https://music.youtube.com/watch?v=t3s-r18MLDI,not_found,0.0000,,,
Luciano Pavarotti; National Philharmonic Orchestra; Giancarlo Chiaramello,"Di Capua, Mazzucchi: 'O sole mio (Orch. Chiaramello)",1399,R2xPqfD54F4,https://music.youtube.com/watch?v=R2xPqfD54F4,not_found,0.0000,,,
Luciano Pavarotti,"Nel blu, dipinto di blu (Volare)",1400,5ZQtRCcBy4A,https://music.youtube.com/watch?v=5ZQtRCcBy4A,not_found,0.0000,,,
Meshuggah,They Move Below,1404,TM87DMK-q4o,https://music.youtube.com/watch?v=TM87DMK-q4o,not_found,0.0000,,,
Anima Tempo,Deceitful Idols,1409,ZeB4e87tkw4,https://music.youtube.com/watch?v=ZeB4e87tkw4,not_found,0.0000,,,
Gojira,Born For One Thing,1410,_Ebo0ngI4Qk,https://music.youtube.com/watch?v=_Ebo0ngI4Qk,not_found,0.0000,,,
ТІК,Олені,1412,75XGMVRDj_A,https://music.youtube.com/watch?v=75XGMVRDj_A,not_found,0.0000,,,
Океан Ельзи,Квітка,1414,UKmbZb2Yxcc,https://music.youtube.com/watch?v=UKmbZb2Yxcc,not_found,0.0000,,,
The Platters,Only You (And You Alone),1415,85-6op3kt_g,https://music.youtube.com/watch?v=85-6op3kt_g,not_found,0.0000,,,
Foreigner,I Want to Know What Love Is (1999 Remaster),1418,4jA-_g_iSY0,https://music.youtube.com/watch?v=4jA-_g_iSY0,not_found,0.0000,,,
Brian Eno; Bono; The Edge; Luciano Pavarotti,Miss Sarajevo (Live),1419,BHCkSIQQ0K4,https://music.youtube.com/watch?v=BHCkSIQQ0K4,not_found,0.0000,,,
Il Volo,Ti voglio tanto bene,1420,gd1l4Bj4WlA,https://music.youtube.com/watch?v=gd1l4Bj4WlA,not_found,0.0000,,,
Andrea Bocelli; Orchestra Sinfonica di Milano Giuseppe Verdi; Steven Mercurio,Ti Voglio Tanto Bene,1421,68bBh9zhD_8,https://music.youtube.com/watch?v=68bBh9zhD_8,not_found,0.0000,,,
Davy Jones Theme Suite,Hans Zimmer,1422,3TOzkCIaXjI,https://music.youtube.com/watch?v=3TOzkCIaXjI,not_found,0.0000,,,
Mario Lanza; MGM Studio Orchestra,"Serenade (featured in ""The Student Prince"")",1423,QKx3bqrg4a4,https://music.youtube.com/watch?v=QKx3bqrg4a4,not_found,0.0000,,,
Сплин,Выхода нет,1424,o21YLdIvlUs,https://music.youtube.com/watch?v=o21YLdIvlUs,not_found,0.0000,,,
Lorna Shore,Into the Earth,1429,JEB6jiJ_RBI,https://music.youtube.com/watch?v=JEB6jiJ_RBI,not_found,0.0000,,,
Александр Гум,Она ушла,1430,BAV_wBzMqR4,https://music.youtube.com/watch?v=BAV_wBzMqR4,not_found,0.0000,,,
"Günter Wehinger, Karin Nakagawa, Urs Wiesner, and Andrè Buser",Gnossienne 1,1432,ZeMCX7Bgzkk,https://music.youtube.com/watch?v=ZeMCX7Bgzkk,not_found,0.0000,,,
The Paris Musette,D'accord,1433,cqc4uhlJ66E,https://music.youtube.com/watch?v=cqc4uhlJ66E,not_found,0.0000,,,
Al Marconi,Redemption,1434,LtrxncFfJdU,https://music.youtube.com/watch?v=LtrxncFfJdU,not_found,0.0000,,,
Luciano Pavarotti; Sting,When We Dance (Live),1435,AFoQ-wA7VBI,https://music.youtube.com/watch?v=AFoQ-wA7VBI,not_found,0.0000,,,
Вахид Аюбов,Опустилась ночь над Ленинградом,1437,m7XTePLCMHA,https://music.youtube.com/watch?v=m7XTePLCMHA,not_found,0.0000,,,
Blackhelm,Of Serpent and Stone,1439,eXILq9_rM7I,https://music.youtube.com/watch?v=eXILq9_rM7I,not_found,0.0000,,,
Luciano Pavarotti; Coro del Teatro Comunale di Bologna; Henry Mancini,De Curtis: Ti voglio tanto bene (Arr. Mancini),1440,k2mwbQj_wTc,https://music.youtube.com/watch?v=k2mwbQj_wTc,not_found,0.0000,,,
Тимерболат,Галерея памяти - Шахиды в судный день,1441,rYe-d5wSgt8,https://music.youtube.com/watch?v=rYe-d5wSgt8,not_found,0.0000,,,
Егор и Опизденевшие,Вечная весна,1442,AqfwEGUuvrA,https://music.youtube.com/watch?v=AqfwEGUuvrA,not_found,0.0000,,,
Stevie Ray Vaughan & Double Trouble,Little Wing,1443,Rj_NUS9hwxA,https://music.youtube.com/watch?v=Rj_NUS9hwxA,not_found,0.0000,,,
Led Zeppelin,The Rain Song (Remaster),1446,TRt4hQs3nH0,https://music.youtube.com/watch?v=TRt4hQs3nH0,not_found,0.0000,,,
Друга Ріка,Три хвилини,1449,nl0ax7LNNmk,https://music.youtube.com/watch?v=nl0ax7LNNmk,not_found,0.0000,,,
Paul Anka,Fly Me to the Moon,1450,pQcLGG74N6E,https://music.youtube.com/watch?v=pQcLGG74N6E,not_found,0.0000,,,
James Brown & The Famous Flames,"It's A Man's, Man's, Man's World",1451,hK97cdbbsQw,https://music.youtube.com/watch?v=hK97cdbbsQw,not_found,0.0000,,,
Константин Ступин,Когда я умер (Акустика 2014-2015),1453,gbSaNYCGoHI,https://music.youtube.com/watch?v=gbSaNYCGoHI,not_found,0.0000,,,
André Rieu,The Lonely Shepherd,1456,orL-w2QBiN8,https://music.youtube.com/watch?v=orL-w2QBiN8,not_found,0.0000,,,
Pavarotti,Сaruso,1457,I8A61eY1Efg,https://music.youtube.com/watch?v=I8A61eY1Efg,not_found,0.0000,,,
Igorrr,Houmous recording,1470,1U-1h0_ifOc,https://music.youtube.com/watch?v=1U-1h0_ifOc,not_found,0.0000,,,
Helloween,Best Time,1472,b0_usJ7ghww,https://music.youtube.com/watch?v=b0_usJ7ghww,not_found,0.0000,,,
Nirvana,Come As You Are (Live),1479,5BUOdyGcJ8U,https://music.youtube.com/watch?v=5BUOdyGcJ8U,not_found,0.0000,,,
Nirvana,The Man Who Sold The World (Live),1480,pXBvuBSYaxc,https://music.youtube.com/watch?v=pXBvuBSYaxc,not_found,0.0000,,,
Mario Del Monaco,Un Amore Cosi Grande,1483,ZK3_7nDmUh4,https://music.youtube.com/watch?v=ZK3_7nDmUh4,not_found,0.0000,,,
Mario Lanza; Franco Ferrara,Na sera 'e maggio (Redbook Stereo),1484,a0jPTlUwqzE,https://music.youtube.com/watch?v=a0jPTlUwqzE,not_found,0.0000,,,
"Luciano Pavarotti; Orchestra of the Royal Opera House, Covent Garden; Edward Downes; Giacomo Puccini","Puccini: Tosca, SC 69 / Act 3: ""E lucevan le stelle",1486,Z1rpgvxWPtQ,https://music.youtube.com/watch?v=Z1rpgvxWPtQ,not_found,0.0000,,,
Luciano Pavarotti; Wiener Volksopernorchester; Leone Magiera; Ruggero Leoncavallo,"Leoncavallo: Pagliacci / Act 1: ""Vesti la giubba",1487,iD8WFIA5IaI,https://music.youtube.com/watch?v=iD8WFIA5IaI,not_found,0.0000,,,
Kassia; Ludwig van Beethoven,Beethoven: Sonata No. 17 Tempest 3rd Movement,1490,BB42Xx3IP88,https://music.youtube.com/watch?v=BB42Xx3IP88,not_found,0.0000,,,
Joe Hisaishi,Merry-Go-Round of Life (from 'Howl's Moving Castle'),1491,xxsvTvDQKMY,https://music.youtube.com/watch?v=xxsvTvDQKMY,not_found,0.0000,,,
Kassia,Chopin: Waltz Op. 64 No. 2,1496,2e-YhPmLfMI,https://music.youtube.com/watch?v=2e-YhPmLfMI,not_found,0.0000,,,
Kassia,Chopin: Nocturne Op. 27 No. 2,1497,r0EGDymiDms,https://music.youtube.com/watch?v=r0EGDymiDms,not_found,0.0000,,,
Blackhelm,The Infinite Void,1504,otaO29ug5tA,https://music.youtube.com/watch?v=otaO29ug5tA,not_found,0.0000,,,
Grim Cat Piano,After Dark (Piano Version),1506,tckx3AM44dk,https://music.youtube.com/watch?v=tckx3AM44dk,not_found,0.0000,,,
Static-X,Hypure,1508,jsM0Gtdfj7U,https://music.youtube.com/watch?v=jsM0Gtdfj7U,not_found,0.0000,,,
Adele,To Be Loved,1509,d0fuPEOkKRQ,https://music.youtube.com/watch?v=d0fuPEOkKRQ,not_found,0.0000,,,
Adele,Oh My God,1512,6_mdXb6JDLI,https://music.youtube.com/watch?v=6_mdXb6JDLI,not_found,0.0000,,,
Static-X,Just in Case,1514,bv0tiE3-YlA,https://music.youtube.com/watch?v=bv0tiE3-YlA,not_found,0.0000,,,
Static-X,Terminal,1515,JwovnullOQ0,https://music.youtube.com/watch?v=JwovnullOQ0,not_found,0.0000,,,
Static-X,Invincible,1516,8w2hfi-ANGw,https://music.youtube.com/watch?v=8w2hfi-ANGw,not_found,0.0000,,,
Static-X,Dead Souls,1517,z4TSyDavOqI,https://music.youtube.com/watch?v=z4TSyDavOqI,not_found,0.0000,,,
Static-X,I Am,1518,bwtuLUBj1Ec,https://music.youtube.com/watch?v=bwtuLUBj1Ec,not_found,0.0000,,,
Static-X,This Is Not,1519,Uuxihau-x2s,https://music.youtube.com/watch?v=Uuxihau-x2s,not_found,0.0000,,,
Static-X,Destroyer,1520,Xdm1k2RjO4g,https://music.youtube.com/watch?v=Xdm1k2RjO4g,not_found,0.0000,,,
Dope,You Spin Me Round (Like a Record),1522,duEzMp0ZhEA,https://music.youtube.com/watch?v=duEzMp0ZhEA,not_found,0.0000,,,
"Пьеха Стас, Григорий Лепс",Она не твоя,1524,O-5DOjAoq3k,https://music.youtube.com/watch?v=O-5DOjAoq3k,not_found,0.0000,,,
Lana Del Rey,Ride,1526,oSyDuBGRa3w,https://music.youtube.com/watch?v=oSyDuBGRa3w,not_found,0.0000,,,
Lana Del Rey,Dealer,1527,pB8Yrt2x9KA,https://music.youtube.com/watch?v=pB8Yrt2x9KA,not_found,0.0000,,,
Led Zeppelin,Kashmir (Remaster),1532,tzVJPgCn-Z8,https://music.youtube.com/watch?v=tzVJPgCn-Z8,not_found,0.0000,,,
Ed Sheeran,Perfect Symphony (feat. Andrea Bocelli),1534,F1ZyommhrVo,https://music.youtube.com/watch?v=F1ZyommhrVo,not_found,0.0000,,,
Adele,Woman Like Me,1539,WaFDFP89Sd0,https://music.youtube.com/watch?v=WaFDFP89Sd0,not_found,0.0000,,,
Adele,Love Is A Game,1540,TyZfupZvA3k,https://music.youtube.com/watch?v=TyZfupZvA3k,not_found,0.0000,,,
Adele,My Little Love,1541,k-mDroLvfEo,https://music.youtube.com/watch?v=k-mDroLvfEo,not_found,0.0000,,,
Beethoven,"Symphony No.7 in A major op.92 - II, Allegretto",1545,vCHREyE5GzQ,https://music.youtube.com/watch?v=vCHREyE5GzQ,not_found,0.0000,,,
БумБокс,Тримай мене (Acoustic Version) (feat. The Gitas),1547,axAKt_taYHk,https://music.youtube.com/watch?v=axAKt_taYHk,not_found,0.0000,,,
Okean Elzy,І я на небі,1548,hLPe_jGmxq0,https://music.youtube.com/watch?v=hLPe_jGmxq0,not_found,0.0000,,,
Скрябін,Мам,1549,-vqoUmQgT1M,https://music.youtube.com/watch?v=-vqoUmQgT1M,not_found,0.0000,,,
Океан Ельзи,Стріляй,1550,R_mi9O6JuTk,https://music.youtube.com/watch?v=R_mi9O6JuTk,not_found,0.0000,,,
Скрябін,"Люди, як кораблі",1551,FWH7lRJ6mPw,https://music.youtube.com/watch?v=FWH7lRJ6mPw,not_found,0.0000,,,
Chopin,Ballade No. 1 in G Minor (1M special),1558,Zj_psrTUW_w,https://music.youtube.com/watch?v=Zj_psrTUW_w,not_found,0.0000,,,
Erik Satie,Once Upon A Time In Paris,1560,b9WKC5sT9Z4,https://music.youtube.com/watch?v=b9WKC5sT9Z4,not_found,0.0000,,,
Franz Liszt,Liebestraum - Love Dream,1561,KpOtuoHL45Y,https://music.youtube.com/watch?v=KpOtuoHL45Y,not_found,0.0000,,,
Static-X,Grind 2 Halt,1570,srjdij3qzks,https://music.youtube.com/watch?v=srjdij3qzks,not_found,0.0000,,,
Yoshihisa Hirano,Kingdom of Predators,1574,LooOkvPQQ2Y,https://music.youtube.com/watch?v=LooOkvPQQ2Y,not_found,0.0000,,,
Константин Ступин,Лёд и ветер (Акустика 2014-2015),1575,kvSFwkgZu8c,https://music.youtube.com/watch?v=kvSFwkgZu8c,not_found,0.0000,,,
Тимерболат,"Мама приезжай, ты меня забери",1578,DJMA1IXTWj0,https://music.youtube.com/watch?v=DJMA1IXTWj0,not_found,0.0000,,,
Веня Д'ркин,Нибелунг,1579,vIGF-sTBsHU,https://music.youtube.com/watch?v=vIGF-sTBsHU,not_found,0.0000,,,
Tina Turner,Goldeneye (2003 Remaster),1581,1_Aq5rQdPso,https://music.youtube.com/watch?v=1_Aq5rQdPso,not_found,0.0000,,,
Ramin Djawadi,Light of the Seven,1584,6LASz6HAL7E,https://music.youtube.com/watch?v=6LASz6HAL7E,not_found,0.0000,,,
Shiro SAGISU,never meant to belong,1585,zO_532nbu0c,https://music.youtube.com/watch?v=zO_532nbu0c,not_found,0.0000,,,
Adele,Skyfall,1588,LJzp_mDxaT0,https://music.youtube.com/watch?v=LJzp_mDxaT0,not_found,0.0000,,,
Chopin,Relaxing Classical Music,1589,y1dbbrfekAM,https://music.youtube.com/watch?v=y1dbbrfekAM,not_found,0.0000,,,
Океан Ельзи,Я так хочу...,1592,kKbuv7NAMTc,https://music.youtube.com/watch?v=kKbuv7NAMTc,not_found,0.0000,,,
Pearl Django,Under Paris Skies,1597,AStZ34JUqNA,https://music.youtube.com/watch?v=AStZ34JUqNA,not_found,0.0000,,,
Abruptum,De Profundis Mors Vas Cousumet,1603,k1Xhi57xE5o,https://music.youtube.com/watch?v=k1Xhi57xE5o,not_found,0.0000,,,
Yoshihisa Hirano,In The Palace,1606,pucT5R6AV5o,https://music.youtube.com/watch?v=pucT5R6AV5o,not_found,0.0000,,,
Deutschland Orchestra,The Soldiers,1615,CdnEtmhtcMY,https://music.youtube.com/watch?v=CdnEtmhtcMY,not_found,0.0000,,,
Killswitch Engage,This Fire,1619,DMdqsS0a9tY,https://music.youtube.com/watch?v=DMdqsS0a9tY,not_found,0.0000,,,
Gojira,Amazonia,1625,ilWMxOA9bd8,https://music.youtube.com/watch?v=ilWMxOA9bd8,not_found,0.0000,,,
Meshuggah,Bleed - Tomas Haake - Wincent Drumsticks,1633,bAJ1WTGNISk,https://music.youtube.com/watch?v=bAJ1WTGNISk,not_found,0.0000,,,
Led Zeppelin,Kashmir (1990 Remaster),1637,SsaFBNvhceA,https://music.youtube.com/watch?v=SsaFBNvhceA,not_found,0.0000,,,
Led Zeppelin,"Kashmir (Live: O2 Arena, London - December 10, 2007)",1639,xK68DAzD0eM,https://music.youtube.com/watch?v=xK68DAzD0eM,not_found,0.0000,,,
Asking Alexandria,The Final Episode (Let's Change the Channel),1640,Qi3ZsefSo0o,https://music.youtube.com/watch?v=Qi3ZsefSo0o,not_found,0.0000,,,
Led Zeppelin,No Quarter (Remaster),1641,wdqDmJbm2eY,https://music.youtube.com/watch?v=wdqDmJbm2eY,not_found,0.0000,,,
Леонид Агутин; Therr Maitz,Что происходит? (LAB с Антоном Беляевым),1650,t3NYBr_QaEU,https://music.youtube.com/watch?v=t3NYBr_QaEU,not_found,0.0000,,,
Ken Tamplin Vocal Academy,Since I've Been Loving You,1656,JWEzmKysWA0,https://music.youtube.com/watch?v=JWEzmKysWA0,not_found,0.0000,,,
Михаил Елизаров,Pro Testo,1657,I46-R1wBW84,https://music.youtube.com/watch?v=I46-R1wBW84,not_found,0.0000,,,
Led Zeppelin,Going to California (Remaster),1658,PDIz4talyQk,https://music.youtube.com/watch?v=PDIz4talyQk,not_found,0.0000,,,
Михаил Елизаров,Селигер,1659,Dgy9hal5I7Y,https://music.youtube.com/watch?v=Dgy9hal5I7Y,not_found,0.0000,,,
Led Zeppelin,All My Love (1990 Remaster),1663,yYDh7lyqwms,https://music.youtube.com/watch?v=yYDh7lyqwms,not_found,0.0000,,,
Михаил Елизаров,Пидарасы Одиночества,1665,roz_LD70HII,https://music.youtube.com/watch?v=roz_LD70HII,not_found,0.0000,,,
Static-X,Isolaytore,1666,6yFYHqkgvI0,https://music.youtube.com/watch?v=6yFYHqkgvI0,not_found,0.0000,,,
Static-X,Cannibal,1667,TPps3E0Teys,https://music.youtube.com/watch?v=TPps3E0Teys,not_found,0.0000,,,
Static-X,Nocturnally,1671,AX067jOUFHo,https://music.youtube.com/watch?v=AX067jOUFHo,not_found,0.0000,,,
Mariah Carey,Without You (Official HD Music Video),1673,Hat1Hc9SNwE,https://music.youtube.com/watch?v=Hat1Hc9SNwE,not_found,0.0000,,,
Whitney Houston,I Have Nothing,1675,pKnRHLqh4PY,https://music.youtube.com/watch?v=pKnRHLqh4PY,not_found,0.0000,,,
Static-X,Stingwray,1677,Bmgb90jDSCQ,https://music.youtube.com/watch?v=Bmgb90jDSCQ,not_found,0.0000,,,
Михаил Елизаров,"Отель ""Лето",1681,Je44HN1OrnI,https://music.youtube.com/watch?v=Je44HN1OrnI,not_found,0.0000,,,
Luciano Pavarotti; Giacomo Puccini,"Turandot, Act 3: ""Nessun dorma"" (Live)",1685,tfT2iUZ9UP0,https://music.youtube.com/watch?v=tfT2iUZ9UP0,not_found,0.0000,,,
Static-X,Terminator Oscillator,1692,UFwmWF0bbQs,https://music.youtube.com/watch?v=UFwmWF0bbQs,not_found,0.0000,,,
Static-X,Otsego Placebo,1693,FEiq21N7bdY,https://music.youtube.com/watch?v=FEiq21N7bdY,not_found,0.0000,,,
Static-X,Get to the Gone,1694,NzXR9Ug6jUg,https://music.youtube.com/watch?v=NzXR9Ug6jUg,not_found,0.0000,,,
Static-X,Fix,1695,MpqQX0dmWGQ,https://music.youtube.com/watch?v=MpqQX0dmWGQ,not_found,0.0000,,,
Static-X,Otsego Undead,1696,ghNcDH9QDTg,https://music.youtube.com/watch?v=ghNcDH9QDTg,not_found,0.0000,,,
Static-X,Dirthouse,1700,yaApysXYjyo,https://music.youtube.com/watch?v=yaApysXYjyo,not_found,0.0000,,,
Static-X,Tera-Fied,1705,bpXChQtGFIs,https://music.youtube.com/watch?v=bpXChQtGFIs,not_found,0.0000,,,
Eiro Nareth,Bandoleros (Fast&Furious Theme),1709,XFyjdUTUMBQ,https://music.youtube.com/watch?v=XFyjdUTUMBQ,not_found,0.0000,,,
Михаил Елизаров,Пар-голова,1710,H_ezAF1ZvUw,https://music.youtube.com/watch?v=H_ezAF1ZvUw,not_found,0.0000,,,
Отава Ё,"Ой, Дуся, ой, Маруся (казачья лезгинка)",1711,Jnpr-Rohu7U,https://music.youtube.com/watch?v=Jnpr-Rohu7U,not_found,0.0000,,,
Led Zeppelin,Babe I'm Gonna Leave You (Remaster),1712,UyOg0mt2R2k,https://music.youtube.com/watch?v=UyOg0mt2R2k,not_found,0.0000,,,
Валерий Меладзе,Иностранец,1713,ZTJQhSea6xU,https://music.youtube.com/watch?v=ZTJQhSea6xU,not_found,0.0000,,,
Михаил Елизаров,"Ариозо Чикатило ""Фенечка, здравствуй!..",1715,90uinveF_sM,https://music.youtube.com/watch?v=90uinveF_sM,not_found,0.0000,,,
Михаил Елизаров,Мама-Гуантанама,1717,s47eNxE9Lts,https://music.youtube.com/watch?v=s47eNxE9Lts,not_found,0.0000,,,
Михаил Елизаров,Инициатическая,1718,tnrSHPi-HP8,https://music.youtube.com/watch?v=tnrSHPi-HP8,not_found,0.0000,,,
рома майк,Босоніж,1720,DziNa-XGB-E,https://music.youtube.com/watch?v=DziNa-XGB-E,not_found,0.0000,,,
Ghost B.C.,Bible,1721,ex79NyYece8,https://music.youtube.com/watch?v=ex79NyYece8,not_found,0.0000,,,
Ghost B.C.,I Believe,1722,k1sDdx8UOI4,https://music.youtube.com/watch?v=k1sDdx8UOI4,not_found,0.0000,,,
Just Do It,Tender Acoustic Version!,1728,qDQIon7SrOg,https://music.youtube.com/watch?v=qDQIon7SrOg,not_found,0.0000,,,
Daniel Paterok,Serenity,1729,1De0_7XJk1c,https://music.youtube.com/watch?v=1De0_7XJk1c,not_found,0.0000,,,
Infant Annihilator,Paedophilic Supremacy,1737,oBni1QiQNVs,https://music.youtube.com/watch?v=oBni1QiQNVs,not_found,0.0000,,,
Егор Летов,Никто не хотел умирать,1740,cb-lRR9DWtw,https://music.youtube.com/watch?v=cb-lRR9DWtw,not_found,0.0000,,,
Михаил Елизаров,Ебанутое счастье,1742,gyL6a0m9Q6Y,https://music.youtube.com/watch?v=gyL6a0m9Q6Y,not_found,0.0000,,,
Егор Летов,Кайф или больше,1743,pxu3NRhQzFA,https://music.youtube.com/watch?v=pxu3NRhQzFA,not_found,0.0000,,,
Flaer Smin,Wish You Were Here,1746,N_tJBqa-EQ0,https://music.youtube.com/watch?v=N_tJBqa-EQ0,not_found,0.0000,,,
Enigma,The Alchemist (The Alchemist's Vision By Ralf Hildenbeutel),1752,s8s2Ocqd6Kk,https://music.youtube.com/watch?v=s8s2Ocqd6Kk,not_found,0.0000,,,
Led Zeppelin,Since I've Been Loving You (Remaster),1790,N_lSJ-0Gl7Q,https://music.youtube.com/watch?v=N_lSJ-0Gl7Q,not_found,0.0000,,,
Егор Летов,Харакири (2021 Remastered Version),1794,x06MOwnE6P0,https://music.youtube.com/watch?v=x06MOwnE6P0,not_found,0.0000,,,
B.J. Thomas,Raindrops Keep Falling on my Head,1795,sySlY1XKlhM,https://music.youtube.com/watch?v=sySlY1XKlhM,not_found,0.0000,,,
MORGENSHTERN ft. OBEME,ДУЛО (prod. checkoff),1806,qHgLyODFCQE,https://music.youtube.com/watch?v=qHgLyODFCQE,not_found,0.0000,,,
Ti voglio tanto bene,Italian Song | Piano Accompaniment 伴奏用,1812,rcPJgpZVCcM,https://music.youtube.com/watch?v=rcPJgpZVCcM,not_found,0.0000,,,
Frank Sinatra,My Way (2008 Remastered),1817,qQzdAsjWGPg,https://music.youtube.com/watch?v=qQzdAsjWGPg,not_found,0.0000,,,
Crazy Obeme,Axel F (prod. checkoff),1840,Z1lIl9ZVXdQ,https://music.youtube.com/watch?v=Z1lIl9ZVXdQ,not_found,0.0000,,,
Tsutomu Torii,Sous Le Ciel De Paris,1841,LO8K29YeaNI,https://music.youtube.com/watch?v=LO8K29YeaNI,not_found,0.0000,,,
Hans Zimmer,The Kraken,1843,GFY7i7pJAXg,https://music.youtube.com/watch?v=GFY7i7pJAXg,not_found,0.0000,,,
Howard Shore,The Battle of the Pelennor Fields,1844,8t9eL-5wMFc,https://music.youtube.com/watch?v=8t9eL-5wMFc,not_found,0.0000,,,
The Paris Musette,C'est Tout,1846,h497OPVQYYA,https://music.youtube.com/watch?v=h497OPVQYYA,not_found,0.0000,,,
George Harrison,My Sweet Lord,1854,6wHBsMoHFWs,https://music.youtube.com/watch?v=6wHBsMoHFWs,not_found,0.0000,,,
Deathwhite,Funeral Ground,1857,3uRznLJnsuw,https://music.youtube.com/watch?v=3uRznLJnsuw,not_found,0.0000,,,
Godsmack,Awake (Official Acapella),1868,LaHQyRXmlIg,https://music.youtube.com/watch?v=LaHQyRXmlIg,not_found,0.0000,,,
Hello Relatives!,Bohemian Rhapsody (in G minor),1876,6g1nqamb31M,https://music.youtube.com/watch?v=6g1nqamb31M,not_found,0.0000,,,
Blackhelm,Dark Clouds of the Inferno,1877,vur5tnt5QAc,https://music.youtube.com/watch?v=vur5tnt5QAc,not_found,0.0000,,,
DJ Cummerbund,It's Raining Bloody Bodies,1879,Fz-ABmyvyVY,https://music.youtube.com/watch?v=Fz-ABmyvyVY,not_found,0.0000,,,
Gipsy Kings,No Volvere ( Amor Mio) / Un Amor,1920,Md2r0Fmpps0,https://music.youtube.com/watch?v=Md2r0Fmpps0,not_found,0.0000,,,
London Symphony Orchestra,Stravinsky The Rite of Spring // London Symphony Orchestra/Sir Simon Rattle,1926,EkwqPJZe8ms,https://music.youtube.com/watch?v=EkwqPJZe8ms,not_found,0.0000,,,
Open Wound,Stranglehold EP,1935,OUttzDsNk_4,https://music.youtube.com/watch?v=OUttzDsNk_4,not_found,0.0000,,,
Kassia; Frédéric Chopin,Chopin: Nocturne Op. 9 No. 1,1945,ph7nsCIqcgI,https://music.youtube.com/watch?v=ph7nsCIqcgI,not_found,0.0000,,,
Kassia,Beethoven: Sonata No. 21 Waldstein 1st Movement,1946,4z6apjs0DLk,https://music.youtube.com/watch?v=4z6apjs0DLk,not_found,0.0000,,,
Kassia,Glinka/Balakirev: The Lark,1947,klogkmrXAYc,https://music.youtube.com/watch?v=klogkmrXAYc,not_found,0.0000,,,
Notre Dame de Paris,Belle Subtitled English,1973,Lefbtf5jjbg,https://music.youtube.com/watch?v=Lefbtf5jjbg,not_found,0.0000,,,
Frank Sinatra,Strangers In The Night (2008 Remastered),1974,Fd_3EkGr0-4,https://music.youtube.com/watch?v=Fd_3EkGr0-4,not_found,0.0000,,,
Hayaino Daisuki,Blood,1977,opzf1ZGeda8,https://music.youtube.com/watch?v=opzf1ZGeda8,not_found,0.0000,,,
Michael Bolton; Seal,When a Man Loves a Woman / It's a Man's Man's Man's World,1979,Ht3JrykyW74,https://music.youtube.com/watch?v=Ht3JrykyW74,not_found,0.0000,,,
Luciano Pavarotti; James Brown,It's A Man's World (Live),1980,qhtsnFhtIxg,https://music.youtube.com/watch?v=qhtsnFhtIxg,not_found,0.0000,,,
Silencer,Death - Pierce Me,1982,V3HibSBlqbw,https://music.youtube.com/watch?v=V3HibSBlqbw,not_found,0.0000,,,
Tame Impala,The Less I Know the Better But It's Crawling by Linkin Park,1989,m02CCAkR-Mk,https://music.youtube.com/watch?v=m02CCAkR-Mk,not_found,0.0000,,,
Linkin Park,Numb But It's Party Rock Anthem By LMFAO,1990,JnyMegOMDdM,https://music.youtube.com/watch?v=JnyMegOMDdM,not_found,0.0000,,,
Serj Tankian,Sky Is Over (Live) (feat. Auckland Philharmonia Orchestra & John Psathas),1995,WDaqeJqgD7M,https://music.youtube.com/watch?v=WDaqeJqgD7M,not_found,0.0000,,,
System of a Down,Toxicity But It's Bad Day By Daniel Powter,1997,dBfAN20t-m0,https://music.youtube.com/watch?v=dBfAN20t-m0,not_found,0.0000,,,
Soften the Glare,Turn Around,2012,52-tLxhYpHs,https://music.youtube.com/watch?v=52-tLxhYpHs,not_found,0.0000,,,
Eminem,"Lose Yourself But It's 4'33"" by John Cage",2015,LbsUzqBGLLE,https://music.youtube.com/watch?v=LbsUzqBGLLE,not_found,0.0000,,,
Hans Zimmer,Jack Sparrow,2016,JZeNYaTmVP4,https://music.youtube.com/watch?v=JZeNYaTmVP4,not_found,0.0000,,,
Rousseau,Nocturne in E Flat Major - Op. 9 No. 2 (Chopin),2017,jp7euLdd3is,https://music.youtube.com/watch?v=jp7euLdd3is,not_found,0.0000,,,
Vacuum,"I Breathe"" (1997 год)",2036,gdcv7Shi9rM,https://music.youtube.com/watch?v=gdcv7Shi9rM,not_found,0.0000,,,
Ляпис Трубецкой,Капитал,2040,RbrkbUv66xk,https://music.youtube.com/watch?v=RbrkbUv66xk,not_found,0.0000,,,
ВИА ГРА,Попытка No 5,2041,g_5djgZTsro,https://music.youtube.com/watch?v=g_5djgZTsro,not_found,0.0000,,,
Brushy One String,Brushy One String | Grey In My Blue,2043,0JTZ4kbe8Wg,https://music.youtube.com/watch?v=0JTZ4kbe8Wg,not_found,0.0000,,,
Brushy One String,Home Away from Home,2045,UHFLmNZKL_s,https://music.youtube.com/watch?v=UHFLmNZKL_s,not_found,0.0000,,,
Brushy One String,Brushy One String | Just Want To Be Me,2047,MfAqRlP8kkk,https://music.youtube.com/watch?v=MfAqRlP8kkk,not_found,0.0000,,,
Static-X,I'm With Stupid,2062,FEnvCrvAPt0,https://music.youtube.com/watch?v=FEnvCrvAPt0,not_found,0.0000,,,
Static-X,Brainfog,2063,LmuiYJ1pFks,https://music.youtube.com/watch?v=LmuiYJ1pFks,not_found,0.0000,,,
Static-X,Love Dump,2064,izWx8XB2CRg,https://music.youtube.com/watch?v=izWx8XB2CRg,not_found,0.0000,,,
Static-X,Cold,2066,ylAF0WNvLx0,https://music.youtube.com/watch?v=ylAF0WNvLx0,not_found,0.0000,,,
Static-X,Bled for Days,2068,xdeK2Ixr1h8,https://music.youtube.com/watch?v=xdeK2Ixr1h8,not_found,0.0000,,,
Static-X,S.O.M.,2070,t5OSfEo7LKQ,https://music.youtube.com/watch?v=t5OSfEo7LKQ,not_found,0.0000,,,
Static-X,Anything but This,2071,UK4V3Js4weo,https://music.youtube.com/watch?v=UK4V3Js4weo,not_found,0.0000,,,
Static-X,So Real,2075,STWs7d8sli8,https://music.youtube.com/watch?v=STWs7d8sli8,not_found,0.0000,,,
Static-X,The Trance Is the Motion,2076,Clrck8pj7Ig,https://music.youtube.com/watch?v=Clrck8pj7Ig,not_found,0.0000,,,
Static-X,Push It (Vocals Only + Backing Vocals),2078,v6trccLcDIA,https://music.youtube.com/watch?v=v6trccLcDIA,not_found,0.0000,,,
Static-X,The Only,2088,h2cd5JyPR5o,https://music.youtube.com/watch?v=h2cd5JyPR5o,not_found,0.0000,,,
Queen,Bohemian Rhapsody Performed in 42 Styles,2090,8ydY8-Uzah8,https://music.youtube.com/watch?v=8ydY8-Uzah8,not_found,0.0000,,,
Red Hot Chili Peppers,Snow (Hey Oh),2093,s6GIT4RhFv0,https://music.youtube.com/watch?v=s6GIT4RhFv0,not_found,0.0000,,,
HOMIE,Безумно можно быть первым,2096,8IlRPs975Ew,https://music.youtube.com/watch?v=8IlRPs975Ew,not_found,0.0000,,,
Slaughter To Prevail,Demolisher,2111,VBK2oMr4Z3c,https://music.youtube.com/watch?v=VBK2oMr4Z3c,not_found,0.0000,,,
Slaughter To Prevail,Agony,2112,8RJWnali8yg,https://music.youtube.com/watch?v=8RJWnali8yg,not_found,0.0000,,,
Andrea Bocelli; Marta Sánchez,Vivo por ella (Spanish Version),2118,2gTfde2npkM,https://music.youtube.com/watch?v=2gTfde2npkM,not_found,0.0000,,,
Signs of the Swarm,Cesspool of Ignorance,2119,DHSmbbGCBfg,https://music.youtube.com/watch?v=DHSmbbGCBfg,not_found,0.0000,,,
Gutalax,Strejda Donald,2120,-Dcbe45yG_c,https://music.youtube.com/watch?v=-Dcbe45yG_c,not_found,0.0000,,,
ERNESTO CORTAZAR music videos,Beethoven's Silence,2121,SwwhPSiKSD8,https://music.youtube.com/watch?v=SwwhPSiKSD8,not_found,0.0000,,,
Mordechai Ben David,Nekom,2123,c725mr89fFk,https://music.youtube.com/watch?v=c725mr89fFk,not_found,0.0000,,,
Slayer,Hell Awaits,2125,R5tdujFUXYg,https://music.youtube.com/watch?v=R5tdujFUXYg,not_found,0.0000,,,
Dying Fetus,Fade Into Obscurity,2185,oI9hb478iK0,https://music.youtube.com/watch?v=oI9hb478iK0,not_found,0.0000,,,
Владимир Дантес,Оля,2189,XhUKp4_j4V4,https://music.youtube.com/watch?v=XhUKp4_j4V4,not_found,0.0000,,,
All-4-One,I Swear,2202,CA-aneBpSEQ,https://music.youtube.com/watch?v=CA-aneBpSEQ,not_found,0.0000,,,
Псой Короленко,Невский проспект,2210,E3iRthrh9m4,https://music.youtube.com/watch?v=E3iRthrh9m4,not_found,0.0000,,,
Acrania,Exterminate the Liberated,2220,I6-rek-tfrw,https://music.youtube.com/watch?v=I6-rek-tfrw,not_found,0.0000,,,
Acrania,The Face of Humanity,2221,4Ue1u4R22hQ,https://music.youtube.com/watch?v=4Ue1u4R22hQ,not_found,0.0000,,,
Zurab Sotkilava,Ti voglio tanto bene,2225,ypWppC8xO4k,https://music.youtube.com/watch?v=ypWppC8xO4k,not_found,0.0000,,,
Sale Only,Палай,2227,Mq54BueWKbA,https://music.youtube.com/watch?v=Mq54BueWKbA,not_found,0.0000,,,
Dwayne Johnson; Disney,You're Welcome,2230,CTvjhbfrgEY,https://music.youtube.com/watch?v=CTvjhbfrgEY,not_found,0.0000,,,
Михаил Круг; Михаил Гулько,Купола [Золотые купола],2235,gi4PS6AXyS8,https://music.youtube.com/watch?v=gi4PS6AXyS8,not_found,0.0000,,,
Jared Dines,The Saxy Djent Song,2237,CJB_DaCa6_U,https://music.youtube.com/watch?v=CJB_DaCa6_U,not_found,0.0000,,,
Pyotr Ilyich Tchaikovsky,Hymn of the Cherubim,2240,OPlK5HwFxcw,https://music.youtube.com/watch?v=OPlK5HwFxcw,not_found,0.0000,,,
Antonina Lisohorska,"choir DUDARYK - Air ""on the G string"" by J. S. Bach (arr. MLK)",2242,MWwa2soslig,https://music.youtube.com/watch?v=MWwa2soslig,not_found,0.0000,,,
Matt Mulholland,My Heart Will Go On - Recorder By Candlelight by Matt Mulholland,2253,X2WH8mHJnhM,https://music.youtube.com/watch?v=X2WH8mHJnhM,not_found,0.0000,,,
Михей,Cука-любовь,2254,2Ax_KKk0nF4,https://music.youtube.com/watch?v=2Ax_KKk0nF4,not_found,0.0000,,,
Pianoбой,Так добре з тобою,2256,ZdLVw-mCR4A,https://music.youtube.com/watch?v=ZdLVw-mCR4A,not_found,0.0000,,,
Vitas,Opera #2,2259,8-qZD6XHVCA,https://music.youtube.com/watch?v=8-qZD6XHVCA,not_found,0.0000,,,
БумБокс; The Gitas,Тримай мене,2260,PErsengn-ZQ,https://music.youtube.com/watch?v=PErsengn-ZQ,not_found,0.0000,,,
Greig,Anitra's Dance,2267,8MOaRs9SF6A,https://music.youtube.com/watch?v=8MOaRs9SF6A,not_found,0.0000,,,
Bring Me The VITAS,Can You Feel My 7th Element,2268,AaTnCiegnqg,https://music.youtube.com/watch?v=AaTnCiegnqg,not_found,0.0000,,,
Melodicka Bros,Lonely Day (Way Too Happy),2271,oJy7hH4tFFs,https://music.youtube.com/watch?v=oJy7hH4tFFs,not_found,0.0000,,,
Зануда,Нахуй (feat. П.Ё.С. & Манька),2284,2SV0OjsTk6w,https://music.youtube.com/watch?v=2SV0OjsTk6w,not_found,0.0000,,,
Sodom,M-16 (2021 - Remaster),2288,fVAptMz283k,https://music.youtube.com/watch?v=fVAptMz283k,not_found,0.0000,,,
Dying Fetus,Grotesque Impalement (LIVE @ Summer Breeze Open Air 2016),2290,cK8dbiyGydc,https://music.youtube.com/watch?v=cK8dbiyGydc,not_found,0.0000,,,
Patrik Pietschmann,Skyrim - Dragonborn (Piano Version),2297,1PetRVcM2sk,https://music.youtube.com/watch?v=1PetRVcM2sk,not_found,0.0000,,,
Aaron Lewis,Outside [Family Values Live Version] (feat. Fred Durst),2300,wlErVKh1ewg,https://music.youtube.com/watch?v=wlErVKh1ewg,not_found,0.0000,,,
Phil Collins,In The Air Tonight LIVE,2312,IeDMnyQzS88,https://music.youtube.com/watch?v=IeDMnyQzS88,not_found,0.0000,,,
Sam Tinnesz,Man or a Monster (feat. Zayde Wølf),2313,pl37j_Qqipc,https://music.youtube.com/watch?v=pl37j_Qqipc,not_found,0.0000,,,
Acrania,Gagged With Propaganda,2315,bWRYXvWp4FM,https://music.youtube.com/watch?v=bWRYXvWp4FM,not_found,0.0000,,,
Скрябін,Місця Щасливих Людей,2338,9AverhY6qAo,https://music.youtube.com/watch?v=9AverhY6qAo,not_found,0.0000,,,
Океан Ельзи,Ордени (Хіба нам не сниться),2343,HL3QxRcFde0,https://music.youtube.com/watch?v=HL3QxRcFde0,not_found,0.0000,,,
Михей,Сука Любовь,2344,AccbNbqN2RQ,https://music.youtube.com/watch?v=AccbNbqN2RQ,not_found,0.0000,,,
Ёлка,На большом воздушном шаре,2346,F3SZZVmv0Ic,https://music.youtube.com/watch?v=F3SZZVmv0Ic,not_found,0.0000,,,
Земфира,ХОЧЕШЬ?,2347,iz6S2a94Gy4,https://music.youtube.com/watch?v=iz6S2a94Gy4,not_found,0.0000,,,
Menstrual Cocktail,Prolapse Job (Full Demo),2351,Hr0dN262Lt0,https://music.youtube.com/watch?v=Hr0dN262Lt0,not_found,0.0000,,,
Ёлка,Прованс,2352,8tBxbVEJ_LM,https://music.youtube.com/watch?v=8tBxbVEJ_LM,not_found,0.0000,,,
Brainstorm,Na Zare,2354,Cv5JJ8h03Ow,https://music.youtube.com/watch?v=Cv5JJ8h03Ow,not_found,0.0000,,,
Альянс,На заре (1987),2355,x4xCSVl833I,https://music.youtube.com/watch?v=x4xCSVl833I,not_found,0.0000,,,
Linkin Park,Enth E Nd (Kutmasta Kurt Reanimation) (feat. Motion Man),2358,KWS1bZVoaGQ,https://music.youtube.com/watch?v=KWS1bZVoaGQ,not_found,0.0000,,,
Berlin,"Take My Breath Away (Love Theme from ""Top Gun"")",2362,_T7Mb3hj1Ls,https://music.youtube.com/watch?v=_T7Mb3hj1Ls,not_found,0.0000,,,
Oh Camper,Camper Song With,2364,innJxQM_-CE,https://music.youtube.com/watch?v=innJxQM_-CE,not_found,0.0000,,,
Alexandr Misko,Thrones Theme,2372,D5je-gDRwZk,https://music.youtube.com/watch?v=D5je-gDRwZk,not_found,0.0000,,,
Tobi King,Da da da,2386,dwHVqFyAfeE,https://music.youtube.com/watch?v=dwHVqFyAfeE,not_found,0.0000,,,
John Kalligan,20000 лет (Live),2391,4Jh_MFRs2NQ,https://music.youtube.com/watch?v=4Jh_MFRs2NQ,not_found,0.0000,,,
Rudolf Baumgartner,The Best of Bach,2392,6JQm5aSjX6g,https://music.youtube.com/watch?v=6JQm5aSjX6g,not_found,0.0000,,,
Patrik Pietschmann,Light of the Seven - Game of Thrones (Piano Version),2400,OCqMDeD6Fmc,https://music.youtube.com/watch?v=OCqMDeD6Fmc,not_found,0.0000,,,
Village People,YMCA (Original Version 1978),2401,7-F8wkjKWg8,https://music.youtube.com/watch?v=7-F8wkjKWg8,not_found,0.0000,,,
Ghost Shirt,Not In Nottingham | Sofar London,2404,bR24yRUl7mM,https://music.youtube.com/watch?v=bR24yRUl7mM,not_found,0.0000,,,
Logan Kendell,Not in Nottingham,2405,g9Bii1q-65Y,https://music.youtube.com/watch?v=g9Bii1q-65Y,not_found,0.0000,,,
Машина Времени,Однажды Мир Прогнется под Нас,2408,pa8tJbJkg7g,https://music.youtube.com/watch?v=pa8tJbJkg7g,not_found,0.0000,,,
Валерий Меладзе,Небеса,2411,HE1C1ZjfcMw,https://music.youtube.com/watch?v=HE1C1ZjfcMw,not_found,0.0000,,,
Егор Летов,Отряд не заметил потери бойца (2021 Remastered Version),2416,SxB4LkvQOSQ,https://music.youtube.com/watch?v=SxB4LkvQOSQ,not_found,0.0000,,,
Batushka,Litourgiya [Full - HD],2417,xgfa5UlZAL8,https://music.youtube.com/watch?v=xgfa5UlZAL8,not_found,0.0000,,,
Ани Лорак,Зеркала,2418,Fs8Q_JfRiDo,https://music.youtube.com/watch?v=Fs8Q_JfRiDo,not_found,0.0000,,,
Т. Буланова,Не плачь,2419,QsxBckAVRzY,https://music.youtube.com/watch?v=QsxBckAVRzY,not_found,0.0000,,,
Григорий Лепс & Ирина Аллегрова,Я тебе не верю,2422,QYNNOlqXC1s,https://music.youtube.com/watch?v=QYNNOlqXC1s,not_found,0.0000,,,
Конкурс от John Kalligan и Fender | IV,Панихида,2424,qrtoKtZ_fLo,https://music.youtube.com/watch?v=qrtoKtZ_fLo,not_found,0.0000,,,
Red Hot Chili Peppers,Dani California,2425,4FkfyssnHqU,https://music.youtube.com/watch?v=4FkfyssnHqU,not_found,0.0000,,,
Remco Hendriks,Fretless Fornication,2436,6-dNPDoyEbc,https://music.youtube.com/watch?v=6-dNPDoyEbc,not_found,0.0000,,,
Nekrosystem,No Relax Frank,2445,S5rCBdfYzPo,https://music.youtube.com/watch?v=S5rCBdfYzPo,not_found,0.0000,,,
Валентин Стрыкало,Всё решено,2453,_Yq2QAhLt_w,https://music.youtube.com/watch?v=_Yq2QAhLt_w,not_found,0.0000,,,
Static-X,Skinnyman,2461,EIZa5k7Wgsk,https://music.youtube.com/watch?v=EIZa5k7Wgsk,not_found,0.0000,,,
Static-X,Push It,2478,qYmSVJpy8j0,https://music.youtube.com/watch?v=qYmSVJpy8j0,not_found,0.0000,,,
Killer King,New Year's Eve,2481,p1r49SBAPCs,https://music.youtube.com/watch?v=p1r49SBAPCs,not_found,0.0000,,,
John Kalligan,Панихида (Live),2507,JSUAfDr4ZKI,https://music.youtube.com/watch?v=JSUAfDr4ZKI,not_found,0.0000,,,
Eiro Nareth,Rammstein Medley,2509,CNGYCIax1jA,https://music.youtube.com/watch?v=CNGYCIax1jA,not_found,0.0000,,,
Mudvayne,"Mercy, Severity (Studio Vocals...mostly)",2511,h7qEzGMLE3g,https://music.youtube.com/watch?v=h7qEzGMLE3g,not_found,0.0000,,,
Bill Wurtz,And the Day Goes On,2530,3XNsBpH5VwM,https://music.youtube.com/watch?v=3XNsBpH5VwM,not_found,0.0000,,,
Hayaino Daisuki,Invincible Gate Mind EP (2010) Full Album HQ (Thrash/Melodic/Grind),2533,VGj7nmUy4PY,https://music.youtube.com/watch?v=VGj7nmUy4PY,not_found,0.0000,,,
Estas Tonne,Internal Flight @ 432 Hz,2535,A3uhsPEPfrk,https://music.youtube.com/watch?v=A3uhsPEPfrk,not_found,0.0000,,,
Mudvayne,Forget to Remember (From Saw II - Original Soundtrack),2546,x-1e32tfbeQ,https://music.youtube.com/watch?v=x-1e32tfbeQ,not_found,0.0000,,,
Steve Ibsen,The Kitty Cat Dance,2547,60t8A0n5uQQ,https://music.youtube.com/watch?v=60t8A0n5uQQ,not_found,0.0000,,,
Whitney Houston,I Will Always Love You,2562,m4QZL7whs10,https://music.youtube.com/watch?v=m4QZL7whs10,not_found,0.0000,,,
Kurai,Breaking the Broken,2569,Fud3i1XNpDU,https://music.youtube.com/watch?v=Fud3i1XNpDU,not_found,0.0000,,,
Lana Del Rey,Young And Beautiful (DH Orchestral Version),2578,HxBNiUOOaMI,https://music.youtube.com/watch?v=HxBNiUOOaMI,not_found,0.0000,,,
Cloud 9+,Hide the Pain,2580,gGh9vQOQoJ4,https://music.youtube.com/watch?v=gGh9vQOQoJ4,not_found,0.0000,,,
Enjoykin,Полковник,2587,diLV_LkZK8w,https://music.youtube.com/watch?v=diLV_LkZK8w,not_found,0.0000,,,
MetallicA & Ozzy,Iron Man & Paranoid (RnR Hall of Fame '09),2591,x6LXp9uWQUk,https://music.youtube.com/watch?v=x6LXp9uWQUk,not_found,0.0000,,,
Srod Almenara,Game Of Thrones,2628,qv6jWWG3Ijw,https://music.youtube.com/watch?v=qv6jWWG3Ijw,not_found,0.0000,,,
J. S. Bach,Toccata in D Minor - Konstandinos Boudounis - Solo Cello - live,2630,mmJim2h-byQ,https://music.youtube.com/watch?v=mmJim2h-byQ,not_found,0.0000,,,
QUEEN,BOHEMIAN RHAPSODY - SHITTYFLUTED,2635,aIcdj4UH9u0,https://music.youtube.com/watch?v=aIcdj4UH9u0,not_found,0.0000,,,
Totality,Death Metal Friday,2639,7U7FizJjvD8,https://music.youtube.com/watch?v=7U7FizJjvD8,not_found,0.0000,,,
Pirates of the Caribbean,He ́s a pirate (organ) / Fluch der Karibik OST (Orgel),2640,xsm1Nd83rtY,https://music.youtube.com/watch?v=xsm1Nd83rtY,not_found,0.0000,,,
Rob Scallon,Psychosocial (feat. Leo Moracchioli),2647,TJfGoA6BP7I,https://music.youtube.com/watch?v=TJfGoA6BP7I,not_found,0.0000,,,
Bots,Sieben Tage Lang,2648,lKwIvzFX5ck,https://music.youtube.com/watch?v=lKwIvzFX5ck,not_found,0.0000,,,
Grissini Project,Main Theme (From ''Game of Thrones''),2652,vfI-Zb5oWzM,https://music.youtube.com/watch?v=vfI-Zb5oWzM,not_found,0.0000,,,
Okilly Dokilly,White Wine Spritzer,2654,1mDT51Cb31A,https://music.youtube.com/watch?v=1mDT51Cb31A,not_found,0.0000,,,
System Of A Down,War? (Official HD Video),2669,F46r-_jPPHY,https://music.youtube.com/watch?v=F46r-_jPPHY,not_found,0.0000,,,
THE DOORS,De La Fokoff Selection,2674,_Btn5KloZng,https://music.youtube.com/watch?v=_Btn5KloZng,not_found,0.0000,,,
Gridscape,"Jacked-In - Album Previews (Release Date: April 3, 2017)",2679,VrUIiA4Au3g,https://music.youtube.com/watch?v=VrUIiA4Au3g,not_found,0.0000,,,
RADIO TAPOK,Numb,2690,O8u61dQut1E,https://music.youtube.com/watch?v=O8u61dQut1E,not_found,0.0000,,,
Rammstein,Wollt ihr das Bett in Flammen Sehen (Live),2695,9IpBSkiuub0,https://music.youtube.com/watch?v=9IpBSkiuub0,not_found,0.0000,,,
Smash Mouth,Shooting All Star,2701,ifY-5UZRamU,https://music.youtube.com/watch?v=ifY-5UZRamU,not_found,0.0000,,,
Marilyn Manson,Personal Jesus,2710,7Vd1F12wjOc,https://music.youtube.com/watch?v=7Vd1F12wjOc,not_found,0.0000,,,
Miguel Carvena; Antonio Vivaldi,Summer,2714,Hf-hck8vQZU,https://music.youtube.com/watch?v=Hf-hck8vQZU,not_found,0.0000,,,
We Are Number One but it's Darude,Sandstorm,2721,P6ESEvXiMPw,https://music.youtube.com/watch?v=P6ESEvXiMPw,not_found,0.0000,,,
Azis,Mrazish,2735,u3zVGKrP2J8,https://music.youtube.com/watch?v=u3zVGKrP2J8,not_found,0.0000,,,
Pat&Stanley,The Lion Sleeps tonight,2740,mrOWDPkYyP0,https://music.youtube.com/watch?v=mrOWDPkYyP0,not_found,0.0000,,,
Logan Epic Canto,Song of Glorious Life,2741,ngk--7Pihvc,https://music.youtube.com/watch?v=ngk--7Pihvc,not_found,0.0000,,,
Logan Epic Canto,Song of the Lonely Rocks,2743,sWAy5mj0INI,https://music.youtube.com/watch?v=sWAy5mj0INI,not_found,0.0000,,,
Tobi King,Loli Mou,2749,IXHqVnJx0yw,https://music.youtube.com/watch?v=IXHqVnJx0yw,not_found,0.0000,,,
Logan Epic Canto,Song Of The Round Table,2750,FjVpzztMmpw,https://music.youtube.com/watch?v=FjVpzztMmpw,not_found,0.0000,,,
Logan Epic Canto,The Song Of Excalibur,2751,eeG17loR0Hw,https://music.youtube.com/watch?v=eeG17loR0Hw,not_found,0.0000,,,
Arija,Bespechnyy angel,2753,qXBORMBTfDs,https://music.youtube.com/watch?v=qXBORMBTfDs,not_found,0.0000,,,
JUST DO IT!!! ft. Shia LaBeouf,Songify This,2754,UhRXn2NRiWI,https://music.youtube.com/watch?v=UhRXn2NRiWI,not_found,0.0000,,,
Rob Cantor,Shia LaBeouf Live,2769,5PltmYbSBss,https://music.youtube.com/watch?v=5PltmYbSBss,not_found,0.0000,,,
Salt-N-Pepa,Shoop,2770,r0H3-0U-jvU,https://music.youtube.com/watch?v=r0H3-0U-jvU,not_found,0.0000,,,
Logan Epic Canto,Rings Of Power,2771,aY0gj4X52YA,https://music.youtube.com/watch?v=aY0gj4X52YA,not_found,0.0000,,,
Logan Epic Canto,Mystery Of The Unicorn,2772,J30kFWRAFi0,https://music.youtube.com/watch?v=J30kFWRAFi0,not_found,0.0000,,,
Conchita Wurst,Austria: Rise Like a Phoenix,2783,SaolVEJEjV4,https://music.youtube.com/watch?v=SaolVEJEjV4,not_found,0.0000,,,
Klaus Badelt,He's a Pirate,2807,wRfSeZSc3zc,https://music.youtube.com/watch?v=wRfSeZSc3zc,not_found,0.0000,,,
"Skrillex; Damian ""Jr Gong"" Marley",Make It Bun Dem,2808,vY6B8uj1plY,https://music.youtube.com/watch?v=vY6B8uj1plY,not_found,0.0000,,,
