normalized_artists,normalized_title,source_position,video_id,video_url,candidate_rank,candidate_score,candidate_variant,getsongbpm_song_id,getsongbpm_title,getsongbpm_artist,getsongbpm_uri,tempo,time_sig,key_of,mode,open_key,danceability,acousticness
Static-X,Stem,6,eIp2atwDIDY,https://music.youtube.com/watch?v=eIp2atwDIDY,1,0.9760,title_only,Elj3l,Stem,Static‐X,https://getsongbpm.com/song/stem/Elj3l,79,4/4,C,major,1d,50,1
Static-X,Stem,6,eIp2atwDIDY,https://music.youtube.com/watch?v=eIp2atwDIDY,2,0.7600,title_only,vvqvm,Stem,Twine,https://getsongbpm.com/song/stem/vvqvm,,,,minor,,,
Static-X,Stem,6,eIp2atwDIDY,https://music.youtube.com/watch?v=eIp2atwDIDY,3,0.7480,title_only,KOJE6x,Stem,Sister Crayon,https://getsongbpm.com/song/stem/KOJE6x,127,3/4,F#,major,7d,50,36
Current Joys,Blondie,14,Zm_GfzD80hQ,https://music.youtube.com/watch?v=Zm_GfzD80hQ,1,0.7480,title_only,OYq46p,Blondie,JerryCan,https://getsongbpm.com/song/blondie/OYq46p,,,,minor,,,
Current Joys,Blondie,14,Zm_GfzD80hQ,https://music.youtube.com/watch?v=Zm_GfzD80hQ,2,0.7459,title_only,638gO,Blondie,Iron City Houserockers,https://getsongbpm.com/song/blondie/638gO,146,4/4,D,major,3d,38,1
Current Joys,Blondie,14,Zm_GfzD80hQ,https://music.youtube.com/watch?v=Zm_GfzD80hQ,3,0.7339,title_only,1wnnEV,Blondie,Discomighty,https://getsongbpm.com/song/blondie/1wnnEV,100,4/4,F,minor,9m,73,23
Radiohead,Spectre,16,CLiDemXYSLc,https://music.youtube.com/watch?v=CLiDemXYSLc,1,0.8000,title_only,PNx78l,Spectre,Karmacoda,https://getsongbpm.com/song/spectre/PNx78l,80,4/4,F,minor,9m,43,5
Radiohead,Spectre,16,CLiDemXYSLc,https://music.youtube.com/watch?v=CLiDemXYSLc,2,0.7916,title_only,o4BWL,Spectre,Revelation,https://getsongbpm.com/song/spectre/o4BWL,160,4/4,C#,minor,5m,53,1
Radiohead,Spectre,16,CLiDemXYSLc,https://music.youtube.com/watch?v=CLiDemXYSLc,3,0.7671,title_only,ADrJop,Spectre,D.Diggler,https://getsongbpm.com/song/spectre/ADrJop,123,4/4,C,major,1d,82,1
Mitski,My Love Mine All Mine,18,Qy9LTRu89FA,https://music.youtube.com/watch?v=Qy9LTRu89FA,1,0.6941,title_first2,O7PxR,My Love,Wings,https://getsongbpm.com/song/my-love/O7PxR,120,4/4,F,major,12d,43,26
Mitski,My Love Mine All Mine,18,Qy9LTRu89FA,https://music.youtube.com/watch?v=Qy9LTRu89FA,2,0.6832,title_first2,y9VwP,My Love,Little Texas,https://getsongbpm.com/song/my-love/y9VwP,94,4/4,A,major,4d,65,39
Mitski,My Love Mine All Mine,18,Qy9LTRu89FA,https://music.youtube.com/watch?v=Qy9LTRu89FA,3,0.6832,title_first2,ANjg1,My Love,Divine,https://getsongbpm.com/song/my-love/ANjg1,72,4/4,C#,major,8d,78,17
Mudvayne,King Of Pain,23,v2R8icOeBEg,https://music.youtube.com/watch?v=v2R8icOeBEg,1,0.7750,title_only,wppjrX,King Of Pain,Lullacry,https://getsongbpm.com/song/king-of-pain/wppjrX,116,4/4,B,minor,3m,46,1
Mudvayne,King Of Pain,23,v2R8icOeBEg,https://music.youtube.com/watch?v=v2R8icOeBEg,2,0.7300,title_only,rkEp9L,King Of Pain,James Madison University Project,https://getsongbpm.com/song/king-of-pain/rkEp9L,124,4/4,D,major,3d,52,39
Mudvayne,King Of Pain,23,v2R8icOeBEg,https://music.youtube.com/watch?v=v2R8icOeBEg,3,0.7200,title_only,ERDn1K,King Of Pain,Phil Davis,https://getsongbpm.com/song/king-of-pain/ERDn1K,125,4/4,D,major,3d,77,68
DYING FETUS,Kill your Mother / Rape your Dog,28,t3QJtY214CM,https://music.youtube.com/watch?v=t3QJtY214CM,1,1.0000,title_first3,l8X57,"Kill Your Mother, Rape Your Dog",Dying Fetus,https://getsongbpm.com/song/kill-your-mother-rape-your-dog/l8X57,152,4/4,B,minor,3m,36,1
DYING FETUS,Kill your Mother / Rape your Dog,28,t3QJtY214CM,https://music.youtube.com/watch?v=t3QJtY214CM,2,0.9232,title_first3,qA6jD,"Kill Your Mother, Rape Your Dog (live)",Dying Fetus,https://getsongbpm.com/song/kill-your-mother-rape-your-dog-live/qA6jD,152,4/4,G#,major,9d,34,6
DYING FETUS,Kill your Mother / Rape your Dog,28,t3QJtY214CM,https://music.youtube.com/watch?v=t3QJtY214CM,3,0.7492,title_first3,D9Qk9k,Kill Your Mother/Rape Your Dog,Unborn Suffer,https://getsongbpm.com/song/kill-your-mother-rape-your-dog/D9Qk9k,153,4/4,B,minor,3m,24,1
Ramin Djawadi; Serj Tankian,The Rains of Castamere,30,USNr_n-NYmc,https://music.youtube.com/watch?v=USNr_n-NYmc,1,0.7840,title_only,yw079R,The Rains Of Castamere,Minniva,https://getsongbpm.com/song/the-rains-of-castamere/yw079R,81,1/4,C#,minor,5m,23,97
Ramin Djawadi; Serj Tankian,The Rains of Castamere,30,USNr_n-NYmc,https://music.youtube.com/watch?v=USNr_n-NYmc,2,0.7652,title_only,834wv3,The Rains Of Castamere,Mike Massé,https://getsongbpm.com/song/the-rains-of-castamere/834wv3,199,4/4,A,minor,1m,47,72
Ramin Djawadi; Serj Tankian,The Rains of Castamere,30,USNr_n-NYmc,https://music.youtube.com/watch?v=USNr_n-NYmc,3,0.6723,title_only,71jJNA,"The Rains Of Castamere (From ""Game Of Thrones"")",Camille and Kennerly,https://getsongbpm.com/song/the-rains-of-castamere-from-game-of-thrones/71jJNA,100,4/4,D,minor,12m,65,99
Temple of Void,The Crawl,33,lgTMOQSQvHc,https://music.youtube.com/watch?v=lgTMOQSQvHc,1,0.7771,title_only,59kq,The Crawl,Placebo,https://getsongbpm.com/song/the-crawl/59kq,130,4/4,D#,minor,7m,68,74
Temple of Void,The Crawl,33,lgTMOQSQvHc,https://music.youtube.com/watch?v=lgTMOQSQvHc,2,0.7686,title_only,kZ4rJ,The Crawl,Spirit of the West,https://getsongbpm.com/song/the-crawl/kZ4rJ,115,3/4,E,major,5d,61,68
Temple of Void,The Crawl,33,lgTMOQSQvHc,https://music.youtube.com/watch?v=lgTMOQSQvHc,3,0.7300,title_only,W2Wjg,The Crawl,Vince Neil,https://getsongbpm.com/song/the-crawl/W2Wjg,124,4/4,A,major,4d,57,1
Turnstile,SLOWDIVE,35,yjS8EeK-We0,https://music.youtube.com/watch?v=yjS8EeK-We0,1,0.7943,title_only,Qn1Lv7,Slowdive,GRICE,https://getsongbpm.com/song/slowdive/Qn1Lv7,128,3/4,C#,minor,5m,58,37
Turnstile,SLOWDIVE,35,yjS8EeK-We0,https://music.youtube.com/watch?v=yjS8EeK-We0,2,0.7671,title_only,vmQwX,Slowdive,Crane A.K.,https://getsongbpm.com/song/slowdive/vmQwX,139,4/4,C#,major,8d,47,1
Turnstile,SLOWDIVE,35,yjS8EeK-We0,https://music.youtube.com/watch?v=yjS8EeK-We0,3,0.7537,title_only,oYAr6B,Slowdive,pasteboard,https://getsongbpm.com/song/slowdive/oYAr6B,80,4/4,E,major,5d,55,32
Static-X,Destroy All,38,7wNyotJ3T_w,https://music.youtube.com/watch?v=7wNyotJ3T_w,1,0.9760,title_only,pLv8y,Destroy All,Static‐X,https://getsongbpm.com/song/destroy-all/pLv8y,125,4/4,C#,major,8d,56,1
Static-X,Destroy All,38,7wNyotJ3T_w,https://music.youtube.com/watch?v=7wNyotJ3T_w,2,0.7055,title_only,p8XyQ2,Destroy All,Music Distroyer,https://getsongbpm.com/song/destroy-all/p8XyQ2,,,,minor,,,
Static-X,Destroy All,38,7wNyotJ3T_w,https://music.youtube.com/watch?v=7wNyotJ3T_w,3,0.7000,title_only,zpmEK2,Destroy All,Craft,https://getsongbpm.com/song/destroy-all/zpmEK2,116,4/4,G,major,2d,18,1
Static-X,Otsegolation,39,KhQWKdyN208,https://music.youtube.com/watch?v=KhQWKdyN208,1,0.9760,title_only,DRg3k,Otsegolation,Static‐X,https://getsongbpm.com/song/otsegolation/DRg3k,130,4/4,E,minor,2m,57,1
Deftones,my mind is a mountain,43,aLjJ8iwG8UU,https://music.youtube.com/watch?v=aLjJ8iwG8UU,1,0.6740,title_first2,v2qWz5,My Mind,Nerve,https://getsongbpm.com/song/my-mind/v2qWz5,113,4/4,F#,major,7d,49,1
Deftones,my mind is a mountain,43,aLjJ8iwG8UU,https://music.youtube.com/watch?v=aLjJ8iwG8UU,2,0.6712,title_first2,NkOjLm,My Mind,Sweet Coffee,https://getsongbpm.com/song/my-mind/NkOjLm,178,4/4,C#,major,8d,63,72
Deftones,my mind is a mountain,43,aLjJ8iwG8UU,https://music.youtube.com/watch?v=aLjJ8iwG8UU,3,0.6592,title_first2,w1gEg,My Mind,Swindle,https://getsongbpm.com/song/my-mind/w1gEg,93,4/4,B,minor,3m,62,3
Marilyn Manson,Tainted Love,45,WPlO_iEWFQc,https://music.youtube.com/watch?v=WPlO_iEWFQc,1,0.7771,title_only,VQlJo,Tainted Love,My Ruin,https://getsongbpm.com/song/tainted-love/VQlJo,134,4/4,G,minor,11m,63,5
Marilyn Manson,Tainted Love,45,WPlO_iEWFQc,https://music.youtube.com/watch?v=WPlO_iEWFQc,2,0.7709,title_only,RgL3z,Tainted Love,Atrocity,https://getsongbpm.com/song/tainted-love/RgL3z,143,4/4,F,minor,9m,47,1
Marilyn Manson,Tainted Love,45,WPlO_iEWFQc,https://music.youtube.com/watch?v=WPlO_iEWFQc,3,0.7686,title_only,LAlKW,Tainted Love,The Flying Pickets,https://getsongbpm.com/song/tainted-love/LAlKW,76,4/4,G#,major,9d,66,67
Nirvana,You Know You're Right,46,F2zJDTL6dh8,https://music.youtube.com/watch?v=F2zJDTL6dh8,1,0.7480,title_only,99QN3x,You Know You're Right,Spirit Animal,https://getsongbpm.com/song/you-know-you-re-right/99QN3x,,,,minor,,,
Nirvana,You Know You're Right,46,F2zJDTL6dh8,https://music.youtube.com/watch?v=F2zJDTL6dh8,2,0.7158,title_only,MjmZoP,You Know You're Right,Erika Stucky,https://getsongbpm.com/song/you-know-you-re-right/MjmZoP,80,4/4,A#,major,11d,65,95
Nirvana,You Know You're Right,46,F2zJDTL6dh8,https://music.youtube.com/watch?v=F2zJDTL6dh8,3,0.6832,title_first2,N11yD,You Know,John Martyn,https://getsongbpm.com/song/you-know/N11yD,91,4/4,C,major,1d,74,45
Alice In Chains,Nutshell,48,_siJRgDlddY,https://music.youtube.com/watch?v=_siJRgDlddY,1,0.7300,title_only,ADB091,Nutshell,Acoustic Triangle,https://getsongbpm.com/song/nutshell/ADB091,125,4/4,A#,major,11d,43,99
Alice In Chains,Nutshell,48,_siJRgDlddY,https://music.youtube.com/watch?v=_siJRgDlddY,2,0.7086,title_only,ROEBJw,Nutshell,The Timmys,https://getsongbpm.com/song/nutshell/ROEBJw,169,4/4,G,minor,11m,38,1
Alice In Chains,Nutshell,48,_siJRgDlddY,https://music.youtube.com/watch?v=_siJRgDlddY,3,0.6832,title_only,mZvBzr,Nutshell Awakening,Tangerine Dream,https://getsongbpm.com/song/nutshell-awakening/mZvBzr,139,4/4,F,major,12d,33,3
Hans Zimmer,I've Got My Eye On You,59,nhgQYW_pYMs,https://music.youtube.com/watch?v=nhgQYW_pYMs,1,0.7709,title_only,RgKGEL,I've Got My Eye On You,Mungo Jerry,https://getsongbpm.com/song/i-ve-got-my-eye-on-you/RgKGEL,129,4/4,G,major,2d,45,54
Hans Zimmer,I've Got My Eye On You,59,nhgQYW_pYMs,https://music.youtube.com/watch?v=nhgQYW_pYMs,2,0.7552,title_only,RlpAgz,I've Got My Eye On You,David Knopfler,https://getsongbpm.com/song/i-ve-got-my-eye-on-you/RlpAgz,,,,minor,,,
Hans Zimmer,I've Got My Eye On You,59,nhgQYW_pYMs,https://music.youtube.com/watch?v=nhgQYW_pYMs,3,0.7339,title_only,GR17z3,I've Got My Eye On You (feat. Jim McCarty & Dan Devins),Kenny Parker,https://getsongbpm.com/song/i-ve-got-my-eye-on-you-featpoint-jim-mccarty-and-dan-devins/GR17z3,118,4/4,D,major,3d,71,3
Blues 'n' Trouble,Blue Because Of You,63,yipcGcmnri4,https://music.youtube.com/watch?v=yipcGcmnri4,1,0.7393,title_only,98z8mY,Blue Because Of You,Lionel Hampton,https://getsongbpm.com/song/blue-because-of-you/98z8mY,93,4/4,C#,major,8d,66,97
Sundazer,Cry Wolf,64,o2OZLe2j9so,https://music.youtube.com/watch?v=o2OZLe2j9so,1,0.8200,title_only,JnwYJ,Cry Wolf,Dare,https://getsongbpm.com/song/cry-wolf/JnwYJ,,,,minor,,,
Sundazer,Cry Wolf,64,o2OZLe2j9so,https://music.youtube.com/watch?v=o2OZLe2j9so,2,0.7840,title_only,2VLy1,Cry Wolf,Lisa Germano,https://getsongbpm.com/song/cry-wolf/2VLy1,117,4/4,G,major,2d,40,95
Sundazer,Cry Wolf,64,o2OZLe2j9so,https://music.youtube.com/watch?v=o2OZLe2j9so,3,0.7600,title_only,Y05NW,Cry Wolf,Doro,https://getsongbpm.com/song/cry-wolf/Y05NW,124,4/4,F,major,12d,30,10
Luigi Scordamaglia,Siamo Qui (feat. Guido Focardi),65,4VBhf_wEfE4,https://music.youtube.com/watch?v=4VBhf_wEfE4,1,0.6352,simplified_title_only,mZrJLR,Siamo Qui Riuniti,Rinnovamento nello Spirito Santo,https://getsongbpm.com/song/siamo-qui-riuniti/mZrJLR,100,4/4,G#,major,9d,61,6
Luigi Scordamaglia,Siamo Qui (feat. Guido Focardi),65,4VBhf_wEfE4,https://music.youtube.com/watch?v=4VBhf_wEfE4,2,0.5945,simplified_title_only,Eq20nl,Siamo Qui Per Dio,Reale,https://getsongbpm.com/song/siamo-qui-per-dio/Eq20nl,135,4/4,C,major,1d,53,1
HIM,Your Sweet 666,66,gOiFFTL5j7o,https://music.youtube.com/watch?v=gOiFFTL5j7o,1,0.6976,title_only,v2A16M,Your Sweet 666,Vitamin String Quartet,https://getsongbpm.com/song/your-sweet-666/v2A16M,130,4/4,B,minor,3m,54,67
HIM,Your Sweet 666,66,gOiFFTL5j7o,https://music.youtube.com/watch?v=gOiFFTL5j7o,2,0.6954,title_only,lxGQqg,Your Sweet 666,Synapsyche,https://getsongbpm.com/song/your-sweet-666/lxGQqg,134,4/4,B,minor,3m,59,1
Minoru Muraoka,Take Five,77,j88eE2iMuGU,https://music.youtube.com/watch?v=j88eE2iMuGU,1,0.7472,title_only,MZ12B,Take Five,Hound Dog Taylor & The HouseRockers,https://getsongbpm.com/song/take-five/MZ12B,202,4/4,B,minor,3m,35,1
Minoru Muraoka,Take Five,77,j88eE2iMuGU,https://music.youtube.com/watch?v=j88eE2iMuGU,2,0.7120,title_only,NOM5v,Take Five,Flávio Guimarães,https://getsongbpm.com/song/take-five/NOM5v,173,5/4,G#,minor,6m,44,85
Minoru Muraoka,Take Five,77,j88eE2iMuGU,https://music.youtube.com/watch?v=j88eE2iMuGU,3,0.7055,title_only,Mwwxm,Take Five,The Specials,https://getsongbpm.com/song/take-five/Mwwxm,173,5/4,A#,minor,8m,45,50
Beegie Adair,Misty,78,Qk6BEu2pAV4,https://music.youtube.com/watch?v=Qk6BEu2pAV4,1,0.7552,title_only,086xN,Misty,Mike Oldfield,https://getsongbpm.com/song/misty/086xN,166,4/4,E,minor,2m,63,28
Beegie Adair,Misty,78,Qk6BEu2pAV4,https://music.youtube.com/watch?v=Qk6BEu2pAV4,2,0.7480,title_only,mOk5r,Misty,Joe Pass,https://getsongbpm.com/song/misty/mOk5r,73,4/4,F,minor,9m,47,100
Beegie Adair,Misty,78,Qk6BEu2pAV4,https://music.youtube.com/watch?v=Qk6BEu2pAV4,3,0.7467,title_only,KAOpr,Misty,Ella Fitzgerald,https://getsongbpm.com/song/misty/KAOpr,125,4/4,G#,minor,6m,40,100
Rowan Lee Hartsuiker,Chinggis Khaanii Magtaal - by Rowan Hartsuiker,81,xwAbWWjeoWQ,https://music.youtube.com/watch?v=xwAbWWjeoWQ,1,0.5718,title_first2,mZKO4G,CHINGGIS KHAANII MAGTAAT,Davaasuren Bayarbaatar,https://getsongbpm.com/song/chinggis-khaanii-magtaat/mZKO4G,,,,minor,,,
John Mayall & The Bluesbreakers with Gary Moore,So Many Roads,96,dwc7ZEYfWYc,https://music.youtube.com/watch?v=dwc7ZEYfWYc,1,0.9568,title_only,jJN34,So Many Roads,John Mayall,https://getsongbpm.com/song/so-many-roads/jJN34,68,3/4,F,minor,9m,34,61
John Mayall & The Bluesbreakers with Gary Moore,So Many Roads,96,dwc7ZEYfWYc,https://music.youtube.com/watch?v=dwc7ZEYfWYc,2,0.7561,title_only,j4YE5,So Many Roads,Climax Blues Band,https://getsongbpm.com/song/so-many-roads/j4YE5,156,3/4,C,major,1d,43,1
John Mayall & The Bluesbreakers with Gary Moore,So Many Roads,96,dwc7ZEYfWYc,https://music.youtube.com/watch?v=dwc7ZEYfWYc,3,0.7445,title_only,jRRlEB,So Many Roads,Wentus Blues Band,https://getsongbpm.com/song/so-many-roads/jRRlEB,171,3/4,G,minor,11m,29,6
Nils Frahm,Talisman,99,PtJ_BmVLCyQ,https://music.youtube.com/watch?v=PtJ_BmVLCyQ,1,0.8062,title_only,WP7pJ,Talisman,Strunz & Farah,https://getsongbpm.com/song/talisman/WP7pJ,84,4/4,F,major,12d,9,100
Nils Frahm,Talisman,99,PtJ_BmVLCyQ,https://music.youtube.com/watch?v=PtJ_BmVLCyQ,2,0.7600,title_only,lR7Mr,Talisman,Sunkings,https://getsongbpm.com/song/talisman/lR7Mr,132,4/4,B,minor,3m,56,6
Nils Frahm,Talisman,99,PtJ_BmVLCyQ,https://music.youtube.com/watch?v=PtJ_BmVLCyQ,3,0.7537,title_only,yrNg,Talisman,The Guess Who,https://getsongbpm.com/song/talisman/yrNg,160,4/4,E,minor,2m,41,96
"Anthony Hopkins, Danielle de Niese, Bruno Lazzaretti, Libera, The Lyndhurst Orchestra, and Gavin Greenaway",Vide Cor Meum,100,f7ykwOLts3k,https://music.youtube.com/watch?v=f7ykwOLts3k,1,0.8425,title_only,pAKBX,Vide Cor Meum,Katherine Jenkins,https://getsongbpm.com/song/vide-cor-meum/pAKBX,66,4/4,A,major,4d,9,94
"Anthony Hopkins, Danielle de Niese, Bruno Lazzaretti, Libera, The Lyndhurst Orchestra, and Gavin Greenaway",Vide Cor Meum,100,f7ykwOLts3k,https://music.youtube.com/watch?v=f7ykwOLts3k,2,0.7657,title_only,jYyo6v,Vide Cor Meum (Rhys Meirion Vocal),Katherine Jenkins,https://getsongbpm.com/song/vide-cor-meum-rhys-meirion-vocal/jYyo6v,76,4/4,A,major,4d,15,95
"Anthony Hopkins, Danielle de Niese, Bruno Lazzaretti, Libera, The Lyndhurst Orchestra, and Gavin Greenaway",Vide Cor Meum,100,f7ykwOLts3k,https://music.youtube.com/watch?v=f7ykwOLts3k,3,0.7120,title_only,VOB5xv,Vide Cor Meum,Blake,https://getsongbpm.com/song/vide-cor-meum/VOB5xv,82,4/4,G#,major,9d,11,96
Wounded Masquerade,my own blood,104,cnZfTY96THI,https://music.youtube.com/watch?v=cnZfTY96THI,1,0.7686,title_only,mOMXXA,My Own Blood,Until Rain,https://getsongbpm.com/song/my-own-blood/mOMXXA,94,4/4,G#,minor,6m,48,1
Wounded Masquerade,you,113,cpHr2QH52Lo,https://music.youtube.com/watch?v=cpHr2QH52Lo,1,0.7840,title_only,NkQM8,You,Bonnie Raitt,https://getsongbpm.com/song/you/NkQM8,124,4/4,G,minor,11m,59,85
Wounded Masquerade,you,113,cpHr2QH52Lo,https://music.youtube.com/watch?v=cpHr2QH52Lo,2,0.7750,title_only,58mYK,You,Jaci Velasquez,https://getsongbpm.com/song/you/58mYK,115,4/4,A#,major,11d,56,2
Wounded Masquerade,you,113,cpHr2QH52Lo,https://music.youtube.com/watch?v=cpHr2QH52Lo,3,0.7537,title_only,EB8k,You,The Swingin' Neckbreakers,https://getsongbpm.com/song/you/EB8k,133,4/4,F,major,12d,44,10
Wisp,Guide light,114,oIaL2lkWjBs,https://music.youtube.com/watch?v=oIaL2lkWjBs,1,0.7055,title_only,G5xrX0,Guide Light,Luciano,https://getsongbpm.com/song/guide-light/G5xrX0,104,4/4,D#,minor,7m,78,78
Wisp,Guide light,114,oIaL2lkWjBs,https://music.youtube.com/watch?v=oIaL2lkWjBs,2,0.6914,title_only,OYwkoY,Guide Light,Dread Mar-I,https://getsongbpm.com/song/guide-light/OYwkoY,170,4/4,C,minor,10m,65,19
The Lonely,Drowned (feat. Blade And Bath),115,CVi-_fL8jew,https://music.youtube.com/watch?v=CVi-_fL8jew,1,0.7709,simplified_title_only,wMvm8,Drowned,"Halloween, Alaska",https://getsongbpm.com/song/drowned/wMvm8,117,4/4,A#,minor,8m,81,1
The Lonely,Drowned (feat. Blade And Bath),115,CVi-_fL8jew,https://music.youtube.com/watch?v=CVi-_fL8jew,2,0.7508,simplified_title_only,v28B1M,Drowned,Daeonia,https://getsongbpm.com/song/drowned/v28B1M,148,4/4,E,minor,2m,38,11
The Lonely,Drowned (feat. Blade And Bath),115,CVi-_fL8jew,https://music.youtube.com/watch?v=CVi-_fL8jew,3,0.7429,simplified_title_only,v251L,Drowned,Entombed,https://getsongbpm.com/song/drowned/v251L,107,4/4,C#,major,8d,17,1
Midwife,Song for an Unborn Sun,116,EtIfko_vauo,https://music.youtube.com/watch?v=EtIfko_vauo,1,0.6082,title_first2,QWPONY,Song For,Earlimart,https://getsongbpm.com/song/song-for/QWPONY,131,4/4,D,minor,12m,72,29
Midwife,Song for an Unborn Sun,116,EtIfko_vauo,https://music.youtube.com/watch?v=EtIfko_vauo,2,0.5992,title_first2,1Qo3rG,Song For,Joseph Jarman,https://getsongbpm.com/song/song-for/1Qo3rG,83,4/4,C#,minor,5m,18,30
Midwife,Song for an Unborn Sun,116,EtIfko_vauo,https://music.youtube.com/watch?v=EtIfko_vauo,3,0.5707,title_first3,BgzBVX,Song For An Endless Spring,Dep,https://getsongbpm.com/song/song-for-an-endless-spring/BgzBVX,135,4/4,G,major,2d,61,19
My Useless Life,Melancholic Night,117,FgnKKE-YCLE,https://music.youtube.com/watch?v=FgnKKE-YCLE,1,0.7360,title_only,Z8kvQJ,Melancholic Night,Frozen Starfall,https://getsongbpm.com/song/melancholic-night/Z8kvQJ,,,,minor,,,
My Useless Life,Melancholic Night,117,FgnKKE-YCLE,https://music.youtube.com/watch?v=FgnKKE-YCLE,2,0.6661,title_only,E8vAjv,Melancholic Night Of Rising Sorrow,Beliar,https://getsongbpm.com/song/melancholic-night-of-rising-sorrow/E8vAjv,,,,minor,,,
My Useless Life,Melancholic Night,117,FgnKKE-YCLE,https://music.youtube.com/watch?v=FgnKKE-YCLE,3,0.6592,title_only,z60vx7,Melancholic Night (Instrumental Version),Frozen Starfall,https://getsongbpm.com/song/melancholic-night-instrumental-version/z60vx7,,,,minor,,,
Finnegan Tui,Denna,128,8ZNucRs1hf8,https://music.youtube.com/watch?v=8ZNucRs1hf8,1,0.6982,title_only,9DlwD4,Denna Dena Na,Bathiya & Santhush,https://getsongbpm.com/song/denna-dena-na/9DlwD4,130,4/4,A#,minor,8m,82,4
Finnegan Tui,Denna,128,8ZNucRs1hf8,https://music.youtube.com/watch?v=8ZNucRs1hf8,2,0.6740,title_only,WQmQJW,Denna Jord är Vår,Lena Granhagen,https://getsongbpm.com/song/denna-jord-aer-vaar/WQmQJW,130,4/4,A,major,4d,61,59
Finnegan Tui,Denna,128,8ZNucRs1hf8,https://music.youtube.com/watch?v=8ZNucRs1hf8,3,0.6712,title_only,lv1Mr,Denna Jävla Teknik,Krigshot,https://getsongbpm.com/song/denna-jaevla-teknik/lv1Mr,114,4/4,D,major,3d,24,1
Yves Montand,Sous Le Ciel De Paris,135,XZ5uNaChjfM,https://music.youtube.com/watch?v=XZ5uNaChjfM,1,0.7785,title_only,3Z7X4,Sous Le Ciel De Paris,Michel Legrand,https://getsongbpm.com/song/sous-le-ciel-de-paris/3Z7X4,110,4/4,D,major,3d,49,91
Yves Montand,Sous Le Ciel De Paris,135,XZ5uNaChjfM,https://music.youtube.com/watch?v=XZ5uNaChjfM,2,0.7785,title_only,n5Og2P,Sous Le Ciel De Paris,Georges Chelon,https://getsongbpm.com/song/sous-le-ciel-de-paris/n5Og2P,93,1/4,E,minor,2m,61,28
Yves Montand,Sous Le Ciel De Paris,135,XZ5uNaChjfM,https://music.youtube.com/watch?v=XZ5uNaChjfM,3,0.7429,title_only,0n72G,Sous Le Ciel De Paris,Mireille Mathieu,https://getsongbpm.com/song/sous-le-ciel-de-paris/0n72G,,,,minor,,,
John Murphy,Adagio in D Minor,139,-K9PM3_lAgQ,https://music.youtube.com/watch?v=-K9PM3_lAgQ,1,0.7462,title_first2,Rgp7Yz,Adagio In A Major,Janet Murray,https://getsongbpm.com/song/adagio-in-a-major/Rgp7Yz,,,,minor,,,
John Murphy,Adagio in D Minor,139,-K9PM3_lAgQ,https://music.youtube.com/watch?v=-K9PM3_lAgQ,2,0.7082,title_first2,3lZBEr,Adagio In B Minor,Wolfgang Amadeus Mozart,https://getsongbpm.com/song/adagio-in-b-minor/3lZBEr,173,4/4,B,minor,3m,36,100
John Murphy,Adagio in D Minor,139,-K9PM3_lAgQ,https://music.youtube.com/watch?v=-K9PM3_lAgQ,3,0.6908,title_first3,O7xpvL,Adagio In Do Minore,Fausto Papetti,https://getsongbpm.com/song/adagio-in-do-minore/O7xpvL,119,4/4,G,major,2d,18,1
Swordlender,Ancient Mountain,145,98nWAuL87rk,https://music.youtube.com/watch?v=98nWAuL87rk,1,0.6463,title_only,yP0Aq6,Ancient Mountains (1989),John Williamson,https://getsongbpm.com/song/ancient-mountains-1989/yP0Aq6,118,4/4,D#,major,10d,70,40
Swordlender,Ancient Mountain,145,98nWAuL87rk,https://music.youtube.com/watch?v=98nWAuL87rk,2,0.6463,title_only,BjrVX,Ancient Mountains (With Gondwanaland),John Williamson,https://getsongbpm.com/song/ancient-mountains-with-gondwanaland/BjrVX,118,4/4,D#,major,10d,70,40
Swordlender,Ancient Mountain,145,98nWAuL87rk,https://music.youtube.com/watch?v=98nWAuL87rk,3,0.6400,title_only,OyPKXL,Ancient Mountain,Azuth,https://getsongbpm.com/song/ancient-mountain/OyPKXL,,,,minor,,,
Swordlender,Caverns of the Old Gods,146,vJ_rSbiKGTI,https://music.youtube.com/watch?v=vJ_rSbiKGTI,1,0.6410,title_first2,28ABxj,Caverns Of Doom,Achondar,https://getsongbpm.com/song/caverns-of-doom/28ABxj,,,,minor,,,
Swordlender,Caverns of the Old Gods,146,vJ_rSbiKGTI,https://music.youtube.com/watch?v=vJ_rSbiKGTI,2,0.5523,title_first3,3QVlMp,Caverns Of The Disembodied,Flesh Consumed,https://getsongbpm.com/song/caverns-of-the-disembodied/3QVlMp,131,4/4,C#,major,8d,32,1
Nocturnal Depression,Spring,149,bagdrYMn9R0,https://music.youtube.com/watch?v=bagdrYMn9R0,1,0.7877,title_only,5AADZ,Spring,Ned's Atomic Dustbin,https://getsongbpm.com/song/spring/5AADZ,123,4/4,B,major,6d,50,1
Nocturnal Depression,Spring,149,bagdrYMn9R0,https://music.youtube.com/watch?v=bagdrYMn9R0,2,0.7794,title_only,zXOXr,Spring,Metal Spark,https://getsongbpm.com/song/spring/zXOXr,,,,minor,,,
Nocturnal Depression,Spring,149,bagdrYMn9R0,https://music.youtube.com/watch?v=bagdrYMn9R0,3,0.7709,title_only,vZMDg,Spring,Ursula Rucker,https://getsongbpm.com/song/spring/vZMDg,108,4/4,C#,minor,5m,46,5
Nocturnal Depression,Anthem to Self Destruction,151,fTc4bzYAmmU,https://music.youtube.com/watch?v=fTc4bzYAmmU,1,0.9875,title_first3,wZNV91,Anthem To Self-Destruction,Nocturnal Depression,https://getsongbpm.com/song/anthem-to-self-destruction/wZNV91,95,4/4,A,minor,1m,33,1
Nocturnal Depression,Anthem to Self Destruction,151,fTc4bzYAmmU,https://music.youtube.com/watch?v=fTc4bzYAmmU,2,0.6044,title_first2,r8M7qk,Anthem To Creation,Until Rain,https://getsongbpm.com/song/anthem-to-creation/r8M7qk,162,4/4,E,minor,2m,24,1
Pogomix,Boy & Bear,155,Nfh0IJikKVo,https://music.youtube.com/watch?v=Nfh0IJikKVo,1,0.9568,title_only,6WZD29,Boy & Bear,Pogo,https://getsongbpm.com/song/boy-and-bear/6WZD29,103,4/4,E,minor,2m,67,77
Famous Fhil,Million Dollar Baby,159,HyejjJA8tqI,https://music.youtube.com/watch?v=HyejjJA8tqI,1,0.7247,title_only,2864LP,Million Dollar Baby,Dianas,https://getsongbpm.com/song/million-dollar-baby/2864LP,88,4/4,B,minor,3m,23,3
Famous Fhil,Million Dollar Baby,159,HyejjJA8tqI,https://music.youtube.com/watch?v=HyejjJA8tqI,2,0.7200,title_only,3lzgQQ,Million Dollar Baby,Butterflies in My Stomach,https://getsongbpm.com/song/million-dollar-baby/3lzgQQ,109,4/4,C,major,1d,78,7
Famous Fhil,Million Dollar Baby,159,HyejjJA8tqI,https://music.youtube.com/watch?v=HyejjJA8tqI,3,0.7200,title_only,j2zqXv,Million Dollar Baby,The Drapers,https://getsongbpm.com/song/million-dollar-baby/j2zqXv,126,4/4,G,major,2d,79,13
Lian Ross,Mamy Blue,164,_Llli2oIIIE,https://music.youtube.com/watch?v=_Llli2oIIIE,1,0.8200,title_only,68N5BR,Mamy Blue,Céline Dion,https://getsongbpm.com/song/mamy-blue/68N5BR,109,4/4,G,major,2d,70,17
Lian Ross,Mamy Blue,164,_Llli2oIIIE,https://music.youtube.com/watch?v=_Llli2oIIIE,2,0.8114,title_only,xG6r2z,Mamy Blue,Mathys Roets,https://getsongbpm.com/song/mamy-blue/xG6r2z,114,4/4,C,major,1d,57,8
Lian Ross,Mamy Blue,164,_Llli2oIIIE,https://music.youtube.com/watch?v=_Llli2oIIIE,3,0.7840,title_only,g52Jv9,Mamy Blue,Lara Fabian,https://getsongbpm.com/song/mamy-blue/g52Jv9,107,4/4,D,minor,12m,80,22
Travis Scott; GloRilla,SHYNE,182,9U6suxc3kIs,https://music.youtube.com/watch?v=9U6suxc3kIs,1,0.7300,title_only,46v8VV,Shyne,Preservation,https://getsongbpm.com/song/shyne/46v8VV,97,3/4,C#,minor,5m,62,62
Travis Scott; GloRilla,SHYNE,182,9U6suxc3kIs,https://music.youtube.com/watch?v=9U6suxc3kIs,2,0.7247,title_only,VARG2O,Shyne,Iamsu!,https://getsongbpm.com/song/shyne/VARG2O,77,4/4,F#,major,7d,62,14
Travis Scott; GloRilla,SHYNE,182,9U6suxc3kIs,https://music.youtube.com/watch?v=9U6suxc3kIs,3,0.6965,title_only,wj6941,Shyness,Thieves Like Us,https://getsongbpm.com/song/shyness/wj6941,101,4/4,G,minor,11m,55,1
Byzantine Choir,Kyrie Eleison,193,wVWNFuk4N2M,https://music.youtube.com/watch?v=wVWNFuk4N2M,1,0.8138,title_only,Pj9qy,Kyrié Eléison,Sinéad O'Connor,https://getsongbpm.com/song/kyrie-eleison/Pj9qy,100,4/4,F#,major,7d,51,2
Byzantine Choir,Kyrie Eleison,193,wVWNFuk4N2M,https://music.youtube.com/watch?v=wVWNFuk4N2M,2,0.8000,title_only,kGjPX,Kyrie Eleïson,Michel Chion,https://getsongbpm.com/song/kyrie-eleison/kGjPX,0,0/4,G#,major,9d,0,96
Byzantine Choir,Kyrie Eleison,193,wVWNFuk4N2M,https://music.youtube.com/watch?v=wVWNFuk4N2M,3,0.7600,title_only,EjNMk,Kyrie Eleison,Franco Battiato,https://getsongbpm.com/song/kyrie-eleison/EjNMk,119,4/4,D#,major,10d,27,96
Teddy Swims,Lose Control,196,AeedWEyMYYo,https://music.youtube.com/watch?v=AeedWEyMYYo,1,0.7600,title_only,M3gD3,Lose Control,The Stripes,https://getsongbpm.com/song/lose-control/M3gD3,158,4/4,G,major,2d,59,10
Teddy Swims,Lose Control,196,AeedWEyMYYo,https://music.youtube.com/watch?v=AeedWEyMYYo,2,0.7537,title_only,LANzj,Lose Control,Dan Hill,https://getsongbpm.com/song/lose-control/LANzj,,,,minor,,,
Teddy Swims,Lose Control,196,AeedWEyMYYo,https://music.youtube.com/watch?v=AeedWEyMYYo,3,0.7360,title_only,E8Owv,Lose Control,Silk,https://getsongbpm.com/song/lose-control/E8Owv,119,4/4,G,minor,11m,53,72
Ghost,Zenith,204,G-8KOmo5nps,https://music.youtube.com/watch?v=G-8KOmo5nps,1,0.7840,title_only,G1z6K,Zenith,Soulstance,https://getsongbpm.com/song/zenith/G1z6K,100,4/4,F,minor,9m,68,69
Ghost,Zenith,204,G-8KOmo5nps,https://music.youtube.com/watch?v=G-8KOmo5nps,2,0.7508,title_only,n5QXVW,Zenith,Headscan,https://getsongbpm.com/song/zenith/n5QXVW,155,4/4,A#,minor,8m,54,1
Ghost,Zenith,204,G-8KOmo5nps,https://music.youtube.com/watch?v=G-8KOmo5nps,3,0.7429,title_only,NyBmK,Zenith,Vast Aire,https://getsongbpm.com/song/zenith/NyBmK,167,4/4,C#,major,8d,68,1
Bob Sinclar,"World, Hold On (Children of the Sky) (feat. Steve Edwards)",208,Hw2z_MdSf-k,https://music.youtube.com/watch?v=Hw2z_MdSf-k,1,0.9232,title_first3,rkgRq2,"World, Hold On",Bob Sinclar,https://getsongbpm.com/song/world-hold-on/rkgRq2,64,4/4,G#,minor,6m,76,5
Lipps Inc.,Funkytown,212,OAC4ItP0xWM,https://music.youtube.com/watch?v=OAC4ItP0xWM,1,1.0000,title_only,R6rW9L,Funkytown,"Lipps, Inc.",https://getsongbpm.com/song/funkytown/R6rW9L,123,4/4,B,major,6d,91,1
Lipps Inc.,Funkytown,212,OAC4ItP0xWM,https://music.youtube.com/watch?v=OAC4ItP0xWM,2,0.7840,title_only,v4E50,Funkytown,Pseudo Echo,https://getsongbpm.com/song/funkytown/v4E50,128,4/4,A,major,4d,65,6
Lipps Inc.,Funkytown,212,OAC4ItP0xWM,https://music.youtube.com/watch?v=OAC4ItP0xWM,3,0.7750,title_only,nx6pRW,Funkytown,Coop MC,https://getsongbpm.com/song/funkytown/nx6pRW,93,4/4,F,minor,9m,79,2
Silent Rhythm,Starry Night,214,626uq6qqavY,https://music.youtube.com/watch?v=626uq6qqavY,1,0.7600,title_only,2AoRM,Starry Night,Suzi Quatro,https://getsongbpm.com/song/starry-night/2AoRM,173,3/4,A,major,4d,54,25
Silent Rhythm,Starry Night,214,626uq6qqavY,https://music.youtube.com/watch?v=626uq6qqavY,2,0.7508,title_only,vMmDn,Starry Night,Davy Spillane,https://getsongbpm.com/song/starry-night/vMmDn,124,4/4,A,minor,1m,58,66
Silent Rhythm,Starry Night,214,626uq6qqavY,https://music.youtube.com/watch?v=626uq6qqavY,3,0.7339,title_only,GPNxy,Starry Night,Hi-STANDARD,https://getsongbpm.com/song/starry-night/GPNxy,93,4/4,F,major,12d,28,1
Engelbert Humperdinck,Love Me With All Your Heart (Cuando Calienta El Sol),219,blhEVJkgAtQ,https://music.youtube.com/watch?v=blhEVJkgAtQ,1,0.7329,title_only,BgzGx2,Love Me With All Your Heart (Cuando Calienta El Sol),Jerry Vale,https://getsongbpm.com/song/love-me-with-all-your-heart-cuando-calienta-el-sol/BgzGx2,69,4/4,G,major,2d,35,82
Engelbert Humperdinck,Love Me With All Your Heart (Cuando Calienta El Sol),219,blhEVJkgAtQ,https://music.youtube.com/watch?v=blhEVJkgAtQ,2,0.7223,title_only,08DK0L,Love Me With All Your Heart (Cuando Calienta El Sol),Pepe Jaramillo,https://getsongbpm.com/song/love-me-with-all-your-heart-cuando-calienta-el-sol/08DK0L,,,,minor,,,
Engelbert Humperdinck,Love Me With All Your Heart (Cuando Calienta El Sol),219,blhEVJkgAtQ,https://music.youtube.com/watch?v=blhEVJkgAtQ,3,0.7097,title_only,oQ0QpB,Love Me With All Your Heart (Cuando Calienta El Sol),Jim Nabors,https://getsongbpm.com/song/love-me-with-all-your-heart-cuando-calienta-el-sol/oQ0QpB,99,3/4,C#,major,8d,32,97
Maceo,The Soul Of A Black Man,221,DDU_LlOMK0k,https://music.youtube.com/watch?v=DDU_LlOMK0k,1,0.6982,title_first2,ZYx365,THE SOUL,FLEA MARKET,https://getsongbpm.com/song/the-soul/ZYx365,105,4/4,D,major,3d,72,4
Maceo,The Soul Of A Black Man,221,DDU_LlOMK0k,https://music.youtube.com/watch?v=DDU_LlOMK0k,2,0.6832,title_first2,voZvWV,The Soul,P‐Money,https://getsongbpm.com/song/the-soul/voZvWV,127,4/4,G,minor,11m,76,3
Maceo,The Soul Of A Black Man,221,DDU_LlOMK0k,https://music.youtube.com/watch?v=DDU_LlOMK0k,3,0.6661,title_first2,WP4z3o,The Soul,Smoke DZA,https://getsongbpm.com/song/the-soul/WP4z3o,144,4/4,E,minor,2m,49,7
Triads; Gimp,Now I Can Hold My Head Up High,222,8Mzxp-b3q7U,https://music.youtube.com/watch?v=8Mzxp-b3q7U,1,0.6941,title_first3,qxkQ4G,Now I Can,Starz,https://getsongbpm.com/song/now-i-can/qxkQ4G,114,4/4,D#,minor,7m,40,1
Triads; Gimp,Now I Can Hold My Head Up High,222,8Mzxp-b3q7U,https://music.youtube.com/watch?v=8Mzxp-b3q7U,2,0.6377,title_first3,kDxNzX,Now I Can,Gianluigi Trovesi Octet,https://getsongbpm.com/song/now-i-can/kDxNzX,,,,minor,,,
Them Two,Am I a Good Man,225,7EUipDulX8c,https://music.youtube.com/watch?v=7EUipDulX8c,1,0.7072,title_first2,31ykAx,Am I,The Thought,https://getsongbpm.com/song/am-i/31ykAx,79,4/4,D,major,3d,45,1
Them Two,Am I a Good Man,225,7EUipDulX8c,https://music.youtube.com/watch?v=7EUipDulX8c,2,0.6832,title_first2,rj7YW,Am I,Brothers Keepers,https://getsongbpm.com/song/am-i/rj7YW,106,4/4,A,minor,1m,67,1
Them Two,Am I a Good Man,225,7EUipDulX8c,https://music.youtube.com/watch?v=7EUipDulX8c,3,0.6743,title_only,mOB9M0,Am I A Good Man,Iron & Wine,https://getsongbpm.com/song/am-i-a-good-man/mOB9M0,153,3/4,A#,minor,8m,32,7
what i hate about atom eve,thanks to you,226,sPI6aOeAuF0,https://music.youtube.com/watch?v=sPI6aOeAuF0,1,0.7373,title_only,EvGvg,Thanks To You,John Denver,https://getsongbpm.com/song/thanks-to-you/EvGvg,140,4/4,G,major,2d,58,67
what i hate about atom eve,thanks to you,226,sPI6aOeAuF0,https://music.youtube.com/watch?v=sPI6aOeAuF0,2,0.7200,title_only,OgpNR,Thanks To You,Boz Scaggs,https://getsongbpm.com/song/thanks-to-you/OgpNR,81,1/4,E,minor,2m,37,52
what i hate about atom eve,thanks to you,226,sPI6aOeAuF0,https://music.youtube.com/watch?v=sPI6aOeAuF0,3,0.7138,title_only,RrYJ0,Thanks To You,Chris Smither,https://getsongbpm.com/song/thanks-to-you/RrYJ0,78,3/4,E,major,5d,49,56
Deftones,souvenir,230,zlSjfJTyzVM,https://music.youtube.com/watch?v=zlSjfJTyzVM,1,0.7785,title_only,qQWOp,Souvenir,Orchestra Morphine,https://getsongbpm.com/song/souvenir/qQWOp,85,4/4,G#,major,9d,51,20
Deftones,souvenir,230,zlSjfJTyzVM,https://music.youtube.com/watch?v=zlSjfJTyzVM,2,0.7537,title_only,pRyG1,Souvenir,Buffalo Tom,https://getsongbpm.com/song/souvenir/pRyG1,133,4/4,A,major,4d,38,1
Deftones,souvenir,230,zlSjfJTyzVM,https://music.youtube.com/watch?v=zlSjfJTyzVM,3,0.7429,title_only,GZQpK,Souvenir,Vonda Shepard,https://getsongbpm.com/song/souvenir/GZQpK,117,4/4,F#,major,7d,32,99
Decalius,Tortured,231,ieOCKmLevc0,https://music.youtube.com/watch?v=ieOCKmLevc0,1,0.8295,title_only,jxqlW,Tortured,Devilinside,https://getsongbpm.com/song/tortured/jxqlW,118,4/4,C#,major,8d,59,2
Decalius,Tortured,231,ieOCKmLevc0,https://music.youtube.com/watch?v=ieOCKmLevc0,2,0.7840,title_only,rkPEjK,Tortured,Abortus,https://getsongbpm.com/song/tortured/rkPEjK,190,4/4,D,major,3d,15,1
Decalius,Tortured,231,ieOCKmLevc0,https://music.youtube.com/watch?v=ieOCKmLevc0,3,0.7600,title_only,82yjnm,Tortured,Devil Doll,https://getsongbpm.com/song/tortured/82yjnm,129,4/4,C,major,1d,51,66
Wounded Masquerade,Wish you were here,237,cYiUAI1Oj_Y,https://music.youtube.com/watch?v=cYiUAI1Oj_Y,1,0.7641,title_only,82M0g,Wish You Were Here,Human Drama,https://getsongbpm.com/song/wish-you-were-here/82M0g,105,4/4,G,major,2d,42,9
Wounded Masquerade,Wish you were here,237,cYiUAI1Oj_Y,https://music.youtube.com/watch?v=cYiUAI1Oj_Y,2,0.7273,title_only,W6VOJ,Wish You Were Here,Catherine Wheel,https://getsongbpm.com/song/wish-you-were-here/W6VOJ,59,4/4,G,major,2d,35,60
Wounded Masquerade,Wish you were here,237,cYiUAI1Oj_Y,https://music.youtube.com/watch?v=cYiUAI1Oj_Y,3,0.7231,title_only,p81K2,Wish You Were Here,Fourplay,https://getsongbpm.com/song/wish-you-were-here/p81K2,86,4/4,G,minor,11m,63,57
Mgła,Further Down the Nest I,238,qq9CC8z53As,https://music.youtube.com/watch?v=qq9CC8z53As,1,0.6432,title_first2,oY6QGN,Further Down,Spawn,https://getsongbpm.com/song/further-down/oY6QGN,,,,minor,,,
Mgła,Further Down the Nest I,238,qq9CC8z53As,https://music.youtube.com/watch?v=qq9CC8z53As,2,0.6186,title_first2,vowlPm,Further Down,Echo Lake,https://getsongbpm.com/song/further-down/vowlPm,124,4/4,F#,major,7d,38,6
Mgła,Further Down the Nest I,238,qq9CC8z53As,https://music.youtube.com/watch?v=qq9CC8z53As,3,0.6146,title_first2,YWVzz0,Further Down,Kris Gruen,https://getsongbpm.com/song/further-down/YWVzz0,91,4/4,A#,major,11d,65,84
Daevar,Leviathan (feat. Jan Oberg),240,A3NcpZQQl5k,https://music.youtube.com/watch?v=A3NcpZQQl5k,1,0.7840,simplified_title_only,KGAZr,Leviathan,Akercocke,https://getsongbpm.com/song/leviathan/KGAZr,88,4/4,G#,major,9d,22,1
Daevar,Leviathan (feat. Jan Oberg),240,A3NcpZQQl5k,https://music.youtube.com/watch?v=A3NcpZQQl5k,2,0.7537,simplified_title_only,O91yR,Leviathan,Sleep Chamber,https://getsongbpm.com/song/leviathan/O91yR,73,4/4,F,minor,9m,64,39
Daevar,Leviathan (feat. Jan Oberg),240,A3NcpZQQl5k,https://music.youtube.com/watch?v=A3NcpZQQl5k,3,0.7339,simplified_title_only,q7432,Léviathan,Galerie Stratique,https://getsongbpm.com/song/leviathan/q7432,154,4/4,B,minor,3m,48,1
nixxiu,vain,241,DcFoM0qFB6o,https://music.youtube.com/watch?v=DcFoM0qFB6o,1,0.7709,title_only,5yVllZ,Vain,Animé,https://getsongbpm.com/song/vain/5yVllZ,,,,minor,,,
nixxiu,vain,241,DcFoM0qFB6o,https://music.youtube.com/watch?v=DcFoM0qFB6o,2,0.7382,title_only,xkrWE9,Vain,Raining Pleasure,https://getsongbpm.com/song/vain/xkrWE9,108,4/4,D,minor,12m,35,54
nixxiu,vain,241,DcFoM0qFB6o,https://music.youtube.com/watch?v=DcFoM0qFB6o,3,0.7247,title_only,kRvn85,Vain,Mika Vainio,https://getsongbpm.com/song/vain/kRvn85,70,5/4,A,minor,1m,20,100
Scizzie,aquatic ambience,256,oEybvx6Fx8M,https://music.youtube.com/watch?v=oEybvx6Fx8M,1,0.6082,title_only,nRKAAp,"Aquatic Ambience (From ""Donkey Kong Country"")",GameChops,https://getsongbpm.com/song/aquatic-ambience-from-donkey-kong-country/nRKAAp,74,4/4,C,minor,10m,28,1
Nujabes,Still Talking to You,259,PzW62UP8CmY,https://music.youtube.com/watch?v=PzW62UP8CmY,1,0.6903,title_first2,wpljzJ,Still Talking,The Astronauts,https://getsongbpm.com/song/still-talking/wpljzJ,184,4/4,F,minor,9m,24,45
Nujabes,Still Talking to You,259,PzW62UP8CmY,https://music.youtube.com/watch?v=PzW62UP8CmY,2,0.6493,title_first2,oYG3o3,Still Talking Shit,The Bulemics,https://getsongbpm.com/song/still-talking-shit/oYG3o3,,,,minor,,,
Nujabes,Still Talking to You,259,PzW62UP8CmY,https://music.youtube.com/watch?v=PzW62UP8CmY,3,0.6390,title_first2,56WrA,Still Talking,Chris Carter,https://getsongbpm.com/song/still-talking/56WrA,110,4/4,A#,major,11d,70,28
Tony Anderson,Pastoral,263,6r79aWeHu4Q,https://music.youtube.com/watch?v=6r79aWeHu4Q,1,0.8386,title_only,6O37Q,Pastoral,Bobby Hutcherson,https://getsongbpm.com/song/pastoral/6O37Q,113,4/4,A,major,4d,50,100
Tony Anderson,Pastoral,263,6r79aWeHu4Q,https://music.youtube.com/watch?v=6r79aWeHu4Q,2,0.7467,title_only,J687Z2,Pastoral,Gordon Giltrap,https://getsongbpm.com/song/pastoral/J687Z2,110,4/4,A,major,4d,36,42
Tony Anderson,Pastoral,263,6r79aWeHu4Q,https://music.youtube.com/watch?v=6r79aWeHu4Q,3,0.7467,title_only,2kOvqA,Pastoral,Gordon Giltrap,https://getsongbpm.com/song/pastoral/2kOvqA,110,4/4,A,major,4d,36,42
Klaus Badelt,The Medallion Calls,264,FT13elr90q8,https://music.youtube.com/watch?v=FT13elr90q8,1,0.6410,title_only,W7XYJg,The Medallion Calls From Pirates Of The Caribbean: The Curse Of The Black Pearl,Cincinnati Pops Orchestra,https://getsongbpm.com/song/the-medallion-calls-from-pirates-of-the-caribbean-the-curse-of-the-black-pearl/W7XYJg,116,3/4,D,minor,12m,58,94
Geoff Zanelli,My Name Is Barbossa,266,i2Om-raqmaM,https://music.youtube.com/watch?v=i2Om-raqmaM,1,0.7294,title_first2,jmwZW,My Name,George Canyon,https://getsongbpm.com/song/my-name/jmwZW,106,4/4,C#,minor,5m,69,68
Geoff Zanelli,My Name Is Barbossa,266,i2Om-raqmaM,https://music.youtube.com/watch?v=i2Om-raqmaM,2,0.7072,title_first2,6BJlR,My Name,Galleon,https://getsongbpm.com/song/my-name/6BJlR,123,4/4,C,major,1d,61,1
Geoff Zanelli,My Name Is Barbossa,266,i2Om-raqmaM,https://music.youtube.com/watch?v=i2Om-raqmaM,3,0.7003,title_first2,vWo5r,My Name,Angelina,https://getsongbpm.com/song/my-name/vWo5r,130,4/4,A#,minor,8m,69,35
Susumu Hirasawa,Gats,267,auLopgsgJ_s,https://music.youtube.com/watch?v=auLopgsgJ_s,1,0.6496,title_only,n54Ek4,Gatsby,AK Charlie,https://getsongbpm.com/song/gatsby/n54Ek4,133,4/4,A#,minor,8m,34,1
Susumu Hirasawa,Gats,267,auLopgsgJ_s,https://music.youtube.com/watch?v=auLopgsgJ_s,2,0.6432,title_only,0Yy7jG,Gatsby,Donna Regina,https://getsongbpm.com/song/gatsby/0Yy7jG,116,4/4,D,major,3d,79,73
Susumu Hirasawa,Gats,267,auLopgsgJ_s,https://music.youtube.com/watch?v=auLopgsgJ_s,3,0.6377,title_only,wp0YKr,Gatsby,Catherine Lara,https://getsongbpm.com/song/gatsby/wp0YKr,166,4/4,F,major,12d,64,36
Michał Łapaj,Breathe,268,9a9hXH2Km_4,https://music.youtube.com/watch?v=9a9hXH2Km_4,1,0.7382,title_only,9rl53,Breathe,Nickelback,https://getsongbpm.com/song/breathe/9rl53,121,4/4,G#,major,9d,57,2
Michał Łapaj,Breathe,268,9a9hXH2Km_4,https://music.youtube.com/watch?v=9a9hXH2Km_4,2,0.7300,title_only,vgkr8,Breathe,Depeche Mode,https://getsongbpm.com/song/breathe/vgkr8,194,3/4,D,minor,12m,21,32
Michał Łapaj,Breathe,268,9a9hXH2Km_4,https://music.youtube.com/watch?v=9a9hXH2Km_4,3,0.7120,title_only,l55Q1,Breathe,Ministry,https://getsongbpm.com/song/breathe/l55Q1,124,4/4,G,minor,11m,69,1
Static-X,Black Star,271,vSADld6FRMQ,https://music.youtube.com/watch?v=vSADld6FRMQ,1,0.7943,title_only,n57BEE,Black Star,Automat,https://getsongbpm.com/song/black-star/n57BEE,96,4/4,B,major,6d,59,1
Static-X,Black Star,271,vSADld6FRMQ,https://music.youtube.com/watch?v=vSADld6FRMQ,2,0.7600,title_only,WGmGn,Black Star,Touch,https://getsongbpm.com/song/black-star/WGmGn,105,4/4,F#,minor,4m,55,2
Static-X,Black Star,271,vSADld6FRMQ,https://music.youtube.com/watch?v=vSADld6FRMQ,3,0.7360,title_only,P7W9z,Black Star,The Soundtrack of Our Lives,https://getsongbpm.com/song/black-star/P7W9z,117,4/4,B,minor,3m,25,1
Wounded Masquerade,brighter than every star,272,4_u-czHl--Q,https://music.youtube.com/watch?v=4_u-czHl--Q,1,0.6391,title_first2,GjYX7,Brighter Than A Star,Gandalf,https://getsongbpm.com/song/brighter-than-a-star/GjYX7,112,3/4,C,major,1d,19,93
Wounded Masquerade,brighter than every star,272,4_u-czHl--Q,https://music.youtube.com/watch?v=4_u-czHl--Q,2,0.5786,title_first2,0gvZ05,Brighter Than Anything,Yonderboi,https://getsongbpm.com/song/brighter-than-anything/0gvZ05,125,4/4,G,major,2d,79,8
Wounded Masquerade,brighter than every star,272,4_u-czHl--Q,https://music.youtube.com/watch?v=4_u-czHl--Q,3,0.5602,title_first2,nr8wmp,Brighter Than A Thousand Suns,Iron Maiden,https://getsongbpm.com/song/brighter-than-a-thousand-suns/nr8wmp,125,4/4,C,major,1d,30,1
Ghost,Phantom Of The Opera,281,pMCqlsAoTik,https://music.youtube.com/watch?v=pMCqlsAoTik,1,0.7600,title_only,L9JJP4,Phantom Of The Opera,The Meteors,https://getsongbpm.com/song/phantom-of-the-opera/L9JJP4,133,4/4,C,major,1d,56,5
Ghost,Phantom Of The Opera,281,pMCqlsAoTik,https://music.youtube.com/watch?v=pMCqlsAoTik,2,0.7480,title_only,rk4RJE,Phantom Of The Opera,Rosario Strings,https://getsongbpm.com/song/phantom-of-the-opera/rk4RJE,,,,minor,,,
Ghost,Phantom Of The Opera,281,pMCqlsAoTik,https://music.youtube.com/watch?v=pMCqlsAoTik,3,0.7247,title_only,ljlj6,Phantom Of The Opera,The Iron Maidens,https://getsongbpm.com/song/phantom-of-the-opera/ljlj6,,,,minor,,,
Urfaust,Vom Geist der Schwere,293,Yh_Olc_Ayjs,https://music.youtube.com/watch?v=Yh_Olc_Ayjs,1,0.6463,title_first2,005XkL,Vom Geist,Der Singende Tresen,https://getsongbpm.com/song/vom-geist/005XkL,63,4/4,A,major,4d,23,1
Nirvana,Half The Man I Used To Be.wmv,294,XH_vR2mvaRs,https://music.youtube.com/watch?v=XH_vR2mvaRs,1,0.6903,title_first3,OyOMY,Half The Man,Jamiroquai,https://getsongbpm.com/song/half-the-man/OyOMY,165,4/4,D,major,3d,50,55
Nirvana,Half The Man I Used To Be.wmv,294,XH_vR2mvaRs,https://music.youtube.com/watch?v=XH_vR2mvaRs,2,0.6832,title_first3,0gZg3v,Half The Man,Needlepoint,https://getsongbpm.com/song/half-the-man/0gZg3v,,,,minor,,,
Nirvana,Half The Man I Used To Be.wmv,294,XH_vR2mvaRs,https://music.youtube.com/watch?v=XH_vR2mvaRs,3,0.6712,title_first3,nzxx7,Half The Man,Dayna Manning,https://getsongbpm.com/song/half-the-man/nzxx7,138,4/4,D,major,3d,64,48
Wisp,Your face,299,g5YH32cygp0,https://music.youtube.com/watch?v=g5YH32cygp0,1,0.7840,title_only,73kNA,Your Face,The Screws,https://getsongbpm.com/song/your-face/73kNA,90,4/4,E,major,5d,53,22
Wisp,Your face,299,g5YH32cygp0,https://music.youtube.com/watch?v=g5YH32cygp0,2,0.7709,title_only,JQQZv,Your Face,The Waiting,https://getsongbpm.com/song/your-face/JQQZv,105,4/4,G,major,2d,52,1
Wisp,Your face,299,g5YH32cygp0,https://music.youtube.com/watch?v=g5YH32cygp0,3,0.7200,title_only,99yr8,Your Face,Michael Cooper,https://getsongbpm.com/song/your-face/99yr8,75,4/4,C#,major,8d,75,18
Radiohead,Go Slowly,302,wqh9GKAtZzo,https://music.youtube.com/watch?v=wqh9GKAtZzo,1,0.7537,title_only,g5P2gj,Go Slowly,Dan Dectis,https://getsongbpm.com/song/go-slowly/g5P2gj,143,3/4,C,major,1d,42,49
Radiohead,Go Slowly,302,wqh9GKAtZzo,https://music.youtube.com/watch?v=wqh9GKAtZzo,2,0.7114,title_only,krxwlY,Go Slowly To Your Successful Man,Diamond Black Hearted Boy,https://getsongbpm.com/song/go-slowly-to-your-successful-man/krxwlY,168,4/4,C#,minor,5m,51,4
Radiohead,Go Slowly,302,wqh9GKAtZzo,https://music.youtube.com/watch?v=wqh9GKAtZzo,3,0.6850,title_only,mOBmO0,Go Slowly,PENPALS,https://getsongbpm.com/song/go-slowly/mOBmO0,,,,minor,,,
Bonnie Tyler,"Holding Out for a Hero (From ""Footloose"" Soundtrack)",303,qgHVh5jspsA,https://music.youtube.com/watch?v=qgHVh5jspsA,1,0.9232,title_first3,7wE78,Holding Out For A Hero,Bonnie Tyler,https://getsongbpm.com/song/holding-out-for-a-hero/7wE78,152,4/4,A,minor,1m,62,3
Bonnie Tyler,"Holding Out for a Hero (From ""Footloose"" Soundtrack)",303,qgHVh5jspsA,https://music.youtube.com/watch?v=qgHVh5jspsA,2,0.9232,title_first3,Lz8zW,Holding Out For A Hero,Bonnie Tyler,https://getsongbpm.com/song/holding-out-for-a-hero/Lz8zW,150,4/4,A,minor,1m,62,3
Bonnie Tyler,"Holding Out for a Hero (From ""Footloose"" Soundtrack)",303,qgHVh5jspsA,https://music.youtube.com/watch?v=qgHVh5jspsA,3,0.7388,title_first3,K0P3G,Holding Out For A Hero,Brown University Chattertocks,https://getsongbpm.com/song/holding-out-for-a-hero/K0P3G,,,,minor,,,
Static-X,Wisconsin Death Trip,309,ZZJxWqmP4Yw,https://music.youtube.com/watch?v=ZZJxWqmP4Yw,1,0.9760,title_only,KOp38,Wisconsin Death Trip,Static‐X,https://getsongbpm.com/song/wisconsin-death-trip/KOp38,129,4/4,F,major,12d,40,1
Static-X,Wisconsin Death Trip,309,ZZJxWqmP4Yw,https://music.youtube.com/watch?v=ZZJxWqmP4Yw,2,0.7264,title_only,j2pEBB,Wisconsin Death Trip,Stockholm Syndrome,https://getsongbpm.com/song/wisconsin-death-trip/j2pEBB,,,,minor,,,
Static-X,Wisconsin Death Trip,309,ZZJxWqmP4Yw,https://music.youtube.com/watch?v=ZZJxWqmP4Yw,3,0.7086,title_only,j8R0LR,Wisconsin Death Trip,Kleckley Sweet,https://getsongbpm.com/song/wisconsin-death-trip/j8R0LR,140,4/4,C,major,1d,57,78
Këkht Aräkh,Forever Night Castle of Love,312,dW1kJk98fuA,https://music.youtube.com/watch?v=dW1kJk98fuA,1,0.7072,title_first2,w8MDJ,Forever Night,Bethzaida,https://getsongbpm.com/song/forever-night/w8MDJ,95,4/4,C,major,1d,28,1
Këkht Aräkh,Forever Night Castle of Love,312,dW1kJk98fuA,https://music.youtube.com/watch?v=dW1kJk98fuA,2,0.6571,title_first2,OMZD2g,Forever Night,Horror Story,https://getsongbpm.com/song/forever-night/OMZD2g,117,4/4,F,minor,9m,34,1
Këkht Aräkh,Forever Night Castle of Love,312,dW1kJk98fuA,https://music.youtube.com/watch?v=dW1kJk98fuA,3,0.6571,title_first2,QkNDq0,Forever Night,Horror Story,https://getsongbpm.com/song/forever-night/QkNDq0,,,,minor,,,
Meshuggah,Phantoms,314,t0KUzIZggIs,https://music.youtube.com/watch?v=t0KUzIZggIs,1,0.7840,title_only,gl4zl,Phantoms,Kylesa,https://getsongbpm.com/song/phantoms/gl4zl,117,4/4,F,minor,9m,40,2
Meshuggah,Phantoms,314,t0KUzIZggIs,https://music.youtube.com/watch?v=t0KUzIZggIs,2,0.7709,title_only,L905Ww,Phantoms,Shattersphere,https://getsongbpm.com/song/phantoms/L905Ww,145,4/4,A,major,4d,48,1
Meshuggah,Phantoms,314,t0KUzIZggIs,https://music.youtube.com/watch?v=t0KUzIZggIs,3,0.7360,title_only,5r8zZ,Phantoms,Defrag,https://getsongbpm.com/song/phantoms/5r8zZ,161,4/4,A#,minor,8m,55,5
Nocturnal Depression,Nostalgia,320,B47FypVbC4Y,https://music.youtube.com/watch?v=B47FypVbC4Y,1,0.7733,title_only,rRLZB,Nostalgia,Cracker,https://getsongbpm.com/song/nostalgia/rRLZB,133,4/4,A,minor,1m,47,1
Nocturnal Depression,Nostalgia,320,B47FypVbC4Y,https://music.youtube.com/watch?v=B47FypVbC4Y,2,0.7525,title_only,Z8Vz5,Nostalgia,Mikael Delta,https://getsongbpm.com/song/nostalgia/Z8Vz5,176,4/4,D,major,3d,53,37
Nocturnal Depression,Nostalgia,320,B47FypVbC4Y,https://music.youtube.com/watch?v=B47FypVbC4Y,3,0.7491,title_only,r0XBL,Nostalgia,Nitin Sawhney,https://getsongbpm.com/song/nostalgia/r0XBL,137,4/4,B,minor,3m,69,46
Perry Como,We've Only Just Begun,322,zMvJ6zGl1_E,https://music.youtube.com/watch?v=zMvJ6zGl1_E,1,0.7641,title_only,4x6Zok,We've Only Just Begun,New Cool Collective,https://getsongbpm.com/song/we-ve-only-just-begun/4x6Zok,102,4/4,G,major,2d,47,63
Perry Como,We've Only Just Begun,322,zMvJ6zGl1_E,https://music.youtube.com/watch?v=zMvJ6zGl1_E,2,0.7600,title_only,GG61Q,We've Only Just Begun,Ferrante and Teicher,https://getsongbpm.com/song/we-ve-only-just-begun/GG61Q,86,4/4,A,major,4d,41,78
Perry Como,We've Only Just Begun,322,zMvJ6zGl1_E,https://music.youtube.com/watch?v=zMvJ6zGl1_E,3,0.7552,title_only,ZzlOg,We've Only Just Begun,Arturo Sandoval,https://getsongbpm.com/song/we-ve-only-just-begun/ZzlOg,169,4/4,A,major,4d,52,21
Perry Como,El Cóndor Pasa,323,yk-qoqOxt14,https://music.youtube.com/watch?v=yk-qoqOxt14,1,0.7652,title_only,kggRK,El Condor Pasa,Azúcar Moreno,https://getsongbpm.com/song/el-condor-pasa/kggRK,94,4/4,G,major,2d,53,1
Perry Como,El Cóndor Pasa,323,yk-qoqOxt14,https://music.youtube.com/watch?v=yk-qoqOxt14,2,0.7491,title_only,PN1Z7A,El Condor Pasa,Orchester Ambros Seelos,https://getsongbpm.com/song/el-condor-pasa/PN1Z7A,167,4/4,F,major,12d,43,62
Perry Como,El Cóndor Pasa,323,yk-qoqOxt14,https://music.youtube.com/watch?v=yk-qoqOxt14,3,0.7264,title_only,n0RnY,El Condor Pasa,Los Machucambos,https://getsongbpm.com/song/el-condor-pasa/n0RnY,77,4/4,A,minor,1m,46,94
Stevie Wonder,I Just Called To Say I Love You,327,djHiBp5oRnY,https://music.youtube.com/watch?v=djHiBp5oRnY,1,0.7480,title_only,yA3Gg,I Just Called To Say I Love You,Brancaster Studio Orchestra,https://getsongbpm.com/song/i-just-called-to-say-i-love-you/yA3Gg,113,4/4,C#,major,8d,75,25
Stevie Wonder,I Just Called To Say I Love You,327,djHiBp5oRnY,https://music.youtube.com/watch?v=djHiBp5oRnY,2,0.7467,title_only,82125l,I Just Called To Say I Love You,Fausto Papetti,https://getsongbpm.com/song/i-just-called-to-say-i-love-you/82125l,116,4/4,C,major,1d,75,44
Stevie Wonder,I Just Called To Say I Love You,327,djHiBp5oRnY,https://music.youtube.com/watch?v=djHiBp5oRnY,3,0.7312,title_first3,qk99D,I Just Called To Say,Teddy Pendergrass,https://getsongbpm.com/song/i-just-called-to-say/qk99D,112,4/4,G,major,2d,79,26
Rotting Christ,Heaven and Hell and Fire,328,t9wy0GikGxw,https://music.youtube.com/watch?v=t9wy0GikGxw,1,0.6832,title_first3,EXZl0,Heaven And Hell,Cabaret Voltaire,https://getsongbpm.com/song/heaven-and-hell/EXZl0,122,4/4,E,minor,2m,32,41
Rotting Christ,Heaven and Hell and Fire,328,t9wy0GikGxw,https://music.youtube.com/watch?v=t9wy0GikGxw,2,0.6661,title_first3,GV605,Heaven And Hell,Artwork,https://getsongbpm.com/song/heaven-and-hell/GV605,119,4/4,A,major,4d,47,4
Rotting Christ,Heaven and Hell and Fire,328,t9wy0GikGxw,https://music.youtube.com/watch?v=t9wy0GikGxw,3,0.6614,title_first2,lYjPN6,Heaven And ...,Centuria,https://getsongbpm.com/song/heaven-and-pointpointpoint/lYjPN6,128,3/4,C,major,1d,36,94
Decalius,Unknown,329,SD7S2XEbzGk,https://music.youtube.com/watch?v=SD7S2XEbzGk,1,0.8094,title_only,nZ4V5,Unknown,Lifehouse,https://getsongbpm.com/song/unknown/nZ4V5,181,4/4,C,major,1d,35,1
Decalius,Unknown,329,SD7S2XEbzGk,https://music.youtube.com/watch?v=SD7S2XEbzGk,2,0.7709,title_only,j2nx4,Unknown,"Pips, Chips & Videoclips",https://getsongbpm.com/song/unknown/j2nx4,116,4/4,G,major,2d,62,70
Decalius,Unknown,329,SD7S2XEbzGk,https://music.youtube.com/watch?v=SD7S2XEbzGk,3,0.7600,title_only,NEnA8,Unknown,Iris,https://getsongbpm.com/song/unknown/NEnA8,79,3/4,C#,major,8d,8,96
Silent Rhythm,Starry Night (Sleep Music),330,2VCPAR1UHEI,https://music.youtube.com/watch?v=2VCPAR1UHEI,1,0.6832,title_first2,2AoRM,Starry Night,Suzi Quatro,https://getsongbpm.com/song/starry-night/2AoRM,173,3/4,A,major,4d,54,25
Silent Rhythm,Starry Night (Sleep Music),330,2VCPAR1UHEI,https://music.youtube.com/watch?v=2VCPAR1UHEI,2,0.6740,title_first2,vMmDn,Starry Night,Davy Spillane,https://getsongbpm.com/song/starry-night/vMmDn,124,4/4,A,minor,1m,58,66
Silent Rhythm,Starry Night (Sleep Music),330,2VCPAR1UHEI,https://music.youtube.com/watch?v=2VCPAR1UHEI,3,0.6571,title_first2,GPNxy,Starry Night,Hi-STANDARD,https://getsongbpm.com/song/starry-night/GPNxy,93,4/4,F,major,12d,28,1
Wounded Masquerade,gone to waste,331,erHLmzjUrnw,https://music.youtube.com/watch?v=erHLmzjUrnw,1,0.7231,title_only,p88wY1,Gone To Waste,Mattress,https://getsongbpm.com/song/gone-to-waste/p88wY1,,,,minor,,,
Wounded Masquerade,gone to waste,331,erHLmzjUrnw,https://music.youtube.com/watch?v=erHLmzjUrnw,2,0.7097,title_only,2Nr9v,Gone To Waste,Cyann & Ben,https://getsongbpm.com/song/gone-to-waste/2Nr9v,139,4/4,C,major,1d,55,1
Wounded Masquerade,gone to waste,331,erHLmzjUrnw,https://music.youtube.com/watch?v=erHLmzjUrnw,3,0.6850,title_only,Z8gZ7E,Gone To Waste,Julia Hatfield,https://getsongbpm.com/song/gone-to-waste/Z8gZ7E,,,,minor,,,
Dido,Thank You,345,Ezi1Owv_rag,https://music.youtube.com/watch?v=Ezi1Owv_rag,1,0.8457,title_only,yo5OV,Thank You,Ida,https://getsongbpm.com/song/thank-you/yo5OV,112,3/4,A,minor,1m,46,70
Dido,Thank You,345,Ezi1Owv_rag,https://music.youtube.com/watch?v=Ezi1Owv_rag,2,0.7360,title_only,N9jvK,Thank You,Descendents,https://getsongbpm.com/song/thank-you/N9jvK,103,4/4,C,major,1d,18,1
Dido,Thank You,345,Ezi1Owv_rag,https://music.youtube.com/watch?v=Ezi1Owv_rag,3,0.7360,title_only,Anqgl,Thank You,Duran Duran,https://getsongbpm.com/song/thank-you/Anqgl,142,4/4,G,major,2d,19,21
INTHEWHALE,Waves,346,e4IBQ5f_tFg,https://music.youtube.com/watch?v=e4IBQ5f_tFg,1,0.7709,title_only,J6XRK,Waves,Helios Creed,https://getsongbpm.com/song/waves/J6XRK,136,4/4,A#,minor,8m,34,1
INTHEWHALE,Waves,346,e4IBQ5f_tFg,https://music.youtube.com/watch?v=e4IBQ5f_tFg,2,0.7467,title_only,2RnR1,Waves,Optiganally Yours,https://getsongbpm.com/song/waves/2RnR1,114,3/4,A,major,4d,74,91
INTHEWHALE,Waves,346,e4IBQ5f_tFg,https://music.youtube.com/watch?v=e4IBQ5f_tFg,3,0.7429,title_only,MNjx3,Waves,Snap!,https://getsongbpm.com/song/waves/MNjx3,109,4/4,G#,major,9d,58,26
Mars Lasar,Dominus,349,LQFJrZe__L0,https://music.youtube.com/watch?v=LQFJrZe__L0,1,0.7339,title_only,86DV65,Dominus,In Dying Arms,https://getsongbpm.com/song/dominus/86DV65,134,4/4,D,major,3d,51,1
Mars Lasar,Dominus,349,LQFJrZe__L0,https://music.youtube.com/watch?v=LQFJrZe__L0,2,0.7264,title_only,QnMnwZ,Dominus,Subliminal Code,https://getsongbpm.com/song/dominus/QnMnwZ,92,4/4,A#,minor,8m,40,1
Mars Lasar,Dominus,349,LQFJrZe__L0,https://music.youtube.com/watch?v=LQFJrZe__L0,3,0.7218,title_only,B873k,Dominus,The Gregorian Chorale of Eglise Querin,https://getsongbpm.com/song/dominus/B873k,63,4/4,G,major,2d,19,99
Decalius,I'm a Failure,350,oDdE3UvEDc0,https://music.youtube.com/watch?v=oDdE3UvEDc0,1,0.7840,title_only,rL0o2,I'm A Failure,The Scruffs,https://getsongbpm.com/song/i-m-a-failure/rL0o2,79,4/4,C,major,1d,53,94
Decalius,I'm a Failure,350,oDdE3UvEDc0,https://music.youtube.com/watch?v=oDdE3UvEDc0,2,0.6779,title_only,MwoQmG,I'm A Failure,Niktkolwiek,https://getsongbpm.com/song/i-m-a-failure/MwoQmG,149,4/4,C,minor,10m,78,3
Saint Avangeline,Shades of Cool,358,lhrgbsaVO9Y,https://music.youtube.com/watch?v=lhrgbsaVO9Y,1,0.7686,title_only,1WMxqo,Shades Of Cool,Lana Del Rey,https://getsongbpm.com/song/shades-of-cool/1WMxqo,137,3/4,D,minor,12m,27,56
DustBowlChampion,You,363,alUPxWJizQM,https://music.youtube.com/watch?v=alUPxWJizQM,1,0.7429,title_only,NkQM8,You,Bonnie Raitt,https://getsongbpm.com/song/you/NkQM8,124,4/4,G,minor,11m,59,85
DustBowlChampion,You,363,alUPxWJizQM,https://music.youtube.com/watch?v=alUPxWJizQM,2,0.7429,title_only,zJ72,You,Randy Sandke,https://getsongbpm.com/song/you/zJ72,124,4/4,A#,minor,8m,52,31
DustBowlChampion,You,363,alUPxWJizQM,https://music.youtube.com/watch?v=alUPxWJizQM,3,0.7300,title_only,W7RzJ,You,Phatfish,https://getsongbpm.com/song/you/W7RzJ,104,4/4,G#,major,9d,63,5
Soulless,See You When The Sky Turns Purple,366,qt-k_cF0msE,https://music.youtube.com/watch?v=qt-k_cF0msE,1,0.7882,title_first2,kRQEP5,See You,Soulmate,https://getsongbpm.com/song/see-you/kRQEP5,124,4/4,G#,major,9d,77,44
Soulless,See You When The Sky Turns Purple,366,qt-k_cF0msE,https://music.youtube.com/watch?v=qt-k_cF0msE,2,0.7552,title_first2,jR5Kx5,See You,noodles,https://getsongbpm.com/song/see-you/jR5Kx5,135,4/4,D,major,3d,59,1
Soulless,See You When The Sky Turns Purple,366,qt-k_cF0msE,https://music.youtube.com/watch?v=qt-k_cF0msE,3,0.6941,title_first2,4xLDo1,See You,Shawn Phillips,https://getsongbpm.com/song/see-you/4xLDo1,79,4/4,E,major,5d,23,94
None,Suffer,367,zeaZhbuPjnM,https://music.youtube.com/watch?v=zeaZhbuPjnM,1,0.8364,title_only,NERQ2,Suffer,Arovane,https://getsongbpm.com/song/suffer/NERQ2,139,4/4,E,minor,2m,46,1
None,Suffer,367,zeaZhbuPjnM,https://music.youtube.com/watch?v=zeaZhbuPjnM,2,0.8200,title_only,koD0v,Suffer,Endo,https://getsongbpm.com/song/suffer/koD0v,167,4/4,D,major,3d,35,1
None,Suffer,367,zeaZhbuPjnM,https://music.youtube.com/watch?v=zeaZhbuPjnM,3,0.8062,title_only,ADoEz,Suffer,Confessor,https://getsongbpm.com/song/suffer/ADoEz,87,4/4,C#,major,8d,39,1
Gutalax,Zakletý pšouk v pet lahvi,372,1nx9NmCq_YA,https://music.youtube.com/watch?v=1nx9NmCq_YA,1,0.7696,title_first3,RoOyEq,Zaklety Psouk V Pet-Lahvi (Cursed Fart In The Pet Bottle),Gutalax,https://getsongbpm.com/song/zaklety-psouk-v-pet-lahvi-cursed-fart-in-the-pet-bottle/RoOyEq,143,4/4,A#,major,11d,40,2
Old Wharf,The Fault In Our Design (feat. Daniel Hounslow),376,iMbzuV_HE4c,https://music.youtube.com/watch?v=iMbzuV_HE4c,1,0.6769,title_first2,OgpYDQ,The Fault,Underparts,https://getsongbpm.com/song/the-fault/OgpYDQ,77,4/4,G#,minor,,54,1
Old Wharf,The Fault In Our Design (feat. Daniel Hounslow),376,iMbzuV_HE4c,https://music.youtube.com/watch?v=iMbzuV_HE4c,2,0.6479,title_first2,2xRWA,The Fault,Defiance,https://getsongbpm.com/song/the-fault/2xRWA,,,,minor,,,
Old Wharf,The Fault In Our Design (feat. Daniel Hounslow),376,iMbzuV_HE4c,https://music.youtube.com/watch?v=iMbzuV_HE4c,3,0.5791,title_first3,RlJBV0,The Fault In Our Death Stars,Nuclear Bubble Wrap,https://getsongbpm.com/song/the-fault-in-our-death-stars/RlJBV0,109,4/4,F#,minor,4m,34,1
Wounded Masquerade,The day i finally left my pain behind,377,bArJ_6kwhOg,https://music.youtube.com/watch?v=bArJ_6kwhOg,1,0.6994,title_first2,mZQQLR,The Day,Orange Terror Field,https://getsongbpm.com/song/the-day/mZQQLR,,,,minor,,,
Wounded Masquerade,The day i finally left my pain behind,377,bArJ_6kwhOg,https://music.youtube.com/watch?v=bArJ_6kwhOg,2,0.6903,title_first2,KM3oG,The Day,Raining Pleasure,https://getsongbpm.com/song/the-day/KM3oG,153,4/4,G,major,2d,20,16
Wounded Masquerade,The day i finally left my pain behind,377,bArJ_6kwhOg,https://music.youtube.com/watch?v=bArJ_6kwhOg,3,0.6873,title_first2,KgZE8,The Day,Ten Madison,https://getsongbpm.com/song/the-day/KgZE8,120,4/4,G,minor,11m,59,11
Ultar,Au Seuil,381,gGAcwVrmkXk,https://music.youtube.com/watch?v=gGAcwVrmkXk,1,0.6186,title_only,ZmWXX8,Au Seuil De La Fin,Tenebrum,https://getsongbpm.com/song/au-seuil-de-la-fin/ZmWXX8,88,4/4,C#,major,8d,29,1
Ultar,Au Seuil,381,gGAcwVrmkXk,https://music.youtube.com/watch?v=gGAcwVrmkXk,2,0.6082,title_only,QplVZ,Au Seuil Du Néant (Nonexistence),Iszoloscope,https://getsongbpm.com/song/au-seuil-du-neant-nonexistence/QplVZ,149,4/4,C#,major,8d,47,1
cult of luna,I Remember,382,XHoob_0zFz8,https://music.youtube.com/watch?v=XHoob_0zFz8,1,0.7600,title_only,28xQv,I Remember,Coolio,https://getsongbpm.com/song/i-remember/28xQv,89,4/4,G#,major,9d,72,28
cult of luna,I Remember,382,XHoob_0zFz8,https://music.youtube.com/watch?v=XHoob_0zFz8,2,0.7600,title_only,E8BEY,I Remember,Julee Cruise,https://getsongbpm.com/song/i-remember/E8BEY,145,4/4,G,major,2d,30,73
cult of luna,I Remember,382,XHoob_0zFz8,https://music.youtube.com/watch?v=XHoob_0zFz8,3,0.7145,title_only,zKPp5,I Remember,Stabbing Westward,https://getsongbpm.com/song/i-remember/zKPp5,150,4/4,D,major,3d,32,1
Perry Como,It's Impossible,386,EdBts4zwt2w,https://music.youtube.com/watch?v=EdBts4zwt2w,1,0.7709,title_only,1mk3R,It's Impossible,Kenny Clarke,https://getsongbpm.com/song/it-s-impossible/1mk3R,192,3/4,G,major,2d,22,48
Perry Como,It's Impossible,386,EdBts4zwt2w,https://music.youtube.com/watch?v=EdBts4zwt2w,2,0.7600,title_only,PAAO1,It's Impossible,Patrick Norman,https://getsongbpm.com/song/it-s-impossible/PAAO1,138,4/4,E,major,5d,42,94
Perry Como,It's Impossible,386,EdBts4zwt2w,https://music.youtube.com/watch?v=EdBts4zwt2w,3,0.7508,title_only,73WVV8,It's Impossible,Nichelle Nichols,https://getsongbpm.com/song/it-s-impossible/73WVV8,176,3/4,A#,major,11d,28,88
REZN,Dread,390,n7o2UCXm1LE,https://music.youtube.com/watch?v=n7o2UCXm1LE,1,0.7600,title_only,qxyk0y,Dread,For Ruin,https://getsongbpm.com/song/dread/qxyk0y,140,4/4,A,major,4d,40,1
REZN,Dread,390,n7o2UCXm1LE,https://music.youtube.com/watch?v=n7o2UCXm1LE,2,0.7360,title_only,zmvA58,Dread,Judge Dread,https://getsongbpm.com/song/dread/zmvA58,90,4/4,A#,minor,8m,82,19
REZN,Dread,390,n7o2UCXm1LE,https://music.youtube.com/watch?v=n7o2UCXm1LE,3,0.7300,title_only,G6AK1J,Dread,Sarah Dashew,https://getsongbpm.com/song/dread/G6AK1J,113,3/4,A#,major,11d,66,77
My Useless Life,I Should Have Never Been Born,391,pZQpgxMDVCU,https://music.youtube.com/watch?v=pZQpgxMDVCU,1,0.6413,title_first3,1jGANo,I Should Have Been Home,Calvin Russell,https://getsongbpm.com/song/i-should-have-been-home/1jGANo,132,4/4,A,minor,1m,51,1
My Useless Life,I Should Have Never Been Born,391,pZQpgxMDVCU,https://music.youtube.com/watch?v=pZQpgxMDVCU,2,0.6413,title_first3,2k2EBJ,I Should Have Been Home,Calvin Russell,https://getsongbpm.com/song/i-should-have-been-home/2k2EBJ,132,4/4,A,minor,1m,51,1
My Useless Life,I Should Have Never Been Born,391,pZQpgxMDVCU,https://music.youtube.com/watch?v=pZQpgxMDVCU,3,0.6403,title_first2,r8w5B6,I Should,Sparklin' Dawn,https://getsongbpm.com/song/i-should/r8w5B6,,,,minor,,,
Wounded Masquerade,be myself,392,GsmwHrMd360,https://music.youtube.com/watch?v=GsmwHrMd360,1,0.7943,title_only,wxOrJ,Be Myself,Shed Seven,https://getsongbpm.com/song/be-myself/wxOrJ,187,4/4,E,minor,2m,22,1
Wounded Masquerade,be myself,392,GsmwHrMd360,https://music.youtube.com/watch?v=GsmwHrMd360,2,0.7525,title_only,kZm7mY,Be Myself,Aiden Grimshaw,https://getsongbpm.com/song/be-myself/kZm7mY,139,4/4,C,major,1d,41,25
Wounded Masquerade,be myself,392,GsmwHrMd360,https://music.youtube.com/watch?v=GsmwHrMd360,3,0.7508,title_only,ANy7qP,Be Myself,Headless,https://getsongbpm.com/song/be-myself/ANy7qP,131,4/4,E,minor,2m,61,1
Wounded Masquerade,I died that day,393,e47dRQ_UKao,https://music.youtube.com/watch?v=e47dRQ_UKao,1,0.7159,title_first2,5m7vB,I Died,Caroline Martin,https://getsongbpm.com/song/i-died/5m7vB,106,4/4,F,major,12d,73,88
Wounded Masquerade,I died that day,393,e47dRQ_UKao,https://music.youtube.com/watch?v=e47dRQ_UKao,2,0.6432,title_first2,YyGVp,I Died,Bif Naked,https://getsongbpm.com/song/i-died/YyGVp,144,4/4,G,major,2d,46,1
Wounded Masquerade,I died that day,393,e47dRQ_UKao,https://music.youtube.com/watch?v=e47dRQ_UKao,3,0.6258,title_first2,kZmLGJ,I Died,Devin,https://getsongbpm.com/song/i-died/kZmLGJ,102,3/4,C#,minor,5m,55,1
Blade and Bath,How to Enjoy Life?,394,J0_Z5543V5Y,https://music.youtube.com/watch?v=J0_Z5543V5Y,1,0.6784,title_first2,XQEqK8,How To,Hidden Turn,https://getsongbpm.com/song/how-to/XQEqK8,172,4/4,D,major,3d,73,1
Blade and Bath,How to Enjoy Life?,394,J0_Z5543V5Y,https://music.youtube.com/watch?v=J0_Z5543V5Y,2,0.6699,title_first2,3lPKlO,How To,David Garland,https://getsongbpm.com/song/how-to/3lPKlO,168,4/4,D,minor,12m,68,28
Blade and Bath,How to Enjoy Life?,394,J0_Z5543V5Y,https://music.youtube.com/watch?v=J0_Z5543V5Y,3,0.6390,title_first2,w0Ll1J,How To,Dynah,https://getsongbpm.com/song/how-to/w0Ll1J,126,4/4,G,major,2d,50,1
Blade and Bath,Trouble Sleeping,395,4v3gYpwo2yE,https://music.youtube.com/watch?v=4v3gYpwo2yE,1,0.7794,title_only,5vB7A,Trouble Sleeping,Trashcan Sinatras,https://getsongbpm.com/song/trouble-sleeping/5vB7A,74,4/4,D#,major,10d,54,24
Blade and Bath,Trouble Sleeping,395,4v3gYpwo2yE,https://music.youtube.com/watch?v=4v3gYpwo2yE,2,0.7794,title_only,kRw1VJ,Trouble Sleeping,Trashcan Sinatras,https://getsongbpm.com/song/trouble-sleeping/kRw1VJ,74,4/4,D#,major,10d,54,24
Blade and Bath,Trouble Sleeping,395,4v3gYpwo2yE,https://music.youtube.com/watch?v=4v3gYpwo2yE,3,0.7600,title_only,2jJ01,Trouble Sleeping,The Letters Organize,https://getsongbpm.com/song/trouble-sleeping/2jJ01,177,4/4,E,minor,2m,16,1
Wounded Masquerade,I want to disappear,403,n10IVykcoS4,https://music.youtube.com/watch?v=n10IVykcoS4,1,0.7762,title_only,nRwBA5,I Want To Disappear,Those Poor Bastards,https://getsongbpm.com/song/i-want-to-disappear/nRwBA5,139,5/4,G,minor,11m,58,58
Wounded Masquerade,I want to disappear,403,n10IVykcoS4,https://music.youtube.com/watch?v=n10IVykcoS4,2,0.7525,title_only,NxZjkp,I Want To Disappear,Marilyn Manson,https://getsongbpm.com/song/i-want-to-disappear/NxZjkp,144,4/4,C#,minor,5m,43,1
Wounded Masquerade,I want to disappear,403,n10IVykcoS4,https://music.youtube.com/watch?v=n10IVykcoS4,3,0.6903,title_first2,B6lmQ,I Want,The Apples in Stereo,https://getsongbpm.com/song/i-want/B6lmQ,139,4/4,C,major,1d,38,2
Blade and Bath; Блукання Самотньої Особистості,You Are Gone,404,W8LjCZoaFC0,https://music.youtube.com/watch?v=W8LjCZoaFC0,1,0.7026,title_only,14woV,You Are Gone,The Cruel Sea,https://getsongbpm.com/song/you-are-gone/14woV,92,4/4,F,major,12d,74,5
Blade and Bath; Блукання Самотньої Особистості,You Are Gone,404,W8LjCZoaFC0,https://music.youtube.com/watch?v=W8LjCZoaFC0,2,0.6976,title_only,oQrzgz,You Are Gone,The Buckinghams,https://getsongbpm.com/song/you-are-gone/oQrzgz,128,4/4,A,minor,1m,48,20
Blade and Bath; Блукання Самотньої Особистості,You Are Gone,404,W8LjCZoaFC0,https://music.youtube.com/watch?v=W8LjCZoaFC0,3,0.6976,title_only,o2oVn3,You Are Gone,The Buckinghams,https://getsongbpm.com/song/you-are-gone/o2oVn3,128,4/4,A,minor,1m,48,20
Wounded Masquerade,Everything you love will fade away,405,X8BVfcIkgV8,https://music.youtube.com/watch?v=X8BVfcIkgV8,1,0.6793,title_first3,0gwX1V,Everything You Love,Bob Schneider,https://getsongbpm.com/song/everything-you-love/0gwX1V,132,4/4,G,major,2d,52,1
Wounded Masquerade,Everything you love will fade away,405,X8BVfcIkgV8,https://music.youtube.com/watch?v=X8BVfcIkgV8,2,0.6740,title_first3,qxxvMR,Everything You Love,Chimaira,https://getsongbpm.com/song/everything-you-love/qxxvMR,134,4/4,E,minor,2m,60,1
Wounded Masquerade,Everything you love will fade away,405,X8BVfcIkgV8,https://music.youtube.com/watch?v=X8BVfcIkgV8,3,0.5899,title_first3,K1KwZM,Everything You Love,Eskimeaux,https://getsongbpm.com/song/everything-you-love/K1KwZM,139,4/4,C,major,1d,21,40
Wounded Masquerade,I ruin everything,409,lJiQuVHtsGc,https://music.youtube.com/watch?v=lJiQuVHtsGc,1,0.7273,title_only,pZxxrQ,I Ruin Everything,Ducking Punches,https://getsongbpm.com/song/i-ruin-everything/pZxxrQ,73,4/4,C,major,1d,49,16
Decalius,Loneliness,415,jbNZym6bEt8,https://music.youtube.com/watch?v=jbNZym6bEt8,1,0.7840,title_only,vx9pL,Loneliness,Danny Wilson,https://getsongbpm.com/song/loneliness/vx9pL,94,3/4,C,minor,10m,53,78
Decalius,Loneliness,415,jbNZym6bEt8,https://music.youtube.com/watch?v=jbNZym6bEt8,2,0.7750,title_only,pVDvm,Loneliness,Horslips,https://getsongbpm.com/song/loneliness/pVDvm,154,4/4,G,major,2d,28,1
Decalius,Loneliness,415,jbNZym6bEt8,https://music.youtube.com/watch?v=jbNZym6bEt8,3,0.7709,title_only,9gBzD,Loneliness,Raimonds Pauls,https://getsongbpm.com/song/loneliness/9gBzD,119,4/4,G,minor,11m,47,68
Blade and Bath,Useless,416,oZiUxAri5RE,https://music.youtube.com/watch?v=oZiUxAri5RE,1,0.7508,title_only,nZO67,Useless,Depeche Mode,https://getsongbpm.com/song/useless/nZO67,94,4/4,B,major,6d,62,2
Blade and Bath,Useless,416,oZiUxAri5RE,https://music.youtube.com/watch?v=oZiUxAri5RE,2,0.7429,title_only,rOKW,Useless,Crocodile Shop,https://getsongbpm.com/song/useless/rOKW,150,3/4,F,major,12d,80,21
Blade and Bath,Useless,416,oZiUxAri5RE,https://music.youtube.com/watch?v=oZiUxAri5RE,3,0.7264,title_only,q2DW7,Useless,Nothingface,https://getsongbpm.com/song/useless/q2DW7,118,4/4,G#,major,9d,47,1
Blade and Bath,In the Flame of My Memories,419,KkrPUIiX1AM,https://music.youtube.com/watch?v=KkrPUIiX1AM,1,0.7132,title_first3,6B1Z9z,In The Flame,Nat Monday,https://getsongbpm.com/song/in-the-flame/6B1Z9z,134,4/4,G,major,2d,55,1
Blade and Bath,In the Flame of My Memories,419,KkrPUIiX1AM,https://music.youtube.com/watch?v=KkrPUIiX1AM,2,0.6600,title_first3,qjX9op,In The Flame Of Error,Coheed and Cambria,https://getsongbpm.com/song/in-the-flame-of-error/qjX9op,79,3/4,C#,minor,5m,23,1
Blade and Bath,In the Flame of My Memories,419,KkrPUIiX1AM,https://music.youtube.com/watch?v=KkrPUIiX1AM,3,0.6066,title_first3,zp0Y0q,In The Flames Of Midsummer Pyre,Sarnath,https://getsongbpm.com/song/in-the-flames-of-midsummer-pyre/zp0Y0q,113,4/4,D,major,3d,41,1
Blade and Bath,Shot,420,2X-K28nCEo8,https://music.youtube.com/watch?v=2X-K28nCEo8,1,0.7927,title_only,04xmX,Shot,Tausend Tonnen Obst,https://getsongbpm.com/song/shot/04xmX,178,4/4,G#,major,9d,78,2
Blade and Bath,Shot,420,2X-K28nCEo8,https://music.youtube.com/watch?v=2X-K28nCEo8,2,0.7927,title_only,yR3DV,Shot,Tausend Tonnen Obst,https://getsongbpm.com/song/shot/yR3DV,122,4/4,G,major,2d,36,1
Blade and Bath,Shot,420,2X-K28nCEo8,https://music.youtube.com/watch?v=2X-K28nCEo8,3,0.7686,title_only,3WDZ9,Shot,Smackin' Isaiah,https://getsongbpm.com/song/shot/3WDZ9,,,,minor,,,
cloudyfield,crawl,421,e097hGFSGnc,https://music.youtube.com/watch?v=e097hGFSGnc,1,0.7750,title_only,Z80VQ,The Crawl,The Fabulous Thunderbirds,https://getsongbpm.com/song/the-crawl/Z80VQ,150,4/4,G#,major,9d,42,13
cloudyfield,crawl,421,e097hGFSGnc,https://music.youtube.com/watch?v=e097hGFSGnc,2,0.7750,title_only,kVOMY,The Crawl,The Fabulous Thunderbirds,https://getsongbpm.com/song/the-crawl/kVOMY,150,4/4,G#,major,9d,42,13
cloudyfield,crawl,421,e097hGFSGnc,https://music.youtube.com/watch?v=e097hGFSGnc,3,0.7264,title_only,kZ4rJ,The Crawl,Spirit of the West,https://getsongbpm.com/song/the-crawl/kZ4rJ,115,3/4,E,major,5d,61,68
Enrico Macias,Zingarella,423,vxNFXkXj8Z4,https://music.youtube.com/watch?v=vxNFXkXj8Z4,1,0.7890,title_only,vo9p0L,Zingarella,Biagio Antonacci,https://getsongbpm.com/song/zingarella/vo9p0L,76,1/4,A,minor,1m,34,69
Enrico Macias,Zingarella,423,vxNFXkXj8Z4,https://music.youtube.com/watch?v=vxNFXkXj8Z4,2,0.7200,title_only,jq9N4B,Zingarella,Golem,https://getsongbpm.com/song/zingarella/jq9N4B,178,4/4,D,major,3d,37,1
Enrico Macias,Zingarella,423,vxNFXkXj8Z4,https://music.youtube.com/watch?v=vxNFXkXj8Z4,3,0.6933,title_only,8nvk3,Zingarella,Wolf Krakowski,https://getsongbpm.com/song/zingarella/8nvk3,,,,minor,,,
juggler,so hard to quit you,425,z-qezf6oqwI,https://music.youtube.com/watch?v=z-qezf6oqwI,1,0.6903,title_first2,k283v,So Hard,Greg Brown,https://getsongbpm.com/song/so-hard/k283v,123,4/4,E,minor,2m,64,74
juggler,so hard to quit you,425,z-qezf6oqwI,https://music.youtube.com/watch?v=z-qezf6oqwI,2,0.6592,title_first2,ypmEE,So Hard,Fischer-Z,https://getsongbpm.com/song/so-hard/ypmEE,175,4/4,G,major,2d,46,12
juggler,so hard to quit you,425,z-qezf6oqwI,https://music.youtube.com/watch?v=z-qezf6oqwI,3,0.6432,title_first2,Mn9D3,So Hard,Cold Chisel,https://getsongbpm.com/song/so-hard/Mn9D3,122,4/4,E,major,5d,38,10
Blade and Bath,Misanthrope,426,5tWGOPn5Qoc,https://music.youtube.com/watch?v=5tWGOPn5Qoc,1,0.8295,title_only,AmDvl,Misanthrope,Death,https://getsongbpm.com/song/misanthrope/AmDvl,100,4/4,G,major,2d,39,1
Blade and Bath,Misanthrope,426,5tWGOPn5Qoc,https://music.youtube.com/watch?v=5tWGOPn5Qoc,2,0.7552,title_only,59K8B,MISanthROPE,Argyle Park,https://getsongbpm.com/song/misanthrope/59K8B,131,4/4,A#,minor,8m,55,1
Blade and Bath,Misanthrope,426,5tWGOPn5Qoc,https://music.youtube.com/watch?v=5tWGOPn5Qoc,3,0.7429,title_only,1wlPQV,Misanthrope,Page 12,https://getsongbpm.com/song/misanthrope/1wlPQV,98,4/4,C,major,1d,62,88
Blade and Bath & Saad,Tears of Broken Memories,427,4jtnVs_AeV8,https://music.youtube.com/watch?v=4jtnVs_AeV8,1,0.6370,title_first2,vQNBq8,Tears Of,Edgar Rothermich,https://getsongbpm.com/song/tears-of/vQNBq8,82,4/4,G,minor,11m,50,5
Blade and Bath & Saad,Tears of Broken Memories,427,4jtnVs_AeV8,https://music.youtube.com/watch?v=4jtnVs_AeV8,2,0.5702,title_first2,yA4LV,Tears Of A Broken Heart,Dynamic Twins,https://getsongbpm.com/song/tears-of-a-broken-heart/yA4LV,100,4/4,F#,major,7d,73,1
Blade and Bath & Saad,Tears of Broken Memories,427,4jtnVs_AeV8,https://music.youtube.com/watch?v=4jtnVs_AeV8,3,0.5674,title_first2,D97P4q,Tears Of A Broken Heart,The Brave,https://getsongbpm.com/song/tears-of-a-broken-heart/D97P4q,117,4/4,B,major,6d,65,3
Andy Williams,"Where Do I Begin (Love Theme from ""Love Story"")",431,cpu22VEdRRM,https://music.youtube.com/watch?v=cpu22VEdRRM,1,0.6965,title_first3,L8zl4w,Where Do I,Anything After,https://getsongbpm.com/song/where-do-i/L8zl4w,165,4/4,B,minor,3m,26,1
Andy Williams,"Where Do I Begin (Love Theme from ""Love Story"")",431,cpu22VEdRRM,https://music.youtube.com/watch?v=cpu22VEdRRM,2,0.6884,title_first3,lORxAj,Where Do I Begin,Maia Sharp,https://getsongbpm.com/song/where-do-i-begin/lORxAj,135,4/4,C,major,1d,41,56
Andy Williams,"Where Do I Begin (Love Theme from ""Love Story"")",431,cpu22VEdRRM,https://music.youtube.com/watch?v=cpu22VEdRRM,3,0.6832,title_first3,VOvXjo,Where Do I Begin,Ray Conniff,https://getsongbpm.com/song/where-do-i-begin/VOvXjo,83,4/4,A,minor,1m,52,65
Nextime; richmnkey,heavens,448,PR-CCYmUxCc,https://music.youtube.com/watch?v=PR-CCYmUxCc,1,0.8200,title_only,BNmYGk,Heavens,Rangeride,https://getsongbpm.com/song/heavens/BNmYGk,,,,minor,,,
Nextime; richmnkey,heavens,448,PR-CCYmUxCc,https://music.youtube.com/watch?v=PR-CCYmUxCc,2,0.7840,title_only,lWEG5,Heavens,Pinetop Seven,https://getsongbpm.com/song/heavens/lWEG5,121,4/4,E,minor,2m,58,47
Nextime; richmnkey,heavens,448,PR-CCYmUxCc,https://music.youtube.com/watch?v=PR-CCYmUxCc,3,0.7600,title_only,2vNXW,Heavens,James,https://getsongbpm.com/song/heavens/2vNXW,129,4/4,C,major,1d,61,23
Arthur Rubinstein; Frédéric Chopin,"Nocturnes, Op. 55: No. 1 in F Minor",454,DcwAQ08-So0,https://music.youtube.com/watch?v=DcwAQ08-So0,1,0.6022,title_first2,oZPZ2B,"Nocturnes, Op. 62: No. 1 In B Major",Yulianna Avdeeva,https://getsongbpm.com/song/nocturnes-oppoint-62-nopoint-1-in-b-major/oZPZ2B,80,3/4,B,minor,,22,100
Arthur Rubinstein; Frédéric Chopin,"Nocturnes, Op. 55: No. 1 in F Minor",454,DcwAQ08-So0,https://music.youtube.com/watch?v=DcwAQ08-So0,2,0.6004,title_first2,nRPR5E,"Nocturnes, Op. 27: No. 1 In C-Sharp Minor",Yulianna Avdeeva,https://getsongbpm.com/song/nocturnes-oppoint-27-nopoint-1-in-c-sharp-minor/nRPR5E,,,,minor,,,
Arthur Rubinstein; Frédéric Chopin,"Nocturnes, Op. 55: No. 1 in F Minor",454,DcwAQ08-So0,https://music.youtube.com/watch?v=DcwAQ08-So0,3,0.5891,title_first2,nRE0q7,"Nocturnes, Op. 9, No. 2 In E-Flat Major",Olga Scheps,https://getsongbpm.com/song/nocturnes-oppoint-9-nopoint-2-in-e-flat-major/nRE0q7,65,4/4,A#,major,11d,42,98
Bonnie Tyler,Total Eclipse of the Heart (Radio Version),470,KqBZAxCfWHA,https://music.youtube.com/watch?v=KqBZAxCfWHA,1,0.9232,title_first3,pJNxX,Total Eclipse Of The Heart,Bonnie Tyler,https://getsongbpm.com/song/total-eclipse-of-the-heart/pJNxX,65,4/4,G#,major,9d,44,20
Bonnie Tyler,Total Eclipse of the Heart (Radio Version),470,KqBZAxCfWHA,https://music.youtube.com/watch?v=KqBZAxCfWHA,2,0.9232,title_first3,gZrW9,Total Eclipse Of The Heart,Bonnie Tyler,https://getsongbpm.com/song/total-eclipse-of-the-heart/gZrW9,129,4/4,G#,major,9d,44,20
Bonnie Tyler,Total Eclipse of the Heart (Radio Version),470,KqBZAxCfWHA,https://music.youtube.com/watch?v=KqBZAxCfWHA,3,0.7122,title_first3,YE0n19,Total Eclipse Of The Heart,The Countdown Singers,https://getsongbpm.com/song/total-eclipse-of-the-heart/YE0n19,128,4/4,G#,major,9d,52,27
Static-X,Take Control,473,UDcfUx1a0IY,https://music.youtube.com/watch?v=UDcfUx1a0IY,1,0.7785,title_only,WjPBW,Take Control,Monsta Island Czars,https://getsongbpm.com/song/take-control/WjPBW,96,4/4,G,major,2d,82,39
Static-X,Take Control,473,UDcfUx1a0IY,https://music.youtube.com/watch?v=UDcfUx1a0IY,2,0.7429,title_only,RjwXK,Take Control,Sick of It All,https://getsongbpm.com/song/take-control/RjwXK,160,4/4,D,major,3d,37,1
Static-X,Take Control,473,UDcfUx1a0IY,https://music.youtube.com/watch?v=UDcfUx1a0IY,3,0.7429,title_only,2rk9K,Take Control,Code of Ethics,https://getsongbpm.com/song/take-control/2rk9K,129,4/4,C,major,1d,60,1
RoseHipRose,Blame it on me (Breakcore Version),474,JxYn6x6JzOo,https://music.youtube.com/watch?v=JxYn6x6JzOo,1,0.8800,title_first3,kZ19E6,Blame It On,P,https://getsongbpm.com/song/blame-it-on/kZ19E6,,,,minor,,,
RoseHipRose,Blame it on me (Breakcore Version),474,JxYn6x6JzOo,https://music.youtube.com/watch?v=JxYn6x6JzOo,2,0.7017,title_first2,mwKQ09,Blame It,Tony Royster Jr.,https://getsongbpm.com/song/blame-it/mwKQ09,174,4/4,G,major,2d,61,1
RoseHipRose,Blame it on me (Breakcore Version),474,JxYn6x6JzOo,https://music.youtube.com/watch?v=JxYn6x6JzOo,3,0.6661,title_first2,ElLJnY,Blame It,Patrick Pulsinger,https://getsongbpm.com/song/blame-it/ElLJnY,127,4/4,G,major,2d,80,1
Rotting Christ,The Sixth Day,475,PF9RrhR1EBY,https://music.youtube.com/watch?v=PF9RrhR1EBY,1,0.7382,title_only,YE4KNY,The Sixth Day,Edensong,https://getsongbpm.com/song/the-sixth-day/YE4KNY,123,3/4,C#,minor,5m,39,1
Rotting Christ,The Sixth Day,475,PF9RrhR1EBY,https://music.youtube.com/watch?v=PF9RrhR1EBY,2,0.7200,title_only,PNp7EA,The Sixth Day,Warp Factor 9,https://getsongbpm.com/song/the-sixth-day/PNp7EA,171,4/4,G#,major,9d,49,33
Rotting Christ,The Sixth Day,475,PF9RrhR1EBY,https://music.youtube.com/watch?v=PF9RrhR1EBY,3,0.6661,title_only,NOPAQ8,The Sixth Day Of Sodom: Boston Hardcore Caligula,Agoraphobic Nosebleed,https://getsongbpm.com/song/the-sixth-day-of-sodom-boston-hardcore-caligula/NOPAQ8,0,0/4,C#,major,8d,0,1
Tracy Huang,Woman In Love,481,Q8C-XdmlUXc,https://music.youtube.com/watch?v=Q8C-XdmlUXc,1,0.7965,title_only,oKqPB,Woman In Love,Night Ranger,https://getsongbpm.com/song/woman-in-love/oKqPB,142,4/4,G#,major,9d,54,2
Tracy Huang,Woman In Love,481,Q8C-XdmlUXc,https://music.youtube.com/watch?v=Q8C-XdmlUXc,2,0.7733,title_only,6LGvN,Woman In Love,Natalia Kukulska,https://getsongbpm.com/song/woman-in-love/6LGvN,,,,minor,,,
Tracy Huang,Woman In Love,481,Q8C-XdmlUXc,https://music.youtube.com/watch?v=Q8C-XdmlUXc,3,0.7709,title_only,QpOZY,Woman In Love,Björn Again,https://getsongbpm.com/song/woman-in-love/QpOZY,169,4/4,D#,minor,7m,47,25
Bonnie Tyler,Total Eclipse of the Heart (Re-Recorded),484,Iu65S0BNzRM,https://music.youtube.com/watch?v=Iu65S0BNzRM,1,0.9232,title_first3,pJNxX,Total Eclipse Of The Heart,Bonnie Tyler,https://getsongbpm.com/song/total-eclipse-of-the-heart/pJNxX,65,4/4,G#,major,9d,44,20
Bonnie Tyler,Total Eclipse of the Heart (Re-Recorded),484,Iu65S0BNzRM,https://music.youtube.com/watch?v=Iu65S0BNzRM,2,0.9232,title_first3,gZrW9,Total Eclipse Of The Heart,Bonnie Tyler,https://getsongbpm.com/song/total-eclipse-of-the-heart/gZrW9,129,4/4,G#,major,9d,44,20
Bonnie Tyler,Total Eclipse of the Heart (Re-Recorded),484,Iu65S0BNzRM,https://music.youtube.com/watch?v=Iu65S0BNzRM,3,0.7122,title_first3,YE0n19,Total Eclipse Of The Heart,The Countdown Singers,https://getsongbpm.com/song/total-eclipse-of-the-heart/YE0n19,128,4/4,G#,major,9d,52,27
Rowan Lee Hartsuiker,Jingle Bells (Mongolian Style),492,d6Cr1_j0rL4,https://music.youtube.com/watch?v=d6Cr1_j0rL4,1,0.7139,title_first2,pQLxX,Jingle Bells,Mormon Tabernacle Choir,https://getsongbpm.com/song/jingle-bells/pQLxX,122,4/4,D,major,3d,36,94
Rowan Lee Hartsuiker,Jingle Bells (Mongolian Style),492,d6Cr1_j0rL4,https://music.youtube.com/watch?v=d6Cr1_j0rL4,2,0.6958,title_first2,nrYyY,Jingle Bells,Wiener Symphoniker,https://getsongbpm.com/song/jingle-bells/nrYyY,111,4/4,C,major,1d,47,81
Rowan Lee Hartsuiker,Jingle Bells (Mongolian Style),492,d6Cr1_j0rL4,https://music.youtube.com/watch?v=d6Cr1_j0rL4,3,0.6903,title_first2,R63pw,Jingle Bells,Oscar Peterson,https://getsongbpm.com/song/jingle-bells/R63pw,163,4/4,F,minor,9m,60,94
Steve Lawrence,Somewhere Along the Way,495,xnQCKBnBDRs,https://music.youtube.com/watch?v=xnQCKBnBDRs,1,0.8200,title_only,jk7XR,Somewhere Along The Way,Beverly Kenney,https://getsongbpm.com/song/somewhere-along-the-way/jk7XR,108,3/4,B,major,6d,29,93
Steve Lawrence,Somewhere Along the Way,495,xnQCKBnBDRs,https://music.youtube.com/watch?v=xnQCKBnBDRs,2,0.7900,title_only,NkJg7p,Somewhere Along The Way,Shawn Ryan,https://getsongbpm.com/song/somewhere-along-the-way/NkJg7p,,,,minor,,,
Steve Lawrence,Somewhere Along the Way,495,xnQCKBnBDRs,https://music.youtube.com/watch?v=xnQCKBnBDRs,3,0.7785,title_only,ADB0Bp,Somewhere Along The Way,Natalie Cole,https://getsongbpm.com/song/somewhere-along-the-way/ADB0Bp,118,4/4,A#,major,11d,29,79
Grupo Soñador,El Paso Del Gigante,498,B_aQV6Q8700,https://music.youtube.com/watch?v=B_aQV6Q8700,1,0.7132,title_first2,mZQqRn,El Paso,Tonic Sol-Fa,https://getsongbpm.com/song/el-paso/mZQqRn,200,3/4,D,major,3d,48,54
Grupo Soñador,El Paso Del Gigante,498,B_aQV6Q8700,https://music.youtube.com/watch?v=B_aQV6Q8700,2,0.6771,title_first3,Z8rOlQ,El Paso Del Gato,Guadalupe Plata,https://getsongbpm.com/song/el-paso-del-gato/Z8rOlQ,114,4/4,C,major,1d,39,5
Grupo Soñador,El Paso Del Gigante,498,B_aQV6Q8700,https://music.youtube.com/watch?v=B_aQV6Q8700,3,0.6769,title_first2,voPJm,El Paso,The Gourds,https://getsongbpm.com/song/el-paso/voPJm,145,4/4,D,major,3d,61,28
The Rigthteous Brother,Unchained Melody,500,Zv8czIoAw5w,https://music.youtube.com/watch?v=Zv8czIoAw5w,1,0.7840,title_only,g2j0r,Unchained Melody,Gareth Gates,https://getsongbpm.com/song/unchained-melody/g2j0r,69,4/4,A#,major,11d,48,1
The Rigthteous Brother,Unchained Melody,500,Zv8czIoAw5w,https://music.youtube.com/watch?v=Zv8czIoAw5w,2,0.7771,title_only,VvDQ5,Unchained Melody,Clarence “Gatemouth” Brown,https://getsongbpm.com/song/unchained-melody/VvDQ5,175,4/4,G,major,2d,42,81
The Rigthteous Brother,Unchained Melody,500,Zv8czIoAw5w,https://music.youtube.com/watch?v=Zv8czIoAw5w,3,0.7561,title_only,MZvB1,Unchained Melody,Elvis Presley,https://getsongbpm.com/song/unchained-melody/MZvB1,76,3/4,C,major,1d,26,85
André Laplante; Maurice Ravel,Jeux D'Eau,501,VLC9oJBHxkI,https://music.youtube.com/watch?v=VLC9oJBHxkI,1,0.7785,title_only,G6XN18,Jeux D'eau,Bernd Steidl,https://getsongbpm.com/song/jeux-d-eau/G6XN18,98,4/4,B,minor,3m,42,97
André Laplante; Maurice Ravel,Jeux D'Eau,501,VLC9oJBHxkI,https://music.youtube.com/watch?v=VLC9oJBHxkI,2,0.7733,title_only,KrDmNr,Jeux D'eau,Maurice Ravel,https://getsongbpm.com/song/jeux-d-eau/KrDmNr,67,4/4,F#,minor,4m,24,100
André Laplante; Maurice Ravel,Jeux D'Eau,501,VLC9oJBHxkI,https://music.youtube.com/watch?v=VLC9oJBHxkI,3,0.7733,title_only,3lm1QA,Jeux D'Eau,Maurice Ravel,https://getsongbpm.com/song/jeux-d-eau/3lm1QA,67,4/4,F#,minor,4m,24,100
Armando Trovajoli,"L'amore dice ciao Slow Take (From ""La Matriarca - The Libertine"")",505,V0is-RpQHAg,https://music.youtube.com/watch?v=V0is-RpQHAg,1,0.7159,title_first3,Z8wAN8,L'Amore Dice Ciao,Walter Wanderley,https://getsongbpm.com/song/l-amore-dice-ciao/Z8wAN8,126,4/4,F,major,12d,34,66
Gunter Kallmann Choir,Daydream,506,2c0UusJoscE,https://music.youtube.com/watch?v=2c0UusJoscE,1,0.7634,title_only,oz7N,Daydream,Karrin Allyson,https://getsongbpm.com/song/daydream/oz7N,132,3/4,A,major,4d,41,94
Gunter Kallmann Choir,Daydream,506,2c0UusJoscE,https://music.youtube.com/watch?v=2c0UusJoscE,2,0.7491,title_only,Br992,Daydream,Vinnie Moore,https://getsongbpm.com/song/daydream/Br992,151,4/4,D,major,3d,14,12
Gunter Kallmann Choir,Daydream,506,2c0UusJoscE,https://music.youtube.com/watch?v=2c0UusJoscE,3,0.7491,title_only,VvGJB,Daydream,Dance or Die,https://getsongbpm.com/song/daydream/VvGJB,115,4/4,C#,major,8d,67,1
Dvorak,New World Symphony (Full),508,Qut5e3OfCvg,https://music.youtube.com/watch?v=Qut5e3OfCvg,1,0.6832,title_first2,Y6RDM,New World,David Wilcox,https://getsongbpm.com/song/new-world/Y6RDM,133,4/4,B,major,6d,42,33
Dvorak,New World Symphony (Full),508,Qut5e3OfCvg,https://music.youtube.com/watch?v=Qut5e3OfCvg,2,0.6740,title_first2,Qkxxl,New World,Strawbs,https://getsongbpm.com/song/new-world/Qkxxl,114,4/4,E,minor,2m,28,3
Dvorak,New World Symphony (Full),508,Qut5e3OfCvg,https://music.youtube.com/watch?v=Qut5e3OfCvg,3,0.6592,title_first3,qWNPy,New World Symphony,Mob Rules,https://getsongbpm.com/song/new-world-symphony/qWNPy,129,4/4,F#,minor,4m,44,63
Piano Marine Mike,Ebb Tide,516,DDVjTyCc6Ag,https://music.youtube.com/watch?v=DDVjTyCc6Ag,1,0.7890,title_only,vwzy5,Ebb Tide,Martin Denny,https://getsongbpm.com/song/ebb-tide/vwzy5,122,3/4,C,major,1d,35,96
Piano Marine Mike,Ebb Tide,516,DDVjTyCc6Ag,https://music.youtube.com/watch?v=DDVjTyCc6Ag,2,0.7709,title_only,5k6DX,Ebb Tide,Rosemary Clooney,https://getsongbpm.com/song/ebb-tide/5k6DX,82,5/4,B,minor,3m,30,98
Piano Marine Mike,Ebb Tide,516,DDVjTyCc6Ag,https://music.youtube.com/watch?v=DDVjTyCc6Ag,3,0.7634,title_only,07Z2G,Ebb Tide,Stéphane Grappelli,https://getsongbpm.com/song/ebb-tide/07Z2G,100,4/4,C,major,1d,32,94
Khusugtun,Chinggis Khaan,517,tcd59zMIadk,https://music.youtube.com/watch?v=tcd59zMIadk,1,0.6329,title_only,mZKO4G,CHINGGIS KHAANII MAGTAAT,Davaasuren Bayarbaatar,https://getsongbpm.com/song/chinggis-khaanii-magtaat/mZKO4G,,,,minor,,,
Powerwolf,Resurrection by Erection (Rerecorded Version),519,pKr6xrJZB6M,https://music.youtube.com/watch?v=pKr6xrJZB6M,1,0.9232,title_first3,48Qj06,Resurrection By Erection,Powerwolf,https://getsongbpm.com/song/resurrection-by-erection/48Qj06,156,4/4,D#,minor,7m,19,1
Powerwolf,Resurrection by Erection (Rerecorded Version),519,pKr6xrJZB6M,https://music.youtube.com/watch?v=pKr6xrJZB6M,2,0.8400,title_first3,w0D6QX,Resurrection By Erection (Live),Powerwolf,https://getsongbpm.com/song/resurrection-by-erection-live/w0D6QX,78,4/4,D#,minor,7m,21,1
Soothing Orthodox Chant (First Part of Polyeleos),Fixed,521,ox0KUghydNE,https://music.youtube.com/watch?v=ox0KUghydNE,1,0.7537,title_only,lyPlV,Fixed,Mittelstandskinder ohne Strom,https://getsongbpm.com/song/fixed/lyPlV,137,4/4,E,minor,2m,72,1
Soothing Orthodox Chant (First Part of Polyeleos),Fixed,521,ox0KUghydNE,https://music.youtube.com/watch?v=ox0KUghydNE,2,0.7360,title_only,73PoGQ,Fixed,Scroobius Pip,https://getsongbpm.com/song/fixed/73PoGQ,104,4/4,B,minor,3m,76,1
Soothing Orthodox Chant (First Part of Polyeleos),Fixed,521,ox0KUghydNE,https://music.youtube.com/watch?v=ox0KUghydNE,3,0.7185,title_only,voy3N0,Fixed,Scarface,https://getsongbpm.com/song/fixed/voy3N0,78,4/4,C,major,1d,41,1
André Laplante; Maurice Ravel,Miroirs: III. Une barque sur l'océan,523,wkAnau-XU80,https://music.youtube.com/watch?v=wkAnau-XU80,1,0.7733,title_only,k2MvB6,Miroirs: III. Une Barque Sur L'océan,Maurice Ravel,https://getsongbpm.com/song/miroirs-iiipoint-une-barque-sur-l-ocean/k2MvB6,70,4/4,B,minor,3m,21,99
André Laplante; Maurice Ravel,Miroirs: III. Une barque sur l'océan,523,wkAnau-XU80,https://music.youtube.com/watch?v=wkAnau-XU80,2,0.7733,title_only,66p8XO,Miroirs: III. Une Barque Sur L'Ocean,Maurice Ravel,https://getsongbpm.com/song/miroirs-iiipoint-une-barque-sur-l-ocean/66p8XO,70,4/4,B,minor,3m,21,99
André Laplante; Maurice Ravel,Miroirs: III. Une barque sur l'océan,523,wkAnau-XU80,https://music.youtube.com/watch?v=wkAnau-XU80,3,0.7733,title_only,j2omwP,Miroirs: III. Une Barque Sur L'océan,Maurice Ravel,https://getsongbpm.com/song/miroirs-iiipoint-une-barque-sur-l-ocean/j2omwP,66,4/4,D,major,3d,21,99
François Chaplin; Frédéric Chopin,"Nocturne No. 20 in C Sharp Minor, Op. Posthume 1830",526,hzeWANhdvv8,https://music.youtube.com/watch?v=hzeWANhdvv8,1,0.7596,title_first3,qxg0qk,"Nocturne No. 20 In C-sharp Minor, Op. Posth.",Fryderyk Chopin,https://getsongbpm.com/song/nocturne-nopoint-20-in-c-sharp-minor-oppoint-posthpoint/qxg0qk,163,4/4,C#,minor,5m,23,100
François Chaplin; Frédéric Chopin,"Nocturne No. 20 in C Sharp Minor, Op. Posthume 1830",526,hzeWANhdvv8,https://music.youtube.com/watch?v=hzeWANhdvv8,2,0.7562,title_first3,28JXQJ,"Nocturne No. 20 In C Sharp Minor, Op. Posth. 72/2",Fryderyk Chopin,https://getsongbpm.com/song/nocturne-nopoint-20-in-c-sharp-minor-oppoint-posthpoint-72-2/28JXQJ,,,,minor,,,
François Chaplin; Frédéric Chopin,"Nocturne No. 20 in C Sharp Minor, Op. Posthume 1830",526,hzeWANhdvv8,https://music.youtube.com/watch?v=hzeWANhdvv8,3,0.7499,title_first3,YvKlXp,Nocturne No. 20,Sarah Chang,https://getsongbpm.com/song/nocturne-nopoint-20/YvKlXp,86,4/4,C#,minor,5m,28,93
Satoru Kousaki,La Campanella,527,r-v39GDaTR0,https://music.youtube.com/watch?v=r-v39GDaTR0,1,0.7600,title_only,BL90RY,La Campanella,Aisha Syed,https://getsongbpm.com/song/la-campanella/BL90RY,,,,minor,,,
Satoru Kousaki,La Campanella,527,r-v39GDaTR0,https://music.youtube.com/watch?v=r-v39GDaTR0,2,0.7552,title_only,nWv35,La Campanella,Jorge Bolet,https://getsongbpm.com/song/la-campanella/nWv35,89,4/4,G#,minor,6m,31,98
Satoru Kousaki,La Campanella,527,r-v39GDaTR0,https://music.youtube.com/watch?v=r-v39GDaTR0,3,0.7329,title_only,Gv7p1K,La Campanella,Veikko Ahvenainen,https://getsongbpm.com/song/la-campanella/Gv7p1K,,,,minor,,,
Klara Kormendi; Erik Satie,Gnossienne No. 1: Lent,528,tXqtQdGo_pU,https://music.youtube.com/watch?v=tXqtQdGo_pU,1,0.7017,title_first2,769E5A,Gnossienne No. 1,Roland Dyens,https://getsongbpm.com/song/gnossienne-nopoint-1/769E5A,102,3/4,E,minor,2m,57,99
Klara Kormendi; Erik Satie,Gnossienne No. 1: Lent,528,tXqtQdGo_pU,https://music.youtube.com/watch?v=tXqtQdGo_pU,2,0.6532,title_first2,n51nnY,Gnossienne No. 1,Erik Satie,https://getsongbpm.com/song/gnossienne-nopoint-1/n51nnY,95,4/4,C,minor,10m,38,100
Klara Kormendi; Erik Satie,Gnossienne No. 1: Lent,528,tXqtQdGo_pU,https://music.youtube.com/watch?v=tXqtQdGo_pU,3,0.6532,title_first2,3QD9Q,Gnossienne No. 1,Erik Satie,https://getsongbpm.com/song/gnossienne-nopoint-1/3QD9Q,95,4/4,C,minor,10m,38,100
Meshuggah,Ligature Marks,533,23gPkJYoaNM,https://music.youtube.com/watch?v=23gPkJYoaNM,1,0.6954,title_only,6WnALl,Ligature Marks,Gost,https://getsongbpm.com/song/ligature-marks/6WnALl,182,4/4,B,major,6d,36,1
Renato Carosone,Tu Vuò Fa' L'Americano,535,4UAj7-R_zas,https://music.youtube.com/watch?v=4UAj7-R_zas,1,0.8800,title_first2,LyjAw,Tu Vuo Fa L'americano,Tonino Carotone,https://getsongbpm.com/song/tu-vuo-fa-l-americano/LyjAw,173,4/4,A,minor,1m,37,19
Renato Carosone,Tu Vuò Fa' L'Americano,535,4UAj7-R_zas,https://music.youtube.com/watch?v=4UAj7-R_zas,2,0.7840,title_first2,O7Yj7r,Tu Vuò Fa L'americano,Ray Gelato,https://getsongbpm.com/song/tu-vuo-fa-l-americano/O7Yj7r,181,4/4,A#,minor,8m,62,69
Renato Carosone,Tu Vuò Fa' L'Americano,535,4UAj7-R_zas,https://music.youtube.com/watch?v=4UAj7-R_zas,3,0.7840,title_first2,46zAVV,Tu Vuo 'Fa L'Americano,Ray Gelato,https://getsongbpm.com/song/tu-vuo-fa-l-americano/46zAVV,126,4/4,G#,minor,6m,85,1
Memories of the Fabricated,Blade Runner Ambient Music | Cyberpunk Ambient Space,539,nO-LzH6NPb4,https://music.youtube.com/watch?v=nO-LzH6NPb4,1,0.6793,title_first2,YEy2Y,Blade Runner,Mike Ladd,https://getsongbpm.com/song/blade-runner/YEy2Y,70,4/4,A,minor,1m,56,25
Memories of the Fabricated,Blade Runner Ambient Music | Cyberpunk Ambient Space,539,nO-LzH6NPb4,https://music.youtube.com/watch?v=nO-LzH6NPb4,2,0.6723,title_first2,k5WmQ6,Blade Runner,Portmanteau,https://getsongbpm.com/song/blade-runner/k5WmQ6,,,,minor,,,
Memories of the Fabricated,Blade Runner Ambient Music | Cyberpunk Ambient Space,539,nO-LzH6NPb4,https://music.youtube.com/watch?v=nO-LzH6NPb4,3,0.6691,title_first2,qxEN7p,Blade Runner,Trans Groove,https://getsongbpm.com/song/blade-runner/qxEN7p,,,,minor,,,
Jeremy Soule; The Elder Scrolls,Secunda,543,VPgZFgOvJDE,https://music.youtube.com/watch?v=VPgZFgOvJDE,1,0.7300,title_only,wp3n4J,Secunda,Harold Rubin,https://getsongbpm.com/song/secunda/wp3n4J,,,,minor,,,
Jeremy Soule; The Elder Scrolls,Secunda,543,VPgZFgOvJDE,https://music.youtube.com/watch?v=VPgZFgOvJDE,2,0.6832,title_only,XrxRJ8,"Secunda (from ""The Elder Scrolls V: Skyrim"") - String Quintet And Piano",Ethere,https://getsongbpm.com/song/secunda-from-the-elder-scrolls-v-skyrim-string-quintet-and-piano/XrxRJ8,89,3/4,C,minor,10m,48,98
Jeremy Soule; The Elder Scrolls,Secunda,543,VPgZFgOvJDE,https://music.youtube.com/watch?v=VPgZFgOvJDE,3,0.6463,title_only,Zzz4wQ,Secunda Cea Fara De Batrinete Si Fara De Moarte (The Second Without Oldness And Without Death),Mircea Baniciu,https://getsongbpm.com/song/secunda-cea-fara-de-batrinete-si-fara-de-moarte-the-second-without-oldness-and-without-death/Zzz4wQ,114,4/4,G,minor,11m,70,13
Static-X,Follow,553,nypJgo-bBc4,https://music.youtube.com/watch?v=nypJgo-bBc4,1,0.7750,title_only,qY2Qy,Follow,Semisonic,https://getsongbpm.com/song/follow/qY2Qy,95,4/4,G,major,2d,58,23
Static-X,Follow,553,nypJgo-bBc4,https://music.youtube.com/watch?v=nypJgo-bBc4,2,0.7300,title_only,zX8W7,Follow,Gruntruck,https://getsongbpm.com/song/follow/zX8W7,115,4/4,E,major,5d,50,1
Static-X,Follow,553,nypJgo-bBc4,https://music.youtube.com/watch?v=nypJgo-bBc4,3,0.7200,title_only,6WOMz,Follow,Edith Frost,https://getsongbpm.com/song/follow/6WOMz,100,4/4,G#,minor,6m,46,96
Static-X,Bring You Down (Project Regeneration),558,97YZGSRJ6xE,https://music.youtube.com/watch?v=97YZGSRJ6xE,1,0.9760,title_only,pZGmky,Bring You Down (Project Regeneration),Static‐X,https://getsongbpm.com/song/bring-you-down-project-regeneration/pZGmky,126,4/4,A#,minor,8m,64,1
Static-X,Bring You Down (Project Regeneration),558,97YZGSRJ6xE,https://music.youtube.com/watch?v=97YZGSRJ6xE,2,0.9760,title_only,nRD5XD,Bring You Down (Project Regeneration),Static‐X,https://getsongbpm.com/song/bring-you-down-project-regeneration/nRD5XD,126,4/4,A#,minor,8m,64,1
Static-X,Bring You Down (Project Regeneration),558,97YZGSRJ6xE,https://music.youtube.com/watch?v=97YZGSRJ6xE,3,0.6941,title_first3,L95KVW,Bring You Down,Mystery Machine,https://getsongbpm.com/song/bring-you-down/L95KVW,83,4/4,A#,minor,8m,39,1
Static-X,My Destruction,559,eoGh5WRFPGM,https://music.youtube.com/watch?v=eoGh5WRFPGM,1,0.9760,title_only,qQJnly,My Destruction,Static‐X,https://getsongbpm.com/song/my-destruction/qQJnly,148,4/4,A#,minor,8m,44,1
Static-X,My Destruction,559,eoGh5WRFPGM,https://music.youtube.com/watch?v=eoGh5WRFPGM,2,0.9760,title_only,oZE2KN,My Destruction,Static‐X,https://getsongbpm.com/song/my-destruction/oZE2KN,148,4/4,A#,minor,8m,44,1
Static-X,My Destruction,559,eoGh5WRFPGM,https://music.youtube.com/watch?v=eoGh5WRFPGM,3,0.7671,title_only,mq3pwA,My Destruction,Miss May I,https://getsongbpm.com/song/my-destruction/mq3pwA,115,4/4,F,minor,9m,55,1
Static-X,Accelerate,560,iHQnmwsV8UQ,https://music.youtube.com/watch?v=iHQnmwsV8UQ,1,0.7943,title_only,Gq5AJ,Accelerate,Contact,https://getsongbpm.com/song/accelerate/Gq5AJ,,,,minor,,,
Static-X,Accelerate,560,iHQnmwsV8UQ,https://music.youtube.com/watch?v=iHQnmwsV8UQ,2,0.7916,title_only,mZXPj9,Accelerate,Ghost Circus,https://getsongbpm.com/song/accelerate/mZXPj9,90,4/4,A,minor,1m,44,1
Static-X,Accelerate,560,iHQnmwsV8UQ,https://music.youtube.com/watch?v=iHQnmwsV8UQ,3,0.7429,title_only,gJ4R0l,Accelerate,Anartha,https://getsongbpm.com/song/accelerate/gJ4R0l,194,4/4,A,major,4d,17,1
Andrea Bocelli,Con te partirò (2016 Version),564,rqE10TnBPGM,https://music.youtube.com/watch?v=rqE10TnBPGM,1,0.7732,title_first3,JZQq0y,Con Te Partirò,André Rieu,https://getsongbpm.com/song/con-te-partiro/JZQq0y,114,4/4,G,major,2d,18,89
Andrea Bocelli,Con te partirò (2016 Version),564,rqE10TnBPGM,https://music.youtube.com/watch?v=rqE10TnBPGM,2,0.7732,title_first3,Q1wpX7,Con Te Partirò,André Rieu,https://getsongbpm.com/song/con-te-partiro/Q1wpX7,114,4/4,G,major,2d,18,89
Andrea Bocelli,Con te partirò (2016 Version),564,rqE10TnBPGM,https://music.youtube.com/watch?v=rqE10TnBPGM,3,0.7175,title_first3,pxj81,Con Te Partiro,Nana Mouskouri,https://getsongbpm.com/song/con-te-partiro/pxj81,106,4/4,D,major,3d,25,82
Belle,Notre Dame de Paris French & English Lyrics Paroles Play Musical Translation Learn Songs,565,wbZ2KAuNTP8,https://music.youtube.com/watch?v=wbZ2KAuNTP8,1,0.7432,title_first2,MjyGQQ,Notre Dame,Berthet,https://getsongbpm.com/song/notre-dame/MjyGQQ,76,3/4,C#,minor,5m,23,92
Belle,Notre Dame de Paris French & English Lyrics Paroles Play Musical Translation Learn Songs,565,wbZ2KAuNTP8,https://music.youtube.com/watch?v=wbZ2KAuNTP8,2,0.6258,title_first3,3QoPjM,Notre Dame De Paris,Dominique Parolisi,https://getsongbpm.com/song/notre-dame-de-paris/3QoPjM,,,,minor,,,
Belle,Notre Dame de Paris French & English Lyrics Paroles Play Musical Translation Learn Songs,565,wbZ2KAuNTP8,https://music.youtube.com/watch?v=wbZ2KAuNTP8,3,0.6186,title_first2,X6Y1vV,Notre Dame,Cayetano,https://getsongbpm.com/song/notre-dame/X6Y1vV,164,3/4,G#,major,9d,44,7
Brian Grey,Smooth Night,568,SUeqJR3WAlg,https://music.youtube.com/watch?v=SUeqJR3WAlg,1,0.7467,title_only,lxvoD6,Smooth Night,Marcin Nowakowski,https://getsongbpm.com/song/smooth-night/lxvoD6,115,4/4,F,major,12d,65,18
Brian Grey,Smooth Night,568,SUeqJR3WAlg,https://music.youtube.com/watch?v=SUeqJR3WAlg,2,0.7382,title_only,G2RML,Smooth Night,Blue Knights,https://getsongbpm.com/song/smooth-night/G2RML,88,4/4,A,major,4d,72,80
Brian Grey,Smooth Night,568,SUeqJR3WAlg,https://music.youtube.com/watch?v=SUeqJR3WAlg,3,0.6484,title_only,k5MnDX,Smooth Nights,Atlas Strategic,https://getsongbpm.com/song/smooth-nights/k5MnDX,,,,minor,,,
The Beatles,Don't Let Me Down (Remastered 2009),569,xk7f6i0CNfs,https://music.youtube.com/watch?v=xk7f6i0CNfs,1,0.6965,title_first3,vgD9E5,Don't Let Me,Six Finger Satellite,https://getsongbpm.com/song/don-t-let-me/vgD9E5,160,4/4,G#,minor,6m,45,41
The Beatles,Don't Let Me Down (Remastered 2009),569,xk7f6i0CNfs,https://music.youtube.com/watch?v=xk7f6i0CNfs,2,0.6903,title_first3,DkYWVq,Don't Let Me,The Baby Skins,https://getsongbpm.com/song/don-t-let-me/DkYWVq,146,4/4,C#,major,8d,89,3
The Beatles,Don't Let Me Down (Remastered 2009),569,xk7f6i0CNfs,https://music.youtube.com/watch?v=xk7f6i0CNfs,3,0.6832,simplified_title_only,3wD1Q,Don't Let Me Down,Miguel Migs,https://getsongbpm.com/song/don-t-let-me-down/3wD1Q,167,4/4,G#,major,9d,73,19
Ulcerate,To See Death Just Once,589,pkP4lKEonuk,https://music.youtube.com/watch?v=pkP4lKEonuk,1,0.5632,title_first2,J6O9zl,To See,山下勉,https://getsongbpm.com/song/to-see/J6O9zl,85,4/4,G#,major,9d,12,93
The HU,Sad But True,600,FoaNhkH5rr8,https://music.youtube.com/watch?v=FoaNhkH5rr8,1,0.7429,title_only,Q9Gm5,Sad But True,Rudra,https://getsongbpm.com/song/sad-but-true/Q9Gm5,161,4/4,G#,major,9d,27,1
The HU,Sad But True,600,FoaNhkH5rr8,https://music.youtube.com/watch?v=FoaNhkH5rr8,2,0.7120,title_only,6BqW9,Sad But True,En Vogue,https://getsongbpm.com/song/sad-but-true/6BqW9,180,3/4,B,minor,3m,43,56
The HU,Sad But True,600,FoaNhkH5rr8,https://music.youtube.com/watch?v=FoaNhkH5rr8,3,0.7000,title_only,YEQV9M,Sad But True,Iron Horse,https://getsongbpm.com/song/sad-but-true/YEQV9M,117,4/4,C,major,1d,78,31
Static-X,Z28,607,A_vgC4Rk_3A,https://music.youtube.com/watch?v=A_vgC4Rk_3A,1,0.9760,title_only,gLqP0k,Z28,Static‐X,https://getsongbpm.com/song/z28/gLqP0k,154,3/4,C#,major,8d,54,1
Static-X,Z28,607,A_vgC4Rk_3A,https://music.youtube.com/watch?v=A_vgC4Rk_3A,2,0.6400,title_only,oVBlQk,Z28,勝手にしやがれ,https://getsongbpm.com/song/z28/oVBlQk,200,4/4,E,minor,2m,26,18
Static-X,Z28,607,A_vgC4Rk_3A,https://music.youtube.com/watch?v=A_vgC4Rk_3A,3,0.6400,title_only,z60OKy,Z28,勝手にしやがれ,https://getsongbpm.com/song/z28/z60OKy,200,4/4,E,minor,2m,26,18
Static-X,Lunatic,608,eJG-mYkses4,https://music.youtube.com/watch?v=eJG-mYkses4,1,0.8094,title_only,own8k,Lunatic,Ed Starink,https://getsongbpm.com/song/lunatic/own8k,118,4/4,A#,major,11d,17,97
Static-X,Lunatic,608,eJG-mYkses4,https://music.youtube.com/watch?v=eJG-mYkses4,2,0.7771,title_only,29ZqN,Lunatic,Throat Culture,https://getsongbpm.com/song/lunatic/29ZqN,182,3/4,C,minor,10m,52,91
Static-X,Lunatic,608,eJG-mYkses4,https://music.youtube.com/watch?v=eJG-mYkses4,3,0.7750,title_only,wDM58,Lunatic,Star Wash,https://getsongbpm.com/song/lunatic/wDM58,111,4/4,C#,major,8d,71,5
Static-X,You Am I,609,fMNgnnjnOsw,https://music.youtube.com/watch?v=fMNgnnjnOsw,1,0.9760,title_only,nrAP17,You Am I,Static‐X,https://getsongbpm.com/song/you-am-i/nrAP17,197,3/4,G,major,2d,49,1
Static-X,Skinned,610,8qAIHFZnSws,https://music.youtube.com/watch?v=8qAIHFZnSws,1,0.7750,title_only,Z701R,Skinned,Mortician,https://getsongbpm.com/song/skinned/Z701R,126,4/4,G#,minor,6m,17,1
Static-X,Skinned,610,8qAIHFZnSws,https://music.youtube.com/watch?v=8qAIHFZnSws,2,0.7508,title_only,yZ937,Skinned,The Wretch,https://getsongbpm.com/song/skinned/yZ937,170,4/4,C#,minor,5m,24,2
Static-X,Skinned,610,8qAIHFZnSws,https://music.youtube.com/watch?v=8qAIHFZnSws,3,0.7360,title_only,lYvzZJ,Skinned,Symbiont,https://getsongbpm.com/song/skinned/lYvzZJ,140,4/4,C#,major,8d,52,1
Foreigner,Waiting For A Girl Like You (Live),612,JD-JOa17Feg,https://music.youtube.com/watch?v=JD-JOa17Feg,1,0.6712,title_first2,LgoNRg,Waiting For,Under Marié,https://getsongbpm.com/song/waiting-for/LgoNRg,123,4/4,A,minor,1m,50,93
Foreigner,Waiting For A Girl Like You (Live),612,JD-JOa17Feg,https://music.youtube.com/watch?v=JD-JOa17Feg,2,0.6661,title_first2,qxpM32,Waiting For,Falb Fiction,https://getsongbpm.com/song/waiting-for/qxpM32,104,4/4,C#,major,8d,43,46
Foreigner,Waiting For A Girl Like You (Live),612,JD-JOa17Feg,https://music.youtube.com/watch?v=JD-JOa17Feg,3,0.6532,title_first2,1r6vx3,Waiting For,Coparck,https://getsongbpm.com/song/waiting-for/1r6vx3,77,4/4,D#,minor,7m,50,28
Nextime; Richmnkey,smoky,613,Wq9dXy615jE,https://music.youtube.com/watch?v=Wq9dXy615jE,1,0.7916,title_only,k50YmK,Smoky,Andrew Liles,https://getsongbpm.com/song/smoky/k50YmK,107,4/4,F#,major,7d,42,14
Nextime; Richmnkey,smoky,613,Wq9dXy615jE,https://music.youtube.com/watch?v=Wq9dXy615jE,2,0.7709,title_only,4LLW9k,Smoky,Tama,https://getsongbpm.com/song/smoky/4LLW9k,130,4/4,D#,major,10d,83,2
Nextime; Richmnkey,smoky,613,Wq9dXy615jE,https://music.youtube.com/watch?v=Wq9dXy615jE,3,0.7200,title_only,L7gD6w,Smoky,Kai Winding,https://getsongbpm.com/song/smoky/L7gD6w,81,4/4,A,major,4d,66,99
Rotting Christ,Les Litanies De Satan (Fleurs Du Mal),618,UAbDfKUWHOw,https://music.youtube.com/watch?v=UAbDfKUWHOw,1,0.9654,title_first3,k2X03K,Les Litanies De Satan (Les Fleurs Du Mal),Rotting Christ,https://getsongbpm.com/song/les-litanies-de-satan-les-fleurs-du-mal/k2X03K,177,3/4,E,major,5d,34,1
Rotting Christ,Les Litanies De Satan (Fleurs Du Mal),618,UAbDfKUWHOw,https://music.youtube.com/watch?v=UAbDfKUWHOw,2,0.6784,title_first3,8JPG5,Les Litanies De Satan,Necromantia,https://getsongbpm.com/song/les-litanies-de-satan/8JPG5,120,4/4,C,major,1d,43,1
Rotting Christ,Les Litanies De Satan (Fleurs Du Mal),618,UAbDfKUWHOw,https://music.youtube.com/watch?v=UAbDfKUWHOw,3,0.6455,title_first3,Wn2rgv,Les Litanies De Satan,Theatres des Vampires,https://getsongbpm.com/song/les-litanies-de-satan/Wn2rgv,74,3/4,C#,minor,5m,47,94
The Romantics,Talking In Your Sleep (2023 Remaster),621,B4yVmBdXwfw,https://music.youtube.com/watch?v=B4yVmBdXwfw,1,0.9232,title_first3,3XX7r,Talking In Your Sleep,The Romantics,https://getsongbpm.com/song/talking-in-your-sleep/3XX7r,129,4/4,A,minor,1m,72,3
The Romantics,Talking In Your Sleep (2023 Remaster),621,B4yVmBdXwfw,https://music.youtube.com/watch?v=B4yVmBdXwfw,2,0.7268,title_first3,qllkr,Talking In Your Sleep,Reba McEntire,https://getsongbpm.com/song/talking-in-your-sleep/qllkr,135,4/4,G#,major,9d,55,69
The Romantics,Talking In Your Sleep (2023 Remaster),621,B4yVmBdXwfw,https://music.youtube.com/watch?v=B4yVmBdXwfw,3,0.6965,title_first3,pgq6p,Talking In Your Sleep,Martine McCutcheon,https://getsongbpm.com/song/talking-in-your-sleep/pgq6p,139,4/4,G#,major,9d,31,57
M8L8TH,Мужество Ведет На Небеса,625,U2qfOmKrQns,https://music.youtube.com/watch?v=U2qfOmKrQns,1,0.7600,title_first3,NLBDjK,Мужество ведёт на небеса,М8Л8ТХ,https://getsongbpm.com/song/muzhestvo-vedet-na-nebesa/NLBDjK,130,4/4,A#,minor,8m,76,43
Rotting Christ,"Like Father, Like Son",627,_RpUxaEI8H8,https://music.youtube.com/watch?v=_RpUxaEI8H8,1,0.7965,title_only,ADvq3O,"Like Father, Like Son",Frontkick,https://getsongbpm.com/song/like-father-like-son/ADvq3O,,,,minor,,,
Rotting Christ,"Like Father, Like Son",627,_RpUxaEI8H8,https://music.youtube.com/watch?v=_RpUxaEI8H8,2,0.7794,title_only,89v0j,"Like Father, Like Son",Chris Thomas King,https://getsongbpm.com/song/like-father-like-son/89v0j,87,4/4,A,major,4d,78,10
Rotting Christ,"Like Father, Like Son",627,_RpUxaEI8H8,https://music.youtube.com/watch?v=_RpUxaEI8H8,3,0.7794,title_only,gJw2Mj,"Like Father, Like Son",The Brilliant Corners,https://getsongbpm.com/song/like-father-like-son/gJw2Mj,175,4/4,D,major,3d,32,6
Thy Art Is Murder,Keres,630,WBOh416nMR0,https://music.youtube.com/watch?v=WBOh416nMR0,1,0.7171,title_only,jLVx9R,Keres,Pogavranjen,https://getsongbpm.com/song/keres/jLVx9R,169,4/4,A#,major,11d,37,78
Thy Art Is Murder,Keres,630,WBOh416nMR0,https://music.youtube.com/watch?v=WBOh416nMR0,2,0.7055,title_only,lO6mA6,Keres,Kawir,https://getsongbpm.com/song/keres/lO6mA6,125,4/4,F,minor,9m,34,1
Thy Art Is Murder,Keres,630,WBOh416nMR0,https://music.youtube.com/watch?v=WBOh416nMR0,3,0.7055,title_only,DqY2p6,Keres,Kawir,https://getsongbpm.com/song/keres/DqY2p6,125,4/4,F,minor,9m,34,1
Enya,May It Be,632,mvwysPNdthM,https://music.youtube.com/watch?v=mvwysPNdthM,1,0.7537,title_only,v237qX,May It Be,Hayley Westenra,https://getsongbpm.com/song/may-it-be/v237qX,175,3/4,A,major,4d,17,94
Enya,May It Be,632,mvwysPNdthM,https://music.youtube.com/watch?v=mvwysPNdthM,2,0.7382,title_only,5W1LR,May It Be,The Taliesin Orchestra,https://getsongbpm.com/song/may-it-be/5W1LR,60,4/4,A,major,4d,13,93
Enya,May It Be,632,mvwysPNdthM,https://music.youtube.com/watch?v=mvwysPNdthM,3,0.7300,title_only,5OvLK,May It Be,Celtic Woman,https://getsongbpm.com/song/may-it-be/5OvLK,63,3/4,A,major,4d,17,94
The Hollies,Long Cool Woman (In a Black Dress) (1999 Remaster),636,zqBCGmqgbHU,https://music.youtube.com/watch?v=zqBCGmqgbHU,1,0.9232,title_first3,lNqwl,Long Cool Woman In A Black Dress,The Hollies,https://getsongbpm.com/song/long-cool-woman-in-a-black-dress/lNqwl,136,4/4,A,major,4d,76,42
The Hollies,Long Cool Woman (In a Black Dress) (1999 Remaster),636,zqBCGmqgbHU,https://music.youtube.com/watch?v=zqBCGmqgbHU,2,0.6903,title_first3,zYVk8,Long Cool Woman In A Black Dress,Rockapella,https://getsongbpm.com/song/long-cool-woman-in-a-black-dress/zYVk8,138,4/4,A,major,4d,76,42
The Hollies,Long Cool Woman (In a Black Dress) (1999 Remaster),636,zqBCGmqgbHU,https://music.youtube.com/watch?v=zqBCGmqgbHU,3,0.6903,title_first3,EVnwN,Long Cool Woman In A Black Dress,Rockapella,https://getsongbpm.com/song/long-cool-woman-in-a-black-dress/EVnwN,138,4/4,A,major,4d,76,42
Fleetwood Mac,The Chain (2004 Remaster),638,FhgFtXESdPk,https://music.youtube.com/watch?v=FhgFtXESdPk,1,0.6832,title_first2,5VZNv,The Chain,Dougal Reed,https://getsongbpm.com/song/the-chain/5VZNv,,,,minor,,,
Fleetwood Mac,The Chain (2004 Remaster),638,FhgFtXESdPk,https://music.youtube.com/watch?v=FhgFtXESdPk,2,0.6740,title_first2,p6XwQ,The Chain,Seven Witches,https://getsongbpm.com/song/the-chain/p6XwQ,,,,minor,,,
Fleetwood Mac,The Chain (2004 Remaster),638,FhgFtXESdPk,https://music.youtube.com/watch?v=FhgFtXESdPk,3,0.6712,title_first2,kVnlr,The Chain,Tantric,https://getsongbpm.com/song/the-chain/kVnlr,82,4/4,F#,major,7d,52,1
Urfaust,Verderber,649,8ONDA_KtQO0,https://music.youtube.com/watch?v=8ONDA_KtQO0,1,0.7360,title_only,Mw4q1R,Verderber,Arroganz,https://getsongbpm.com/song/verderber/Mw4q1R,110,4/4,D,major,3d,32,1
lost corp.,Eyes Without A Face,657,MFlP75lMg_0,https://music.youtube.com/watch?v=MFlP75lMg_0,1,0.8200,title_only,LJl3A,Eyes Without A Face,Scooter,https://getsongbpm.com/song/eyes-without-a-face/LJl3A,90,4/4,D#,major,10d,54,79
lost corp.,Eyes Without A Face,657,MFlP75lMg_0,https://music.youtube.com/watch?v=MFlP75lMg_0,2,0.7771,title_only,L5znX,Eyes Without A Face,The Flesh Eaters,https://getsongbpm.com/song/eyes-without-a-face/L5znX,103,4/4,E,minor,2m,37,1
lost corp.,Eyes Without A Face,657,MFlP75lMg_0,https://music.youtube.com/watch?v=MFlP75lMg_0,3,0.7671,title_only,NVk8L,Eyes Without A Face,The BossHoss,https://getsongbpm.com/song/eyes-without-a-face/NVk8L,84,4/4,G,major,2d,52,18
Stardust,Music Sounds Better With You,667,Hf244LCkkLc,https://music.youtube.com/watch?v=Hf244LCkkLc,1,0.8036,title_only,mOMnA0,Music Sounds Better With You,The Scene Stealers,https://getsongbpm.com/song/music-sounds-better-with-you/mOMnA0,127,4/4,C#,major,8d,79,1
Stardust,Music Sounds Better With You,667,Hf244LCkkLc,https://music.youtube.com/watch?v=Hf244LCkkLc,2,0.7537,title_only,76y5vO,Music Sounds Better With You,Colton Ford,https://getsongbpm.com/song/music-sounds-better-with-you/76y5vO,127,4/4,F,minor,9m,82,1
Stardust,Music Sounds Better With You,667,Hf244LCkkLc,https://music.youtube.com/watch?v=Hf244LCkkLc,3,0.7534,title_first3,mQjyX0,Music Sounds Better With U,Big Time Rush,https://getsongbpm.com/song/music-sounds-better-with-u/mQjyX0,123,4/4,G#,minor,6m,56,98
Frank Sinatra,It Was A Very Good Year (2008 Remastered),677,TeDfgUvyKHk,https://music.youtube.com/watch?v=TeDfgUvyKHk,1,0.7197,title_first2,k2zJx6,It Was,Blank Dogs,https://getsongbpm.com/song/it-was/k2zJx6,171,4/4,C,major,1d,33,1
Frank Sinatra,It Was A Very Good Year (2008 Remastered),677,TeDfgUvyKHk,https://music.youtube.com/watch?v=TeDfgUvyKHk,2,0.6941,title_first2,qDW52,It Was,The Verlaines,https://getsongbpm.com/song/it-was/qDW52,142,4/4,G,major,2d,36,73
Frank Sinatra,It Was A Very Good Year (2008 Remastered),677,TeDfgUvyKHk,https://music.youtube.com/watch?v=TeDfgUvyKHk,3,0.6918,title_first2,Krq1Er,It Was,Chris & Cosey,https://getsongbpm.com/song/it-was/Krq1Er,127,4/4,F#,major,7d,83,3
Artie Shaw & His Orchestra,Stardust,681,ggusizL531I,https://music.youtube.com/watch?v=ggusizL531I,1,0.7572,title_only,j4Mv,Stardust,George Shearing,https://getsongbpm.com/song/stardust/j4Mv,101,4/4,C,minor,10m,35,96
Artie Shaw & His Orchestra,Stardust,681,ggusizL531I,https://music.youtube.com/watch?v=ggusizL531I,2,0.7405,title_only,qY0ky,Stardust,Wynton Marsalis,https://getsongbpm.com/song/stardust/qY0ky,121,4/4,A#,minor,8m,29,96
Artie Shaw & His Orchestra,Stardust,681,ggusizL531I,https://music.youtube.com/watch?v=ggusizL531I,3,0.7257,title_only,8v3W,Stardust,Scott Hamilton,https://getsongbpm.com/song/stardust/8v3W,83,4/4,C#,major,8d,40,93
Foreigner,Cold as Ice (2008 Remaster),705,SdOFadTTV_8,https://music.youtube.com/watch?v=SdOFadTTV_8,1,0.9232,title_first3,j2wJW,Cold As Ice,Foreigner,https://getsongbpm.com/song/cold-as-ice/j2wJW,129,4/4,D#,minor,7m,52,10
Foreigner,Cold as Ice (2008 Remaster),705,SdOFadTTV_8,https://music.youtube.com/watch?v=SdOFadTTV_8,2,0.7017,title_first3,1QB5o,Cold As Ice,elegant MACHINERY,https://getsongbpm.com/song/cold-as-ice/1QB5o,124,4/4,A,major,4d,80,17
Foreigner,Cold as Ice (2008 Remaster),705,SdOFadTTV_8,https://music.youtube.com/watch?v=SdOFadTTV_8,3,0.6432,title_first3,NxnQ6,Cold As Ice,No Angels,https://getsongbpm.com/song/cold-as-ice/NxnQ6,99,4/4,C#,major,8d,58,44
Aerosmith,"I Don't Want To Miss A Thing (From ""Armageddon"" Soundtrack)",706,6_uYSLZizy0,https://music.youtube.com/watch?v=6_uYSLZizy0,1,0.7432,title_first3,yPJ7GV,I Don't Want,Ror-Shak,https://getsongbpm.com/song/i-don-t-want/yPJ7GV,74,1/4,C,major,1d,36,13
Aerosmith,"I Don't Want To Miss A Thing (From ""Armageddon"" Soundtrack)",706,6_uYSLZizy0,https://music.youtube.com/watch?v=6_uYSLZizy0,2,0.7268,title_first2,QK9PY,I Don't,Auntie Christ,https://getsongbpm.com/song/i-don-t/QK9PY,122,4/4,D,major,3d,47,1
Aerosmith,"I Don't Want To Miss A Thing (From ""Armageddon"" Soundtrack)",706,6_uYSLZizy0,https://music.youtube.com/watch?v=6_uYSLZizy0,3,0.7232,title_first3,ADlDgz,I Don't Want,Age Pryor,https://getsongbpm.com/song/i-don-t-want/ADlDgz,107,4/4,B,minor,3m,60,7
Ghost,The Future Is A Foreign Land,711,ldpeB6yD6r0,https://music.youtube.com/watch?v=ldpeB6yD6r0,1,0.7072,title_first2,Yy4r9,The Future,Psychotica,https://getsongbpm.com/song/the-future/Yy4r9,136,4/4,E,minor,2m,69,1
Ghost,The Future Is A Foreign Land,711,ldpeB6yD6r0,https://music.youtube.com/watch?v=ldpeB6yD6r0,2,0.7072,title_first2,A9pml,The Future,Bl'ast,https://getsongbpm.com/song/the-future/A9pml,96,4/4,E,major,5d,28,1
Ghost,The Future Is A Foreign Land,711,ldpeB6yD6r0,https://music.youtube.com/watch?v=ldpeB6yD6r0,3,0.6661,title_first2,N7o16,The Future,The Turbo A.C.'s,https://getsongbpm.com/song/the-future/N7o16,95,4/4,A,minor,1m,37,1
Genesis,That's All (2007 Remaster),724,0X0EsVa7YvY,https://music.youtube.com/watch?v=0X0EsVa7YvY,1,0.9232,title_first2,73Eyr,That's All,Genesis,https://getsongbpm.com/song/that-s-all/73Eyr,87,4/4,E,minor,2m,70,23
Genesis,That's All (2007 Remaster),724,0X0EsVa7YvY,https://music.youtube.com/watch?v=0X0EsVa7YvY,2,0.7175,title_first2,MZWnO,That's All,BoDeans,https://getsongbpm.com/song/that-s-all/MZWnO,134,4/4,A,major,4d,54,1
Genesis,That's All (2007 Remaster),724,0X0EsVa7YvY,https://music.youtube.com/watch?v=0X0EsVa7YvY,3,0.6661,title_first2,mZwpO,That's All,Anders Osborne,https://getsongbpm.com/song/that-s-all/mZwpO,85,3/4,C,major,1d,42,23
Static-X,Behemoth,726,YoBuNm8vdEs,https://music.youtube.com/watch?v=YoBuNm8vdEs,1,0.9760,title_only,OYR90L,Behemoth,Static‐X,https://getsongbpm.com/song/behemoth/OYR90L,124,4/4,A#,minor,8m,66,1
Static-X,Behemoth,726,YoBuNm8vdEs,https://music.youtube.com/watch?v=YoBuNm8vdEs,2,0.7840,title_only,V3qLB,Behemoth,Tad,https://getsongbpm.com/song/behemoth/V3qLB,127,4/4,E,minor,2m,38,1
Static-X,Behemoth,726,YoBuNm8vdEs,https://music.youtube.com/watch?v=YoBuNm8vdEs,3,0.7750,title_only,7RBxr,Behemoth,Rob Sonic,https://getsongbpm.com/song/behemoth/7RBxr,89,4/4,D#,minor,7m,53,1
Foster the People,Pumped Up Kicks But It's the Drake and Josh Theme Song,730,tzwXFGssmzo,https://music.youtube.com/watch?v=tzwXFGssmzo,1,0.9232,title_first3,wm9KL1,Pumped Up Kicks,Foster the People,https://getsongbpm.com/song/pumped-up-kicks/wm9KL1,127,4/4,D#,major,10d,74,15
Foster the People,Pumped Up Kicks But It's the Drake and Josh Theme Song,730,tzwXFGssmzo,https://music.youtube.com/watch?v=tzwXFGssmzo,2,0.6994,title_first3,gLwmW3,Pumped Up Kicks,Coffee Zombie Collective,https://getsongbpm.com/song/pumped-up-kicks/gLwmW3,147,4/4,D#,major,10d,46,27
Foster the People,Pumped Up Kicks But It's the Drake and Josh Theme Song,730,tzwXFGssmzo,https://music.youtube.com/watch?v=tzwXFGssmzo,3,0.6769,title_first3,83GrPl,PUMPED UP KICKS,3TEETH,https://getsongbpm.com/song/pumped-up-kicks/83GrPl,91,4/4,A#,minor,8m,47,1
DJ Cummerbund,Time Marches On (For Carol The Bell Tolls),751,jwy4_je9bdQ,https://music.youtube.com/watch?v=jwy4_je9bdQ,1,0.7072,title_first3,VnZDo,Time Marches On,Glass Hammer,https://getsongbpm.com/song/time-marches-on/VnZDo,120,4/4,A,minor,1m,75,96
DJ Cummerbund,Time Marches On (For Carol The Bell Tolls),751,jwy4_je9bdQ,https://music.youtube.com/watch?v=jwy4_je9bdQ,2,0.6965,title_first3,9zOLx,Time Marches On,Deal's Gone Bad,https://getsongbpm.com/song/time-marches-on/9zOLx,140,4/4,B,minor,3m,60,48
DJ Cummerbund,Time Marches On (For Carol The Bell Tolls),751,jwy4_je9bdQ,https://music.youtube.com/watch?v=jwy4_je9bdQ,3,0.6592,title_first3,ovWJL,Time Marches On,Lee “Scratch” Perry,https://getsongbpm.com/song/time-marches-on/ovWJL,116,4/4,F#,major,7d,96,17
DJ Cummerbund,I Believe In A Pony,752,K4KN_KqxMOQ,https://music.youtube.com/watch?v=K4KN_KqxMOQ,1,0.6884,title_first3,PZRYol,I Believe In,Joe Sample,https://getsongbpm.com/song/i-believe-in/PZRYol,180,4/4,D,minor,12m,40,76
DJ Cummerbund,I Believe In A Pony,752,K4KN_KqxMOQ,https://music.youtube.com/watch?v=K4KN_KqxMOQ,2,0.6884,title_first2,7L85Q,I Believe,HammerFall,https://getsongbpm.com/song/i-believe/7L85Q,126,4/4,A,major,4d,48,1
DJ Cummerbund,I Believe In A Pony,752,K4KN_KqxMOQ,https://music.youtube.com/watch?v=K4KN_KqxMOQ,3,0.6832,title_first2,O2PQ,I Believe,The Smithereens,https://getsongbpm.com/song/i-believe/O2PQ,131,4/4,C#,major,8d,38,1
DJ Cummerbund,Pretty Fly For Rasputin,753,KbWug0sFAJQ,https://music.youtube.com/watch?v=KbWug0sFAJQ,1,0.6463,title_first2,lRRrzl,Pretty Fly,Pierre Fablet,https://getsongbpm.com/song/pretty-fly/lRRrzl,146,3/4,D,major,3d,29,76
DJ Cummerbund,Pretty Fly For Rasputin,753,KbWug0sFAJQ,https://music.youtube.com/watch?v=KbWug0sFAJQ,2,0.6432,title_first2,JZ65xP,Pretty Fly,Orange Nichole,https://getsongbpm.com/song/pretty-fly/JZ65xP,111,4/4,E,minor,2m,34,84
DJ Cummerbund,Pretty Fly For Rasputin,753,KbWug0sFAJQ,https://music.youtube.com/watch?v=KbWug0sFAJQ,3,0.6287,title_first2,ZN4Q2,Pretty Fly,Spaceways,https://getsongbpm.com/song/pretty-fly/ZN4Q2,148,4/4,A#,minor,8m,42,5
DJ Cummerbund,That Which I Desire,754,nfVCoD6909g,https://music.youtube.com/watch?v=nfVCoD6909g,1,0.5966,title_first3,Jq1lKl,That Which Is Coming,DJ Vadim,https://getsongbpm.com/song/that-which-is-coming/Jq1lKl,84,4/4,B,major,6d,73,15
DJ Cummerbund,That Which I Desire,754,nfVCoD6909g,https://music.youtube.com/watch?v=nfVCoD6909g,2,0.5959,title_first2,PjG4oz,That Which,CHEAP WIG,https://getsongbpm.com/song/that-which/PjG4oz,,,,minor,,,
DJ Cummerbund,That Which I Desire,754,nfVCoD6909g,https://music.youtube.com/watch?v=nfVCoD6909g,3,0.5588,title_first3,LjX7X,That Which Is Coming,Atrophia Red Sun,https://getsongbpm.com/song/that-which-is-coming/LjX7X,101,4/4,G,major,2d,23,1
DJ Cummerbund,The Sound of Smash Mouth,755,jJnK9EhiXQw,https://music.youtube.com/watch?v=jJnK9EhiXQw,1,0.6784,title_first2,mGww9,The Sound,Bass Mekanik,https://getsongbpm.com/song/the-sound/mGww9,170,4/4,C#,major,8d,78,1
DJ Cummerbund,The Sound of Smash Mouth,755,jJnK9EhiXQw,https://music.youtube.com/watch?v=jJnK9EhiXQw,2,0.6614,title_first2,Ov1gE,The Sound,The Damnwells,https://getsongbpm.com/song/the-sound/Ov1gE,117,4/4,D#,major,10d,56,1
DJ Cummerbund,The Sound of Smash Mouth,755,jJnK9EhiXQw,https://music.youtube.com/watch?v=jJnK9EhiXQw,3,0.6571,title_first3,86OY6g,The Sound Of,Jann Arden,https://getsongbpm.com/song/the-sound-of/86OY6g,115,4/4,F,minor,9m,59,42
Uriah Heep,Lady in Black (Alternate Version),758,YAK-o_Sq-qA,https://music.youtube.com/watch?v=YAK-o_Sq-qA,1,0.6982,title_first3,VOXxM1,Lady In Black,Ibéria,https://getsongbpm.com/song/lady-in-black/VOXxM1,139,4/4,A,minor,1m,22,1
Uriah Heep,Lady in Black (Alternate Version),758,YAK-o_Sq-qA,https://music.youtube.com/watch?v=YAK-o_Sq-qA,2,0.6769,title_first3,lY7VL1,Lady In Black,Royal Philharmonic Orchestra,https://getsongbpm.com/song/lady-in-black/lY7VL1,84,4/4,A,minor,1m,36,90
Uriah Heep,Lady in Black (Alternate Version),758,YAK-o_Sq-qA,https://music.youtube.com/watch?v=YAK-o_Sq-qA,3,0.6769,title_first3,qxDVl7,Lady In Black,Gregorian,https://getsongbpm.com/song/lady-in-black/qxDVl7,80,4/4,B,minor,3m,43,28
Shaman's Dream; Poranguí; Eric Zang,Cedar Moon (feat. Geometrae),762,LDnNBmbEme0,https://music.youtube.com/watch?v=LDnNBmbEme0,1,0.6727,simplified_title_only,AQAnB,Cedar Moon,Jeff Ball,https://getsongbpm.com/song/cedar-moon/AQAnB,131,4/4,C,major,1d,71,20
HIM,Enjoy the Silence,770,tQYzBm8J4M4,https://music.youtube.com/watch?v=tQYzBm8J4M4,1,0.7600,title_only,OyE8Q,Enjoy The Silence,Tori Amos,https://getsongbpm.com/song/enjoy-the-silence/OyE8Q,164,4/4,F,major,12d,34,91
HIM,Enjoy the Silence,770,tQYzBm8J4M4,https://music.youtube.com/watch?v=tQYzBm8J4M4,2,0.7360,title_only,DkD1n,Enjoy The Silence,Depeche Mode,https://getsongbpm.com/song/enjoy-the-silence/DkD1n,112,4/4,C,minor,10m,65,16
HIM,Enjoy the Silence,770,tQYzBm8J4M4,https://music.youtube.com/watch?v=tQYzBm8J4M4,3,0.7300,title_only,AxGqj,Enjoy The Silence,Swift,https://getsongbpm.com/song/enjoy-the-silence/AxGqj,,,,minor,,,
Hideki Taniuchi,Melo,772,dFCz1hG6ikA,https://music.youtube.com/watch?v=dFCz1hG6ikA,1,0.7264,title_only,Z0YlY2,Melo,Seven Side,https://getsongbpm.com/song/melo/Z0YlY2,100,4/4,D,major,3d,62,1
Hideki Taniuchi,Melo,772,dFCz1hG6ikA,https://music.youtube.com/watch?v=dFCz1hG6ikA,2,0.7247,title_only,0Y18Ry,Mélo,Jacques Debronckart,https://getsongbpm.com/song/melo/0Y18Ry,173,4/4,E,minor,2m,54,7
Hideki Taniuchi,Melo,772,dFCz1hG6ikA,https://music.youtube.com/watch?v=dFCz1hG6ikA,3,0.7145,title_only,2k5Lvj,Melo,Jellyfish Kiss,https://getsongbpm.com/song/melo/2k5Lvj,,,,minor,,,
LP,Lost on You,777,yC83sb4PMLQ,https://music.youtube.com/watch?v=yC83sb4PMLQ,1,0.7360,title_only,XQgjn8,Lost On You,Lewis Capaldi,https://getsongbpm.com/song/lost-on-you/XQgjn8,125,4/4,A#,major,11d,56,89
LP,Lost on You,777,yC83sb4PMLQ,https://music.youtube.com/watch?v=yC83sb4PMLQ,2,0.7360,title_only,RlpDMw,Lost On You,Lewis Capaldi,https://getsongbpm.com/song/lost-on-you/RlpDMw,129,4/4,A#,major,11d,56,89
LP,Lost on You,777,yC83sb4PMLQ,https://music.youtube.com/watch?v=yC83sb4PMLQ,3,0.7360,title_only,w00XKM,Lost On You,Templeton Pek,https://getsongbpm.com/song/lost-on-you/w00XKM,118,4/4,G#,major,9d,50,1
Stephen Sanchez,Until I Found You,781,znvky0Uq8qc,https://music.youtube.com/watch?v=znvky0Uq8qc,1,0.8000,title_only,GR40YK,Until I Found You,Stevie Hoang,https://getsongbpm.com/song/until-i-found-you/GR40YK,119,4/4,G#,major,9d,78,19
Stephen Sanchez,Until I Found You,781,znvky0Uq8qc,https://music.youtube.com/watch?v=znvky0Uq8qc,2,0.7429,title_only,160zgG,Until I Found You,Kere Buchanan,https://getsongbpm.com/song/until-i-found-you/160zgG,129,4/4,D,major,3d,57,51
Stephen Sanchez,Until I Found You,781,znvky0Uq8qc,https://music.youtube.com/watch?v=znvky0Uq8qc,3,0.7264,title_only,lpVA1,Until I Found You,Aaron Hall,https://getsongbpm.com/song/until-i-found-you/lpVA1,98,4/4,G,major,2d,75,33
Ghost,It's A Sin,807,bZdtY84zzXw,https://music.youtube.com/watch?v=bZdtY84zzXw,1,0.7600,title_only,DqmzB,It's A Sin,Pet Shop Boys,https://getsongbpm.com/song/it-s-a-sin/DqmzB,129,4/4,C,minor,10m,54,25
Ghost,It's A Sin,807,bZdtY84zzXw,https://music.youtube.com/watch?v=bZdtY84zzXw,2,0.7400,title_only,G6yY3,It's A Sin,George Thorogood & The Destroyers,https://getsongbpm.com/song/it-s-a-sin/G6yY3,168,3/4,D#,major,10d,52,6
Ghost,It's A Sin,807,bZdtY84zzXw,https://music.youtube.com/watch?v=bZdtY84zzXw,3,0.7360,title_only,LozMr,It's A Sin,London Symphony Orchestra,https://getsongbpm.com/song/it-s-a-sin/LozMr,90,4/4,F,major,12d,51,95
Aethyrien,Valkyrja,812,veEYWN5PuRw,https://music.youtube.com/watch?v=veEYWN5PuRw,1,0.8200,title_only,5QQwN8,Valkyrja,Týr,https://getsongbpm.com/song/valkyrja/5QQwN8,137,4/4,B,minor,3m,49,1
Aethyrien,Valkyrja,812,veEYWN5PuRw,https://music.youtube.com/watch?v=veEYWN5PuRw,2,0.8094,title_only,r8DgWw,Valkyrja,Striider,https://getsongbpm.com/song/valkyrja/r8DgWw,77,3/4,A#,major,11d,27,88
Aethyrien,Valkyrja,812,veEYWN5PuRw,https://music.youtube.com/watch?v=veEYWN5PuRw,3,0.7537,title_only,oZo70L,Valkyrja,Epic North,https://getsongbpm.com/song/valkyrja/oZo70L,99,3/4,D,major,3d,37,2
Lil Peep; XXXTENTACION,Falling Down (Bonus Track),814,DmhdcDQt7Dk,https://music.youtube.com/watch?v=DmhdcDQt7Dk,1,0.7072,title_first2,pl1N,Falling Down,Internal Bleeding,https://getsongbpm.com/song/falling-down/pl1N,111,5/4,C#,major,8d,41,1
Lil Peep; XXXTENTACION,Falling Down (Bonus Track),814,DmhdcDQt7Dk,https://music.youtube.com/watch?v=DmhdcDQt7Dk,2,0.6661,title_first2,3LkQ,Falling Down,In Strict Confidence,https://getsongbpm.com/song/falling-down/3LkQ,194,4/4,G,major,2d,56,2
Lil Peep; XXXTENTACION,Falling Down (Bonus Track),814,DmhdcDQt7Dk,https://music.youtube.com/watch?v=DmhdcDQt7Dk,3,0.6571,title_first2,pgOwV,Falling Down,Dexter Freebish,https://getsongbpm.com/song/falling-down/pgOwV,106,4/4,E,major,5d,48,1
Mawang,Kasih Sayang Kepada Orang Tua,815,_l13E-Yb6NM,https://music.youtube.com/watch?v=_l13E-Yb6NM,1,0.6318,title_first2,w05VPg,Kasih Sayang,Broery Pesulima,https://getsongbpm.com/song/kasih-sayang/w05VPg,81,4/4,A#,major,11d,58,20
Aethyrien,Wanderer,816,E9vf2hjWZJE,https://music.youtube.com/watch?v=E9vf2hjWZJE,1,0.7916,title_only,AD2xK9,Wanderer,Eisensonne,https://getsongbpm.com/song/wanderer/AD2xK9,,,,minor,,,
Aethyrien,Wanderer,816,E9vf2hjWZJE,https://music.youtube.com/watch?v=E9vf2hjWZJE,2,0.7671,title_only,G3Qm8,Wanderer,Karunesh,https://getsongbpm.com/song/wanderer/G3Qm8,102,4/4,A,minor,1m,57,65
Aethyrien,Wanderer,816,E9vf2hjWZJE,https://music.youtube.com/watch?v=E9vf2hjWZJE,3,0.7600,title_only,LX8zD,Wanderer,Baby Jail,https://getsongbpm.com/song/wanderer/LX8zD,100,4/4,A#,minor,8m,79,50
Aethyrien,Open The Gates,817,Jh_V2y2ioPM,https://music.youtube.com/watch?v=Jh_V2y2ioPM,1,0.8000,title_only,3Ek7M,Open The Gates,Seaworthy,https://getsongbpm.com/song/open-the-gates/3Ek7M,107,4/4,E,major,5d,39,63
Aethyrien,Open The Gates,817,Jh_V2y2ioPM,https://music.youtube.com/watch?v=Jh_V2y2ioPM,2,0.7840,title_only,zprmQ8,Open The Gates,Misbegotten,https://getsongbpm.com/song/open-the-gates/zprmQ8,,,,minor,,,
Aethyrien,Open The Gates,817,Jh_V2y2ioPM,https://music.youtube.com/watch?v=Jh_V2y2ioPM,3,0.7360,title_only,QWmDOL,Open The Gates,Unrest,https://getsongbpm.com/song/open-the-gates/QWmDOL,127,4/4,B,major,6d,50,1
Roman Hurko,The Great Litany,832,4uZi4fx_y2A,https://music.youtube.com/watch?v=4uZi4fx_y2A,1,0.7264,title_only,O7Rn3R,The Great Litany,Monks of the Holy Transfiguration Monastery,https://getsongbpm.com/song/the-great-litany/O7Rn3R,,,,minor,,,
Roman Hurko,The Great Litany,832,4uZi4fx_y2A,https://music.youtube.com/watch?v=4uZi4fx_y2A,2,0.7000,title_only,Lgvnqr,The Great Litany,Costas Zorbas,https://getsongbpm.com/song/the-great-litany/Lgvnqr,92,4/4,F#,major,7d,37,88
Roman Hurko,The Great Litany,832,4uZi4fx_y2A,https://music.youtube.com/watch?v=4uZi4fx_y2A,3,0.7000,title_only,0g0OQy,The Great Litany,Costas Zorbas,https://getsongbpm.com/song/the-great-litany/0g0OQy,,,,minor,,,
Roman Hurko,Litany of Supplication,833,Qp_cxc9oXwg,https://music.youtube.com/watch?v=Qp_cxc9oXwg,1,0.6700,title_only,1rRgQj,Litany Of Supplication,Добри Христов,https://getsongbpm.com/song/litany-of-supplication/1rRgQj,,,,minor,,,
Roman Hurko,Litany of Supplication,833,Qp_cxc9oXwg,https://music.youtube.com/watch?v=Qp_cxc9oXwg,2,0.5889,title_only,VmqG81,Litany Of Supplication (Prositelnaya Yektenia),Сергей Рахманинов,https://getsongbpm.com/song/litany-of-supplication-prositelnaya-yektenia/VmqG81,78,3/4,G#,major,9d,17,100
Eagles,"Hotel California (Live On MTV, 1994)",838,X7usA3YouKw,https://music.youtube.com/watch?v=X7usA3YouKw,1,0.9232,title_first2,wjAM8,Hotel California,Eagles,https://getsongbpm.com/song/hotel-california/wjAM8,75,4/4,D,major,3d,58,1
Eagles,"Hotel California (Live On MTV, 1994)",838,X7usA3YouKw,https://music.youtube.com/watch?v=X7usA3YouKw,2,0.6982,title_first2,Ar7LP,Hotel California,Lee Towers,https://getsongbpm.com/song/hotel-california/Ar7LP,145,4/4,F,major,12d,38,27
Eagles,"Hotel California (Live On MTV, 1994)",838,X7usA3YouKw,https://music.youtube.com/watch?v=X7usA3YouKw,3,0.6661,title_first2,Xk4j8,Hotel California,The Nashville SuperPickers,https://getsongbpm.com/song/hotel-california/Xk4j8,,,,minor,,,
Scorpions,Still Loving You (2015 - Remaster),850,vJrYN-_BXws,https://music.youtube.com/watch?v=vJrYN-_BXws,1,0.9232,title_first3,p27Qr,Still Loving You,Scorpions,https://getsongbpm.com/song/still-loving-you/p27Qr,108,4/4,G#,minor,6m,29,14
Scorpions,Still Loving You (2015 - Remaster),850,vJrYN-_BXws,https://music.youtube.com/watch?v=vJrYN-_BXws,2,0.7175,title_first3,Y0R3A,Still Loving You,The Storm,https://getsongbpm.com/song/still-loving-you/Y0R3A,155,4/4,D#,minor,7m,59,1
Scorpions,Still Loving You (2015 - Remaster),850,vJrYN-_BXws,https://music.youtube.com/watch?v=vJrYN-_BXws,3,0.6965,title_first3,pYZ6nQ,Still Loving You,For Absent Friends,https://getsongbpm.com/song/still-loving-you/pYZ6nQ,110,3/4,F#,major,7d,56,4
Rammstein,Führe mich,852,JmL-yXMn9Ic,https://music.youtube.com/watch?v=JmL-yXMn9Ic,1,0.7055,title_only,yPY2B7,Führe Mich,Vineyard Bern,https://getsongbpm.com/song/fuehre-mich/yPY2B7,,,,minor,,,
Rammstein,Führe mich,852,JmL-yXMn9Ic,https://music.youtube.com/watch?v=JmL-yXMn9Ic,2,0.6390,title_only,ZWgkJ,Führe Mich Sanft,Tocotronic,https://getsongbpm.com/song/fuehre-mich-sanft/ZWgkJ,88,4/4,A,minor,1m,41,1
Rammstein,Führe mich,852,JmL-yXMn9Ic,https://music.youtube.com/watch?v=JmL-yXMn9Ic,3,0.5975,title_only,XDZ8PA,"Führe Mich, Op. 33 No. 3",Thomanerchor,https://getsongbpm.com/song/fuehre-mich-oppoint-33-nopoint-3/XDZ8PA,84,3/4,F,major,12d,32,100
Karel Gott,Měl jsem rád a mám (Soleado),854,QuAMK3lzFW8,https://music.youtube.com/watch?v=QuAMK3lzFW8,1,0.9232,title_first3,83wvXL,Měl Jsem Rád A Mám,Karel Gott,https://getsongbpm.com/song/mel-jsem-rad-a-mam/83wvXL,137,4/4,E,major,5d,29,55
Freddie Mercury; Montserrat Caballé,How Can I Go On (New Orchestrated Version),855,4E8EWd5P804,https://music.youtube.com/watch?v=4E8EWd5P804,1,0.7792,title_first3,gJGGX3,How Can I,Freddie Jackson,https://getsongbpm.com/song/how-can-i/gJGGX3,71,3/4,C#,minor,5m,58,12
Freddie Mercury; Montserrat Caballé,How Can I Go On (New Orchestrated Version),855,4E8EWd5P804,https://music.youtube.com/watch?v=4E8EWd5P804,2,0.6800,title_first3,AnoE0z,How Can I,Archie Bell & The Drells,https://getsongbpm.com/song/how-can-i/AnoE0z,133,4/4,D#,major,10d,52,71
Freddie Mercury; Montserrat Caballé,How Can I Go On (New Orchestrated Version),855,4E8EWd5P804,https://music.youtube.com/watch?v=4E8EWd5P804,3,0.6740,title_first3,xG2y6E,How Can I,Ras Mc Bean,https://getsongbpm.com/song/how-can-i/xG2y6E,78,1/4,F,minor,9m,74,1
Ladislav Štaidl se svým orchestrem; Karel Gott,Je jaká je (Sereno é),856,UKtEtwqXxVo,https://music.youtube.com/watch?v=UKtEtwqXxVo,1,0.6968,title_only,n5MDX5,Je Jaká Je (Sereno É),4TET,https://getsongbpm.com/song/je-jaka-je-sereno-e/n5MDX5,94,4/4,C,major,1d,61,6
Ladislav Štaidl se svým orchestrem; Karel Gott,Je jaká je (Sereno é),856,UKtEtwqXxVo,https://music.youtube.com/watch?v=UKtEtwqXxVo,2,0.6450,title_first3,8M6DDj,Je Jaká Je,Karel Gott,https://getsongbpm.com/song/je-jaka-je/8M6DDj,74,4/4,D,major,3d,44,41
Ladislav Štaidl se svým orchestrem; Karel Gott,Je jaká je (Sereno é),856,UKtEtwqXxVo,https://music.youtube.com/watch?v=UKtEtwqXxVo,3,0.6450,title_first3,z62JxY,Je Jaká Je,Karel Gott,https://getsongbpm.com/song/je-jaka-je/z62JxY,74,4/4,D,major,3d,44,41
Rammstein,Links 2 3 4,857,6NXOezeuLRU,https://music.youtube.com/watch?v=6NXOezeuLRU,1,0.9360,title_first2,Nx6V2,Links 2-3-4,Rammstein,https://getsongbpm.com/song/links-2-3-4/Nx6V2,129,4/4,A,major,4d,63,1
Rammstein,Links 2 3 4,857,6NXOezeuLRU,https://music.youtube.com/watch?v=6NXOezeuLRU,2,0.6850,title_only,81y2r,Links 2 3 4,De Kift,https://getsongbpm.com/song/links-2-3-4/81y2r,120,4/4,C,major,1d,42,7
Rammstein,Ausländer,858,3eEA6H_y1VI,https://music.youtube.com/watch?v=3eEA6H_y1VI,1,0.7300,title_only,BNgMXY,Ausländer,Winters,https://getsongbpm.com/song/auslaender/BNgMXY,123,4/4,C,major,1d,17,3
Rammstein,Ausländer,858,3eEA6H_y1VI,https://music.youtube.com/watch?v=3eEA6H_y1VI,2,0.7247,title_only,yPNNQW,Ausländer,Alpa Gun,https://getsongbpm.com/song/auslaender/yPNNQW,85,4/4,G,major,2d,55,27
Rammstein,Ausländer,858,3eEA6H_y1VI,https://music.youtube.com/watch?v=3eEA6H_y1VI,3,0.7200,title_only,YEz3kO,Ausländer,Magnifico,https://getsongbpm.com/song/auslaender/YEz3kO,119,4/4,B,minor,3m,59,2
Zeraphine,When Love And Death Embrace,863,ql-op7ftTQM,https://music.youtube.com/watch?v=ql-op7ftTQM,1,0.7600,title_only,xpYmJ,When Love And Death Embrace,HIM,https://getsongbpm.com/song/when-love-and-death-embrace/xpYmJ,160,4/4,G,major,2d,32,1
Zeraphine,When Love And Death Embrace,863,ql-op7ftTQM,https://music.youtube.com/watch?v=ql-op7ftTQM,2,0.7537,title_only,GRN4Q0,When Love And Death Embrace,Tripno(i)sis,https://getsongbpm.com/song/when-love-and-death-embrace/GRN4Q0,,,,minor,,,
Zeraphine,When Love And Death Embrace,863,ql-op7ftTQM,https://music.youtube.com/watch?v=ql-op7ftTQM,3,0.6661,title_first2,9QXgmB,When Love,Queen Ifrica,https://getsongbpm.com/song/when-love/9QXgmB,88,4/4,A,major,4d,55,56
AndrisMusic,Enigma,873,8lMkDwxuM4E,https://music.youtube.com/watch?v=8lMkDwxuM4E,1,0.7600,title_only,l1mlr,Enigma,Miranda,https://getsongbpm.com/song/enigma/l1mlr,125,4/4,C#,major,8d,71,1
AndrisMusic,Enigma,873,8lMkDwxuM4E,https://music.youtube.com/watch?v=8lMkDwxuM4E,2,0.7537,title_only,PEZN2,Enigma,Atrocity,https://getsongbpm.com/song/enigma/PEZN2,94,4/4,A,major,4d,45,1
AndrisMusic,Enigma,873,8lMkDwxuM4E,https://music.youtube.com/watch?v=8lMkDwxuM4E,3,0.7467,title_only,EWAlW,Enigma,Antonio Forcione,https://getsongbpm.com/song/enigma/EWAlW,118,3/4,F,major,12d,61,88
Scorpions,No One Like You (Live) (2015 - Remaster),887,-yYqqSyhHhA,https://music.youtube.com/watch?v=-yYqqSyhHhA,1,0.6982,title_first2,08DNK,No One,BoDeans,https://getsongbpm.com/song/no-one/08DNK,118,4/4,D,major,3d,61,2
Scorpions,No One Like You (Live) (2015 - Remaster),887,-yYqqSyhHhA,https://music.youtube.com/watch?v=-yYqqSyhHhA,2,0.6832,title_first2,zvREm,No One,Throwdown,https://getsongbpm.com/song/no-one/zvREm,88,4/4,D#,minor,7m,24,1
Scorpions,No One Like You (Live) (2015 - Remaster),887,-yYqqSyhHhA,https://music.youtube.com/watch?v=-yYqqSyhHhA,3,0.6740,title_first2,R63KV,No One,Cold,https://getsongbpm.com/song/no-one/R63KV,82,4/4,A,major,4d,47,76
Deep Purple,Soldier Of Fortune (2009 Digital Remaster),894,znW-P7lMKjU,https://music.youtube.com/watch?v=znW-P7lMKjU,1,0.9232,title_first3,rRVlK,Soldier Of Fortune,Deep Purple,https://getsongbpm.com/song/soldier-of-fortune/rRVlK,132,4/4,G,minor,11m,55,42
Deep Purple,Soldier Of Fortune (2009 Digital Remaster),894,znW-P7lMKjU,https://music.youtube.com/watch?v=znW-P7lMKjU,2,0.7175,title_first3,PDZLl,Soldier Of Fortune,Joe Perry Project,https://getsongbpm.com/song/soldier-of-fortune/PDZLl,180,4/4,B,major,6d,26,2
Deep Purple,Soldier Of Fortune (2009 Digital Remaster),894,znW-P7lMKjU,https://music.youtube.com/watch?v=znW-P7lMKjU,3,0.6390,title_first3,6GjWV,Soldier Of Fortune,Loudness,https://getsongbpm.com/song/soldier-of-fortune/6GjWV,89,4/4,F#,minor,4m,36,1
"Tchaikovsky, Pyotr I.","Symphony No. 4 in F minor Op. 36: Andante sostenuto, moderato con anima",902,ZKrG1IZVaCQ,https://music.youtube.com/watch?v=ZKrG1IZVaCQ,1,0.6625,title_first3,vgNRBg,Symphony No. 4,Witold Lutosławski,https://getsongbpm.com/song/symphony-nopoint-4/vgNRBg,107,4/4,D#,major,10d,51,92
"Tchaikovsky, Pyotr I.","Symphony No. 4 in F minor Op. 36: Andante sostenuto, moderato con anima",902,ZKrG1IZVaCQ,https://music.youtube.com/watch?v=ZKrG1IZVaCQ,2,0.6082,title_first3,6WkDO9,Symphony No. 4,Sarge,https://getsongbpm.com/song/symphony-nopoint-4/6WkDO9,98,4/4,C,minor,10m,25,72
"Tchaikovsky, Pyotr I.","Symphony No. 4 in F minor Op. 36: Andante sostenuto, moderato con anima",902,ZKrG1IZVaCQ,https://music.youtube.com/watch?v=ZKrG1IZVaCQ,3,0.5632,title_first3,YvORl9,Symphony No. 4,Альфред Гарриевич Шнитке,https://getsongbpm.com/song/symphony-nopoint-4/YvORl9,106,3/4,A#,major,11d,33,96
PATRIARKH,Utrenia,905,mPRfKPZHIJQ,https://music.youtube.com/watch?v=mPRfKPZHIJQ,1,0.6377,title_only,zp9wEq,Utrenia I: The Entombment Of Christ: II. Songs Of Praise,Krzysztof Penderecki,https://getsongbpm.com/song/utrenia-i-the-entombment-of-christ-iipoint-songs-of-praise/zp9wEq,80,3/4,A#,major,11d,12,96
PATRIARKH,Utrenia,905,mPRfKPZHIJQ,https://music.youtube.com/watch?v=mPRfKPZHIJQ,2,0.6377,title_only,ADAY29,Utrenia I: The Entombment Of Christ: III. Irmos,Krzysztof Penderecki,https://getsongbpm.com/song/utrenia-i-the-entombment-of-christ-iiipoint-irmos/ADAY29,88,4/4,G,major,2d,16,99
PATRIARKH,Utrenia,905,mPRfKPZHIJQ,https://music.youtube.com/watch?v=mPRfKPZHIJQ,3,0.6377,title_only,KrmV2G,"Utrenia II: The Resurrection Of Christ: IV. Passover Canon, Songs 1 & 3",Krzysztof Penderecki,https://getsongbpm.com/song/utrenia-ii-the-resurrection-of-christ-ivpoint-passover-canon-songs-1-and-3/KrmV2G,71,4/4,A#,major,11d,15,87
ghots,Jigolo Har Megiddo (Live) [Acoustic],910,VU_4qFko7NE,https://music.youtube.com/watch?v=VU_4qFko7NE,1,0.8512,title_first3,7LoQ91,Jigolo Har Megiddo,Ghost,https://getsongbpm.com/song/jigolo-har-megiddo/7LoQ91,132,4/4,F,major,12d,46,1
Ghost,If You Have Ghosts (Live Acoustic) | HardDrive Online,912,vCFwY6ISEMs,https://music.youtube.com/watch?v=vCFwY6ISEMs,1,0.6982,title_first2,g8X9Y,If You,Sugar Jones,https://getsongbpm.com/song/if-you/g8X9Y,115,4/4,A,minor,1m,72,71
Ghost,If You Have Ghosts (Live Acoustic) | HardDrive Online,912,vCFwY6ISEMs,https://music.youtube.com/watch?v=vCFwY6ISEMs,2,0.6661,title_first2,VD7E9,If You,The Adjusters,https://getsongbpm.com/song/if-you/VD7E9,100,4/4,F#,minor,4m,73,4
Ghost,If You Have Ghosts (Live Acoustic) | HardDrive Online,912,vCFwY6ISEMs,https://music.youtube.com/watch?v=vCFwY6ISEMs,3,0.6532,title_first2,owEkB,If You,Happy Pills,https://getsongbpm.com/song/if-you/owEkB,115,4/4,C,major,1d,48,29
Ghost,Jigolo Har Megiddo (Live Acoustic) | HardDrive Online,913,xcCPp3l_1T4,https://music.youtube.com/watch?v=xcCPp3l_1T4,1,0.9232,title_first3,7LoQ91,Jigolo Har Megiddo,Ghost,https://getsongbpm.com/song/jigolo-har-megiddo/7LoQ91,132,4/4,F,major,12d,46,1
Ghost,Mary On A Cross (Live),914,NmxFxBiCrL4,https://music.youtube.com/watch?v=NmxFxBiCrL4,1,0.6768,title_first2,J6k8N9,Mary On The Mend,Cherry Ghost,https://getsongbpm.com/song/mary-on-the-mend/J6k8N9,104,3/4,B,minor,3m,52,45
THY ART IS MURDER,Slaves Beyond Death - Bloodstock 2019,917,4d_5R_noZas,https://music.youtube.com/watch?v=4d_5R_noZas,1,0.9232,title_first3,168EVq,Slaves Beyond Death,Thy Art Is Murder,https://getsongbpm.com/song/slaves-beyond-death/168EVq,99,4/4,E,major,5d,30,1
THY ART IS MURDER,Slaves Beyond Death - Bloodstock 2019,917,4d_5R_noZas,https://music.youtube.com/watch?v=4d_5R_noZas,2,0.6129,title_first3,gpn8X3,Slaves Beyond Death,Black Breath,https://getsongbpm.com/song/slaves-beyond-death/gpn8X3,109,4/4,E,major,5d,22,1
Ghost B.C.,Missionary Man,919,NqUgOFdL6Zg,https://music.youtube.com/watch?v=NqUgOFdL6Zg,1,0.7300,title_only,oYx5Jj,Missionary Man,E.C. Scott,https://getsongbpm.com/song/missionary-man/oYx5Jj,124,4/4,F,minor,9m,65,21
Ghost B.C.,Missionary Man,919,NqUgOFdL6Zg,https://music.youtube.com/watch?v=NqUgOFdL6Zg,2,0.7200,title_only,8qmkj,Missionary Man,Eurythmics,https://getsongbpm.com/song/missionary-man/8qmkj,123,4/4,A#,minor,8m,59,4
Ghost B.C.,Missionary Man,919,NqUgOFdL6Zg,https://music.youtube.com/watch?v=NqUgOFdL6Zg,3,0.7200,title_only,oJRAj,Missionary Man,Conception,https://getsongbpm.com/song/missionary-man/oJRAj,82,4/4,G#,major,9d,51,1
Ghost B.C.,Nocturnal Me,921,mTdaLHyXIAk,https://music.youtube.com/watch?v=mTdaLHyXIAk,1,0.7552,title_only,pqV0y,Nocturnal Me,Echo & The Bunnymen,https://getsongbpm.com/song/nocturnal-me/pqV0y,85,4/4,A,minor,1m,48,56
Ghost B.C.,Nocturnal Me,921,mTdaLHyXIAk,https://music.youtube.com/watch?v=mTdaLHyXIAk,2,0.7231,title_only,0RQ7l3,Nocturnal Me,Hæresiarchs of Dis,https://getsongbpm.com/song/nocturnal-me/0RQ7l3,169,4/4,A,major,4d,9,1
Ghost,Mary On A Cross,923,seJ83vfHoIU,https://music.youtube.com/watch?v=seJ83vfHoIU,1,0.6961,title_first2,J6k8N9,Mary On The Mend,Cherry Ghost,https://getsongbpm.com/song/mary-on-the-mend/J6k8N9,104,3/4,B,minor,3m,52,45
Ghost,Mary On A Cross,923,seJ83vfHoIU,https://music.youtube.com/watch?v=seJ83vfHoIU,2,0.5707,title_first2,W6YwzW,Mary On The Half Shell,Wide Right,https://getsongbpm.com/song/mary-on-the-half-shell/W6YwzW,117,4/4,G,major,2d,45,1
Ghost,Call Me Little Sunshine,937,1Df28_NCk6s,https://music.youtube.com/watch?v=1Df28_NCk6s,1,0.6479,title_first2,mEE93,Call Me,Bonnie Tyler,https://getsongbpm.com/song/call-me/mEE93,84,4/4,D,major,3d,67,58
Ghost,Call Me Little Sunshine,937,1Df28_NCk6s,https://music.youtube.com/watch?v=1Df28_NCk6s,2,0.6390,title_first2,VPp6z,Call Me,Mint Condition,https://getsongbpm.com/song/call-me/VPp6z,97,4/4,C#,major,8d,77,19
Ghost,Call Me Little Sunshine,937,1Df28_NCk6s,https://music.youtube.com/watch?v=1Df28_NCk6s,3,0.6232,title_first2,007k7,Call Me,Me'Shell NdegéOcello,https://getsongbpm.com/song/call-me/007k7,97,4/4,F#,minor,4m,75,21
Scorpions,Rock You Like a Hurricane (2015 - Remaster),944,KpSGd-5c27s,https://music.youtube.com/watch?v=KpSGd-5c27s,1,0.9232,title_first3,g26Ll,Rock You Like A Hurricane,Scorpions,https://getsongbpm.com/song/rock-you-like-a-hurricane/g26Ll,124,4/4,G,major,2d,49,1
Scorpions,Rock You Like a Hurricane (2015 - Remaster),944,KpSGd-5c27s,https://music.youtube.com/watch?v=KpSGd-5c27s,2,0.9232,title_first3,xvGVYz,Rock You Like A Hurricane,Scorpions,https://getsongbpm.com/song/rock-you-like-a-hurricane/xvGVYz,125,4/4,G,major,2d,49,1
Scorpions,Rock You Like a Hurricane (2015 - Remaster),944,KpSGd-5c27s,https://music.youtube.com/watch?v=KpSGd-5c27s,3,0.7003,title_first2,DkJQAk,Rock You,Working Week,https://getsongbpm.com/song/rock-you/DkJQAk,,,,minor,,,
Adele,Easy On Me,955,Oh5DyTk5T-E,https://music.youtube.com/watch?v=Oh5DyTk5T-E,1,0.8200,title_only,OqRxvB,Easy On Me,Sadness,https://getsongbpm.com/song/easy-on-me/OqRxvB,68,4/4,G,minor,11m,45,78
Adele,Easy On Me,955,Oh5DyTk5T-E,https://music.youtube.com/watch?v=Oh5DyTk5T-E,2,0.7508,title_only,z639Y2,Easy On Me,Overland,https://getsongbpm.com/song/easy-on-me/z639Y2,108,4/4,D,minor,12m,58,4
Adele,Easy On Me,955,Oh5DyTk5T-E,https://music.youtube.com/watch?v=Oh5DyTk5T-E,3,0.7480,title_only,J6xJg2,Easy On Me,Paige Aufhammer,https://getsongbpm.com/song/easy-on-me/J6xJg2,109,4/4,C,major,1d,41,83
Aethyrien,Allfather,985,R7JRPh7mpF4,https://music.youtube.com/watch?v=R7JRPh7mpF4,1,0.8094,title_only,6Yk59n,Allfather,Atriarch,https://getsongbpm.com/song/allfather/6Yk59n,,,,minor,,,
Aethyrien,Allfather,985,R7JRPh7mpF4,https://music.youtube.com/watch?v=R7JRPh7mpF4,2,0.7840,title_only,l6MA1,Allfather,Eye of Odin,https://getsongbpm.com/song/allfather/l6MA1,107,4/4,D,major,3d,74,19
Aethyrien,Allfather,985,R7JRPh7mpF4,https://music.youtube.com/watch?v=R7JRPh7mpF4,3,0.7771,title_only,n8RE2l,Allfather,Dodecahedron,https://getsongbpm.com/song/allfather/n8RE2l,115,4/4,B,major,6d,39,1
Jan J. Močnik,Land of the Gods,987,HjJCWQdoyNU,https://music.youtube.com/watch?v=HjJCWQdoyNU,1,0.8036,title_only,zv4y9q,Land Of The Gods,Bryan Josh,https://getsongbpm.com/song/land-of-the-gods/zv4y9q,84,4/4,D,major,3d,75,45
Jan J. Močnik,Land of the Gods,987,HjJCWQdoyNU,https://music.youtube.com/watch?v=HjJCWQdoyNU,2,0.8026,title_only,983R1Z,Land Of The Gods,Josh & Co. Limited,https://getsongbpm.com/song/land-of-the-gods/983R1Z,78,4/4,E,minor,2m,41,2
Jan J. Močnik,Land of the Gods,987,HjJCWQdoyNU,https://music.youtube.com/watch?v=HjJCWQdoyNU,3,0.5614,title_first3,7W3Xy,Land Of The Bag Snake,Soft Machine,https://getsongbpm.com/song/land-of-the-bag-snake/7W3Xy,83,4/4,A,major,4d,35,51
ZODIVK,Devil Eyes,991,2VrAp-jhJh8,https://music.youtube.com/watch?v=2VrAp-jhJh8,1,0.7709,title_only,Qk8KLY,Devil Eyes,Joker,https://getsongbpm.com/song/devil-eyes/Qk8KLY,77,4/4,D#,minor,7m,32,1
ZODIVK,Devil Eyes,991,2VrAp-jhJh8,https://music.youtube.com/watch?v=2VrAp-jhJh8,2,0.7300,title_only,32ozq9,Devil Eyes,Ken Laszlo,https://getsongbpm.com/song/devil-eyes/32ozq9,99,4/4,G,major,2d,64,1
ZODIVK,Devil Eyes,991,2VrAp-jhJh8,https://music.youtube.com/watch?v=2VrAp-jhJh8,3,0.7300,title_only,gLWNJG,Devil Eyes,Gravelroad,https://getsongbpm.com/song/devil-eyes/gLWNJG,122,4/4,C,major,1d,69,69
FindMyName,Show Me Your Back,993,N_T6bPWvplA,https://music.youtube.com/watch?v=N_T6bPWvplA,1,0.6832,title_first2,wL2m,Show Me,Karrin Allyson,https://getsongbpm.com/song/show-me/wL2m,116,3/4,C,major,1d,57,78
FindMyName,Show Me Your Back,993,N_T6bPWvplA,https://music.youtube.com/watch?v=N_T6bPWvplA,2,0.6661,title_first2,wjDww,Show Me,James Brown,https://getsongbpm.com/song/show-me/wjDww,108,4/4,F,major,12d,72,6
FindMyName,Show Me Your Back,993,N_T6bPWvplA,https://music.youtube.com/watch?v=N_T6bPWvplA,3,0.6571,title_first2,Y6KkM,Show Me,Johnny Winter,https://getsongbpm.com/song/show-me/Y6KkM,129,4/4,G,major,2d,53,2
KSLV Noh,Lunatic,994,W1rYElNKY50,https://music.youtube.com/watch?v=W1rYElNKY50,1,0.7709,title_only,gn5Qr,Lunatic,Dismal Euphony,https://getsongbpm.com/song/lunatic/gn5Qr,159,4/4,D,major,3d,24,1
KSLV Noh,Lunatic,994,W1rYElNKY50,https://music.youtube.com/watch?v=W1rYElNKY50,2,0.7671,title_only,wDM58,Lunatic,Star Wash,https://getsongbpm.com/song/lunatic/wDM58,111,4/4,C#,major,8d,71,5
KSLV Noh,Lunatic,994,W1rYElNKY50,https://music.youtube.com/watch?v=W1rYElNKY50,3,0.7158,title_only,ZzMy6,Lunatic,John Popper,https://getsongbpm.com/song/lunatic/ZzMy6,148,3/4,G,major,2d,36,6
VISXGE,BOROS,995,6RIrderkpVw,https://music.youtube.com/watch?v=6RIrderkpVw,1,0.7055,title_only,W6ynkv,Boros,Bëlga,https://getsongbpm.com/song/boros/W6ynkv,78,4/4,E,minor,2m,62,26
VISXGE,BOROS,995,6RIrderkpVw,https://music.youtube.com/watch?v=6RIrderkpVw,2,0.6592,title_only,qxPgY0,Borostyán,Gyöngyvér,https://getsongbpm.com/song/borostyan/qxPgY0,100,4/4,G,minor,11m,52,2
VISXGE,BOROS,995,6RIrderkpVw,https://music.youtube.com/watch?v=6RIrderkpVw,3,0.6479,title_only,OMlWmE,Boroskóla,Vad Fruttik,https://getsongbpm.com/song/boroskola/OMlWmE,154,4/4,F,major,12d,56,1
PHXXSPHOR; zanudda,BANKAI,1000,gsmECgCO4O0,https://music.youtube.com/watch?v=gsmECgCO4O0,1,0.7000,title_only,pZgYAQ,Bankaï,RES,https://getsongbpm.com/song/bankai/pZgYAQ,,,,minor,,,
PHXXSPHOR; zanudda,BANKAI,1000,gsmECgCO4O0,https://music.youtube.com/watch?v=gsmECgCO4O0,2,0.5632,title_only,0g5R6K,Bankai (interlude),Maja,https://getsongbpm.com/song/bankai-interlude/0g5R6K,199,3/4,E,major,5d,51,9
Sound Healing Center,"Zen Garden (Music for Deep Sleep, Meditation, Spa, Healing, Relaxation)",1007,Pe7_APPZgoE,https://music.youtube.com/watch?v=Pe7_APPZgoE,1,0.7689,title_first2,g5O5gD,Zen Garden,Sounding,https://getsongbpm.com/song/zen-garden/g5O5gD,168,5/4,E,minor,2m,29,99
Sound Healing Center,"Zen Garden (Music for Deep Sleep, Meditation, Spa, Healing, Relaxation)",1007,Pe7_APPZgoE,https://music.youtube.com/watch?v=Pe7_APPZgoE,2,0.7114,title_first2,Z4pprQ,Zen Garden,Colin Willsher,https://getsongbpm.com/song/zen-garden/Z4pprQ,125,3/4,F,major,12d,47,41
Sound Healing Center,"Zen Garden (Music for Deep Sleep, Meditation, Spa, Healing, Relaxation)",1007,Pe7_APPZgoE,https://music.youtube.com/watch?v=Pe7_APPZgoE,3,0.6757,title_first2,0L0k1v,Zen Garden,Callie Moore,https://getsongbpm.com/song/zen-garden/0L0k1v,120,4/4,C,major,1d,79,100
Lil Peep,Kiss,1008,8C0SUdGItRA,https://music.youtube.com/watch?v=8C0SUdGItRA,1,0.7600,title_only,mVonp,Kiss,Les Wampas,https://getsongbpm.com/song/kiss/mVonp,96,3/4,C,major,1d,35,97
Lil Peep,Kiss,1008,8C0SUdGItRA,https://music.youtube.com/watch?v=8C0SUdGItRA,2,0.7537,title_only,xgxE,Kiss,Lovemongers,https://getsongbpm.com/song/kiss/xgxE,80,3/4,E,major,5d,46,6
Lil Peep,Kiss,1008,8C0SUdGItRA,https://music.youtube.com/watch?v=8C0SUdGItRA,3,0.7429,title_only,XozJ5,Kiss,Deine Lakaien,https://getsongbpm.com/song/kiss/XozJ5,110,4/4,D,major,3d,59,2
Urfaust,The Healer,1016,DduyDUpzj3Y,https://music.youtube.com/watch?v=DduyDUpzj3Y,1,0.7840,title_only,Jpl3g,The Healer,Us3,https://getsongbpm.com/song/the-healer/Jpl3g,103,4/4,C#,minor,5m,76,3
Urfaust,The Healer,1016,DduyDUpzj3Y,https://music.youtube.com/watch?v=DduyDUpzj3Y,2,0.7600,title_only,RrG1V,The Healer,Primal Fear,https://getsongbpm.com/song/the-healer/RrG1V,144,4/4,E,minor,2m,42,1
Urfaust,The Healer,1016,DduyDUpzj3Y,https://music.youtube.com/watch?v=DduyDUpzj3Y,3,0.7537,title_only,WzJXJ,The Healer,Russ Ballard,https://getsongbpm.com/song/the-healer/WzJXJ,124,4/4,C,minor,10m,69,1
Marduk,As We Are,1019,3PfJbM9P8CA,https://music.youtube.com/watch?v=3PfJbM9P8CA,1,0.7382,title_only,2REMGN,As We Are,teenagersintokyo,https://getsongbpm.com/song/as-we-are/2REMGN,126,4/4,A,minor,1m,75,1
Marduk,As We Are,1019,3PfJbM9P8CA,https://music.youtube.com/watch?v=3PfJbM9P8CA,2,0.7200,title_only,L7Nw0r,As We Are,Sareem Poems,https://getsongbpm.com/song/as-we-are/L7Nw0r,87,4/4,G#,minor,6m,50,4
Marduk,As We Are,1019,3PfJbM9P8CA,https://music.youtube.com/watch?v=3PfJbM9P8CA,3,0.7026,title_only,985wn3,As We Are,Skoop On Somebody,https://getsongbpm.com/song/as-we-are/985wn3,95,4/4,F,minor,9m,64,64
M8,And Still It Will Be So,1030,UqWpJ3x_0uE,https://music.youtube.com/watch?v=UqWpJ3x_0uE,1,0.6232,title_first2,71BRp1,And Still,Cerebellum,https://getsongbpm.com/song/and-still/71BRp1,,,,minor,,,
M8,And Still It Will Be So,1030,UqWpJ3x_0uE,https://music.youtube.com/watch?v=UqWpJ3x_0uE,2,0.6112,title_first2,Wwm84,And Still,Reba McEntire,https://getsongbpm.com/song/and-still/Wwm84,74,4/4,F,major,12d,59,53
M8,And Still It Will Be So,1030,UqWpJ3x_0uE,https://music.youtube.com/watch?v=UqWpJ3x_0uE,3,0.5632,title_first2,Zkl2g,And Still,Laura Cantrell,https://getsongbpm.com/song/and-still/Zkl2g,109,4/4,C,major,1d,43,92
Falling In Reverse,"Watch The World Burn"" LIVE! The Popular Monstour",1042,g10qKRsi28U,https://music.youtube.com/watch?v=g10qKRsi28U,1,0.7114,title_first3,690A9,Watch The World,Blind Passengers,https://getsongbpm.com/song/watch-the-world/690A9,81,4/4,A#,minor,8m,82,37
Falling In Reverse,"Watch The World Burn"" LIVE! The Popular Monstour",1042,g10qKRsi28U,https://music.youtube.com/watch?v=g10qKRsi28U,2,0.7026,title_first3,pY4MYN,Watch The World,The Little Heroes,https://getsongbpm.com/song/watch-the-world/pY4MYN,125,4/4,G,major,2d,59,41
Falling In Reverse,"Watch The World Burn"" LIVE! The Popular Monstour",1042,g10qKRsi28U,https://music.youtube.com/watch?v=g10qKRsi28U,3,0.6832,title_first3,N9DQwp,Watch The World,Every Avenue,https://getsongbpm.com/song/watch-the-world/N9DQwp,136,4/4,B,major,6d,56,1
Marilyn Manson,Cry Little Sister,1048,cK3hggLUc2g,https://music.youtube.com/watch?v=cK3hggLUc2g,1,0.8200,title_only,vjMD5,Cry Little Sister,Charlie Sexton,https://getsongbpm.com/song/cry-little-sister/vjMD5,78,4/4,F,major,12d,50,1
Marilyn Manson,Cry Little Sister,1048,cK3hggLUc2g,https://music.youtube.com/watch?v=cK3hggLUc2g,2,0.7890,title_only,Vm6RyM,Cry Little Sister,Tangerine Dream,https://getsongbpm.com/song/cry-little-sister/Vm6RyM,151,4/4,D,minor,12m,43,2
Marilyn Manson,Cry Little Sister,1048,cK3hggLUc2g,https://music.youtube.com/watch?v=cK3hggLUc2g,3,0.7771,title_only,086l03,Cry Little Sister,L.A. Guns,https://getsongbpm.com/song/cry-little-sister/086l03,72,4/4,D,minor,12m,42,1
Buster Benton,Money Is the Name of the Game,1059,Zgdk16PQstY,https://music.youtube.com/watch?v=Zgdk16PQstY,1,0.7273,title_only,pY31OQ,Money Is The Name Of The Game,Hoochie Coochie Band,https://getsongbpm.com/song/money-is-the-name-of-the-game/pY31OQ,,,,minor,,,
Buster Benton,Money Is the Name of the Game,1059,Zgdk16PQstY,https://music.youtube.com/watch?v=Zgdk16PQstY,2,0.7000,title_only,R6DBpK,Money Is The Name Of The Game,Koko Taylor,https://getsongbpm.com/song/money-is-the-name-of-the-game/R6DBpK,133,3/4,E,minor,2m,38,51
Buster Benton,Money Is the Name of the Game,1059,Zgdk16PQstY,https://music.youtube.com/watch?v=Zgdk16PQstY,3,0.6661,title_first2,mw4m9r,Money Is,Chaquito,https://getsongbpm.com/song/money-is/mw4m9r,,,,minor,,,
Gary Moore,Parisienne Walkways (Best Version),1064,98eIW6CN62k,https://music.youtube.com/watch?v=98eIW6CN62k,1,0.9232,title_first2,6P4ml,Parisienne Walkways,Gary Moore,https://getsongbpm.com/song/parisienne-walkways/6P4ml,87,4/4,A,minor,1m,37,67
Gary Moore,Parisienne Walkways (Best Version),1064,98eIW6CN62k,https://music.youtube.com/watch?v=98eIW6CN62k,2,0.6784,title_first2,yPzAmw,Parisienne Walkways,The Taz Taylor Band,https://getsongbpm.com/song/parisienne-walkways/yPzAmw,174,3/4,A,minor,1m,17,12
Gary Moore,Parisienne Walkways (Best Version),1064,98eIW6CN62k,https://music.youtube.com/watch?v=98eIW6CN62k,3,0.6769,title_first2,1W132Z,Parisienne Walkways,Greg Lake,https://getsongbpm.com/song/parisienne-walkways/1W132Z,174,3/4,A,minor,1m,17,22
Alcest,"Ecailles de lune, Pt. 1",1085,ipWabqtjmkM,https://music.youtube.com/watch?v=ipWabqtjmkM,1,0.5822,title_first2,x6R1lB,Écailles De Poisson,Alkpote,https://getsongbpm.com/song/ecailles-de-poisson/x6R1lB,120,4/4,F#,minor,4m,25,1
Batzorig Vaanchig,Chinggis khaanii Magtaal (Live),1098,p_5yt5IX38I,https://music.youtube.com/watch?v=p_5yt5IX38I,1,0.6478,title_first2,mZKO4G,CHINGGIS KHAANII MAGTAAT,Davaasuren Bayarbaatar,https://getsongbpm.com/song/chinggis-khaanii-magtaat/mZKO4G,,,,minor,,,
Moby,New Dawn Fades,1100,J1z3DAr_rpQ,https://music.youtube.com/watch?v=J1z3DAr_rpQ,1,0.7300,title_only,mQGyKp,New Dawn Fades,Joy Division,https://getsongbpm.com/song/new-dawn-fades/mQGyKp,78,4/4,D,major,3d,39,1
Moby,New Dawn Fades,1100,J1z3DAr_rpQ,https://music.youtube.com/watch?v=J1z3DAr_rpQ,2,0.7086,title_only,QWVWOZ,New Dawn Fades,Deathcamp Project,https://getsongbpm.com/song/new-dawn-fades/QWVWOZ,31,3/4,G,major,2d,22,96
Moby,New Dawn Fades,1100,J1z3DAr_rpQ,https://music.youtube.com/watch?v=J1z3DAr_rpQ,3,0.6954,title_only,DRRjXq,New Dawn Fades,The Last Hour,https://getsongbpm.com/song/new-dawn-fades/DRRjXq,75,4/4,A#,minor,8m,29,17
Jefferson Airplane,Somebody to Love (Mono Single Version),1114,SrGSt5eDt9o,https://music.youtube.com/watch?v=SrGSt5eDt9o,1,0.7072,title_first3,6MzZ7,Somebody To Love,Resurrection Band,https://getsongbpm.com/song/somebody-to-love/6MzZ7,132,4/4,E,minor,2m,58,3
Jefferson Airplane,Somebody to Love (Mono Single Version),1114,SrGSt5eDt9o,https://music.youtube.com/watch?v=SrGSt5eDt9o,2,0.6873,title_first3,0YA65,Somebody To Love,Chris Isaak,https://getsongbpm.com/song/somebody-to-love/0YA65,124,4/4,D,major,3d,58,23
Jefferson Airplane,Somebody to Love (Mono Single Version),1114,SrGSt5eDt9o,https://music.youtube.com/watch?v=SrGSt5eDt9o,3,0.6784,title_first3,9QGrP,Somebody To Love,Ramones,https://getsongbpm.com/song/somebody-to-love/9QGrP,156,4/4,D,major,3d,42,1
Enigma,I Love You... I'll Kill You,1121,958SSCqRUo8,https://music.youtube.com/watch?v=958SSCqRUo8,1,0.7072,title_first2,R11Gw,I Love,Minuteman,https://getsongbpm.com/song/i-love/R11Gw,177,4/4,D,major,3d,32,1
Enigma,I Love You... I'll Kill You,1121,958SSCqRUo8,https://music.youtube.com/watch?v=958SSCqRUo8,2,0.6712,title_first2,lY2ORM,I Love,Sunnyland Slim,https://getsongbpm.com/song/i-love/lY2ORM,78,4/4,D,major,3d,62,97
Enigma,I Love You... I'll Kill You,1121,958SSCqRUo8,https://music.youtube.com/watch?v=958SSCqRUo8,3,0.6532,title_first2,pYYY1p,I Love,WhoMadeWho,https://getsongbpm.com/song/i-love/pYYY1p,126,4/4,G,major,2d,81,1
Lucio Dalla,Caruso (Remastered in 192 KHz),1124,wz8-1K9Zw_Q,https://music.youtube.com/watch?v=wz8-1K9Zw_Q,1,0.7232,simplified_title_only,Dqomn,Caruso,Richard Galliano,https://getsongbpm.com/song/caruso/Dqomn,129,3/4,C,minor,10m,45,73
Lucio Dalla,Caruso (Remastered in 192 KHz),1124,wz8-1K9Zw_Q,https://music.youtube.com/watch?v=wz8-1K9Zw_Q,2,0.7072,simplified_title_only,8MWmo,Caruso,Julio Iglesias,https://getsongbpm.com/song/caruso/8MWmo,82,4/4,E,minor,2m,26,74
Lucio Dalla,Caruso (Remastered in 192 KHz),1124,wz8-1K9Zw_Q,https://music.youtube.com/watch?v=wz8-1K9Zw_Q,3,0.6884,simplified_title_only,kgPlY,Caruso,Gavin Friday,https://getsongbpm.com/song/caruso/kgPlY,125,4/4,G#,major,9d,75,2
Mireille Mathieu,Pardonne-moi ce caprice d'enfant,1127,WHzo3c6_nQk,https://music.youtube.com/watch?v=WHzo3c6_nQk,1,0.6494,title_only,qPO50,Pardonne-Moi Ce Caprice D'Enfanta,Бони НЕМ,https://getsongbpm.com/song/pardonne-moi-ce-caprice-d-enfanta/qPO50,176,3/4,B,minor,3m,21,29
St. Symeon Orthodox Church Choir,God Is With Us,1128,Ffp0FrCsbb8,https://music.youtube.com/watch?v=Ffp0FrCsbb8,1,0.8000,title_only,xvNRMB,God Is With Us,The Choir of Trinity Church,https://getsongbpm.com/song/god-is-with-us/xvNRMB,,,,minor,,,
St. Symeon Orthodox Church Choir,God Is With Us,1128,Ffp0FrCsbb8,https://music.youtube.com/watch?v=Ffp0FrCsbb8,2,0.7582,title_first2,1jVOVR,God Is,The Prestonwood Choir,https://getsongbpm.com/song/god-is/1jVOVR,62,3/4,A#,major,11d,13,65
St. Symeon Orthodox Church Choir,God Is With Us,1128,Ffp0FrCsbb8,https://music.youtube.com/watch?v=Ffp0FrCsbb8,3,0.7520,title_only,wpYzoM,God Is With Us,Casting Crowns,https://getsongbpm.com/song/god-is-with-us/wpYzoM,83,3/4,C#,minor,5m,50,81
Divna Ljubojevic,Blessed art Thou O Lord: teach me Thy statutes,1130,jQRO_jM4HWQ,https://music.youtube.com/watch?v=jQRO_jM4HWQ,1,0.5850,title_first3,57wBNR,"Blessed Art Thou, O Lord",Сергей Рахманинов,https://getsongbpm.com/song/blessed-art-thou-o-lord/57wBNR,70,4/4,G#,minor,6m,11,100
Chesnokov Op. 24-6,Let My Prayer Arise,1136,gvHAqjODCcI,https://music.youtube.com/watch?v=gvHAqjODCcI,1,0.7360,title_only,zKAY9q,Let My Prayer Arise,Eesti Filharmoonia Kammerkoor,https://getsongbpm.com/song/let-my-prayer-arise/zKAY9q,130,5/4,B,minor,3m,19,100
Chesnokov Op. 24-6,Let My Prayer Arise,1136,gvHAqjODCcI,https://music.youtube.com/watch?v=gvHAqjODCcI,2,0.7097,title_only,Z4wD55,Let My Prayer Arise,Cappella Romana,https://getsongbpm.com/song/let-my-prayer-arise/Z4wD55,76,3/4,G,minor,11m,19,99
Chesnokov Op. 24-6,Let My Prayer Arise,1136,gvHAqjODCcI,https://music.youtube.com/watch?v=gvHAqjODCcI,3,0.6927,title_only,O7jkjB,Let My Prayer Arise,The Spirit of Orthodoxy Choir,https://getsongbpm.com/song/let-my-prayer-arise/O7jkjB,,,,minor,,,
Seraphim Bit-Kharibi,Psalm 53,1140,h8T8iby670s,https://music.youtube.com/watch?v=h8T8iby670s,1,0.7561,title_only,pYVZ32,Psalm 53,Prince Far I,https://getsongbpm.com/song/psalm-53/pYVZ32,,,,minor,,,
Seraphim Bit-Kharibi,Psalm 53,1140,h8T8iby670s,https://music.youtube.com/watch?v=h8T8iby670s,2,0.6479,title_only,PNGjZ4,Psalm 53: Iedereen Is Slecht,Psalmen voor Nu,https://getsongbpm.com/song/psalm-53-iedereen-is-slecht/PNGjZ4,90,4/4,A,major,4d,61,20
Seraphim Bit-Kharibi,Psalm 53,1140,h8T8iby670s,https://music.youtube.com/watch?v=h8T8iby670s,3,0.6287,title_only,ElNNVk,Psalm 53 : Le Fol Malin,Jan Pieterszoon Sweelinck,https://getsongbpm.com/song/psalm-53-le-fol-malin/ElNNVk,75,4/4,C,minor,10m,25,100
Der Weg Einer Freiheit,Immortal,1141,CFzGM3x-vbA,https://music.youtube.com/watch?v=CFzGM3x-vbA,1,0.7726,title_only,K69rr,Immortal,Decoded Feedback,https://getsongbpm.com/song/immortal/K69rr,120,4/4,C,minor,10m,57,1
Der Weg Einer Freiheit,Immortal,1141,CFzGM3x-vbA,https://music.youtube.com/watch?v=CFzGM3x-vbA,2,0.7561,title_only,AnVBl,Immortal,Helloween,https://getsongbpm.com/song/immortal/AnVBl,114,4/4,E,minor,2m,50,1
Der Weg Einer Freiheit,Immortal,1141,CFzGM3x-vbA,https://music.youtube.com/watch?v=CFzGM3x-vbA,3,0.7491,title_only,3jxWp,Immortal,Jane Jensen,https://getsongbpm.com/song/immortal/3jxWp,125,4/4,C,major,1d,56,1
Seraphim Bit-Kharibi,Psalm 50,1142,94ByPx0G6fA,https://music.youtube.com/watch?v=94ByPx0G6fA,1,0.7114,title_only,lY4Dkg,Psalm 50 (51): Quarta Et Ult. Pars: Domine Labia Mea Aperies,Andrea Gabrieli,https://getsongbpm.com/song/psalm-50-51-quarta-et-ultpoint-pars-domine-labia-mea-aperies/lY4Dkg,,,,minor,,,
Seraphim Bit-Kharibi,Psalm 50,1142,94ByPx0G6fA,https://music.youtube.com/watch?v=94ByPx0G6fA,2,0.7114,title_only,kR4DjN,Psalm 50 (51): Tertia Pars: Cor Mundum Crea In Me Deus,Andrea Gabrieli,https://getsongbpm.com/song/psalm-50-51-tertia-pars-cor-mundum-crea-in-me-deus/kR4DjN,,,,minor,,,
Seraphim Bit-Kharibi,Psalm 50,1142,94ByPx0G6fA,https://music.youtube.com/watch?v=94ByPx0G6fA,3,0.7114,title_only,jR4LgP,Psalm 50 (51): Secunda Pars: Ecce Enim In Iniquitatibus Conceptus Sum,Andrea Gabrieli,https://getsongbpm.com/song/psalm-50-51-secunda-pars-ecce-enim-in-iniquitatibus-conceptus-sum/jR4LgP,,,,minor,,,
Patrick Lenk,Lo Boier,1143,AmZMPUQUFNk,https://music.youtube.com/watch?v=AmZMPUQUFNk,1,0.7916,title_only,NLqPgL,Lo Boièr,Fai Lum,https://getsongbpm.com/song/lo-boier/NLqPgL,,,,minor,,,
Patrick Lenk,Lo Boier,1143,AmZMPUQUFNk,https://music.youtube.com/watch?v=AmZMPUQUFNk,2,0.7686,title_only,E9jjkW,Lo Boier,Christian Koenig,https://getsongbpm.com/song/lo-boier/E9jjkW,,,,minor,,,
Patrick Lenk,Lo Boier,1143,AmZMPUQUFNk,https://music.youtube.com/watch?v=AmZMPUQUFNk,3,0.7600,title_only,Xo3R58,Lo Boier,Compagnie Rassegna,https://getsongbpm.com/song/lo-boier/Xo3R58,,,,minor,,,
Alexandr Misko,Smooth Criminal,1146,0EnsQvXw3u0,https://music.youtube.com/watch?v=0EnsQvXw3u0,1,0.8200,title_only,EPVgY,Smooth Criminal,Alien Ant Farm,https://getsongbpm.com/song/smooth-criminal/EPVgY,128,4/4,A,minor,1m,65,1
Alexandr Misko,Smooth Criminal,1146,0EnsQvXw3u0,https://music.youtube.com/watch?v=0EnsQvXw3u0,2,0.7480,title_only,yP6pVz,Smooth Criminal,Smith College Smiffenpoofs,https://getsongbpm.com/song/smooth-criminal/yP6pVz,,,,minor,,,
Alexandr Misko,Smooth Criminal,1146,0EnsQvXw3u0,https://music.youtube.com/watch?v=0EnsQvXw3u0,3,0.7393,title_only,p8P4r,Smooth Criminal,Michael Jackson,https://getsongbpm.com/song/smooth-criminal/p8P4r,117,4/4,A,minor,1m,86,25
Holy Transfiguration Monastery,Blessed Is the Man,1151,ekG3q8wPaW4,https://music.youtube.com/watch?v=ekG3q8wPaW4,1,0.7794,title_only,pYO9JN,Blessed Is The Man,Novospassky Monastery Male Choir,https://getsongbpm.com/song/blessed-is-the-man/pYO9JN,,,,minor,,,
Holy Transfiguration Monastery,Blessed Is the Man,1151,ekG3q8wPaW4,https://music.youtube.com/watch?v=ekG3q8wPaW4,2,0.7110,title_only,KOOpjR,Blessed Is The Man,Russian Orthodox Cathedral Choir of Paris,https://getsongbpm.com/song/blessed-is-the-man/KOOpjR,,,,minor,,,
Holy Transfiguration Monastery,Blessed Is the Man,1151,ekG3q8wPaW4,https://music.youtube.com/watch?v=ekG3q8wPaW4,3,0.7055,title_only,Q1lmlM,Blessed Is The Man,The Spirit of Orthodoxy Choir,https://getsongbpm.com/song/blessed-is-the-man/Q1lmlM,,,,minor,,,
Alexander,Christ Has Risen,1152,oQfuvcerLTQ,https://music.youtube.com/watch?v=oQfuvcerLTQ,1,0.7525,title_only,Nx0AR2,Christ Has Risen,Keith and Kristyn Getty,https://getsongbpm.com/song/christ-has-risen/Nx0AR2,130,4/4,E,major,5d,76,42
Alexander,Christ Has Risen,1152,oQfuvcerLTQ,https://music.youtube.com/watch?v=oQfuvcerLTQ,2,0.7055,title_only,KOLmpx,Christ Has Risen,Costas Zorbas,https://getsongbpm.com/song/christ-has-risen/KOLmpx,,,,minor,,,
Shinnobu,The Man,1157,9Ic3vl_Zdsc,https://music.youtube.com/watch?v=9Ic3vl_Zdsc,1,0.7600,title_only,3Vvlx,The Man,Riot,https://getsongbpm.com/song/the-man/3Vvlx,175,4/4,F#,minor,4m,38,6
Shinnobu,The Man,1157,9Ic3vl_Zdsc,https://music.youtube.com/watch?v=9Ic3vl_Zdsc,2,0.7120,title_only,zvAGY,The Man,Randy Newman,https://getsongbpm.com/song/the-man/zvAGY,102,4/4,B,major,6d,56,26
Shinnobu,The Man,1157,9Ic3vl_Zdsc,https://music.youtube.com/watch?v=9Ic3vl_Zdsc,3,0.7026,title_only,AMA9B,The Man,Large Professor,https://getsongbpm.com/song/the-man/AMA9B,177,4/4,D#,minor,7m,60,13
Vangelis,Blade Runner Blues,1158,ECYLHiXvrBQ,https://music.youtube.com/watch?v=ECYLHiXvrBQ,1,0.8062,title_only,qj53Jy,Blade Runner Blues,Balls,https://getsongbpm.com/song/blade-runner-blues/qj53Jy,106,4/4,D,major,3d,19,48
Vangelis,Blade Runner Blues,1158,ECYLHiXvrBQ,https://music.youtube.com/watch?v=ECYLHiXvrBQ,2,0.7382,title_only,wjLnZR,Blade Runner Blues,Fausto Papetti,https://getsongbpm.com/song/blade-runner-blues/wjLnZR,73,4/4,C#,major,8d,27,79
Vangelis,Blade Runner Blues,1158,ECYLHiXvrBQ,https://music.youtube.com/watch?v=ECYLHiXvrBQ,3,0.7300,title_only,83knPj,Blade Runner Blues,Edgar Rothermich,https://getsongbpm.com/song/blade-runner-blues/83knPj,113,3/4,G,major,2d,20,34
Elton John; Luciano Pavarotti; Orchestra Filarmonica Di Torino; Marco Armiliato,Live Like Horses (Live Finale Version),1162,6rPN7NMzd8Y,https://music.youtube.com/watch?v=6rPN7NMzd8Y,1,0.9232,title_first3,AMXYl,Live Like Horses,Elton John,https://getsongbpm.com/song/live-like-horses/AMXYl,130,4/4,C#,major,8d,46,33
Elton John; Luciano Pavarotti; Orchestra Filarmonica Di Torino; Marco Armiliato,Live Like Horses (Live Finale Version),1162,6rPN7NMzd8Y,https://music.youtube.com/watch?v=6rPN7NMzd8Y,2,0.6479,title_first2,W7XPmJ,Live Like,Nemjuci,https://getsongbpm.com/song/live-like/W7XPmJ,101,4/4,C,major,1d,46,3
Kvitka Cisyk,I Will Go to the Distant Hills,1167,C7kkj5qsayA,https://music.youtube.com/watch?v=C7kkj5qsayA,1,0.7003,title_first2,oO2J3,I Will,Tim Curry,https://getsongbpm.com/song/i-will/oO2J3,134,4/4,F,major,12d,77,26
Kvitka Cisyk,I Will Go to the Distant Hills,1167,C7kkj5qsayA,https://music.youtube.com/watch?v=C7kkj5qsayA,2,0.6965,title_first2,krrKE,I Will,Billy Ray Cyrus,https://getsongbpm.com/song/i-will/krrKE,158,3/4,D#,major,10d,29,2
Kvitka Cisyk,I Will Go to the Distant Hills,1167,C7kkj5qsayA,https://music.youtube.com/watch?v=C7kkj5qsayA,3,0.6832,title_first3,pgA4A2,I Will Go,Sandra Cross,https://getsongbpm.com/song/i-will-go/pgA4A2,91,4/4,C,major,1d,86,7
Nuages,Closer,1170,Fds3Z7TBjlQ,https://music.youtube.com/watch?v=Fds3Z7TBjlQ,1,0.7840,title_only,Nz1p,Closer,Numb,https://getsongbpm.com/song/closer/Nz1p,152,4/4,F#,major,7d,45,1
Nuages,Closer,1170,Fds3Z7TBjlQ,https://music.youtube.com/watch?v=Fds3Z7TBjlQ,2,0.7840,title_only,G8A7,Closer,Ring,https://getsongbpm.com/song/closer/G8A7,91,4/4,F,major,12d,54,1
Nuages,Closer,1170,Fds3Z7TBjlQ,https://music.youtube.com/watch?v=Fds3Z7TBjlQ,3,0.7480,title_only,86Gk3,Closer,Richard Cheese,https://getsongbpm.com/song/closer/86Gk3,105,4/4,G#,major,9d,86,52
Kvitka Cisyk,Two Colors,1188,tAy3vB2xCSo,https://music.youtube.com/watch?v=tAy3vB2xCSo,1,0.7671,title_only,mQBRjO,Two Colors,Viter,https://getsongbpm.com/song/two-colors/mQBRjO,135,4/4,C,minor,10m,54,46
Kvitka Cisyk,Two Colors,1188,tAy3vB2xCSo,https://music.youtube.com/watch?v=tAy3vB2xCSo,2,0.7026,title_only,nZnp6D,Two Colors,Enrico Rava,https://getsongbpm.com/song/two-colors/nZnp6D,91,4/4,F,major,12d,18,96
Stevie T ft. Jim Carrey,You Don't Bring Me Flowers,1190,7t3a_wk904E,https://music.youtube.com/watch?v=7t3a_wk904E,1,0.8457,title_only,zm6gkr,You Don't Bring Me Flowers,Steve Hofmeyr,https://getsongbpm.com/song/you-don-t-bring-me-flowers/zm6gkr,117,4/4,C,major,1d,30,29
Stevie T ft. Jim Carrey,You Don't Bring Me Flowers,1190,7t3a_wk904E,https://music.youtube.com/watch?v=7t3a_wk904E,2,0.7600,title_only,A4RY3,You Don't Bring Me Flowers,Barbra Streisand,https://getsongbpm.com/song/you-don-t-bring-me-flowers/A4RY3,67,4/4,C,major,1d,16,88
Stevie T ft. Jim Carrey,You Don't Bring Me Flowers,1190,7t3a_wk904E,https://music.youtube.com/watch?v=7t3a_wk904E,3,0.7480,title_only,WpNRo,You Don't Bring Me Flowers,Neil Diamond,https://getsongbpm.com/song/you-don-t-bring-me-flowers/WpNRo,67,4/4,C,major,1d,16,88
Kvitka Cisyk,Dearest Mother Of Mine,1193,jwtVa5R8qAE,https://music.youtube.com/watch?v=jwtVa5R8qAE,1,0.6390,title_first2,73B2w8,Dearest Mother,Halfway,https://getsongbpm.com/song/dearest-mother/73B2w8,122,4/4,A,major,4d,56,25
Electro-Light,Symbolism,1194,f6Zk4Lx0cJ4,https://music.youtube.com/watch?v=f6Zk4Lx0cJ4,1,0.8200,title_only,BLv0rk,Symbolism,Delerium,https://getsongbpm.com/song/symbolism/BLv0rk,160,4/4,C#,major,8d,10,11
Electro-Light,Symbolism,1194,f6Zk4Lx0cJ4,https://music.youtube.com/watch?v=f6Zk4Lx0cJ4,2,0.7600,title_only,E7Mnk,Symbolism,The Grouch,https://getsongbpm.com/song/symbolism/E7Mnk,94,4/4,C,minor,10m,75,42
Electro-Light,Symbolism,1194,f6Zk4Lx0cJ4,https://music.youtube.com/watch?v=f6Zk4Lx0cJ4,3,0.7247,title_only,1wl81m,Symbolism,DRONE,https://getsongbpm.com/song/symbolism/1wl81m,,,,minor,,,
Jordan Critz,Starry Night,1202,xSXzw1XiDVw,https://music.youtube.com/watch?v=xSXzw1XiDVw,1,0.8200,title_only,y924w,Starry Night,Joe Satriani,https://getsongbpm.com/song/starry-night/y924w,144,4/4,C,major,1d,64,22
Jordan Critz,Starry Night,1202,xSXzw1XiDVw,https://music.youtube.com/watch?v=xSXzw1XiDVw,2,0.7900,title_only,1B3QP,Starry Night,Ed Van Fleet,https://getsongbpm.com/song/starry-night/1B3QP,,,,minor,,,
Jordan Critz,Starry Night,1202,xSXzw1XiDVw,https://music.youtube.com/watch?v=xSXzw1XiDVw,3,0.7264,title_only,vMmDn,Starry Night,Davy Spillane,https://getsongbpm.com/song/starry-night/vMmDn,124,4/4,A,minor,1m,58,66
Yoshihisa Hirano,Kyrie II,1206,fr3QRSw-UN0,https://music.youtube.com/watch?v=fr3QRSw-UN0,1,0.7360,title_only,6RDVrV,Kyrie II,Kronos Quartet,https://getsongbpm.com/song/kyrie-ii/6RDVrV,139,4/4,D,major,3d,17,99
Yoshihisa Hirano,Kyrie II,1206,fr3QRSw-UN0,https://music.youtube.com/watch?v=fr3QRSw-UN0,2,0.7329,title_only,Jq3jEl,Kyrie II,Fernando Ortega,https://getsongbpm.com/song/kyrie-ii/Jq3jEl,129,5/4,A,major,4d,32,100
Yoshihisa Hirano,Kyrie II,1206,fr3QRSw-UN0,https://music.youtube.com/watch?v=fr3QRSw-UN0,3,0.6649,title_only,jqXJGP,Kyrie III,Kronos Quartet,https://getsongbpm.com/song/kyrie-iii/jqXJGP,108,4/4,G,major,2d,20,98
Kordhell,Killa,1209,Rvb20s1Ozek,https://music.youtube.com/watch?v=Rvb20s1Ozek,1,0.7508,title_only,vgE3Kn,Killa,Silla,https://getsongbpm.com/song/killa/vgE3Kn,89,4/4,G#,major,9d,70,23
Kordhell,Killa,1209,Rvb20s1Ozek,https://music.youtube.com/watch?v=Rvb20s1Ozek,2,0.7360,title_only,6RA037,Killa,Cherish,https://getsongbpm.com/song/killa/6RA037,112,4/4,F,minor,9m,80,4
Kordhell,Killa,1209,Rvb20s1Ozek,https://music.youtube.com/watch?v=Rvb20s1Ozek,3,0.7247,title_only,ElzXWg,Killa,tUnE-yArDs,https://getsongbpm.com/song/killa/ElzXWg,115,4/4,C,major,1d,84,24
FindMyName,Hide N Seek,1210,HtfsDrGEnXk,https://music.youtube.com/watch?v=HtfsDrGEnXk,1,0.7200,title_only,qx4j2G,Hide N Seek,Sontiago,https://getsongbpm.com/song/hide-n-seek/qx4j2G,167,4/4,B,minor,3m,64,63
FindMyName,Hide N Seek,1210,HtfsDrGEnXk,https://music.youtube.com/watch?v=HtfsDrGEnXk,2,0.6743,title_only,mOjnEO,Hide N Seek,Lucky Seven,https://getsongbpm.com/song/hide-n-seek/mOjnEO,186,4/4,F,minor,9m,46,2
FindMyName,Hide N Seek,1210,HtfsDrGEnXk,https://music.youtube.com/watch?v=HtfsDrGEnXk,3,0.6208,title_only,VNj9v,Hide N Seekin',Paul Westerberg,https://getsongbpm.com/song/hide-n-seekin/VNj9v,92,4/4,E,minor,2m,35,71
KUTE; Kordhell,Dead on Arrival,1212,bhwEhBRbe4s,https://music.youtube.com/watch?v=bhwEhBRbe4s,1,0.7231,title_only,J6NZAD,Dead On Arrival,Vitamin String Quartet,https://getsongbpm.com/song/dead-on-arrival/J6NZAD,99,4/4,C,major,1d,67,67
KUTE; Kordhell,Dead on Arrival,1212,bhwEhBRbe4s,https://music.youtube.com/watch?v=bhwEhBRbe4s,2,0.7120,title_only,4nqx,Dead On Arrival,Spacer,https://getsongbpm.com/song/dead-on-arrival/4nqx,125,4/4,G,major,2d,73,5
KUTE; Kordhell,Dead on Arrival,1212,bhwEhBRbe4s,https://music.youtube.com/watch?v=bhwEhBRbe4s,3,0.7086,title_only,J70Jy,Dead On Arrival,Throbbing Gristle,https://getsongbpm.com/song/dead-on-arrival/J70Jy,147,4/4,F,minor,9m,77,15
KUTE; RAIZHELL,ANUBIS,1213,-My3J4qmlWU,https://music.youtube.com/watch?v=-My3J4qmlWU,1,0.7943,title_only,5yDWlK,Anubis,Nik Turner,https://getsongbpm.com/song/anubis/5yDWlK,105,4/4,G#,minor,6m,65,1
KUTE; RAIZHELL,ANUBIS,1213,-My3J4qmlWU,https://music.youtube.com/watch?v=-My3J4qmlWU,2,0.7840,title_only,4ZMQn,Anubis,Würzel,https://getsongbpm.com/song/anubis/4ZMQn,83,4/4,D,major,3d,15,93
KUTE; RAIZHELL,ANUBIS,1213,-My3J4qmlWU,https://music.youtube.com/watch?v=-My3J4qmlWU,3,0.7600,title_only,71Xv1,ANUBIS,LUNA SEA,https://getsongbpm.com/song/anubis/71Xv1,149,4/4,E,minor,2m,48,2
KSLV Noh,Disaster,1225,7Ua_ilBIx9A,https://music.youtube.com/watch?v=7Ua_ilBIx9A,1,0.7537,title_only,r4QYE,Disaster,Christopher,https://getsongbpm.com/song/disaster/r4QYE,113,4/4,B,major,6d,42,4
KSLV Noh,Disaster,1225,7Ua_ilBIx9A,https://music.youtube.com/watch?v=7Ua_ilBIx9A,2,0.7382,title_only,66LBR,Disaster,Pissing Razors,https://getsongbpm.com/song/disaster/66LBR,105,3/4,G,major,2d,32,1
KSLV Noh,Disaster,1225,7Ua_ilBIx9A,https://music.youtube.com/watch?v=7Ua_ilBIx9A,3,0.7382,title_only,KD2ZY,Disaster,The Ashtray Hearts,https://getsongbpm.com/song/disaster/KD2ZY,127,4/4,C,major,1d,55,1
PlayaPhonk,IMMORTAL,1227,5BG6o53cJj0,https://music.youtube.com/watch?v=5BG6o53cJj0,1,0.7537,title_only,AnVBl,Immortal,Helloween,https://getsongbpm.com/song/immortal/AnVBl,114,4/4,E,minor,2m,50,1
PlayaPhonk,IMMORTAL,1227,5BG6o53cJj0,https://music.youtube.com/watch?v=5BG6o53cJj0,2,0.7360,title_only,0L9Pv,Immortal,Sasha,https://getsongbpm.com/song/immortal/0L9Pv,178,4/4,F#,minor,4m,46,1
PlayaPhonk,IMMORTAL,1227,5BG6o53cJj0,https://music.youtube.com/watch?v=5BG6o53cJj0,3,0.7360,title_only,qDBwp,Immortal,Blame,https://getsongbpm.com/song/immortal/qDBwp,114,4/4,A,minor,1m,49,67
Kordhell,MURDER PLOT,1228,w1JjPvLAzRE,https://music.youtube.com/watch?v=w1JjPvLAzRE,1,0.6592,title_only,O9oGr,Murder Plot Twist,Oddjobs,https://getsongbpm.com/song/murder-plot-twist/O9oGr,87,4/4,C#,major,8d,84,24
Ghostface Playa,I Don't Give a Fuck (feat. Pharmacist),1229,cZfb2HU7c9o,https://music.youtube.com/watch?v=cZfb2HU7c9o,1,0.7965,simplified_title_only,BNY32,I Don't Give A Fuck,Master P,https://getsongbpm.com/song/i-don-t-give-a-fuck/BNY32,97,4/4,G,major,2d,84,2
Ghostface Playa,I Don't Give a Fuck (feat. Pharmacist),1229,cZfb2HU7c9o,https://music.youtube.com/watch?v=cZfb2HU7c9o,2,0.7480,simplified_title_only,R6rL7V,I Don't Give A Fuck,W.A.S.T.E.,https://getsongbpm.com/song/i-don-t-give-a-fuck/R6rL7V,147,4/4,B,minor,3m,78,8
Ghostface Playa,I Don't Give a Fuck (feat. Pharmacist),1229,cZfb2HU7c9o,https://music.youtube.com/watch?v=cZfb2HU7c9o,3,0.7382,simplified_title_only,AVW3,I Don't Give A Fuck,Abscess,https://getsongbpm.com/song/i-don-t-give-a-fuck/AVW3,110,4/4,G,major,2d,29,1
Chris Norman; Suzi Quatro,Stumblin' In,1237,3fHkPX7U91g,https://music.youtube.com/watch?v=3fHkPX7U91g,1,0.7652,title_only,jRwBVB,Stumblin' In,Bernie Paul,https://getsongbpm.com/song/stumblin-in/jRwBVB,128,4/4,G,major,2d,66,8
Chris Norman; Suzi Quatro,Stumblin' In,1237,3fHkPX7U91g,https://music.youtube.com/watch?v=3fHkPX7U91g,2,0.7537,title_only,GvZ510,Stumblin' In,Nianell,https://getsongbpm.com/song/stumblin-in/GvZ510,129,4/4,G,major,2d,68,3
Chris Norman; Suzi Quatro,Stumblin' In,1237,3fHkPX7U91g,https://music.youtube.com/watch?v=3fHkPX7U91g,3,0.6800,title_only,lOZVk1,Stumblin' In,X-Sonic,https://getsongbpm.com/song/stumblin-in/lOZVk1,139,4/4,F,major,12d,56,1
Albano Carrisi,Ti Amo (Version 2010),1243,1SeoYxmpwUs,https://music.youtube.com/watch?v=1SeoYxmpwUs,1,0.7037,title_first2,mZG3QO,Ti Amo,Nando Reis & Os Infernais,https://getsongbpm.com/song/ti-amo/mZG3QO,67,4/4,G,major,2d,38,86
Albano Carrisi,Ti Amo (Version 2010),1243,1SeoYxmpwUs,https://music.youtube.com/watch?v=1SeoYxmpwUs,2,0.6918,title_first2,rgp1L,Ti Amo,Laura Branigan,https://getsongbpm.com/song/ti-amo/rgp1L,184,3/4,F,major,12d,58,43
Albano Carrisi,Ti Amo (Version 2010),1243,1SeoYxmpwUs,https://music.youtube.com/watch?v=1SeoYxmpwUs,3,0.6712,title_first2,zYzBY,Ti Amo,Dalida,https://getsongbpm.com/song/ti-amo/zYzBY,123,4/4,A#,major,11d,72,57
Sheryl Crow,Tomorrow Never Dies,1246,rwDUWnOVf0c,https://music.youtube.com/watch?v=rwDUWnOVf0c,1,0.8036,title_only,wpvMV1,Tomorrow Never Dies,Mister Bond,https://getsongbpm.com/song/tomorrow-never-dies/wpvMV1,115,4/4,C,minor,10m,80,52
Sheryl Crow,Tomorrow Never Dies,1246,rwDUWnOVf0c,https://music.youtube.com/watch?v=rwDUWnOVf0c,2,0.7840,title_only,goEA9,Tomorrow Never Dies,Sara Noxx,https://getsongbpm.com/song/tomorrow-never-dies/goEA9,119,4/4,F,major,12d,63,3
Sheryl Crow,Tomorrow Never Dies,1246,rwDUWnOVf0c,https://music.youtube.com/watch?v=rwDUWnOVf0c,3,0.7247,title_only,VAgl99,Tomorrow Never Dies,United Studio Orchestra,https://getsongbpm.com/song/tomorrow-never-dies/VAgl99,109,3/4,C,minor,10m,24,21
Frédéric Chopin,"Nocturne No. 2 in E flat Major, Op. 9,2",1278,bVeOdm-29pU,https://music.youtube.com/watch?v=bVeOdm-29pU,1,0.8512,title_first3,ZYlAAE,Nocturne No. 2,Fryderyk Chopin,https://getsongbpm.com/song/nocturne-nopoint-2/ZYlAAE,68,4/4,C#,major,8d,27,100
Frédéric Chopin,"Nocturne No. 2 in E flat Major, Op. 9,2",1278,bVeOdm-29pU,https://music.youtube.com/watch?v=bVeOdm-29pU,2,0.7701,title_first3,g5X146,"Nocturne No. 2 En Mi Bémol Majeur, Op. 9 No. 2",Fryderyk Chopin,https://getsongbpm.com/song/nocturne-nopoint-2-en-mi-bemol-majeur-oppoint-9-nopoint-2/g5X146,,,,minor,,,
Frédéric Chopin,"Nocturne No. 2 in E flat Major, Op. 9,2",1278,bVeOdm-29pU,https://music.youtube.com/watch?v=bVeOdm-29pU,3,0.7072,title_first3,ADxr71,Nocturne No. 2,Erik Satie,https://getsongbpm.com/song/nocturne-nopoint-2/ADxr71,132,4/4,D,major,3d,43,100
BrunoPelletier1,Notre Dame de Paris Le Temps des Cathédrales,1280,dSa0Z0Yd0J0,https://music.youtube.com/watch?v=dSa0Z0Yd0J0,1,0.6941,title_first2,MjyGQQ,Notre Dame,Berthet,https://getsongbpm.com/song/notre-dame/MjyGQQ,76,3/4,C#,minor,5m,23,92
BrunoPelletier1,Notre Dame de Paris Le Temps des Cathédrales,1280,dSa0Z0Yd0J0,https://music.youtube.com/watch?v=dSa0Z0Yd0J0,2,0.6793,title_first3,W6vAy4,Notre Dame De Paris,Rondo Fantastico,https://getsongbpm.com/song/notre-dame-de-paris/W6vAy4,115,4/4,G,major,2d,57,1
BrunoPelletier1,Notre Dame de Paris Le Temps des Cathédrales,1280,dSa0Z0Yd0J0,https://music.youtube.com/watch?v=dSa0Z0Yd0J0,3,0.6592,title_first2,JZXoQP,Nôtre Dame,Francisco Nixon,https://getsongbpm.com/song/notre-dame/JZXoQP,119,4/4,E,major,5d,35,17
Moby,"Extreme Ways (From The ""Bourne"" Film Series)",1289,aYAoeYE9CLs,https://music.youtube.com/watch?v=aYAoeYE9CLs,1,0.9232,title_first2,z6QYq,Extreme Ways,Moby,https://getsongbpm.com/song/extreme-ways/z6QYq,99,4/4,A,minor,1m,52,1
Hans Zimmer,No Time for Caution,1291,2o9KfyPqQzY,https://music.youtube.com/watch?v=2o9KfyPqQzY,1,0.7017,title_first2,WAmn,No Time,Gates of Ishtar,https://getsongbpm.com/song/no-time/WAmn,96,4/4,C,major,1d,18,1
Hans Zimmer,No Time for Caution,1291,2o9KfyPqQzY,https://music.youtube.com/watch?v=2o9KfyPqQzY,2,0.6903,title_first2,YlLgK,No Time,The Saints,https://getsongbpm.com/song/no-time/YlLgK,90,4/4,A,major,4d,29,1
Hans Zimmer,No Time for Caution,1291,2o9KfyPqQzY,https://music.youtube.com/watch?v=2o9KfyPqQzY,3,0.6884,title_first2,AnJZO,No Time,Robin Trower,https://getsongbpm.com/song/no-time/AnJZO,127,1/4,G#,major,9d,43,43
Hans Zimmer,Wheel of Fortune,1292,XMgMOYKZ96g,https://music.youtube.com/watch?v=XMgMOYKZ96g,1,0.8000,title_only,J3k6v,Wheel Of Fortune,Anyone's Daughter,https://getsongbpm.com/song/wheel-of-fortune/J3k6v,101,4/4,D,major,3d,58,2
Hans Zimmer,Wheel of Fortune,1292,XMgMOYKZ96g,https://music.youtube.com/watch?v=XMgMOYKZ96g,2,0.7771,title_only,p4r1Q,Wheel Of Fortune,Susan Raye,https://getsongbpm.com/song/wheel-of-fortune/p4r1Q,83,4/4,G#,major,9d,40,68
Hans Zimmer,Wheel of Fortune,1292,XMgMOYKZ96g,https://music.youtube.com/watch?v=XMgMOYKZ96g,3,0.7652,title_only,XoG2A,Wheel Of Fortune,Allan Taylor,https://getsongbpm.com/song/wheel-of-fortune/XoG2A,84,4/4,B,minor,3m,57,60
Hans Zimmer,Dinner Is Served,1294,z9vs_UCmfdA,https://music.youtube.com/watch?v=z9vs_UCmfdA,1,0.7943,title_only,8qyZ45,Dinner Is Served,Disastrous Murmur,https://getsongbpm.com/song/dinner-is-served/8qyZ45,84,3/4,C,minor,10m,34,14
Hans Zimmer,Dinner Is Served,1294,z9vs_UCmfdA,https://music.youtube.com/watch?v=z9vs_UCmfdA,2,0.7247,title_only,Eq4J7N,Dinner Is Served,Insult,https://getsongbpm.com/song/dinner-is-served/Eq4J7N,96,3/4,A#,minor,8m,22,1
Hans Zimmer,Dinner Is Served,1294,z9vs_UCmfdA,https://music.youtube.com/watch?v=z9vs_UCmfdA,3,0.7026,title_only,83jMrj,Dinner Is Served,Trife Diesel,https://getsongbpm.com/song/dinner-is-served/83jMrj,69,1/4,C#,minor,5m,51,3
Shaman's Harvest,Broken Dreams [Drew McIntyre | HQ + full intro + Lyrics],1296,iRyaB8RgU4c,https://music.youtube.com/watch?v=iRyaB8RgU4c,1,0.7122,title_first2,2BX4M,Broken Dreams,Phil Manzanera,https://getsongbpm.com/song/broken-dreams/2BX4M,145,4/4,A,major,4d,45,1
Shaman's Harvest,Broken Dreams [Drew McIntyre | HQ + full intro + Lyrics],1296,iRyaB8RgU4c,https://music.youtube.com/watch?v=iRyaB8RgU4c,2,0.6740,title_first2,lXMY6,Broken Dreams,Fifth Angel,https://getsongbpm.com/song/broken-dreams/lXMY6,139,4/4,D#,minor,7m,44,23
Shaman's Harvest,Broken Dreams [Drew McIntyre | HQ + full intro + Lyrics],1296,iRyaB8RgU4c,https://music.youtube.com/watch?v=iRyaB8RgU4c,3,0.6699,title_first2,O2nDp,Broken Dreams,Patti Austin,https://getsongbpm.com/song/broken-dreams/O2nDp,93,4/4,C#,major,8d,70,72
TRAUM,"Grandes études de Paganini, S. 141: No. 3 in G-Sharp Minor (Allegretto) ""La campanella",1304,dG-SLTnN9go,https://music.youtube.com/watch?v=dG-SLTnN9go,1,0.6579,title_first3,ANO94l,"Grandes études De Paganini, S. 141: Etude No. 3 In G-sharp Minor: La Campanella",Franz Liszt,https://getsongbpm.com/song/grandes-etudes-de-paganini-spoint-141-etude-nopoint-3-in-g-sharp-minor-la-campanella/ANO94l,80,4/4,G#,minor,6m,28,97
TRAUM,"Grandes études de Paganini, S. 141: No. 3 in G-Sharp Minor (Allegretto) ""La campanella",1304,dG-SLTnN9go,https://music.youtube.com/watch?v=dG-SLTnN9go,2,0.5654,title_first3,yokJYn,"Grandes études De Paganini, S. 141: Etude No. 1 In G Minor: Trémolo",Franz Liszt,https://getsongbpm.com/song/grandes-etudes-de-paganini-spoint-141-etude-nopoint-1-in-g-minor-tremolo/yokJYn,81,3/4,G,minor,11m,26,97
Geoff Castellucci,Far over the Misty Mountains Cold,1305,jDFtgMHiPAM,https://music.youtube.com/watch?v=jDFtgMHiPAM,1,0.6614,title_first3,08Oj0G,Far Over The Misty Mountains,Oktet,https://getsongbpm.com/song/far-over-the-misty-mountains/08Oj0G,,,,minor,,,
Geoff Castellucci,Far over the Misty Mountains Cold,1305,jDFtgMHiPAM,https://music.youtube.com/watch?v=jDFtgMHiPAM,2,0.6532,title_first2,LPZVW,Far Over Misty Mountains,Caprice,https://getsongbpm.com/song/far-over-misty-mountains/LPZVW,,,,minor,,,
Geoff Castellucci,Far over the Misty Mountains Cold,1305,jDFtgMHiPAM,https://music.youtube.com/watch?v=jDFtgMHiPAM,3,0.6186,title_first2,6X960L,Far Over,Mayd Hubb,https://getsongbpm.com/song/far-over/6X960L,169,4/4,D,major,3d,59,1
Miracle Of Sound; Peyton Parrish,Valhalla Calling - Duet Version,1306,bbdEIzfeDSs,https://music.youtube.com/watch?v=bbdEIzfeDSs,1,0.6561,title_first2,Yyp392,Valhalla Calling,Bound for Glory,https://getsongbpm.com/song/valhalla-calling/Yyp392,130,4/4,C#,major,8d,86,68
Motörhead,Enter Sandman,1307,KS0Tk8UDRno,https://music.youtube.com/watch?v=KS0Tk8UDRno,1,0.7916,title_only,q0pB7,Enter Sandman,Iron Horse,https://getsongbpm.com/song/enter-sandman/q0pB7,129,4/4,B,minor,3m,50,21
Motörhead,Enter Sandman,1307,KS0Tk8UDRno,https://music.youtube.com/watch?v=KS0Tk8UDRno,2,0.7652,title_only,nPnmp,Enter Sandman,The New Morty Show,https://getsongbpm.com/song/enter-sandman/nPnmp,150,4/4,B,minor,3m,38,1
Motörhead,Enter Sandman,1307,KS0Tk8UDRno,https://music.youtube.com/watch?v=KS0Tk8UDRno,3,0.7600,title_only,gJopD,Enter Sandman,Metallica,https://getsongbpm.com/song/enter-sandman/gJopD,123,4/4,E,minor,2m,58,1
Vopli Vidopliasova,We Were in the Village,1321,fPKR8Uv7Rxo,https://music.youtube.com/watch?v=fPKR8Uv7Rxo,1,0.6793,title_first2,r07XXK,We Were,Killing the Dream,https://getsongbpm.com/song/we-were/r07XXK,95,3/4,A,major,4d,19,1
Vopli Vidopliasova,We Were in the Village,1321,fPKR8Uv7Rxo,https://music.youtube.com/watch?v=fPKR8Uv7Rxo,2,0.6403,title_first2,Oq0jXp,We Were,Moon Honey,https://getsongbpm.com/song/we-were/Oq0jXp,130,4/4,E,major,5d,49,38
Vopli Vidopliasova,We Were in the Village,1321,fPKR8Uv7Rxo,https://music.youtube.com/watch?v=fPKR8Uv7Rxo,3,0.6377,title_first2,WQOj3v,We Were,Keith Urban,https://getsongbpm.com/song/we-were/WQOj3v,79,4/4,F,major,12d,44,13
Воплі Відоплясова,Land of Dream,1322,iDvEIJtuDYw,https://music.youtube.com/watch?v=iDvEIJtuDYw,1,0.6632,title_only,0YA27N,Land Of Dream,I folli di Dio,https://getsongbpm.com/song/land-of-dream/0YA27N,,,,minor,,,
Воплі Відоплясова,Land of Dream,1322,iDvEIJtuDYw,https://music.youtube.com/watch?v=iDvEIJtuDYw,2,0.6191,title_only,1w3qA0,Land Of Dreams,Naer Mataron,https://getsongbpm.com/song/land-of-dreams/1w3qA0,167,3/4,A,minor,1m,9,1
Воплі Відоплясова,Land of Dream,1322,iDvEIJtuDYw,https://music.youtube.com/watch?v=iDvEIJtuDYw,3,0.6175,title_only,o5MGz,Land Of Dreams,King of Hearts,https://getsongbpm.com/song/land-of-dreams/o5MGz,150,4/4,C,major,1d,54,17
Vopli Vidopliasova,Ye-Ye,1328,gmp_J2Si_BU,https://music.youtube.com/watch?v=gmp_J2Si_BU,1,0.7400,title_only,lOgBo6,Yé-Yé,Eric Vaarzon Morel,https://getsongbpm.com/song/ye-ye/lOgBo6,142,4/4,D,major,3d,41,93
Vopli Vidopliasova,Ye-Ye,1328,gmp_J2Si_BU,https://music.youtube.com/watch?v=gmp_J2Si_BU,2,0.6836,title_only,J6EE0J,Ye-yé,Siniestro Total,https://getsongbpm.com/song/ye-ye/J6EE0J,113,4/4,D,major,3d,24,3
Vopli Vidopliasova,Ye-Ye,1328,gmp_J2Si_BU,https://music.youtube.com/watch?v=gmp_J2Si_BU,3,0.6561,title_only,gLPvrY,Yé-Yé C'est L'été / Summer Song,...Nous Non Plus,https://getsongbpm.com/song/ye-ye-c-est-l-ete-summer-song/gLPvrY,82,4/4,G,major,2d,61,5
Michael Thomas Connolly,Hallelujah,1354,MWzeCcQqFyM,https://music.youtube.com/watch?v=MWzeCcQqFyM,1,0.7572,title_only,32jW9,Hallelujah,Mannheim Steamroller,https://getsongbpm.com/song/hallelujah/32jW9,143,4/4,F,major,12d,57,15
Michael Thomas Connolly,Hallelujah,1354,MWzeCcQqFyM,https://music.youtube.com/watch?v=MWzeCcQqFyM,2,0.7491,title_only,R6y6L,Hallelujah,Mr.Children,https://getsongbpm.com/song/hallelujah/R6y6L,158,4/4,G,major,2d,38,4
Michael Thomas Connolly,Hallelujah,1354,MWzeCcQqFyM,https://music.youtube.com/watch?v=MWzeCcQqFyM,3,0.7459,title_only,ojjlK,Hallelujah,Phil Keaggy,https://getsongbpm.com/song/hallelujah/ojjlK,151,4/4,G,major,2d,36,86
System Of A Down,Lost In Hollywood live (HD/DVD Quality),1359,e0YW5ZpQWsM,https://music.youtube.com/watch?v=e0YW5ZpQWsM,1,0.9232,title_first3,lZNWV,Lost In Hollywood,System of a Down,https://getsongbpm.com/song/lost-in-hollywood/lZNWV,152,4/4,G#,minor,6m,30,60
System Of A Down,Lost In Hollywood live (HD/DVD Quality),1359,e0YW5ZpQWsM,https://music.youtube.com/watch?v=e0YW5ZpQWsM,2,0.7017,title_first3,DkxrlA,Lost In Hollywood,Time Again,https://getsongbpm.com/song/lost-in-hollywood/DkxrlA,174,4/4,G,major,2d,39,1
System Of A Down,Lost In Hollywood live (HD/DVD Quality),1359,e0YW5ZpQWsM,https://music.youtube.com/watch?v=e0YW5ZpQWsM,3,0.6918,title_first3,W8EVn,Lost In Hollywood,Neil Diamond,https://getsongbpm.com/song/lost-in-hollywood/W8EVn,127,4/4,G,major,2d,77,9
The Minions,I Swear,1371,Oy39gZzS2m8,https://music.youtube.com/watch?v=Oy39gZzS2m8,1,0.7916,title_only,6BKYO,I Swear,Marc Anthony,https://getsongbpm.com/song/i-swear/6BKYO,93,4/4,D,minor,12m,69,20
The Minions,I Swear,1371,Oy39gZzS2m8,https://music.youtube.com/watch?v=Oy39gZzS2m8,2,0.7600,title_only,myvWR,I Swear,Gloss,https://getsongbpm.com/song/i-swear/myvWR,,,,minor,,,
The Minions,I Swear,1371,Oy39gZzS2m8,https://music.youtube.com/watch?v=Oy39gZzS2m8,3,0.7537,title_only,k5kZK,I Swear,Maggie Estep,https://getsongbpm.com/song/i-swear/k5kZK,,,,minor,,,
Blackhelm,One Thousand Years,1373,2whmcxjH-k8,https://music.youtube.com/watch?v=2whmcxjH-k8,1,0.7771,title_only,7z99r,One Thousand Years,Wolf Colonel,https://getsongbpm.com/song/one-thousand-years/7z99r,176,4/4,C#,major,8d,75,31
Blackhelm,One Thousand Years,1373,2whmcxjH-k8,https://music.youtube.com/watch?v=2whmcxjH-k8,2,0.7300,title_only,p817BV,One Thousand Years,Richard Digance,https://getsongbpm.com/song/one-thousand-years/p817BV,157,4/4,E,major,5d,63,85
Blackhelm,One Thousand Years,1373,2whmcxjH-k8,https://music.youtube.com/watch?v=2whmcxjH-k8,3,0.7200,title_only,pQQPr6,One Thousand Years,Psyche Corporation,https://getsongbpm.com/song/one-thousand-years/pQQPr6,98,3/4,D,minor,12m,25,41
Luciano Pavarotti; Giacomo Puccini,"Tosca: Tosca, Act III: E lucevan le stelle",1395,1SevF1IlHCI,https://music.youtube.com/watch?v=1SevF1IlHCI,1,0.7750,title_only,Q6JV99,"Tosca: Tosca, Act III: E Lucevan Le Stelle",Beniamino Gigli,https://getsongbpm.com/song/tosca-tosca-act-iii-e-lucevan-le-stelle/Q6JV99,68,5/4,B,minor,3m,26,100
Luciano Pavarotti; Mariah Carey,Hero,1398,t3s-r18MLDI,https://music.youtube.com/watch?v=t3s-r18MLDI,1,0.7641,title_only,An2rl,Hero,Mariah Carey,https://getsongbpm.com/song/hero/An2rl,58,4/4,E,major,5d,51,74
Luciano Pavarotti; Mariah Carey,Hero,1398,t3s-r18MLDI,https://music.youtube.com/watch?v=t3s-r18MLDI,2,0.7600,title_only,Bg4xn,Hero,Tasmin Archer,https://getsongbpm.com/song/hero/Bg4xn,120,4/4,G,major,2d,69,36
Luciano Pavarotti; Mariah Carey,Hero,1398,t3s-r18MLDI,https://music.youtube.com/watch?v=t3s-r18MLDI,3,0.7264,title_only,VOjnO,Hero,Ministry,https://getsongbpm.com/song/hero/VOjnO,148,4/4,G,minor,11m,49,1
Luciano Pavarotti,"Nel blu, dipinto di blu (Volare)",1400,5ZQtRCcBy4A,https://music.youtube.com/watch?v=5ZQtRCcBy4A,1,0.7671,title_first3,nR6XXY,"Nel Blu, Dipinto Di Blu (""Volare"")",Juan Diego Flórez,https://getsongbpm.com/song/nel-blu-dipinto-di-blu-volare/nR6XXY,,,,minor,,,
Luciano Pavarotti,"Nel blu, dipinto di blu (Volare)",1400,5ZQtRCcBy4A,https://music.youtube.com/watch?v=5ZQtRCcBy4A,2,0.7300,title_only,16EZo0,"Nel Blu, Dipinto Di Blu (Volare)",Il Volo,https://getsongbpm.com/song/nel-blu-dipinto-di-blu-volare/16EZo0,117,4/4,D,major,3d,43,43
Luciano Pavarotti,"Nel blu, dipinto di blu (Volare)",1400,5ZQtRCcBy4A,https://music.youtube.com/watch?v=5ZQtRCcBy4A,3,0.7273,title_only,GRnmB0,"Nel Blu, Dipinto Di Blu (Volare)",Jonathan Antoine,https://getsongbpm.com/song/nel-blu-dipinto-di-blu-volare/GRnmB0,96,3/4,D,major,3d,22,99
Gojira,Born For One Thing,1410,_Ebo0ngI4Qk,https://music.youtube.com/watch?v=_Ebo0ngI4Qk,1,0.6002,title_first2,6BzAl,Born For Burning,Bathory,https://getsongbpm.com/song/born-for-burning/6BzAl,182,4/4,D#,major,10d,24,1
The Platters,Only You (And You Alone),1415,85-6op3kt_g,https://music.youtube.com/watch?v=85-6op3kt_g,1,0.7480,title_only,nx3r7D,Only You (And You Alone),Human Nature,https://getsongbpm.com/song/only-you-and-you-alone/nx3r7D,96,4/4,E,major,5d,83,13
The Platters,Only You (And You Alone),1415,85-6op3kt_g,https://music.youtube.com/watch?v=85-6op3kt_g,2,0.7429,title_only,pL01m,Only You (And You Alone),Reba McEntire,https://getsongbpm.com/song/only-you-and-you-alone/pL01m,75,4/4,F,major,12d,41,73
The Platters,Only You (And You Alone),1415,85-6op3kt_g,https://music.youtube.com/watch?v=85-6op3kt_g,3,0.7200,title_only,6RgMpN,Only You (And You Alone),Buck Owens,https://getsongbpm.com/song/only-you-and-you-alone/6RgMpN,92,4/4,C,major,1d,72,64
Foreigner,I Want to Know What Love Is (1999 Remaster),1418,4jA-_g_iSY0,https://music.youtube.com/watch?v=4jA-_g_iSY0,1,0.7632,title_first3,qx9ENp,I Want To,Frontline,https://getsongbpm.com/song/i-want-to/qx9ENp,81,4/4,C#,major,8d,39,1
Foreigner,I Want to Know What Love Is (1999 Remaster),1418,4jA-_g_iSY0,https://music.youtube.com/watch?v=4jA-_g_iSY0,2,0.7527,title_first2,B5mBX,I Want,Goldfinger,https://getsongbpm.com/song/i-want/B5mBX,195,4/4,D,major,3d,39,1
Foreigner,I Want to Know What Love Is (1999 Remaster),1418,4jA-_g_iSY0,https://music.youtube.com/watch?v=4jA-_g_iSY0,3,0.7432,title_first3,lywAg,I Want To,Born Heller,https://getsongbpm.com/song/i-want-to/lywAg,167,4/4,F,minor,9m,61,52
Il Volo,Ti voglio tanto bene,1420,gd1l4Bj4WlA,https://music.youtube.com/watch?v=gd1l4Bj4WlA,1,0.7360,title_only,mqKApn,Ti Voglio Tanto Bene,The Gaylords,https://getsongbpm.com/song/ti-voglio-tanto-bene/mqKApn,125,4/4,G,major,2d,87,54
Il Volo,Ti voglio tanto bene,1420,gd1l4Bj4WlA,https://music.youtube.com/watch?v=gd1l4Bj4WlA,2,0.7231,title_only,RO8Eo0,Ti Voglio Tanto Bene,Giuseppe Di Stefano,https://getsongbpm.com/song/ti-voglio-tanto-bene/RO8Eo0,86,4/4,D,major,3d,27,78
Il Volo,Ti voglio tanto bene,1420,gd1l4Bj4WlA,https://music.youtube.com/watch?v=gd1l4Bj4WlA,3,0.7086,title_only,76j1BG,Ti Voglio Tanto Bene,Gianna Nannini,https://getsongbpm.com/song/ti-voglio-tanto-bene/76j1BG,171,4/4,B,minor,3m,25,11
Andrea Bocelli; Orchestra Sinfonica di Milano Giuseppe Verdi; Steven Mercurio,Ti Voglio Tanto Bene,1421,68bBh9zhD_8,https://music.youtube.com/watch?v=68bBh9zhD_8,1,0.7686,title_only,76j1BG,Ti Voglio Tanto Bene,Gianna Nannini,https://getsongbpm.com/song/ti-voglio-tanto-bene/76j1BG,171,4/4,B,minor,3m,25,11
Andrea Bocelli; Orchestra Sinfonica di Milano Giuseppe Verdi; Steven Mercurio,Ti Voglio Tanto Bene,1421,68bBh9zhD_8,https://music.youtube.com/watch?v=68bBh9zhD_8,2,0.7641,title_only,vQ7mGV,Ti Voglio Tanto Bene,Gaetano Bardini,https://getsongbpm.com/song/ti-voglio-tanto-bene/vQ7mGV,171,4/4,B,minor,3m,25,11
Andrea Bocelli; Orchestra Sinfonica di Milano Giuseppe Verdi; Steven Mercurio,Ti Voglio Tanto Bene,1421,68bBh9zhD_8,https://music.youtube.com/watch?v=68bBh9zhD_8,3,0.7552,title_only,A8yY6z,Ti Voglio Tanto Bene (Michaela) - Ital. Version Von Ich Werde Niemals Aufhör'n Dich Zu Lieben,Andreas Fulterer,https://getsongbpm.com/song/ti-voglio-tanto-bene-michaela-italpoint-version-von-ich-werde-niemals-aufhoer-n-dich-zu-lieben/A8yY6z,115,4/4,A,major,4d,67,10
Mario Lanza; MGM Studio Orchestra,"Serenade (featured in ""The Student Prince"")",1423,QKx3bqrg4a4,https://music.youtube.com/watch?v=QKx3bqrg4a4,1,0.7686,simplified_title_only,4xl57,Serenade,Steve Miller Band,https://getsongbpm.com/song/serenade/4xl57,115,4/4,A,minor,1m,52,16
Mario Lanza; MGM Studio Orchestra,"Serenade (featured in ""The Student Prince"")",1423,QKx3bqrg4a4,https://music.youtube.com/watch?v=QKx3bqrg4a4,2,0.7561,simplified_title_only,gJozr,Serenade,Dave Holland Quintet,https://getsongbpm.com/song/serenade/gJozr,106,4/4,G#,major,9d,73,91
Mario Lanza; MGM Studio Orchestra,"Serenade (featured in ""The Student Prince"")",1423,QKx3bqrg4a4,https://music.youtube.com/watch?v=QKx3bqrg4a4,3,0.7382,simplified_title_only,D16RK,Serenade,Leona Naess,https://getsongbpm.com/song/serenade/D16RK,112,4/4,E,major,5d,57,16
Lorna Shore,Into the Earth,1429,JEB6jiJ_RBI,https://music.youtube.com/watch?v=JEB6jiJ_RBI,1,0.8278,title_only,A6Oxkj,Into The Earth,The Heavy Horses,https://getsongbpm.com/song/into-the-earth/A6Oxkj,119,4/4,E,minor,2m,47,50
Lorna Shore,Into the Earth,1429,JEB6jiJ_RBI,https://music.youtube.com/watch?v=JEB6jiJ_RBI,2,0.7429,title_only,PjY9ZA,Into The Earth,Bloc Party,https://getsongbpm.com/song/into-the-earth/PjY9ZA,120,4/4,B,major,6d,73,1
Lorna Shore,Into the Earth,1429,JEB6jiJ_RBI,https://music.youtube.com/watch?v=JEB6jiJ_RBI,3,0.7300,title_only,l5Qrq6,Into The Earth,Charalambides,https://getsongbpm.com/song/into-the-earth/l5Qrq6,79,4/4,D,major,3d,16,17
"Günter Wehinger, Karin Nakagawa, Urs Wiesner, and Andrè Buser",Gnossienne 1,1432,ZeMCX7Bgzkk,https://music.youtube.com/watch?v=ZeMCX7Bgzkk,1,0.7686,title_only,81BZ92,Gnossienne 1,Amarcord Wien,https://getsongbpm.com/song/gnossienne-1/81BZ92,79,4/4,F,minor,9m,10,96
"Günter Wehinger, Karin Nakagawa, Urs Wiesner, and Andrè Buser",Gnossienne 1,1432,ZeMCX7Bgzkk,https://music.youtube.com/watch?v=ZeMCX7Bgzkk,2,0.7552,title_only,xv7mzP,Gnossienne 1,Erik Satie,https://getsongbpm.com/song/gnossienne-1/xv7mzP,47,4/4,E,minor,2m,38,100
"Günter Wehinger, Karin Nakagawa, Urs Wiesner, and Andrè Buser",Gnossienne 1,1432,ZeMCX7Bgzkk,https://music.youtube.com/watch?v=ZeMCX7Bgzkk,3,0.7393,title_only,p82lNV,Gnossienne 1,Anne Queffélec,https://getsongbpm.com/song/gnossienne-1/p82lNV,73,1/4,F,minor,9m,40,100
The Paris Musette,D'accord,1433,cqc4uhlJ66E,https://music.youtube.com/watch?v=cqc4uhlJ66E,1,0.7641,title_only,DkwvRA,D'accord,Barbara Carlotti,https://getsongbpm.com/song/d-accord/DkwvRA,83,4/4,B,minor,3m,70,33
The Paris Musette,D'accord,1433,cqc4uhlJ66E,https://music.youtube.com/watch?v=cqc4uhlJ66E,2,0.7537,title_only,m9qQn,D'accord,Prohom,https://getsongbpm.com/song/d-accord/m9qQn,99,4/4,C,major,1d,75,51
The Paris Musette,D'accord,1433,cqc4uhlJ66E,https://music.youtube.com/watch?v=cqc4uhlJ66E,3,0.7400,title_only,D9xJqn,D'Accord,Van der Graaf Generator,https://getsongbpm.com/song/d-accord/D9xJqn,83,3/4,D,major,3d,17,89
Al Marconi,Redemption,1434,LtrxncFfJdU,https://music.youtube.com/watch?v=LtrxncFfJdU,1,0.7840,title_only,XMnYW,Redemption,Babylon A.D.,https://getsongbpm.com/song/redemption/XMnYW,106,4/4,F,minor,9m,52,1
Al Marconi,Redemption,1434,LtrxncFfJdU,https://music.youtube.com/watch?v=LtrxncFfJdU,2,0.7480,title_only,16xkV,Redemption,3rd Strike,https://getsongbpm.com/song/redemption/16xkV,97,4/4,D,major,3d,46,1
Al Marconi,Redemption,1434,LtrxncFfJdU,https://music.youtube.com/watch?v=LtrxncFfJdU,3,0.7429,title_only,5WOjA,Redemption,Conjure One,https://getsongbpm.com/song/redemption/5WOjA,164,4/4,G,minor,11m,52,1
Luciano Pavarotti; Sting,When We Dance (Live),1435,AFoQ-wA7VBI,https://music.youtube.com/watch?v=AFoQ-wA7VBI,1,0.7552,title_first3,o2BD93,When We Dance,Luciana Souza,https://getsongbpm.com/song/when-we-dance/o2BD93,102,4/4,B,minor,3m,63,93
Luciano Pavarotti; Sting,When We Dance (Live),1435,AFoQ-wA7VBI,https://music.youtube.com/watch?v=AFoQ-wA7VBI,2,0.6740,title_first3,k5W0AK,When We Dance,Protassov,https://getsongbpm.com/song/when-we-dance/k5W0AK,104,4/4,G#,major,9d,88,9
Luciano Pavarotti; Sting,When We Dance (Live),1435,AFoQ-wA7VBI,https://music.youtube.com/watch?v=AFoQ-wA7VBI,3,0.6625,title_first3,jXp7R,When We Dance,Joana Zimmer,https://getsongbpm.com/song/when-we-dance/jXp7R,81,4/4,D#,minor,7m,57,1
Stevie Ray Vaughan & Double Trouble,Little Wing,1443,Rj_NUS9hwxA,https://music.youtube.com/watch?v=Rj_NUS9hwxA,1,0.7319,title_only,KzzEr,Little Wing,Neil Young,https://getsongbpm.com/song/little-wing/KzzEr,137,4/4,A#,major,11d,50,87
Stevie Ray Vaughan & Double Trouble,Little Wing,1443,Rj_NUS9hwxA,https://music.youtube.com/watch?v=Rj_NUS9hwxA,2,0.7282,title_only,ZoYRQ,Little Wing,Andy Timmons,https://getsongbpm.com/song/little-wing/ZoYRQ,61,4/4,E,minor,2m,49,4
Stevie Ray Vaughan & Double Trouble,Little Wing,1443,Rj_NUS9hwxA,https://music.youtube.com/watch?v=Rj_NUS9hwxA,3,0.7215,title_only,KmDDn,Little Wing,Sanne Salomonsen,https://getsongbpm.com/song/little-wing/KmDDn,114,4/4,C#,major,8d,48,37
Led Zeppelin,The Rain Song (Remaster),1446,TRt4hQs3nH0,https://music.youtube.com/watch?v=TRt4hQs3nH0,1,0.7197,title_first2,QXRQl,The Rain,Deliverance,https://getsongbpm.com/song/the-rain/QXRQl,119,4/4,C#,major,8d,50,1
Led Zeppelin,The Rain Song (Remaster),1446,TRt4hQs3nH0,https://music.youtube.com/watch?v=TRt4hQs3nH0,2,0.6832,title_first2,9jZjZ,The Rain,Dead Red Sea,https://getsongbpm.com/song/the-rain/9jZjZ,122,3/4,D,minor,12m,43,37
Led Zeppelin,The Rain Song (Remaster),1446,TRt4hQs3nH0,https://music.youtube.com/watch?v=TRt4hQs3nH0,3,0.6793,title_first3,l8ZL5,The Rain Song,Hootie & the Blowfish,https://getsongbpm.com/song/the-rain-song/l8ZL5,124,4/4,B,minor,3m,48,7
Paul Anka,Fly Me to the Moon,1450,pQcLGG74N6E,https://music.youtube.com/watch?v=pQcLGG74N6E,1,0.8114,title_only,pp0p,Fly Me To The Moon,Carol Sloane,https://getsongbpm.com/song/fly-me-to-the-moon/pp0p,151,4/4,D,minor,12m,47,78
Paul Anka,Fly Me to the Moon,1450,pQcLGG74N6E,https://music.youtube.com/watch?v=pQcLGG74N6E,2,0.7600,title_only,5Wv5X,Fly Me To The Moon,Ana Caram,https://getsongbpm.com/song/fly-me-to-the-moon/5Wv5X,137,4/4,G,major,2d,54,95
Paul Anka,Fly Me to the Moon,1450,pQcLGG74N6E,https://music.youtube.com/watch?v=pQcLGG74N6E,3,0.7537,title_only,k7Yn5,Fly Me To The Moon,Susan Wong,https://getsongbpm.com/song/fly-me-to-the-moon/k7Yn5,120,4/4,F,major,12d,59,87
James Brown & The Famous Flames,"It's A Man's, Man's, Man's World",1451,hK97cdbbsQw,https://music.youtube.com/watch?v=hK97cdbbsQw,1,0.9568,title_only,n4V25,"It's A Man's, Man's, Man's World",James Brown,https://getsongbpm.com/song/it-s-a-man-s-man-s-man-s-world/n4V25,80,3/4,G#,minor,6m,65,67
James Brown & The Famous Flames,"It's A Man's, Man's, Man's World",1451,hK97cdbbsQw,https://music.youtube.com/watch?v=hK97cdbbsQw,2,0.7545,title_only,y8o5rw,"It's A Man's, Man's, Man's World",The Fabulous Counts,https://getsongbpm.com/song/it-s-a-man-s-man-s-man-s-world/y8o5rw,179,3/4,A,minor,1m,33,68
James Brown & The Famous Flames,"It's A Man's, Man's, Man's World",1451,hK97cdbbsQw,https://music.youtube.com/watch?v=hK97cdbbsQw,3,0.7323,title_only,r7rQp,"It's A Man's, Man's, Man's World",Marla Glen,https://getsongbpm.com/song/it-s-a-man-s-man-s-man-s-world/r7rQp,,,,minor,,,
André Rieu,The Lonely Shepherd,1456,orL-w2QBiN8,https://music.youtube.com/watch?v=orL-w2QBiN8,1,0.7552,title_only,AoG99,The Lonely Shepherd,Gheorghe Zamfir,https://getsongbpm.com/song/the-lonely-shepherd/AoG99,132,4/4,D,minor,12m,34,79
André Rieu,The Lonely Shepherd,1456,orL-w2QBiN8,https://music.youtube.com/watch?v=orL-w2QBiN8,2,0.7552,title_only,mZjB4G,The Lonely Shepherd,Gheorghe Zamfir,https://getsongbpm.com/song/the-lonely-shepherd/mZjB4G,132,4/4,D,minor,12m,34,79
André Rieu,The Lonely Shepherd,1456,orL-w2QBiN8,https://music.youtube.com/watch?v=orL-w2QBiN8,3,0.7552,title_only,qxkNPD,The Lonely Shepherd,Gheorghe Zamfir,https://getsongbpm.com/song/the-lonely-shepherd/qxkNPD,132,4/4,D,minor,12m,34,79
Helloween,Best Time,1472,b0_usJ7ghww,https://music.youtube.com/watch?v=b0_usJ7ghww,1,0.7552,title_only,Q0N3G0,Best Time,Throwing Gravity,https://getsongbpm.com/song/best-time/Q0N3G0,174,4/4,C#,major,8d,22,1
Helloween,Best Time,1472,b0_usJ7ghww,https://music.youtube.com/watch?v=b0_usJ7ghww,2,0.7480,title_only,LZ5y6D,Best Time,New Horizon,https://getsongbpm.com/song/best-time/LZ5y6D,145,4/4,D#,major,10d,47,4
Helloween,Best Time,1472,b0_usJ7ghww,https://music.youtube.com/watch?v=b0_usJ7ghww,3,0.7480,title_only,Y7jjBO,Best Time,New Horizon,https://getsongbpm.com/song/best-time/Y7jjBO,,,,minor,,,
Nirvana,Come As You Are (Live),1479,5BUOdyGcJ8U,https://music.youtube.com/watch?v=5BUOdyGcJ8U,1,0.9232,title_first3,wpoo1,Come As You Are,Nirvana,https://getsongbpm.com/song/come-as-you-are/wpoo1,117,4/4,E,minor,2m,51,1
Nirvana,Come As You Are (Live),1479,5BUOdyGcJ8U,https://music.youtube.com/watch?v=5BUOdyGcJ8U,2,0.6824,title_only,x255JJ,Come As You Are (Live),Matt Maher,https://getsongbpm.com/song/come-as-you-are-live/x255JJ,139,3/4,A#,major,11d,39,31
Nirvana,Come As You Are (Live),1479,5BUOdyGcJ8U,https://music.youtube.com/watch?v=5BUOdyGcJ8U,3,0.6661,title_first3,kZQ1v,Come As You Are,Jaci Velasquez,https://getsongbpm.com/song/come-as-you-are/kZQ1v,171,4/4,C,minor,10m,55,62
Nirvana,The Man Who Sold The World (Live),1480,pXBvuBSYaxc,https://music.youtube.com/watch?v=pXBvuBSYaxc,1,0.7148,title_first2,zvAGY,The Man,Randy Newman,https://getsongbpm.com/song/the-man/zvAGY,102,4/4,B,major,6d,56,26
Nirvana,The Man Who Sold The World (Live),1480,pXBvuBSYaxc,https://music.youtube.com/watch?v=pXBvuBSYaxc,2,0.6712,title_first3,JyEGWo,The Man Who,Lucky Funeral,https://getsongbpm.com/song/the-man-who/JyEGWo,124,4/4,D,minor,12m,60,1
Nirvana,The Man Who Sold The World (Live),1480,pXBvuBSYaxc,https://music.youtube.com/watch?v=pXBvuBSYaxc,3,0.6532,title_first3,yPyZow,The Man Who,Belka and Strelka,https://getsongbpm.com/song/the-man-who/yPyZow,99,4/4,E,minor,2m,70,5
Mario Del Monaco,Un Amore Cosi Grande,1483,ZK3_7nDmUh4,https://music.youtube.com/watch?v=ZK3_7nDmUh4,1,0.7965,title_only,98q3N8,Un Amore Così Grande,Il Volo,https://getsongbpm.com/song/un-amore-cosi-grande/98q3N8,62,4/4,D,major,3d,19,81
Mario Del Monaco,Un Amore Cosi Grande,1483,ZK3_7nDmUh4,https://music.youtube.com/watch?v=ZK3_7nDmUh4,2,0.7965,title_only,r26Lrw,Un Amore Così Grande,Il Volo,https://getsongbpm.com/song/un-amore-cosi-grande/r26Lrw,62,4/4,D,major,3d,19,81
Mario Del Monaco,Un Amore Cosi Grande,1483,ZK3_7nDmUh4,https://music.youtube.com/watch?v=ZK3_7nDmUh4,3,0.7890,title_only,z7Dv77,Un Amore Così Grande,Claudio Villa,https://getsongbpm.com/song/un-amore-cosi-grande/z7Dv77,111,4/4,E,major,5d,28,51
Luciano Pavarotti; Wiener Volksopernorchester; Leone Magiera; Ruggero Leoncavallo,"Leoncavallo: Pagliacci / Act 1: ""Vesti la giubba",1487,iD8WFIA5IaI,https://music.youtube.com/watch?v=iD8WFIA5IaI,1,0.5630,title_first2,BroNXW,Leoncavallo: Pagliacci - Act 1: Qual Fiamma Avea Nel Guardo!,Gianandrea Noseda,https://getsongbpm.com/song/leoncavallo-pagliacci-act-1-qual-fiamma-avea-nel-guardoexclamation/BroNXW,131,4/4,C#,major,8d,32,99
Joe Hisaishi,Merry-Go-Round of Life (from 'Howl's Moving Castle'),1491,xxsvTvDQKMY,https://music.youtube.com/watch?v=xxsvTvDQKMY,1,0.7600,title_first3,jYR79P,"Merry-Go-Round Of Life (From ""Howl's Moving Castle"")",Taylor Davis,https://getsongbpm.com/song/merry-go-round-of-life-from-howl-s-moving-castle/jYR79P,79,4/4,G,minor,11m,33,82
Kassia,Chopin: Waltz Op. 64 No. 2,1496,2e-YhPmLfMI,https://music.youtube.com/watch?v=2e-YhPmLfMI,1,0.6661,title_first3,4xzVVg,Chopin: Waltz Op. 64,The Swingle Singers,https://getsongbpm.com/song/chopin-waltz-oppoint-64/4xzVVg,72,4/4,C#,minor,5m,20,100
Blackhelm,The Infinite Void,1504,otaO29ug5tA,https://music.youtube.com/watch?v=otaO29ug5tA,1,0.7686,title_only,Mw2z23,The Infinite Void,Fuil Na Seanchoille,https://getsongbpm.com/song/the-infinite-void/Mw2z23,,,,minor,,,
Blackhelm,The Infinite Void,1504,otaO29ug5tA,https://music.youtube.com/watch?v=otaO29ug5tA,2,0.7055,title_only,xGk6Zl,The Infinite Void,Intex Systems,https://getsongbpm.com/song/the-infinite-void/xGk6Zl,139,4/4,A,major,4d,49,22
Grim Cat Piano,After Dark (Piano Version),1506,tckx3AM44dk,https://music.youtube.com/watch?v=tckx3AM44dk,1,0.6965,title_first2,JXBN9,After Dark,Kylie Minogue,https://getsongbpm.com/song/after-dark/JXBN9,101,4/4,C,minor,10m,85,17
Grim Cat Piano,After Dark (Piano Version),1506,tckx3AM44dk,https://music.youtube.com/watch?v=tckx3AM44dk,2,0.6965,title_first2,Dk2DK,After Dark,Mad Professor,https://getsongbpm.com/song/after-dark/Dk2DK,135,4/4,E,minor,2m,78,1
Grim Cat Piano,After Dark (Piano Version),1506,tckx3AM44dk,https://music.youtube.com/watch?v=tckx3AM44dk,3,0.6740,title_first2,lvD1J,After Dark,Agathodaimon,https://getsongbpm.com/song/after-dark/lvD1J,170,4/4,E,minor,2m,13,1
Static-X,Hypure,1508,jsM0Gtdfj7U,https://music.youtube.com/watch?v=jsM0Gtdfj7U,1,0.9760,title_only,kZxP16,Hypure,Static‐X,https://getsongbpm.com/song/hypure/kZxP16,141,4/4,F,major,12d,75,1
Adele,To Be Loved,1509,d0fuPEOkKRQ,https://music.youtube.com/watch?v=d0fuPEOkKRQ,1,0.8062,title_only,zKGlY,To Be Loved,Westlife,https://getsongbpm.com/song/to-be-loved/zKGlY,82,4/4,D#,major,10d,52,26
Adele,To Be Loved,1509,d0fuPEOkKRQ,https://music.youtube.com/watch?v=d0fuPEOkKRQ,2,0.7840,title_only,KroR28,To Be Loved,Leana,https://getsongbpm.com/song/to-be-loved/KroR28,83,4/4,G,major,2d,69,15
Adele,To Be Loved,1509,d0fuPEOkKRQ,https://music.youtube.com/watch?v=d0fuPEOkKRQ,3,0.7671,title_only,gykJj,To Be Loved,Brian Setzer,https://getsongbpm.com/song/to-be-loved/gykJj,104,3/4,F,major,12d,43,96
Adele,Oh My God,1512,6_mdXb6JDLI,https://music.youtube.com/watch?v=6_mdXb6JDLI,1,0.7552,title_only,j28P,Oh My God,A Tribe Called Quest,https://getsongbpm.com/song/oh-my-god/j28P,94,4/4,A#,minor,8m,87,4
Adele,Oh My God,1512,6_mdXb6JDLI,https://music.youtube.com/watch?v=6_mdXb6JDLI,2,0.7537,title_only,njAK7,Oh My God,Michael Franti,https://getsongbpm.com/song/oh-my-god/njAK7,90,4/4,C,major,1d,71,54
Adele,Oh My God,1512,6_mdXb6JDLI,https://music.youtube.com/watch?v=6_mdXb6JDLI,3,0.7508,title_only,Vlyv,Oh My God,Calliope,https://getsongbpm.com/song/oh-my-god/Vlyv,127,4/4,B,major,6d,66,1
Static-X,Just in Case,1514,bv0tiE3-YlA,https://music.youtube.com/watch?v=bv0tiE3-YlA,1,0.9760,title_only,05jQ3,Just In Case,Static‐X,https://getsongbpm.com/song/just-in-case/05jQ3,160,4/4,F,minor,9m,55,1
Static-X,Just in Case,1514,bv0tiE3-YlA,https://music.youtube.com/watch?v=bv0tiE3-YlA,2,0.7429,title_only,9rgK8B,Just In Case,Leeroy Stagger,https://getsongbpm.com/song/just-in-case/9rgK8B,135,4/4,E,major,5d,66,10
Static-X,Just in Case,1514,bv0tiE3-YlA,https://music.youtube.com/watch?v=bv0tiE3-YlA,3,0.7200,title_only,rYZEK,Just In Case,Todd Snider,https://getsongbpm.com/song/just-in-case/rYZEK,147,3/4,D,major,3d,40,14
Static-X,Terminal,1515,JwovnullOQ0,https://music.youtube.com/watch?v=JwovnullOQ0,1,0.7840,title_only,3gqLM,Terminal,Anasarca,https://getsongbpm.com/song/terminal/3gqLM,103,4/4,D#,major,10d,21,1
Static-X,Terminal,1515,JwovnullOQ0,https://music.youtube.com/watch?v=JwovnullOQ0,2,0.7671,title_only,qL92k,Terminal,Antimatter,https://getsongbpm.com/song/terminal/qL92k,78,4/4,D,minor,12m,26,95
Static-X,Terminal,1515,JwovnullOQ0,https://music.youtube.com/watch?v=JwovnullOQ0,3,0.7360,title_only,vMzB5,Terminal,Don Tiki,https://getsongbpm.com/song/terminal/vMzB5,116,4/4,E,major,5d,75,66
Static-X,Invincible,1516,8w2hfi-ANGw,https://music.youtube.com/watch?v=8w2hfi-ANGw,1,0.9760,title_only,pLvZQ,Invincible,Static‐X,https://getsongbpm.com/song/invincible/pLvZQ,119,4/4,C#,major,8d,61,1
Static-X,Invincible,1516,8w2hfi-ANGw,https://music.youtube.com/watch?v=8w2hfi-ANGw,2,0.7671,title_only,nG5Q4,Invincible,Astonvilla,https://getsongbpm.com/song/invincible/nG5Q4,130,4/4,C,major,1d,64,13
Static-X,Invincible,1516,8w2hfi-ANGw,https://music.youtube.com/watch?v=8w2hfi-ANGw,3,0.7429,title_only,wE4Qz,Invincible,Skillet,https://getsongbpm.com/song/invincible/wE4Qz,126,4/4,F,minor,9m,61,1
Static-X,Dead Souls,1517,z4TSyDavOqI,https://music.youtube.com/watch?v=z4TSyDavOqI,1,0.7480,title_only,ANMG6j,Dead Souls,Altar of Pain,https://getsongbpm.com/song/dead-souls/ANMG6j,,,,minor,,,
Static-X,Dead Souls,1517,z4TSyDavOqI,https://music.youtube.com/watch?v=z4TSyDavOqI,2,0.7300,title_only,KrXzGY,Dead Souls,Paganizer,https://getsongbpm.com/song/dead-souls/KrXzGY,171,4/4,F#,major,7d,9,1
Static-X,Dead Souls,1517,z4TSyDavOqI,https://music.youtube.com/watch?v=z4TSyDavOqI,3,0.7120,title_only,3ElLA,Dead Souls,The Tiger Lillies,https://getsongbpm.com/song/dead-souls/3ElLA,112,3/4,F,minor,9m,56,6
Static-X,I Am,1518,bwtuLUBj1Ec,https://music.youtube.com/watch?v=bwtuLUBj1Ec,1,0.9760,title_only,BgW3o,I Am,Static‐X,https://getsongbpm.com/song/i-am/BgW3o,145,4/4,A#,minor,8m,61,1
Static-X,I Am,1518,bwtuLUBj1Ec,https://music.youtube.com/watch?v=bwtuLUBj1Ec,2,0.8200,title_only,4xoW6,I Am,Train,https://getsongbpm.com/song/i-am/4xoW6,83,4/4,G,major,2d,57,2
Static-X,I Am,1518,bwtuLUBj1Ec,https://music.youtube.com/watch?v=bwtuLUBj1Ec,3,0.7840,title_only,PNRXl,I Am,Savatage,https://getsongbpm.com/song/i-am/PNRXl,78,4/4,G,major,2d,27,10
Static-X,This Is Not,1519,Uuxihau-x2s,https://music.youtube.com/watch?v=Uuxihau-x2s,1,0.9760,title_only,ywlxW,This Is Not,Static‐X,https://getsongbpm.com/song/this-is-not/ywlxW,159,4/4,E,minor,2m,41,1
Static-X,This Is Not,1519,Uuxihau-x2s,https://music.youtube.com/watch?v=Uuxihau-x2s,2,0.7508,title_only,1jrG53,This Is Not,2sides,https://getsongbpm.com/song/this-is-not/1jrG53,144,4/4,F#,major,7d,34,1
Static-X,This Is Not,1519,Uuxihau-x2s,https://music.youtube.com/watch?v=Uuxihau-x2s,3,0.7158,title_only,Y71RlW,This Is Not,Sen Morimoto,https://getsongbpm.com/song/this-is-not/Y71RlW,140,4/4,A,minor,1m,79,15
Static-X,Destroyer,1520,Xdm1k2RjO4g,https://music.youtube.com/watch?v=Xdm1k2RjO4g,1,0.7943,title_only,p3lA2,Destroyer,Helstar,https://getsongbpm.com/song/destroyer/p3lA2,93,4/4,D,minor,12m,24,1
Static-X,Destroyer,1520,Xdm1k2RjO4g,https://music.youtube.com/watch?v=Xdm1k2RjO4g,2,0.7429,title_only,6mRQz,Destroyer,Twisted Sister,https://getsongbpm.com/song/destroyer/6mRQz,135,4/4,A,major,4d,48,2
Static-X,Destroyer,1520,Xdm1k2RjO4g,https://music.youtube.com/watch?v=Xdm1k2RjO4g,3,0.7200,title_only,wlBmg,Destroyer,Benediction,https://getsongbpm.com/song/destroyer/wlBmg,135,4/4,G,major,2d,53,1
Dope,You Spin Me Round (Like a Record),1522,duEzMp0ZhEA,https://music.youtube.com/watch?v=duEzMp0ZhEA,1,0.7840,title_only,vgrzqn,You Spin Me Round (Like A Record),Danzel,https://getsongbpm.com/song/you-spin-me-round-like-a-record/vgrzqn,127,4/4,F#,minor,4m,72,3
Dope,You Spin Me Round (Like a Record),1522,duEzMp0ZhEA,https://music.youtube.com/watch?v=duEzMp0ZhEA,2,0.7671,title_only,6yNBO,You Spin Me Round (Like A Record),Dead or Alive,https://getsongbpm.com/song/you-spin-me-round-like-a-record/6yNBO,128,4/4,F#,minor,4m,56,1
Dope,You Spin Me Round (Like a Record),1522,duEzMp0ZhEA,https://music.youtube.com/watch?v=duEzMp0ZhEA,3,0.7480,title_only,z0R48,You Spin Me Round (Like A Record),Blind Passengers,https://getsongbpm.com/song/you-spin-me-round-like-a-record/z0R48,127,4/4,F#,minor,4m,59,1
Lana Del Rey,Ride,1526,oSyDuBGRa3w,https://music.youtube.com/watch?v=oSyDuBGRa3w,1,0.7733,title_only,r8qjW,Ride,Amanda Marshall,https://getsongbpm.com/song/ride/r8qjW,104,4/4,D#,major,10d,48,4
Lana Del Rey,Ride,1526,oSyDuBGRa3w,https://music.youtube.com/watch?v=oSyDuBGRa3w,2,0.7709,title_only,82V1o,Ride,Nick Drake,https://getsongbpm.com/song/ride/82V1o,120,4/4,C,major,1d,82,92
Lana Del Rey,Ride,1526,oSyDuBGRa3w,https://music.youtube.com/watch?v=oSyDuBGRa3w,3,0.7641,title_only,BME2,Ride,Goddess of Desire,https://getsongbpm.com/song/ride/BME2,128,4/4,D,major,3d,37,1
Lana Del Rey,Dealer,1527,pB8Yrt2x9KA,https://music.youtube.com/watch?v=pB8Yrt2x9KA,1,0.7652,title_only,Rwjgq,Dealer,Deep Purple,https://getsongbpm.com/song/dealer/Rwjgq,187,4/4,G,major,2d,37,1
Lana Del Rey,Dealer,1527,pB8Yrt2x9KA,https://music.youtube.com/watch?v=pB8Yrt2x9KA,2,0.7480,title_only,nqWRP,Dealer,Vagabond,https://getsongbpm.com/song/dealer/nqWRP,112,4/4,C,major,1d,33,1
Lana Del Rey,Dealer,1527,pB8Yrt2x9KA,https://music.youtube.com/watch?v=pB8Yrt2x9KA,3,0.7393,title_only,xBxJB,Dealer,Oddział Zamknięty,https://getsongbpm.com/song/dealer/xBxJB,128,4/4,C#,minor,5m,50,1
Ed Sheeran,Perfect Symphony (feat. Andrea Bocelli),1534,F1ZyommhrVo,https://music.youtube.com/watch?v=F1ZyommhrVo,1,0.7429,simplified_title_only,ZVBPMR,Perfect Symphony (feat. Christel Escosa),Bo$$ in Drama,https://getsongbpm.com/song/perfect-symphony-featpoint-christel-escosa/ZVBPMR,150,4/4,C,major,1d,58,3
Ed Sheeran,Perfect Symphony (feat. Andrea Bocelli),1534,F1ZyommhrVo,https://music.youtube.com/watch?v=F1ZyommhrVo,2,0.7120,simplified_title_only,pZMpnN,Perfect Symphony,Jann Arden,https://getsongbpm.com/song/perfect-symphony/pZMpnN,143,4/4,G#,major,9d,50,4
Adele,Woman Like Me,1539,WaFDFP89Sd0,https://music.youtube.com/watch?v=WaFDFP89Sd0,1,0.7360,title_only,k2AlRY,Woman Like Me (feat. Nicki Minaj),Little Mix,https://getsongbpm.com/song/woman-like-me-featpoint-nicki-minaj/k2AlRY,150,4/4,F,minor,9m,76,18
Adele,Love Is A Game,1540,TyZfupZvA3k,https://music.youtube.com/watch?v=TyZfupZvA3k,1,0.8000,title_only,R63Nv0,Love Is A Game,Lake,https://getsongbpm.com/song/love-is-a-game/R63Nv0,183,4/4,A#,minor,8m,27,46
Adele,Love Is A Game,1540,TyZfupZvA3k,https://music.youtube.com/watch?v=TyZfupZvA3k,2,0.7671,title_only,X73gv,Love Is A Game,Grave Digger,https://getsongbpm.com/song/love-is-a-game/X73gv,134,4/4,G,major,2d,36,3
Adele,Love Is A Game,1540,TyZfupZvA3k,https://music.youtube.com/watch?v=TyZfupZvA3k,3,0.7600,title_only,1rQ13P,Love Is A Game,E.F. Band,https://getsongbpm.com/song/love-is-a-game/1rQ13P,122,4/4,G#,major,9d,72,27
Adele,My Little Love,1541,k-mDroLvfEo,https://music.youtube.com/watch?v=k-mDroLvfEo,1,0.7600,title_only,mOLZr0,My Little Love,The Weepies,https://getsongbpm.com/song/my-little-love/mOLZr0,153,4/4,G,major,2d,75,78
Adele,My Little Love,1541,k-mDroLvfEo,https://music.youtube.com/watch?v=k-mDroLvfEo,2,0.7086,title_only,KG8xJ,My Little Love,Gordon Lightfoot,https://getsongbpm.com/song/my-little-love/KG8xJ,80,4/4,B,major,6d,73,65
Adele,My Little Love,1541,k-mDroLvfEo,https://music.youtube.com/watch?v=k-mDroLvfEo,3,0.6873,title_only,99OPk4,MY LITTLE LOVER,Nudge'em All,https://getsongbpm.com/song/my-little-lover/99OPk4,140,4/4,A,minor,1m,63,1
Beethoven,"Symphony No.7 in A major op.92 - II, Allegretto",1545,vCHREyE5GzQ,https://music.youtube.com/watch?v=vCHREyE5GzQ,1,0.8820,title_first3,A6jq4z,"Symphony No.7 In A, Op.92: 2. Allegretto",Ludwig van Beethoven,https://getsongbpm.com/song/symphony-nopoint7-in-a-oppoint92-2point-allegretto/A6jq4z,133,5/4,A,minor,1m,16,62
Beethoven,"Symphony No.7 in A major op.92 - II, Allegretto",1545,vCHREyE5GzQ,https://music.youtube.com/watch?v=vCHREyE5GzQ,2,0.8820,title_first3,46Ex07,"Symphony No.7 In A, Op.92: 2. Allegretto",Ludwig van Beethoven,https://getsongbpm.com/song/symphony-nopoint7-in-a-oppoint92-2point-allegretto/46Ex07,57,3/4,E,minor,2m,14,89
Beethoven,"Symphony No.7 in A major op.92 - II, Allegretto",1545,vCHREyE5GzQ,https://music.youtube.com/watch?v=vCHREyE5GzQ,3,0.7095,title_first3,z6VPZ8,"Symphony No.7 In A, Op.92: 1. Poco Sostenuto - Vivace",Ludwig van Beethoven,https://getsongbpm.com/song/symphony-nopoint7-in-a-oppoint92-1point-poco-sostenuto-vivace/z6VPZ8,107,4/4,A,major,4d,35,96
Chopin,Ballade No. 1 in G Minor (1M special),1558,Zj_psrTUW_w,https://music.youtube.com/watch?v=Zj_psrTUW_w,1,0.8800,title_first3,MQwAwR,Ballade No. 1,Fryderyk Chopin,https://getsongbpm.com/song/ballade-nopoint-1/MQwAwR,66,4/4,G,minor,11m,28,99
Chopin,Ballade No. 1 in G Minor (1M special),1558,Zj_psrTUW_w,https://music.youtube.com/watch?v=Zj_psrTUW_w,2,0.8800,title_first3,kZOvzr,Ballade No. 1 In G Minor,Fryderyk Chopin,https://getsongbpm.com/song/ballade-nopoint-1-in-g-minor/kZOvzr,66,4/4,G,minor,11m,28,99
Chopin,Ballade No. 1 in G Minor (1M special),1558,Zj_psrTUW_w,https://music.youtube.com/watch?v=Zj_psrTUW_w,3,0.8247,title_first3,08jKV,"Ballade No. 1 In G Minor, Op. 23",Fryderyk Chopin,https://getsongbpm.com/song/ballade-nopoint-1-in-g-minor-oppoint-23/08jKV,66,4/4,G,minor,11m,28,99
Erik Satie,Once Upon A Time In Paris,1560,b9WKC5sT9Z4,https://music.youtube.com/watch?v=b9WKC5sT9Z4,1,0.6982,title_first2,r2PrZW,Once Upon,Sadael,https://getsongbpm.com/song/once-upon/r2PrZW,,,,minor,,,
Erik Satie,Once Upon A Time In Paris,1560,b9WKC5sT9Z4,https://music.youtube.com/watch?v=b9WKC5sT9Z4,2,0.6769,title_first2,KLJQMl,Once Upon,Royal Fam,https://getsongbpm.com/song/once-upon/KLJQMl,89,4/4,F,major,12d,47,78
Erik Satie,Once Upon A Time In Paris,1560,b9WKC5sT9Z4,https://music.youtube.com/watch?v=b9WKC5sT9Z4,3,0.6571,title_first2,APMpoO,Once Upon,Maria Minerva,https://getsongbpm.com/song/once-upon/APMpoO,119,4/4,C,major,1d,23,68
Static-X,Grind 2 Halt,1570,srjdij3qzks,https://music.youtube.com/watch?v=srjdij3qzks,1,0.9760,title_only,rRG61p,Grind 2 Halt,Static‐X,https://getsongbpm.com/song/grind-2-halt/rRG61p,99,4/4,C,minor,10m,67,3
Ramin Djawadi,Light of the Seven,1584,6LASz6HAL7E,https://music.youtube.com/watch?v=6LASz6HAL7E,1,0.6897,title_only,46A24n,Light Of The Seven,Johannes Bornlöf,https://getsongbpm.com/song/light-of-the-seven/46A24n,117,4/4,C,minor,10m,40,98
Ramin Djawadi,Light of the Seven,1584,6LASz6HAL7E,https://music.youtube.com/watch?v=6LASz6HAL7E,2,0.6397,title_first3,XKrmo,Light Of The End,Sacrifice,https://getsongbpm.com/song/light-of-the-end/XKrmo,107,4/4,G,major,2d,40,28
Ramin Djawadi,Light of the Seven,1584,6LASz6HAL7E,https://music.youtube.com/watch?v=6LASz6HAL7E,3,0.5824,title_first3,vgPW7L,Light Of The Day,When Gravity Fails,https://getsongbpm.com/song/light-of-the-day/vgPW7L,,,,minor,,,
Shiro SAGISU,never meant to belong,1585,zO_532nbu0c,https://music.youtube.com/watch?v=zO_532nbu0c,1,0.7432,title_first3,0JmJ3,Never Meant To Be,I'm Not a Gun,https://getsongbpm.com/song/never-meant-to-be/0JmJ3,127,4/4,A,major,4d,64,1
Shiro SAGISU,never meant to belong,1585,zO_532nbu0c,https://music.youtube.com/watch?v=zO_532nbu0c,2,0.7017,title_first2,X6xmPm,Never Meant,Joseph Parsons,https://getsongbpm.com/song/never-meant/X6xmPm,76,4/4,A,major,4d,72,88
Shiro SAGISU,never meant to belong,1585,zO_532nbu0c,https://music.youtube.com/watch?v=zO_532nbu0c,3,0.6884,title_first3,48mQB1,Never Meant To Be,Cathi Bruns,https://getsongbpm.com/song/never-meant-to-be/48mQB1,135,4/4,A,minor,1m,41,97
Adele,Skyfall,1588,LJzp_mDxaT0,https://music.youtube.com/watch?v=LJzp_mDxaT0,1,0.8000,title_only,57jPX,SkyFall,Neve,https://getsongbpm.com/song/skyfall/57jPX,122,4/4,G,major,2d,51,2
Adele,Skyfall,1588,LJzp_mDxaT0,https://music.youtube.com/watch?v=LJzp_mDxaT0,2,0.8000,title_only,98Jzmx,Skyfall,Neve,https://getsongbpm.com/song/skyfall/98Jzmx,122,4/4,G,major,2d,51,2
Adele,Skyfall,1588,LJzp_mDxaT0,https://music.youtube.com/watch?v=LJzp_mDxaT0,3,0.7916,title_only,k8rE8X,Skyfall,Madilyn Bailey,https://getsongbpm.com/song/skyfall/k8rE8X,70,4/4,D,minor,12m,50,83
Pearl Django,Under Paris Skies,1597,AStZ34JUqNA,https://music.youtube.com/watch?v=AStZ34JUqNA,1,0.7600,title_only,X6xBpl,Under Paris Skies,Jan Lundgren,https://getsongbpm.com/song/under-paris-skies/X6xBpl,107,3/4,C#,major,8d,36,69
Pearl Django,Under Paris Skies,1597,AStZ34JUqNA,https://music.youtube.com/watch?v=AStZ34JUqNA,2,0.7600,title_only,mDEn,Under Paris Skies,Paul Buskirk,https://getsongbpm.com/song/under-paris-skies/mDEn,,,,minor,,,
Pearl Django,Under Paris Skies,1597,AStZ34JUqNA,https://music.youtube.com/watch?v=AStZ34JUqNA,3,0.7496,title_only,ADQ4gO,Under Paris Skies,Alfonso Ponticelli and Swing Gitan,https://getsongbpm.com/song/under-paris-skies/ADQ4gO,,,,minor,,,
Abruptum,De Profundis Mors Vas Cousumet,1603,k1Xhi57xE5o,https://music.youtube.com/watch?v=k1Xhi57xE5o,1,0.7326,title_first2,KDzwY,De Profundis,Arvo Pärt,https://getsongbpm.com/song/de-profundis/KDzwY,69,5/4,E,minor,2m,7,92
Abruptum,De Profundis Mors Vas Cousumet,1603,k1Xhi57xE5o,https://music.youtube.com/watch?v=k1Xhi57xE5o,2,0.6941,title_first2,l7opj,De Profundis,Mumia Abu-Jamal,https://getsongbpm.com/song/de-profundis/l7opj,99,3/4,F,minor,9m,60,89
Abruptum,De Profundis Mors Vas Cousumet,1603,k1Xhi57xE5o,https://music.youtube.com/watch?v=k1Xhi57xE5o,3,0.6496,title_first2,MqNxQ,De Profundis,Brincando De Deus,https://getsongbpm.com/song/de-profundis/MqNxQ,91,3/4,F,major,12d,18,98
Deutschland Orchestra,The Soldiers,1615,CdnEtmhtcMY,https://music.youtube.com/watch?v=CdnEtmhtcMY,1,0.8000,title_only,lOvmWg,The Soldiers,Grand Theft Age,https://getsongbpm.com/song/the-soldiers/lOvmWg,,,,minor,,,
Deutschland Orchestra,The Soldiers,1615,CdnEtmhtcMY,https://music.youtube.com/watch?v=CdnEtmhtcMY,2,0.7274,title_only,oQMnOX,The Soldiers Of The Queen,The Regimental Band of the Coldstream Guards,https://getsongbpm.com/song/the-soldiers-of-the-queen/oQMnOX,115,4/4,D#,major,10d,69,99
Deutschland Orchestra,The Soldiers,1615,CdnEtmhtcMY,https://music.youtube.com/watch?v=CdnEtmhtcMY,3,0.6924,title_only,nR5O47,The Soldiers Of Vlad Tepes (Instrumental),Dawn of Apocalypse,https://getsongbpm.com/song/the-soldiers-of-vlad-tepes-instrumental/nR5O47,,,,minor,,,
Killswitch Engage,This Fire,1619,DMdqsS0a9tY,https://music.youtube.com/watch?v=DMdqsS0a9tY,1,0.7525,title_only,BB0pok,This Fire,John McCutcheon,https://getsongbpm.com/song/this-fire/BB0pok,169,4/4,C,major,1d,60,50
Killswitch Engage,This Fire,1619,DMdqsS0a9tY,https://music.youtube.com/watch?v=DMdqsS0a9tY,2,0.7393,title_only,Qv2jl,This Fire,Lori McKenna,https://getsongbpm.com/song/this-fire/Qv2jl,119,3/4,A#,major,11d,63,50
Killswitch Engage,This Fire,1619,DMdqsS0a9tY,https://music.youtube.com/watch?v=DMdqsS0a9tY,3,0.7339,title_only,zpZX98,This Fire,Dokken,https://getsongbpm.com/song/this-fire/zpZX98,174,4/4,A#,major,11d,47,1
Gojira,Amazonia,1625,ilWMxOA9bd8,https://music.youtube.com/watch?v=ilWMxOA9bd8,1,0.7480,title_only,yPwRm7,Amazônia,Roberto Carlos,https://getsongbpm.com/song/amazonia/yPwRm7,115,4/4,A#,major,11d,74,4
Gojira,Amazonia,1625,ilWMxOA9bd8,https://music.youtube.com/watch?v=ilWMxOA9bd8,2,0.7360,title_only,73MVX1,Amazônia,Ana Caram,https://getsongbpm.com/song/amazonia/73MVX1,94,4/4,D,minor,12m,36,67
Gojira,Amazonia,1625,ilWMxOA9bd8,https://music.youtube.com/watch?v=ilWMxOA9bd8,3,0.7247,title_only,ADl6Zp,Amazonia,Zez Confrey,https://getsongbpm.com/song/amazonia/ADl6Zp,122,4/4,G,major,2d,52,100
Asking Alexandria,The Final Episode (Let's Change the Channel),1640,Qi3ZsefSo0o,https://music.youtube.com/watch?v=Qi3ZsefSo0o,1,0.6740,title_first2,O7EY0B,The Final,Apple Pie,https://getsongbpm.com/song/the-final/O7EY0B,131,4/4,A#,minor,8m,32,6
Asking Alexandria,The Final Episode (Let's Change the Channel),1640,Qi3ZsefSo0o,https://music.youtube.com/watch?v=Qi3ZsefSo0o,2,0.6699,title_first2,oZMMjB,The Final,Sagotorium,https://getsongbpm.com/song/the-final/oZMMjB,91,4/4,C#,major,8d,53,1
Asking Alexandria,The Final Episode (Let's Change the Channel),1640,Qi3ZsefSo0o,https://music.youtube.com/watch?v=Qi3ZsefSo0o,3,0.6661,title_first2,yrmWGn,THE FINAL,DIR EN GREY,https://getsongbpm.com/song/the-final/yrmWGn,120,4/4,F,minor,9m,46,1
Ken Tamplin Vocal Academy,Since I've Been Loving You,1656,JWEzmKysWA0,https://music.youtube.com/watch?v=JWEzmKysWA0,1,0.7568,title_only,kZ9RLJ,Since I've Been Loving You,Led Zeppelin,https://getsongbpm.com/song/since-i-ve-been-loving-you/kZ9RLJ,58,3/4,F,minor,9m,40,1
Ken Tamplin Vocal Academy,Since I've Been Loving You,1656,JWEzmKysWA0,https://music.youtube.com/watch?v=JWEzmKysWA0,2,0.7568,title_only,9rZop8,Since I've Been Loving You,Lez Zeppelin,https://getsongbpm.com/song/since-i-ve-been-loving-you/9rZop8,113,3/4,F,minor,9m,47,1
Ken Tamplin Vocal Academy,Since I've Been Loving You,1656,JWEzmKysWA0,https://music.youtube.com/watch?v=JWEzmKysWA0,3,0.7389,title_first3,k89rNN,Since I've Been Lovin' You,The Rockin' Blues Express,https://getsongbpm.com/song/since-i-ve-been-lovin-you/k89rNN,121,3/4,F,minor,9m,40,21
Led Zeppelin,Going to California (Remaster),1658,PDIz4talyQk,https://music.youtube.com/watch?v=PDIz4talyQk,1,0.9232,title_first3,o2rLj,Going To California,Led Zeppelin,https://getsongbpm.com/song/going-to-california/o2rLj,78,4/4,D,major,3d,51,95
Led Zeppelin,Going to California (Remaster),1658,PDIz4talyQk,https://music.youtube.com/watch?v=PDIz4talyQk,2,0.8678,title_first3,o8nVj,Going To California,Dread Zeppelin,https://getsongbpm.com/song/going-to-california/o8nVj,115,4/4,D,major,3d,78,1
Led Zeppelin,Going to California (Remaster),1658,PDIz4talyQk,https://music.youtube.com/watch?v=PDIz4talyQk,3,0.8678,title_first3,m20yE,Going To California,Dread Zeppelin,https://getsongbpm.com/song/going-to-california/m20yE,115,4/4,D,major,3d,78,1
Led Zeppelin,All My Love (1990 Remaster),1663,yYDh7lyqwms,https://music.youtube.com/watch?v=yYDh7lyqwms,1,0.7072,title_first3,omQEA,All My Love,House of Pain,https://getsongbpm.com/song/all-my-love/omQEA,115,4/4,G,major,2d,82,1
Led Zeppelin,All My Love (1990 Remaster),1663,yYDh7lyqwms,https://music.youtube.com/watch?v=yYDh7lyqwms,2,0.6832,title_first2,zKXxLm,All My,A Whisper in the Noise,https://getsongbpm.com/song/all-my/zKXxLm,160,4/4,C#,major,8d,43,16
Led Zeppelin,All My Love (1990 Remaster),1663,yYDh7lyqwms,https://music.youtube.com/watch?v=yYDh7lyqwms,3,0.6769,title_first3,mY0Z9,All My Love,A★Teens,https://getsongbpm.com/song/all-my-love/mY0Z9,93,4/4,A#,minor,8m,75,7
Static-X,Isolaytore,1666,6yFYHqkgvI0,https://music.youtube.com/watch?v=6yFYHqkgvI0,1,0.9760,title_only,oQBP1X,Isolaytore,Static‐X,https://getsongbpm.com/song/isolaytore/oQBP1X,142,4/4,G#,minor,6m,68,1
Static-X,Cannibal,1667,TPps3E0Teys,https://music.youtube.com/watch?v=TPps3E0Teys,1,0.7750,title_only,Q295,Cannibal,Heatmiser,https://getsongbpm.com/song/cannibal/Q295,93,4/4,D,major,3d,47,1
Static-X,Cannibal,1667,TPps3E0Teys,https://music.youtube.com/watch?v=TPps3E0Teys,2,0.7750,title_only,nNYLD,Cannibal,Superette,https://getsongbpm.com/song/cannibal/nNYLD,111,4/4,C#,minor,5m,48,1
Static-X,Cannibal,1667,TPps3E0Teys,https://music.youtube.com/watch?v=TPps3E0Teys,3,0.7467,title_only,X9M6g,Cannibal,Send More Paramedics,https://getsongbpm.com/song/cannibal/X9M6g,191,4/4,C#,major,8d,24,1
Static-X,Nocturnally,1671,AX067jOUFHo,https://music.youtube.com/watch?v=AX067jOUFHo,1,0.9760,title_only,pQDP1V,Nocturnally,Static‐X,https://getsongbpm.com/song/nocturnally/pQDP1V,172,4/4,C,minor,10m,53,1
Static-X,Nocturnally,1671,AX067jOUFHo,https://music.youtube.com/watch?v=AX067jOUFHo,2,0.6740,title_only,0838QN,Nocturnally Yours,Castro,https://getsongbpm.com/song/nocturnally-yours/0838QN,154,4/4,A,minor,1m,45,1
Static-X,Nocturnally,1671,AX067jOUFHo,https://music.youtube.com/watch?v=AX067jOUFHo,3,0.6287,title_only,Mjo1OA,Nocturnally Yours,The Panoply Academy,https://getsongbpm.com/song/nocturnally-yours/Mjo1OA,76,4/4,D,major,3d,35,24
Mariah Carey,Without You (Official HD Music Video),1673,Hat1Hc9SNwE,https://music.youtube.com/watch?v=Hat1Hc9SNwE,1,0.9232,title_first2,JZ21g,Without You,Mariah Carey,https://getsongbpm.com/song/without-you/JZ21g,62,4/4,F#,major,7d,58,33
Mariah Carey,Without You (Official HD Music Video),1673,Hat1Hc9SNwE,https://music.youtube.com/watch?v=Hat1Hc9SNwE,2,0.7197,title_first2,68qAO,Without You,Mötley Crüe,https://getsongbpm.com/song/without-you/68qAO,118,4/4,F,major,12d,53,1
Mariah Carey,Without You (Official HD Music Video),1673,Hat1Hc9SNwE,https://music.youtube.com/watch?v=Hat1Hc9SNwE,3,0.6661,title_first2,wj77R,Without You,Van Halen,https://getsongbpm.com/song/without-you/wj77R,96,4/4,D,major,3d,54,1
Whitney Houston,I Have Nothing,1675,pKnRHLqh4PY,https://music.youtube.com/watch?v=pKnRHLqh4PY,1,0.7382,title_only,P1p6Jl,I Have Nothing,Charice,https://getsongbpm.com/song/i-have-nothing/P1p6Jl,149,3/4,C,major,1d,35,52
Whitney Houston,I Have Nothing,1675,pKnRHLqh4PY,https://music.youtube.com/watch?v=pKnRHLqh4PY,2,0.7300,title_only,j3pp5,I Have Nothing,Cosmicity,https://getsongbpm.com/song/i-have-nothing/j3pp5,130,4/4,C,minor,10m,80,24
Whitney Houston,I Have Nothing,1675,pKnRHLqh4PY,https://music.youtube.com/watch?v=pKnRHLqh4PY,3,0.7200,title_only,QWjDw9,I Have Nothing,Adam Watkiss,https://getsongbpm.com/song/i-have-nothing/QWjDw9,,,,minor,,,
Static-X,Stingwray,1677,Bmgb90jDSCQ,https://music.youtube.com/watch?v=Bmgb90jDSCQ,1,0.9760,title_only,mQzP5G,Stingwray,Static‐X,https://getsongbpm.com/song/stingwray/mQzP5G,137,4/4,F,major,12d,58,4
Luciano Pavarotti; Giacomo Puccini,"Turandot, Act 3: ""Nessun dorma"" (Live)",1685,tfT2iUZ9UP0,https://music.youtube.com/watch?v=tfT2iUZ9UP0,1,0.6608,title_first2,81ZZ43,"Turandot, Act III: Nessun Dorma",Lucy Kay,https://getsongbpm.com/song/turandot-act-iii-nessun-dorma/81ZZ43,,,,minor,,,
Luciano Pavarotti; Giacomo Puccini,"Turandot, Act 3: ""Nessun dorma"" (Live)",1685,tfT2iUZ9UP0,https://music.youtube.com/watch?v=tfT2iUZ9UP0,2,0.5778,title_first2,2kQPwW,"Turandot, Act III Scene One: Nessun Dorma!",Venezia la Festa,https://getsongbpm.com/song/turandot-act-iii-scene-one-nessun-dormaexclamation/2kQPwW,,,,minor,,,
Static-X,Terminator Oscillator,1692,UFwmWF0bbQs,https://music.youtube.com/watch?v=UFwmWF0bbQs,1,0.9760,title_only,mqBjY3,Terminator Oscillator,Static‐X,https://getsongbpm.com/song/terminator-oscillator/mqBjY3,139,4/4,F,major,12d,51,1
Static-X,Terminator Oscillator,1692,UFwmWF0bbQs,https://music.youtube.com/watch?v=UFwmWF0bbQs,2,0.9760,title_only,k2zRKY,Terminator Oscillator,Static‐X,https://getsongbpm.com/song/terminator-oscillator/k2zRKY,139,4/4,F,major,12d,51,1
Static-X,Otsego Placebo,1693,FEiq21N7bdY,https://music.youtube.com/watch?v=FEiq21N7bdY,1,0.9760,title_only,vQOv8n,Otsego Placebo,Static‐X,https://getsongbpm.com/song/otsego-placebo/vQOv8n,166,4/4,C#,major,8d,44,1
Static-X,Otsego Placebo,1693,FEiq21N7bdY,https://music.youtube.com/watch?v=FEiq21N7bdY,2,0.9760,title_only,qQJxXR,Otsego Placebo,Static‐X,https://getsongbpm.com/song/otsego-placebo/qQJxXR,166,4/4,C#,major,8d,44,1
Static-X,Get to the Gone,1694,NzXR9Ug6jUg,https://music.youtube.com/watch?v=NzXR9Ug6jUg,1,0.9760,title_only,vQqrr,Get To The Gone,Static‐X,https://getsongbpm.com/song/get-to-the-gone/vQqrr,160,4/4,G,major,2d,40,1
Static-X,Get to the Gone,1694,NzXR9Ug6jUg,https://music.youtube.com/watch?v=NzXR9Ug6jUg,2,0.6186,title_first2,MwX2km,Get To,Bajzel,https://getsongbpm.com/song/get-to/MwX2km,130,5/4,B,major,6d,43,53
Static-X,Get to the Gone,1694,NzXR9Ug6jUg,https://music.youtube.com/watch?v=NzXR9Ug6jUg,3,0.5508,title_first3,v2Pw30,Get To The Choppa,Austrian Death Machine,https://getsongbpm.com/song/get-to-the-choppa/v2Pw30,189,3/4,G#,major,9d,23,1
Static-X,Fix,1695,MpqQX0dmWGQ,https://music.youtube.com/watch?v=MpqQX0dmWGQ,1,0.9760,title_only,JZo3y,Fix,Static‐X,https://getsongbpm.com/song/fix/JZo3y,130,4/4,F,major,12d,64,1
Static-X,Fix,1695,MpqQX0dmWGQ,https://music.youtube.com/watch?v=MpqQX0dmWGQ,2,0.8320,title_only,G6rlEK,Fix,theSTART,https://getsongbpm.com/song/fix/G6rlEK,113,4/4,B,major,6d,69,3
Static-X,Fix,1695,MpqQX0dmWGQ,https://music.youtube.com/watch?v=MpqQX0dmWGQ,3,0.7600,title_only,zKGMZ,Fix,Avail,https://getsongbpm.com/song/fix/zKGMZ,164,4/4,C,major,1d,23,1
Static-X,Otsego Undead,1696,ghNcDH9QDTg,https://music.youtube.com/watch?v=ghNcDH9QDTg,1,0.9760,title_only,z6Py8,Otsego Undead,Static‐X,https://getsongbpm.com/song/otsego-undead/z6Py8,130,4/4,G#,major,9d,50,1
Static-X,Dirthouse,1700,yaApysXYjyo,https://music.youtube.com/watch?v=yaApysXYjyo,1,0.9760,title_only,8pr4W,Dirthouse,Static‐X,https://getsongbpm.com/song/dirthouse/8pr4W,126,4/4,D,minor,12m,61,1
Static-X,Tera-Fied,1705,bpXChQtGFIs,https://music.youtube.com/watch?v=bpXChQtGFIs,1,0.9760,title_only,l5yP1M,Tera-Fied,Static‐X,https://getsongbpm.com/song/tera-fied/l5yP1M,154,3/4,A#,minor,8m,67,6
Led Zeppelin,Babe I'm Gonna Leave You (Remaster),1712,UyOg0mt2R2k,https://music.youtube.com/watch?v=UyOg0mt2R2k,1,0.9232,title_first3,X6ZW,Babe I'm Gonna Leave You,Led Zeppelin,https://getsongbpm.com/song/babe-i-m-gonna-leave-you/X6ZW,136,4/4,A,minor,1m,41,25
Led Zeppelin,Babe I'm Gonna Leave You (Remaster),1712,UyOg0mt2R2k,https://music.youtube.com/watch?v=UyOg0mt2R2k,2,0.8332,title_first3,MQx9O1,Babe I'm Gonna Leave You,Led Zepagain,https://getsongbpm.com/song/babe-i-m-gonna-leave-you/MQx9O1,121,4/4,F,major,12d,46,20
Led Zeppelin,Babe I'm Gonna Leave You (Remaster),1712,UyOg0mt2R2k,https://music.youtube.com/watch?v=UyOg0mt2R2k,3,0.6496,title_first3,r0KLKW,Babe I'm Gonna Leave You,Happy Drivers,https://getsongbpm.com/song/babe-i-m-gonna-leave-you/r0KLKW,123,4/4,F,major,12d,82,17
Ghost B.C.,Bible,1721,ex79NyYece8,https://music.youtube.com/watch?v=ex79NyYece8,1,0.7840,title_only,rk5kgB,Bible,Stavin' Chain,https://getsongbpm.com/song/bible/rk5kgB,123,3/4,C#,major,8d,50,1
Ghost B.C.,Bible,1721,ex79NyYece8,https://music.youtube.com/watch?v=ex79NyYece8,2,0.7750,title_only,x6z5mz,Bible,Yo Gotti,https://getsongbpm.com/song/bible/x6z5mz,154,4/4,B,minor,3m,78,15
Ghost B.C.,Bible,1721,ex79NyYece8,https://music.youtube.com/watch?v=ex79NyYece8,3,0.7339,title_only,mZz2yr,Bible,Hickey Necklace,https://getsongbpm.com/song/bible/mZz2yr,,,,minor,,,
Ghost B.C.,I Believe,1722,k1sDdx8UOI4,https://music.youtube.com/watch?v=k1sDdx8UOI4,1,0.7537,title_only,0gMQX,I Believe,Chris Isaak,https://getsongbpm.com/song/i-believe/0gMQX,166,4/4,A#,major,11d,35,8
Ghost B.C.,I Believe,1722,k1sDdx8UOI4,https://music.youtube.com/watch?v=k1sDdx8UOI4,2,0.7480,title_only,lx4mj,I Believe,Joe Satriani,https://getsongbpm.com/song/i-believe/lx4mj,92,4/4,G,major,2d,58,47
Ghost B.C.,I Believe,1722,k1sDdx8UOI4,https://music.youtube.com/watch?v=k1sDdx8UOI4,3,0.7429,title_only,98nEx,I Believe,Take 6,https://getsongbpm.com/song/i-believe/98nEx,119,4/4,C#,minor,5m,73,47
Daniel Paterok,Serenity,1729,1De0_7XJk1c,https://music.youtube.com/watch?v=1De0_7XJk1c,1,0.7641,title_only,jR86z,Serenity,James Spaulding,https://getsongbpm.com/song/serenity/jR86z,115,4/4,G#,major,9d,39,98
Daniel Paterok,Serenity,1729,1De0_7XJk1c,https://music.youtube.com/watch?v=1De0_7XJk1c,2,0.7600,title_only,A6mrP,Serenity,Eloy,https://getsongbpm.com/song/serenity/A6mrP,60,4/4,C#,major,8d,58,100
Daniel Paterok,Serenity,1729,1De0_7XJk1c,https://music.youtube.com/watch?v=1De0_7XJk1c,3,0.7537,title_only,LgEJr,Serenity,Arena,https://getsongbpm.com/song/serenity/LgEJr,90,4/4,E,minor,2m,21,1
Flaer Smin,Wish You Were Here,1746,N_tJBqa-EQ0,https://music.youtube.com/watch?v=N_tJBqa-EQ0,1,0.7840,title_only,W6VOJ,Wish You Were Here,Catherine Wheel,https://getsongbpm.com/song/wish-you-were-here/W6VOJ,59,4/4,G,major,2d,35,60
Flaer Smin,Wish You Were Here,1746,N_tJBqa-EQ0,https://music.youtube.com/watch?v=N_tJBqa-EQ0,2,0.7785,title_only,z107,Wish You Were Here,Immaculate Fools,https://getsongbpm.com/song/wish-you-were-here/z107,135,4/4,D,major,3d,63,6
Flaer Smin,Wish You Were Here,1746,N_tJBqa-EQ0,https://music.youtube.com/watch?v=N_tJBqa-EQ0,3,0.7600,title_only,p81K2,Wish You Were Here,Fourplay,https://getsongbpm.com/song/wish-you-were-here/p81K2,86,4/4,G,minor,11m,63,57
Enigma,The Alchemist (The Alchemist's Vision By Ralf Hildenbeutel),1752,s8s2Ocqd6Kk,https://music.youtube.com/watch?v=s8s2Ocqd6Kk,1,0.9232,title_first2,BBEmBW,The Alchemist,Enigma,https://getsongbpm.com/song/the-alchemist/BBEmBW,110,4/4,F,minor,9m,56,3
Enigma,The Alchemist (The Alchemist's Vision By Ralf Hildenbeutel),1752,s8s2Ocqd6Kk,https://music.youtube.com/watch?v=s8s2Ocqd6Kk,2,0.7232,title_first2,W6Q0JE,The Alchemist,Pandaemonium,https://getsongbpm.com/song/the-alchemist/W6Q0JE,159,4/4,G#,minor,6m,23,1
Enigma,The Alchemist (The Alchemist's Vision By Ralf Hildenbeutel),1752,s8s2Ocqd6Kk,https://music.youtube.com/watch?v=s8s2Ocqd6Kk,3,0.7232,title_first2,3prXO,The Alchemist,Ten,https://getsongbpm.com/song/the-alchemist/3prXO,95,4/4,G,minor,11m,64,4
Led Zeppelin,Since I've Been Loving You (Remaster),1790,N_lSJ-0Gl7Q,https://music.youtube.com/watch?v=N_lSJ-0Gl7Q,1,0.7232,title_first3,W5BjJ,Since I've Been Loving You,Alexander O'Neal,https://getsongbpm.com/song/since-i-ve-been-loving-you/W5BjJ,,,,minor,,,
Led Zeppelin,Since I've Been Loving You (Remaster),1790,N_lSJ-0Gl7Q,https://music.youtube.com/watch?v=N_lSJ-0Gl7Q,2,0.6862,title_first3,gqjx6,Since I've Been Lovin' You,Black Pearl,https://getsongbpm.com/song/since-i-ve-been-lovin-you/gqjx6,118,3/4,F,minor,9m,42,5
Led Zeppelin,Since I've Been Loving You (Remaster),1790,N_lSJ-0Gl7Q,https://music.youtube.com/watch?v=N_lSJ-0Gl7Q,3,0.5747,title_first3,k89rNN,Since I've Been Lovin' You,The Rockin' Blues Express,https://getsongbpm.com/song/since-i-ve-been-lovin-you/k89rNN,121,3/4,F,minor,9m,40,21
B.J. Thomas,Raindrops Keep Falling on my Head,1795,sySlY1XKlhM,https://music.youtube.com/watch?v=sySlY1XKlhM,1,0.7771,title_only,gjRyG,Raindrops Keep Falling On My Head,Becky Taylor,https://getsongbpm.com/song/raindrops-keep-falling-on-my-head/gjRyG,110,4/4,D#,major,10d,42,96
B.J. Thomas,Raindrops Keep Falling on my Head,1795,sySlY1XKlhM,https://music.youtube.com/watch?v=sySlY1XKlhM,2,0.7480,title_only,n36YR,Raindrops Keep Falling On My Head,101 Strings,https://getsongbpm.com/song/raindrops-keep-falling-on-my-head/n36YR,58,4/4,A#,major,11d,34,72
B.J. Thomas,Raindrops Keep Falling on my Head,1795,sySlY1XKlhM,https://music.youtube.com/watch?v=sySlY1XKlhM,3,0.7480,title_only,EP46Y,Raindrops Keep Falling On My Head,Edwin Starr,https://getsongbpm.com/song/raindrops-keep-falling-on-my-head/EP46Y,,,,minor,,,
Ti voglio tanto bene,Italian Song | Piano Accompaniment 伴奏用,1812,rcPJgpZVCcM,https://music.youtube.com/watch?v=rcPJgpZVCcM,1,0.7072,title_first2,xv67AB,Italian Song,Giorgia Fumanti,https://getsongbpm.com/song/italian-song/xv67AB,170,3/4,F#,major,7d,23,93
Ti voglio tanto bene,Italian Song | Piano Accompaniment 伴奏用,1812,rcPJgpZVCcM,https://music.youtube.com/watch?v=rcPJgpZVCcM,2,0.6892,title_first2,36yAyM,Italian Song,Patrick Thomas Hawes,https://getsongbpm.com/song/italian-song/36yAyM,74,4/4,E,major,5d,20,100
Ti voglio tanto bene,Italian Song | Piano Accompaniment 伴奏用,1812,rcPJgpZVCcM,https://music.youtube.com/watch?v=rcPJgpZVCcM,3,0.6757,title_first2,oDAgz,Italian Song,Matson Jones,https://getsongbpm.com/song/italian-song/oDAgz,,,,minor,,,
Frank Sinatra,My Way (2008 Remastered),1817,qQzdAsjWGPg,https://music.youtube.com/watch?v=qQzdAsjWGPg,1,0.7132,title_first2,oQ1gB,My Way,Keely Smith,https://getsongbpm.com/song/my-way/oQ1gB,130,4/4,D,major,3d,85,8
Frank Sinatra,My Way (2008 Remastered),1817,qQzdAsjWGPg,https://music.youtube.com/watch?v=qQzdAsjWGPg,2,0.6941,title_first2,g5Bll,My Way,Crematory,https://getsongbpm.com/song/my-way/g5Bll,119,4/4,C#,major,8d,54,13
Frank Sinatra,My Way (2008 Remastered),1817,qQzdAsjWGPg,https://music.youtube.com/watch?v=qQzdAsjWGPg,3,0.6661,title_first2,p8lWm,My Way,Terminal Choice,https://getsongbpm.com/song/my-way/p8lWm,147,4/4,C#,minor,5m,56,5
Crazy Obeme,Axel F (prod. checkoff),1840,Z1lIl9ZVXdQ,https://music.youtube.com/watch?v=Z1lIl9ZVXdQ,1,0.8032,title_first2,W2Rzx,Axel F,Crazy Frog,https://getsongbpm.com/song/axel-f/W2Rzx,136,4/4,D,major,3d,87,30
Crazy Obeme,Axel F (prod. checkoff),1840,Z1lIl9ZVXdQ,https://music.youtube.com/watch?v=Z1lIl9ZVXdQ,2,0.6873,title_first2,4ykAn,Axel F,Harold Faltermeyer,https://getsongbpm.com/song/axel-f/4ykAn,117,4/4,F,minor,9m,80,6
Crazy Obeme,Axel F (prod. checkoff),1840,Z1lIl9ZVXdQ,https://music.youtube.com/watch?v=Z1lIl9ZVXdQ,3,0.6532,title_first2,NqAk8,Axel F,Clock,https://getsongbpm.com/song/axel-f/NqAk8,135,4/4,F,minor,9m,68,1
Tsutomu Torii,Sous Le Ciel De Paris,1841,LO8K29YeaNI,https://music.youtube.com/watch?v=LO8K29YeaNI,1,0.7771,title_only,6z7Wz,Sous Le Ciel De Paris,Tony Coe,https://getsongbpm.com/song/sous-le-ciel-de-paris/6z7Wz,,,,minor,,,
Tsutomu Torii,Sous Le Ciel De Paris,1841,LO8K29YeaNI,https://music.youtube.com/watch?v=LO8K29YeaNI,2,0.7652,title_only,RlKwO,Sous Le Ciel De Paris,Maria Bill,https://getsongbpm.com/song/sous-le-ciel-de-paris/RlKwO,71,4/4,E,minor,2m,29,76
Tsutomu Torii,Sous Le Ciel De Paris,1841,LO8K29YeaNI,https://music.youtube.com/watch?v=LO8K29YeaNI,3,0.7600,title_only,zpP4R8,Sous Le Ciel De Paris,Willy Astor,https://getsongbpm.com/song/sous-le-ciel-de-paris/zpP4R8,189,3/4,A,minor,1m,40,90
Hans Zimmer,The Kraken,1843,GFY7i7pJAXg,https://music.youtube.com/watch?v=GFY7i7pJAXg,1,0.8000,title_only,mQJ4w0,The Kraken,Fisherman's Death,https://getsongbpm.com/song/the-kraken/mQJ4w0,,,,minor,,,
Hans Zimmer,The Kraken,1843,GFY7i7pJAXg,https://music.youtube.com/watch?v=GFY7i7pJAXg,2,0.7900,title_only,MjREBB,The Kraken,Amity in Fame,https://getsongbpm.com/song/the-kraken/MjREBB,129,4/4,A#,major,11d,37,1
Hans Zimmer,The Kraken,1843,GFY7i7pJAXg,https://music.youtube.com/watch?v=GFY7i7pJAXg,3,0.7840,title_only,wV0EoR,The Kraken,For a Dozen Matters,https://getsongbpm.com/song/the-kraken/wV0EoR,,,,minor,,,
Howard Shore,The Battle of the Pelennor Fields,1844,8t9eL-5wMFc,https://music.youtube.com/watch?v=8t9eL-5wMFc,1,0.7326,title_first2,jRYPR,The Battle,Ashes,https://getsongbpm.com/song/the-battle/jRYPR,109,4/4,G,major,2d,75,9
Howard Shore,The Battle of the Pelennor Fields,1844,8t9eL-5wMFc,https://music.youtube.com/watch?v=8t9eL-5wMFc,2,0.7197,title_first2,ZR23R,The Battle,Haemorrhage,https://getsongbpm.com/song/the-battle/ZR23R,98,4/4,A,minor,1m,76,30
Howard Shore,The Battle of the Pelennor Fields,1844,8t9eL-5wMFc,https://music.youtube.com/watch?v=8t9eL-5wMFc,3,0.6571,title_first2,E6Lov,The Battle,Human Drama,https://getsongbpm.com/song/the-battle/E6Lov,132,3/4,C,major,1d,54,21
The Paris Musette,C'est Tout,1846,h497OPVQYYA,https://music.youtube.com/watch?v=h497OPVQYYA,1,0.7429,title_only,w0lkqw,C'est Tout,Éléphant,https://getsongbpm.com/song/c-est-tout/w0lkqw,128,4/4,B,minor,,79,33
The Paris Musette,C'est Tout,1846,h497OPVQYYA,https://music.youtube.com/watch?v=h497OPVQYYA,2,0.7247,title_only,nR0lPP,C'est Tout,PKRK,https://getsongbpm.com/song/c-est-tout/nR0lPP,101,4/4,G,major,2d,37,5
The Paris Musette,C'est Tout,1846,h497OPVQYYA,https://music.youtube.com/watch?v=h497OPVQYYA,3,0.7158,title_only,mQoMRr,C'est Tout,Guizmo,https://getsongbpm.com/song/c-est-tout/mQoMRr,98,4/4,F#,minor,4m,60,48
George Harrison,My Sweet Lord,1854,6wHBsMoHFWs,https://music.youtube.com/watch?v=6wHBsMoHFWs,1,0.7943,title_only,GxOVy,My Sweet Lord,Richie Havens,https://getsongbpm.com/song/my-sweet-lord/GxOVy,105,4/4,C#,major,8d,46,81
George Harrison,My Sweet Lord,1854,6wHBsMoHFWs,https://music.youtube.com/watch?v=6wHBsMoHFWs,2,0.7733,title_only,nmP14,My Sweet Lord,Larry Norman,https://getsongbpm.com/song/my-sweet-lord/nmP14,120,4/4,C#,minor,5m,54,9
George Harrison,My Sweet Lord,1854,6wHBsMoHFWs,https://music.youtube.com/watch?v=6wHBsMoHFWs,3,0.7709,title_only,xko8n3,My Sweet Lord,Richard Clayderman,https://getsongbpm.com/song/my-sweet-lord/xko8n3,128,4/4,G,major,2d,50,31
Hello Relatives!,Bohemian Rhapsody (in G minor),1876,6g1nqamb31M,https://music.youtube.com/watch?v=6g1nqamb31M,1,0.7132,title_first2,LBmwj,Bohemian Rhapsody,The Cruel Sea,https://getsongbpm.com/song/bohemian-rhapsody/LBmwj,142,4/4,A,minor,1m,47,64
Hello Relatives!,Bohemian Rhapsody (in G minor),1876,6g1nqamb31M,https://music.youtube.com/watch?v=6g1nqamb31M,2,0.6832,title_first2,k0jNJ,Bohemian Rhapsody,The Raleigh Ringers,https://getsongbpm.com/song/bohemian-rhapsody/k0jNJ,71,4/4,D#,major,10d,24,69
Hello Relatives!,Bohemian Rhapsody (in G minor),1876,6g1nqamb31M,https://music.youtube.com/watch?v=6g1nqamb31M,3,0.6352,title_first2,Y69Dp,Bohemian Rhapsody,Queen,https://getsongbpm.com/song/bohemian-rhapsody/Y69Dp,72,4/4,A#,major,11d,40,26
Blackhelm,Dark Clouds of the Inferno,1877,vur5tnt5QAc,https://music.youtube.com/watch?v=vur5tnt5QAc,1,0.7175,title_first2,Exr2l,Dark Clouds,Space,https://getsongbpm.com/song/dark-clouds/Exr2l,103,4/4,A,minor,1m,63,1
Blackhelm,Dark Clouds of the Inferno,1877,vur5tnt5QAc,https://music.youtube.com/watch?v=vur5tnt5QAc,2,0.6941,title_first2,Kpjol,Dark Clouds,Laura Freeman,https://getsongbpm.com/song/dark-clouds/Kpjol,175,3/4,B,minor,3m,45,29
Blackhelm,Dark Clouds of the Inferno,1877,vur5tnt5QAc,https://music.youtube.com/watch?v=vur5tnt5QAc,3,0.6832,title_first2,rXRkL,Dark Clouds,Bananafishbones,https://getsongbpm.com/song/dark-clouds/rXRkL,169,4/4,E,minor,2m,71,21
DJ Cummerbund,It's Raining Bloody Bodies,1879,Fz-ABmyvyVY,https://music.youtube.com/watch?v=Fz-ABmyvyVY,1,0.6757,title_first2,83v6r,It's Raining,"Peter, Paul & Mary",https://getsongbpm.com/song/it-s-raining/83v6r,106,4/4,E,minor,2m,52,86
DJ Cummerbund,It's Raining Bloody Bodies,1879,Fz-ABmyvyVY,https://music.youtube.com/watch?v=Fz-ABmyvyVY,2,0.6757,title_first2,9L9MD,It's Raining,"Peter, Paul & Mary",https://getsongbpm.com/song/it-s-raining/9L9MD,106,4/4,E,minor,2m,52,86
DJ Cummerbund,It's Raining Bloody Bodies,1879,Fz-ABmyvyVY,https://music.youtube.com/watch?v=Fz-ABmyvyVY,3,0.6740,title_first2,BLlRW,It's Raining,Sarah Dougher,https://getsongbpm.com/song/it-s-raining/BLlRW,112,3/4,F,major,12d,62,82
Gipsy Kings,No Volvere ( Amor Mio) / Un Amor,1920,Md2r0Fmpps0,https://music.youtube.com/watch?v=Md2r0Fmpps0,1,0.9232,title_first2,qMW8k,No Volveré,Gipsy Kings,https://getsongbpm.com/song/no-volvere/qMW8k,80,4/4,E,minor,2m,46,89
Gipsy Kings,No Volvere ( Amor Mio) / Un Amor,1920,Md2r0Fmpps0,https://music.youtube.com/watch?v=Md2r0Fmpps0,2,0.6884,title_first2,82WLE2,No Volveré,Shelly Lares,https://getsongbpm.com/song/no-volvere/82WLE2,134,3/4,D,major,3d,54,14
Gipsy Kings,No Volvere ( Amor Mio) / Un Amor,1920,Md2r0Fmpps0,https://music.youtube.com/watch?v=Md2r0Fmpps0,3,0.6740,title_first2,oYr4oK,No Volveré,Cristian Castro,https://getsongbpm.com/song/no-volvere/oYr4oK,77,3/4,A#,major,11d,52,64
Hayaino Daisuki,Blood,1977,opzf1ZGeda8,https://music.youtube.com/watch?v=opzf1ZGeda8,1,0.7840,title_only,YWkDA,Blood,Abandoned Pools,https://getsongbpm.com/song/blood/YWkDA,100,4/4,C#,minor,5m,47,1
Hayaino Daisuki,Blood,1977,opzf1ZGeda8,https://music.youtube.com/watch?v=opzf1ZGeda8,2,0.7733,title_only,nRwOl,Blood,Tindersticks,https://getsongbpm.com/song/blood/nRwOl,110,4/4,D,major,3d,53,13
Hayaino Daisuki,Blood,1977,opzf1ZGeda8,https://music.youtube.com/watch?v=opzf1ZGeda8,3,0.7686,title_only,Gv0A7,Blood,Faith No More,https://getsongbpm.com/song/blood/Gv0A7,137,4/4,C,major,1d,54,3
Luciano Pavarotti; James Brown,It's A Man's World (Live),1980,qhtsnFhtIxg,https://music.youtube.com/watch?v=qhtsnFhtIxg,1,0.6258,title_first2,r8kX06,It's A,Sizzla,https://getsongbpm.com/song/it-s-a/r8kX06,97,4/4,F,major,12d,78,5
Tame Impala,The Less I Know the Better But It's Crawling by Linkin Park,1989,m02CCAkR-Mk,https://music.youtube.com/watch?v=m02CCAkR-Mk,1,0.9232,title_first3,XLj9nv,The Less I Know The Better,Tame Impala,https://getsongbpm.com/song/the-less-i-know-the-better/XLj9nv,117,4/4,E,major,5d,64,2
Tame Impala,The Less I Know the Better But It's Crawling by Linkin Park,1989,m02CCAkR-Mk,https://music.youtube.com/watch?v=m02CCAkR-Mk,2,0.7268,title_first3,NkmAov,The Less I Know,Raine Maida,https://getsongbpm.com/song/the-less-i-know/NkmAov,117,4/4,C,major,1d,59,33
Tame Impala,The Less I Know the Better But It's Crawling by Linkin Park,1989,m02CCAkR-Mk,https://music.youtube.com/watch?v=m02CCAkR-Mk,3,0.6661,title_first3,mqox5E,The Less I Know (The Better),Alb,https://getsongbpm.com/song/the-less-i-know-the-better/mqox5E,93,4/4,B,minor,3m,65,15
Serj Tankian,Sky Is Over (Live) (feat. Auckland Philharmonia Orchestra & John Psathas),1995,WDaqeJqgD7M,https://music.youtube.com/watch?v=WDaqeJqgD7M,1,0.9232,title_first3,QWpJW9,Sky Is Over,Serj Tankian,https://getsongbpm.com/song/sky-is-over/QWpJW9,103,4/4,F,minor,9m,55,4
Serj Tankian,Sky Is Over (Live) (feat. Auckland Philharmonia Orchestra & John Psathas),1995,WDaqeJqgD7M,https://music.youtube.com/watch?v=WDaqeJqgD7M,2,0.5851,title_first2,W6m5n4,Sky Is Crying,Albert King,https://getsongbpm.com/song/sky-is-crying/W6m5n4,181,3/4,F#,major,7d,44,25
Serj Tankian,Sky Is Over (Live) (feat. Auckland Philharmonia Orchestra & John Psathas),1995,WDaqeJqgD7M,https://music.youtube.com/watch?v=WDaqeJqgD7M,3,0.5700,title_first2,BBvk8o,SKY IS CRYING,LAST ALLIANCE,https://getsongbpm.com/song/sky-is-crying/BBvk8o,101,4/4,G#,minor,6m,15,1
Soften the Glare,Turn Around,2012,52-tLxhYpHs,https://music.youtube.com/watch?v=52-tLxhYpHs,1,0.7771,title_only,voxLm,Turn Around,Terranova,https://getsongbpm.com/song/turn-around/voxLm,179,4/4,G#,major,9d,57,52
Soften the Glare,Turn Around,2012,52-tLxhYpHs,https://music.youtube.com/watch?v=52-tLxhYpHs,2,0.7508,title_only,r0ZKW,Turn Around,Nanci Griffith,https://getsongbpm.com/song/turn-around/r0ZKW,183,3/4,G,major,2d,43,95
Soften the Glare,Turn Around,2012,52-tLxhYpHs,https://music.youtube.com/watch?v=52-tLxhYpHs,3,0.7467,title_only,j5ZLW,Turn Around,Phats & Small,https://getsongbpm.com/song/turn-around/j5ZLW,129,4/4,D#,minor,7m,74,1
Eminem,"Lose Yourself But It's 4'33"" by John Cage",2015,LbsUzqBGLLE,https://music.youtube.com/watch?v=LbsUzqBGLLE,1,0.7175,title_first2,n7xXP,Lose Yourself,Presence,https://getsongbpm.com/song/lose-yourself/n7xXP,102,4/4,A,major,4d,54,1
Eminem,"Lose Yourself But It's 4'33"" by John Cage",2015,LbsUzqBGLLE,https://music.youtube.com/watch?v=LbsUzqBGLLE,2,0.6832,title_first2,Nq6Dv,Lose Yourself,Common Sense,https://getsongbpm.com/song/lose-yourself/Nq6Dv,92,4/4,D,major,3d,66,39
Eminem,"Lose Yourself But It's 4'33"" by John Cage",2015,LbsUzqBGLLE,https://music.youtube.com/watch?v=LbsUzqBGLLE,3,0.6712,title_first2,mZXLB3,Lose Yourself,Julie Collings,https://getsongbpm.com/song/lose-yourself/mZXLB3,119,3/4,B,major,6d,38,87
Hans Zimmer,Jack Sparrow,2016,JZeNYaTmVP4,https://music.youtube.com/watch?v=JZeNYaTmVP4,1,0.7200,title_only,D1A965,Jack Sparrow,SkyMarshall Arts,https://getsongbpm.com/song/jack-sparrow/D1A965,155,4/4,F,minor,9m,59,1
Hans Zimmer,Jack Sparrow,2016,JZeNYaTmVP4,https://music.youtube.com/watch?v=JZeNYaTmVP4,2,0.7000,title_only,rRQoZE,Jack Sparrow,The Lonely Island,https://getsongbpm.com/song/jack-sparrow/rRQoZE,96,4/4,G#,major,9d,73,3
Hans Zimmer,Jack Sparrow,2016,JZeNYaTmVP4,https://music.youtube.com/watch?v=JZeNYaTmVP4,3,0.6632,title_only,ZVN216,Jack Sparrow From Pirates Of The Caribbean: Dead Man's Chest,Cincinnati Pops Orchestra,https://getsongbpm.com/song/jack-sparrow-from-pirates-of-the-caribbean-dead-man-s-chest/ZVN216,97,4/4,G,minor,11m,34,90
Rousseau,Nocturne in E Flat Major - Op. 9 No. 2 (Chopin),2017,jp7euLdd3is,https://music.youtube.com/watch?v=jp7euLdd3is,1,0.6390,title_first3,QwZV0,Nocturne In E Flat,Ray Conniff,https://getsongbpm.com/song/nocturne-in-e-flat/QwZV0,185,3/4,D#,major,10d,29,89
Rousseau,Nocturne in E Flat Major - Op. 9 No. 2 (Chopin),2017,jp7euLdd3is,https://music.youtube.com/watch?v=jp7euLdd3is,2,0.6352,title_first3,nZBEnl,"Nocturne In E Flat Major, Op 9 No 2",Cécile Licad,https://getsongbpm.com/song/nocturne-in-e-flat-major-op-9-no-2/nZBEnl,,,,minor,,,
Rousseau,Nocturne in E Flat Major - Op. 9 No. 2 (Chopin),2017,jp7euLdd3is,https://music.youtube.com/watch?v=jp7euLdd3is,3,0.6208,title_first3,ywz2Kz,Nocturne In E,Norman Dello Joio,https://getsongbpm.com/song/nocturne-in-e/ywz2Kz,75,1/4,C#,minor,5m,29,100
Brushy One String,Home Away from Home,2045,UHFLmNZKL_s,https://music.youtube.com/watch?v=UHFLmNZKL_s,1,0.7429,title_only,3ljQyx,Home Away From Home,No Bragging Rights,https://getsongbpm.com/song/home-away-from-home/3ljQyx,155,4/4,G#,major,9d,47,1
Brushy One String,Home Away from Home,2045,UHFLmNZKL_s,https://music.youtube.com/watch?v=UHFLmNZKL_s,2,0.7393,title_only,wppRy1,Home Away From Home,Capture the Flag,https://getsongbpm.com/song/home-away-from-home/wppRy1,119,5/4,G,minor,11m,52,100
Brushy One String,Home Away from Home,2045,UHFLmNZKL_s,https://music.youtube.com/watch?v=UHFLmNZKL_s,3,0.7329,title_only,NjWm2,Home Away From Home,Arthur Russell,https://getsongbpm.com/song/home-away-from-home/NjWm2,111,4/4,G,major,2d,39,66
Static-X,I'm With Stupid,2062,FEnvCrvAPt0,https://music.youtube.com/watch?v=FEnvCrvAPt0,1,0.9760,title_only,y83YR,I'm With Stupid,Static‐X,https://getsongbpm.com/song/i-m-with-stupid/y83YR,138,4/4,G,major,2d,56,1
Static-X,I'm With Stupid,2062,FEnvCrvAPt0,https://music.youtube.com/watch?v=FEnvCrvAPt0,2,0.7916,title_only,21YJA,I'm With Stupid,Scatterbrain,https://getsongbpm.com/song/i-m-with-stupid/21YJA,103,4/4,G,major,2d,41,1
Static-X,I'm With Stupid,2062,FEnvCrvAPt0,https://music.youtube.com/watch?v=FEnvCrvAPt0,3,0.7247,title_only,xkGXlz,I'm With Stupid,Darediablo,https://getsongbpm.com/song/i-m-with-stupid/xkGXlz,140,4/4,C#,major,8d,56,1
Static-X,Brainfog,2063,LmuiYJ1pFks,https://music.youtube.com/watch?v=LmuiYJ1pFks,1,0.8992,title_only,nLWKP,Brainfog / Otsego Amigo,Static‐X,https://getsongbpm.com/song/brainfog-otsego-amigo/nLWKP,,,,minor,,,
Static-X,Brainfog,2063,LmuiYJ1pFks,https://music.youtube.com/watch?v=LmuiYJ1pFks,2,0.7429,title_only,gZjMWZ,Brainfog,Scarved,https://getsongbpm.com/song/brainfog/gZjMWZ,124,4/4,C,major,1d,62,5
Static-X,Love Dump,2064,izWx8XB2CRg,https://music.youtube.com/watch?v=izWx8XB2CRg,1,0.9760,title_only,AnV4j,Love Dump,Static‐X,https://getsongbpm.com/song/love-dump/AnV4j,130,4/4,C,minor,10m,58,1
Static-X,Love Dump,2064,izWx8XB2CRg,https://music.youtube.com/watch?v=izWx8XB2CRg,2,0.6769,title_only,kR6xJx,Love Dumpster,AM Syndicate,https://getsongbpm.com/song/love-dumpster/kR6xJx,161,3/4,A,minor,1m,27,92
Static-X,Cold,2066,ylAF0WNvLx0,https://music.youtube.com/watch?v=ylAF0WNvLx0,1,0.7537,title_only,g5lOl,Cold,Annie Lennox,https://getsongbpm.com/song/cold/g5lOl,86,4/4,D,major,3d,29,64
Static-X,Cold,2066,ylAF0WNvLx0,https://music.youtube.com/watch?v=ylAF0WNvLx0,2,0.7055,title_only,MjNYR,Cold,Tears for Fears,https://getsongbpm.com/song/cold/MjNYR,176,4/4,A,major,4d,44,16
Static-X,Cold,2066,ylAF0WNvLx0,https://music.youtube.com/watch?v=ylAF0WNvLx0,3,0.7026,title_only,JYgP,Cold,Frédérique Spigt,https://getsongbpm.com/song/cold/JYgP,205,4/4,C,major,1d,25,40
Static-X,Bled for Days,2068,xdeK2Ixr1h8,https://music.youtube.com/watch?v=xdeK2Ixr1h8,1,0.9760,title_only,zm3Z2,Bled For Days,Static‐X,https://getsongbpm.com/song/bled-for-days/zm3Z2,125,4/4,A#,major,11d,62,1
Static-X,S.O.M.,2070,t5OSfEo7LKQ,https://music.youtube.com/watch?v=t5OSfEo7LKQ,1,0.7600,title_only,go7O3,S.O.M.,Dub Tractor,https://getsongbpm.com/song/spointopointmpoint/go7O3,102,4/4,C,major,1d,53,4
Static-X,S.O.M.,2070,t5OSfEo7LKQ,https://music.youtube.com/watch?v=t5OSfEo7LKQ,2,0.7300,title_only,qxxlrr,S.O.M.,Prolyphic,https://getsongbpm.com/song/spointopointmpoint/qxxlrr,172,4/4,A#,minor,8m,71,11
Static-X,S.O.M.,2070,t5OSfEo7LKQ,https://music.youtube.com/watch?v=t5OSfEo7LKQ,3,0.7200,title_only,3WBqA,S.O.M.,Sunz of Man,https://getsongbpm.com/song/spointopointmpoint/3WBqA,102,4/4,B,minor,3m,79,5
Static-X,Anything but This,2071,UK4V3Js4weo,https://music.youtube.com/watch?v=UK4V3Js4weo,1,0.6390,title_only,9JpjP,Anything But This World,Myracle Brah,https://getsongbpm.com/song/anything-but-this-world/9JpjP,76,4/4,F#,minor,4m,59,27
Static-X,So Real,2075,STWs7d8sli8,https://music.youtube.com/watch?v=STWs7d8sli8,1,0.7840,title_only,6Bljn,So Real,Subzonic,https://getsongbpm.com/song/so-real/6Bljn,145,4/4,A#,minor,8m,33,17
Static-X,So Real,2075,STWs7d8sli8,https://music.youtube.com/watch?v=STWs7d8sli8,2,0.7750,title_only,rYGqK,So Real,Bootsauce,https://getsongbpm.com/song/so-real/rYGqK,92,4/4,C,major,1d,62,15
Static-X,So Real,2075,STWs7d8sli8,https://music.youtube.com/watch?v=STWs7d8sli8,3,0.7300,title_only,1jJAZ,So Real,Candlebox,https://getsongbpm.com/song/so-real/1jJAZ,119,4/4,C,major,1d,54,1
Static-X,The Trance Is the Motion,2076,Clrck8pj7Ig,https://music.youtube.com/watch?v=Clrck8pj7Ig,1,0.9760,title_only,Lgq3v,The Trance Is The Motion,Static‐X,https://getsongbpm.com/song/the-trance-is-the-motion/Lgq3v,160,4/4,C,major,1d,50,1
Static-X,The Trance Is the Motion,2076,Clrck8pj7Ig,https://music.youtube.com/watch?v=Clrck8pj7Ig,2,0.6532,title_first2,Z6lr7w,The Trance,Transjoik,https://getsongbpm.com/song/the-trance/Z6lr7w,128,5/4,A,major,4d,25,40
Static-X,The Trance Is the Motion,2076,Clrck8pj7Ig,https://music.youtube.com/watch?v=Clrck8pj7Ig,3,0.6318,title_first2,ywELO6,The Trance,Sound of Ceres,https://getsongbpm.com/song/the-trance/ywELO6,124,4/4,G#,major,9d,53,38
Static-X,Push It (Vocals Only + Backing Vocals),2078,v6trccLcDIA,https://music.youtube.com/watch?v=v6trccLcDIA,1,0.8992,title_first2,xG3XP,Push It,Static‐X,https://getsongbpm.com/song/push-it/xG3XP,149,4/4,C,major,1d,56,1
Static-X,Push It (Vocals Only + Backing Vocals),2078,v6trccLcDIA,https://music.youtube.com/watch?v=v6trccLcDIA,2,0.6941,title_first2,j4KGl,Push It,Saga,https://getsongbpm.com/song/push-it/j4KGl,91,4/4,F,major,12d,52,16
Static-X,Push It (Vocals Only + Backing Vocals),2078,v6trccLcDIA,https://music.youtube.com/watch?v=v6trccLcDIA,3,0.6832,title_first2,o3r3k,Push It,Shift,https://getsongbpm.com/song/push-it/o3r3k,144,4/4,C#,minor,5m,32,1
Static-X,The Only,2088,h2cd5JyPR5o,https://music.youtube.com/watch?v=h2cd5JyPR5o,1,0.9760,title_only,j6mZy,The Only,Static‐X,https://getsongbpm.com/song/the-only/j6mZy,104,4/4,C#,major,8d,43,1
Static-X,The Only,2088,h2cd5JyPR5o,https://music.youtube.com/watch?v=h2cd5JyPR5o,2,0.7552,title_only,vlG3jM,The Only,Southbound Fearing,https://getsongbpm.com/song/the-only/vlG3jM,100,4/4,C,major,1d,62,1
Static-X,The Only,2088,h2cd5JyPR5o,https://music.youtube.com/watch?v=h2cd5JyPR5o,3,0.7508,title_only,jRJVpP,The Only,Endast,https://getsongbpm.com/song/the-only/jRJVpP,116,5/4,A#,major,11d,55,99
Queen,Bohemian Rhapsody Performed in 42 Styles,2090,8ydY8-Uzah8,https://music.youtube.com/watch?v=8ydY8-Uzah8,1,0.9232,title_first2,Y69Dp,Bohemian Rhapsody,Queen,https://getsongbpm.com/song/bohemian-rhapsody/Y69Dp,72,4/4,A#,major,11d,40,26
Queen,Bohemian Rhapsody Performed in 42 Styles,2090,8ydY8-Uzah8,https://music.youtube.com/watch?v=8ydY8-Uzah8,2,0.7175,title_first2,LBmwj,Bohemian Rhapsody,The Cruel Sea,https://getsongbpm.com/song/bohemian-rhapsody/LBmwj,142,4/4,A,minor,1m,47,64
Queen,Bohemian Rhapsody Performed in 42 Styles,2090,8ydY8-Uzah8,https://music.youtube.com/watch?v=8ydY8-Uzah8,3,0.6740,title_first2,6jvjQ,Bohemian Rhapsody,Valensia,https://getsongbpm.com/song/bohemian-rhapsody/6jvjQ,,,,minor,,,
Red Hot Chili Peppers,Snow (Hey Oh),2093,s6GIT4RhFv0,https://music.youtube.com/watch?v=s6GIT4RhFv0,1,0.7491,title_only,qQOrLp,Snow (Hey Oh),8-Bit Misfits,https://getsongbpm.com/song/snow-hey-oh/qQOrLp,100,4/4,F#,major,7d,50,1
Red Hot Chili Peppers,Snow (Hey Oh),2093,s6GIT4RhFv0,https://music.youtube.com/watch?v=s6GIT4RhFv0,2,0.7178,title_only,RlW6DY,Snow (Hey Oh),Luca Stricagnoli,https://getsongbpm.com/song/snow-hey-oh/RlW6DY,100,4/4,B,major,6d,72,33
Red Hot Chili Peppers,Snow (Hey Oh),2093,s6GIT4RhFv0,https://music.youtube.com/watch?v=s6GIT4RhFv0,3,0.7097,title_only,wjXVKJ,Snow (Hey Oh),Eric Wuest,https://getsongbpm.com/song/snow-hey-oh/wjXVKJ,104,4/4,B,major,6d,43,12
Slaughter To Prevail,Demolisher,2111,VBK2oMr4Z3c,https://music.youtube.com/watch?v=VBK2oMr4Z3c,1,0.7360,title_only,pY89kN,Demolisher,Disruption,https://getsongbpm.com/song/demolisher/pY89kN,130,4/4,F#,major,7d,56,1
Slaughter To Prevail,Demolisher,2111,VBK2oMr4Z3c,https://music.youtube.com/watch?v=VBK2oMr4Z3c,2,0.7183,title_only,xkmOmr,Demolisher,The Peoples Republic of Europe,https://getsongbpm.com/song/demolisher/xkmOmr,140,4/4,F#,minor,4m,67,1
Slaughter To Prevail,Agony,2112,8RJWnali8yg,https://music.youtube.com/watch?v=8RJWnali8yg,1,0.7726,title_only,zBNpO,Agony,Delarosa & Asora,https://getsongbpm.com/song/agony/zBNpO,90,4/4,G#,major,9d,63,2
Slaughter To Prevail,Agony,2112,8RJWnali8yg,https://music.youtube.com/watch?v=8RJWnali8yg,2,0.7561,title_only,Rojgq,AgonY,Argyle Park,https://getsongbpm.com/song/agony/Rojgq,112,4/4,A#,minor,8m,63,5
Slaughter To Prevail,Agony,2112,8RJWnali8yg,https://music.youtube.com/watch?v=8RJWnali8yg,3,0.7467,title_only,oxGj,Agony,Out Out,https://getsongbpm.com/song/agony/oxGj,91,4/4,A#,minor,8m,53,1
Andrea Bocelli; Marta Sánchez,Vivo por ella (Spanish Version),2118,2gTfde2npkM,https://music.youtube.com/watch?v=2gTfde2npkM,1,0.6884,title_first3,qxO62p,Vivo Por Ella,Manantial,https://getsongbpm.com/song/vivo-por-ella/qxO62p,,,,minor,,,
Andrea Bocelli; Marta Sánchez,Vivo por ella (Spanish Version),2118,2gTfde2npkM,https://music.youtube.com/watch?v=2gTfde2npkM,2,0.6625,title_first3,jRGXyY,Vivo Por Ella,Peter Manjarres,https://getsongbpm.com/song/vivo-por-ella/jRGXyY,121,4/4,B,major,6d,66,45
Andrea Bocelli; Marta Sánchez,Vivo por ella (Spanish Version),2118,2gTfde2npkM,https://music.youtube.com/watch?v=2gTfde2npkM,3,0.6463,title_first3,9QBAQ4,Vivo Por Ella,Nino Segarra,https://getsongbpm.com/song/vivo-por-ella/9QBAQ4,154,4/4,D,minor,12m,71,17
ERNESTO CORTAZAR music videos,Beethoven's Silence,2121,SwwhPSiKSD8,https://music.youtube.com/watch?v=SwwhPSiKSD8,1,0.9568,title_only,gGj49,Beethoven's Silence,Ernesto Cortázar,https://getsongbpm.com/song/beethoven-s-silence/gGj49,140,3/4,D#,minor,7m,28,98
Mordechai Ben David,Nekom,2123,c725mr89fFk,https://music.youtube.com/watch?v=c725mr89fFk,1,0.6352,title_only,9Q6K0D,Nekompatibilan,Malehookers,https://getsongbpm.com/song/nekompatibilan/9Q6K0D,161,4/4,C#,minor,5m,44,1
Mordechai Ben David,Nekom,2123,c725mr89fFk,https://music.youtube.com/watch?v=c725mr89fFk,2,0.6165,title_only,r8z7G2,Nekomimi's Song,Galaxion,https://getsongbpm.com/song/nekomimi-s-song/r8z7G2,139,4/4,B,minor,3m,57,7
Mordechai Ben David,Nekom,2123,c725mr89fFk,https://music.youtube.com/watch?v=c725mr89fFk,3,0.6112,title_only,rkBJ5w,Nekomushi Ga Hairu Kara,Cicala Mvta,https://getsongbpm.com/song/nekomushi-ga-hairu-kara/rkBJ5w,145,4/4,C,major,1d,37,9
Slayer,Hell Awaits,2125,R5tdujFUXYg,https://music.youtube.com/watch?v=R5tdujFUXYg,1,0.7508,title_only,y9l7MR,Hell Awaits,Obsidia,https://getsongbpm.com/song/hell-awaits/y9l7MR,105,4/4,A#,major,11d,43,1
Slayer,Hell Awaits,2125,R5tdujFUXYg,https://music.youtube.com/watch?v=R5tdujFUXYg,2,0.7200,title_only,GRKEm5,Hell Awaits,The Heavy Horses,https://getsongbpm.com/song/hell-awaits/GRKEm5,128,4/4,G,major,2d,52,26
Slayer,Hell Awaits,2125,R5tdujFUXYg,https://music.youtube.com/watch?v=R5tdujFUXYg,3,0.7200,title_only,4x4AjJ,Hell Awaits,The Rollercoaster Project,https://getsongbpm.com/song/hell-awaits/4x4AjJ,62,4/4,B,major,6d,14,94
Dying Fetus,Fade Into Obscurity,2185,oI9hb478iK0,https://music.youtube.com/watch?v=oI9hb478iK0,1,0.7467,title_only,7Wl0G1,Fade Into Obscurity,Suburban Savages,https://getsongbpm.com/song/fade-into-obscurity/7Wl0G1,113,5/4,C#,major,8d,31,2
Dying Fetus,Fade Into Obscurity,2185,oI9hb478iK0,https://music.youtube.com/watch?v=oI9hb478iK0,2,0.7200,title_only,r0L9gp,Fade Into Obscurity,Izegrim,https://getsongbpm.com/song/fade-into-obscurity/r0L9gp,110,4/4,G,major,2d,46,1
Dying Fetus,Fade Into Obscurity,2185,oI9hb478iK0,https://music.youtube.com/watch?v=oI9hb478iK0,3,0.6779,title_only,MQlV95,Fade Into Obscurity,Ragnarok,https://getsongbpm.com/song/fade-into-obscurity/MQlV95,160,4/4,D,major,3d,28,1
All-4-One,I Swear,2202,CA-aneBpSEQ,https://music.youtube.com/watch?v=CA-aneBpSEQ,1,0.9550,title_only,KOoPr,I Swear,All‐4‐One,https://getsongbpm.com/song/i-swear/KOoPr,83,4/4,F#,minor,4m,54,24
All-4-One,I Swear,2202,CA-aneBpSEQ,https://music.youtube.com/watch?v=CA-aneBpSEQ,2,0.7600,title_only,g56mZ,I Swear,John Michael Montgomery,https://getsongbpm.com/song/i-swear/g56mZ,85,4/4,C#,major,8d,63,25
All-4-One,I Swear,2202,CA-aneBpSEQ,https://music.youtube.com/watch?v=CA-aneBpSEQ,3,0.7600,title_only,42DR1,I Swear,Oneyed Jack,https://getsongbpm.com/song/i-swear/42DR1,85,4/4,C#,major,8d,63,25
Acrania,The Face of Humanity,2221,4Ue1u4R22hQ,https://music.youtube.com/watch?v=4Ue1u4R22hQ,1,0.7432,title_first2,4WKDJ,The Face,Aceyalone,https://getsongbpm.com/song/the-face/4WKDJ,,,,minor,,,
Acrania,The Face of Humanity,2221,4Ue1u4R22hQ,https://music.youtube.com/watch?v=4Ue1u4R22hQ,2,0.6903,title_first2,0l3PL,The Face,Black Wire,https://getsongbpm.com/song/the-face/0l3PL,130,4/4,A,major,4d,60,1
Acrania,The Face of Humanity,2221,4Ue1u4R22hQ,https://music.youtube.com/watch?v=4Ue1u4R22hQ,3,0.6832,title_first2,gJV0Jl,The Face,Anni-Frid Lyngstad,https://getsongbpm.com/song/the-face/gJV0Jl,117,4/4,C#,minor,5m,60,7
Zurab Sotkilava,Ti voglio tanto bene,2225,ypWppC8xO4k,https://music.youtube.com/watch?v=ypWppC8xO4k,1,0.7247,title_only,RO8Eo0,Ti Voglio Tanto Bene,Giuseppe Di Stefano,https://getsongbpm.com/song/ti-voglio-tanto-bene/RO8Eo0,86,4/4,D,major,3d,27,78
Zurab Sotkilava,Ti voglio tanto bene,2225,ypWppC8xO4k,https://music.youtube.com/watch?v=ypWppC8xO4k,2,0.7145,title_only,76j1BG,Ti Voglio Tanto Bene,Gianna Nannini,https://getsongbpm.com/song/ti-voglio-tanto-bene/76j1BG,171,4/4,B,minor,3m,25,11
Zurab Sotkilava,Ti voglio tanto bene,2225,ypWppC8xO4k,https://music.youtube.com/watch?v=ypWppC8xO4k,3,0.7026,title_only,mqKApn,Ti Voglio Tanto Bene,The Gaylords,https://getsongbpm.com/song/ti-voglio-tanto-bene/mqKApn,125,4/4,G,major,2d,87,54
Dwayne Johnson; Disney,You're Welcome,2230,CTvjhbfrgEY,https://music.youtube.com/watch?v=CTvjhbfrgEY,1,0.7264,title_only,9Yrxz,You're Welcome,Fretblanket,https://getsongbpm.com/song/you-re-welcome/9Yrxz,164,4/4,G,major,2d,21,1
Dwayne Johnson; Disney,You're Welcome,2230,CTvjhbfrgEY,https://music.youtube.com/watch?v=CTvjhbfrgEY,2,0.7223,title_only,kR6Qpx,You're Welcome,One Man and His Droid,https://getsongbpm.com/song/you-re-welcome/kR6Qpx,127,4/4,C,minor,10m,56,1
Dwayne Johnson; Disney,You're Welcome,2230,CTvjhbfrgEY,https://music.youtube.com/watch?v=CTvjhbfrgEY,3,0.7171,title_only,2ky5YM,You're Welcome,Zoon Politicon,https://getsongbpm.com/song/you-re-welcome/2ky5YM,136,4/4,E,minor,2m,33,93
Pyotr Ilyich Tchaikovsky,Hymn of the Cherubim,2240,OPlK5HwFxcw,https://music.youtube.com/watch?v=OPlK5HwFxcw,1,0.7065,title_only,Y66KAK,Hymn Of The Cherubim,Russian Orthodox Cathedral Choir of Paris,https://getsongbpm.com/song/hymn-of-the-cherubim/Y66KAK,,,,minor,,,
Pyotr Ilyich Tchaikovsky,Hymn of the Cherubim,2240,OPlK5HwFxcw,https://music.youtube.com/watch?v=OPlK5HwFxcw,2,0.6924,title_only,J68oNo,Hymn Of The Cherubim,Universe (Hearts Of Space Series),https://getsongbpm.com/song/hymn-of-the-cherubim/J68oNo,,,,minor,,,
Matt Mulholland,My Heart Will Go On - Recorder By Candlelight by Matt Mulholland,2253,X2WH8mHJnhM,https://music.youtube.com/watch?v=X2WH8mHJnhM,1,0.6832,title_first2,lpPxj,My Heart,Shola Ama,https://getsongbpm.com/song/my-heart/lpPxj,59,4/4,G#,major,9d,68,7
Matt Mulholland,My Heart Will Go On - Recorder By Candlelight by Matt Mulholland,2253,X2WH8mHJnhM,https://music.youtube.com/watch?v=X2WH8mHJnhM,2,0.6777,title_first2,qxrR7,My Heart,Anson Funderburgh & The Rockets,https://getsongbpm.com/song/my-heart/qxrR7,138,4/4,F,major,12d,48,47
Matt Mulholland,My Heart Will Go On - Recorder By Candlelight by Matt Mulholland,2253,X2WH8mHJnhM,https://music.youtube.com/watch?v=X2WH8mHJnhM,3,0.6699,title_first2,QK4oM,My Heart,Donell Jones,https://getsongbpm.com/song/my-heart/QK4oM,167,4/4,G,major,2d,47,7
Greig,Anitra's Dance,2267,8MOaRs9SF6A,https://music.youtube.com/watch?v=8MOaRs9SF6A,1,0.7840,title_only,pg1J8Q,Anitra's Dance,Doug The Eagle,https://getsongbpm.com/song/anitra-s-dance/pg1J8Q,142,3/4,E,minor,2m,26,86
Greig,Anitra's Dance,2267,8MOaRs9SF6A,https://music.youtube.com/watch?v=8MOaRs9SF6A,2,0.7600,title_only,mZjByr,Anitra's Dance,Regina Carter,https://getsongbpm.com/song/anitra-s-dance/mZjByr,113,4/4,D#,major,10d,66,84
Greig,Anitra's Dance,2267,8MOaRs9SF6A,https://music.youtube.com/watch?v=8MOaRs9SF6A,3,0.7537,title_only,El6pZm,Anitra's Dance,Ronnie Aldrich,https://getsongbpm.com/song/anitra-s-dance/El6pZm,73,4/4,G,minor,11m,49,8
Bring Me The VITAS,Can You Feel My 7th Element,2268,AaTnCiegnqg,https://music.youtube.com/watch?v=AaTnCiegnqg,1,0.7232,title_first2,73g6OQ,Can You,Rubin Steiner,https://getsongbpm.com/song/can-you/73g6OQ,135,4/4,C,major,1d,71,1
Bring Me The VITAS,Can You Feel My 7th Element,2268,AaTnCiegnqg,https://music.youtube.com/watch?v=AaTnCiegnqg,2,0.6793,title_first2,A6VONp,Can You,Arms and Sleepers,https://getsongbpm.com/song/can-you/A6VONp,92,4/4,C,major,1d,58,17
Bring Me The VITAS,Can You Feel My 7th Element,2268,AaTnCiegnqg,https://music.youtube.com/watch?v=AaTnCiegnqg,3,0.6712,title_first3,y88VOg,Can You Feel,Client,https://getsongbpm.com/song/can-you-feel/y88VOg,140,4/4,G,minor,11m,58,1
Melodicka Bros,Lonely Day (Way Too Happy),2271,oJy7hH4tFFs,https://music.youtube.com/watch?v=oJy7hH4tFFs,1,0.6832,title_first2,zvvB2y,Lonely Day,Montezumas,https://getsongbpm.com/song/lonely-day/zvvB2y,93,4/4,B,major,6d,80,1
Melodicka Bros,Lonely Day (Way Too Happy),2271,oJy7hH4tFFs,https://music.youtube.com/watch?v=oJy7hH4tFFs,2,0.6625,title_first2,nxM434,Lonely Day,Roosevelt Sykes,https://getsongbpm.com/song/lonely-day/nxM434,168,5/4,C,major,1d,41,97
Melodicka Bros,Lonely Day (Way Too Happy),2271,oJy7hH4tFFs,https://music.youtube.com/watch?v=oJy7hH4tFFs,3,0.6432,title_first2,vlnp6L,Lonely Day,Rodney Hayden,https://getsongbpm.com/song/lonely-day/vlnp6L,108,4/4,A#,major,11d,54,6
Dying Fetus,Grotesque Impalement (LIVE @ Summer Breeze Open Air 2016),2290,cK8dbiyGydc,https://music.youtube.com/watch?v=cK8dbiyGydc,1,0.6232,title_first2,jZyq0R,Grotesque Impalement,Suffer Remain,https://getsongbpm.com/song/grotesque-impalement/jZyq0R,118,1/4,C,minor,10m,23,1
Phil Collins,In The Air Tonight LIVE,2312,IeDMnyQzS88,https://music.youtube.com/watch?v=IeDMnyQzS88,1,0.7132,title_first3,RXM1w,In The Air,Silent Poets,https://getsongbpm.com/song/in-the-air/RXM1w,107,1/4,G#,major,9d,23,98
Phil Collins,In The Air Tonight LIVE,2312,IeDMnyQzS88,https://music.youtube.com/watch?v=IeDMnyQzS88,2,0.6903,title_first3,WxNlo,In The Air,Lindy,https://getsongbpm.com/song/in-the-air/WxNlo,116,4/4,F#,major,7d,48,1
Phil Collins,In The Air Tonight LIVE,2312,IeDMnyQzS88,https://music.youtube.com/watch?v=IeDMnyQzS88,3,0.6712,title_first3,NXDR8,In The Air,Fishbone,https://getsongbpm.com/song/in-the-air/NXDR8,106,4/4,B,minor,3m,69,1
Sam Tinnesz,Man or a Monster (feat. Zayde Wølf),2313,pl37j_Qqipc,https://music.youtube.com/watch?v=pl37j_Qqipc,1,0.6147,title_first3,pQQVqy,Man Or A Mouse?,B. A. Robertson,https://getsongbpm.com/song/man-or-a-mousequestion/pQQVqy,112,4/4,C#,major,8d,59,19
Sam Tinnesz,Man or a Monster (feat. Zayde Wølf),2313,pl37j_Qqipc,https://music.youtube.com/watch?v=pl37j_Qqipc,2,0.5771,title_first2,kRAQLv,Man Or Beast,Shelter,https://getsongbpm.com/song/man-or-beast/kRAQLv,117,4/4,E,minor,2m,58,1
Sam Tinnesz,Man or a Monster (feat. Zayde Wølf),2313,pl37j_Qqipc,https://music.youtube.com/watch?v=pl37j_Qqipc,3,0.5537,title_first2,yVpD6,Man Or Machine,Matrix,https://getsongbpm.com/song/man-or-machine/yVpD6,149,4/4,A#,major,11d,46,1
Berlin,"Take My Breath Away (Love Theme from ""Top Gun"")",2362,_T7Mb3hj1Ls,https://music.youtube.com/watch?v=_T7Mb3hj1Ls,1,0.7689,title_first3,Z66k05,Take My Breath,BeerBong,https://getsongbpm.com/song/take-my-breath/Z66k05,95,4/4,C#,major,8d,58,45
Berlin,"Take My Breath Away (Love Theme from ""Top Gun"")",2362,_T7Mb3hj1Ls,https://music.youtube.com/watch?v=_T7Mb3hj1Ls,2,0.7294,title_first3,mqK199,Take My Breath,Reverie,https://getsongbpm.com/song/take-my-breath/mqK199,143,4/4,A,minor,1m,56,1
Berlin,"Take My Breath Away (Love Theme from ""Top Gun"")",2362,_T7Mb3hj1Ls,https://music.youtube.com/watch?v=_T7Mb3hj1Ls,3,0.6982,title_first3,mY8lmR,Take My Breath,Oldominion,https://getsongbpm.com/song/take-my-breath/mY8lmR,95,4/4,F#,major,7d,50,7
Tobi King,Da da da,2386,dwHVqFyAfeE,https://music.youtube.com/watch?v=dwHVqFyAfeE,1,0.7600,title_only,qENvy,Da Da Da,#Poundsign#,https://getsongbpm.com/song/da-da-da/qENvy,151,4/4,D,major,3d,89,2
Tobi King,Da da da,2386,dwHVqFyAfeE,https://music.youtube.com/watch?v=dwHVqFyAfeE,2,0.7537,title_only,6gVwn,Dá Dá Dá,Tři sestry,https://getsongbpm.com/song/da-da-da/6gVwn,70,4/4,C#,major,8d,17,97
Tobi King,Da da da,2386,dwHVqFyAfeE,https://music.youtube.com/watch?v=dwHVqFyAfeE,3,0.7300,title_only,WNVn4,Da Da Da,Molotov,https://getsongbpm.com/song/da-da-da/WNVn4,131,4/4,C,major,1d,80,1
Rudolf Baumgartner,The Best of Bach,2392,6JQm5aSjX6g,https://music.youtube.com/watch?v=6JQm5aSjX6g,1,0.6866,title_first2,PBK52,The Best,Rahsaan Patterson,https://getsongbpm.com/song/the-best/PBK52,84,4/4,G#,major,9d,56,55
Rudolf Baumgartner,The Best of Bach,2392,6JQm5aSjX6g,https://music.youtube.com/watch?v=6JQm5aSjX6g,2,0.6699,title_first2,7AQRA,The Best,Zero Down,https://getsongbpm.com/song/the-best/7AQRA,139,4/4,D,minor,12m,40,12
Rudolf Baumgartner,The Best of Bach,2392,6JQm5aSjX6g,https://music.youtube.com/watch?v=6JQm5aSjX6g,3,0.6625,title_first2,qM272,The Best,Tina Turner,https://getsongbpm.com/song/the-best/qM272,103,4/4,F,major,12d,66,11
Ghost Shirt,Not In Nottingham | Sofar London,2404,bR24yRUl7mM,https://music.youtube.com/watch?v=bR24yRUl7mM,1,0.7072,title_first3,g5DqEZ,Not In Nottingham,Los Lobos,https://getsongbpm.com/song/not-in-nottingham/g5DqEZ,103,4/4,A,major,4d,73,88
Ghost Shirt,Not In Nottingham | Sofar London,2404,bR24yRUl7mM,https://music.youtube.com/watch?v=bR24yRUl7mM,2,0.6352,title_first3,oZQGoN,Not In Nottingham,Watkins Family Hour,https://getsongbpm.com/song/not-in-nottingham/oZQGoN,106,4/4,C,major,1d,59,41
Ghost Shirt,Not In Nottingham | Sofar London,2404,bR24yRUl7mM,https://music.youtube.com/watch?v=bR24yRUl7mM,3,0.6011,title_first3,vZJ20r,Not In Nottingham,Patients,https://getsongbpm.com/song/not-in-nottingham/vZJ20r,106,4/4,C,major,1d,59,41
Logan Kendell,Not in Nottingham,2405,g9Bii1q-65Y,https://music.youtube.com/watch?v=g9Bii1q-65Y,1,0.7709,title_only,g5DqEZ,Not In Nottingham,Los Lobos,https://getsongbpm.com/song/not-in-nottingham/g5DqEZ,103,4/4,A,major,4d,73,88
Logan Kendell,Not in Nottingham,2405,g9Bii1q-65Y,https://music.youtube.com/watch?v=g9Bii1q-65Y,2,0.7429,title_only,vZJ20r,Not In Nottingham,Patients,https://getsongbpm.com/song/not-in-nottingham/vZJ20r,106,4/4,C,major,1d,59,41
Logan Kendell,Not in Nottingham,2405,g9Bii1q-65Y,https://music.youtube.com/watch?v=g9Bii1q-65Y,3,0.6850,title_only,oZQGoN,Not In Nottingham,Watkins Family Hour,https://getsongbpm.com/song/not-in-nottingham/oZQGoN,106,4/4,C,major,1d,59,41
Red Hot Chili Peppers,Dani California,2425,4FkfyssnHqU,https://music.youtube.com/watch?v=4FkfyssnHqU,1,0.7652,title_only,mZWnwR,Dani California,Colorado College Back Row,https://getsongbpm.com/song/dani-california/mZWnwR,,,,minor,,,
Red Hot Chili Peppers,Dani California,2425,4FkfyssnHqU,https://music.youtube.com/watch?v=4FkfyssnHqU,2,0.7537,title_only,71OwpA,Dani California,Sweet Little Band,https://getsongbpm.com/song/dani-california/71OwpA,89,4/4,C,major,1d,55,49
Red Hot Chili Peppers,Dani California,2425,4FkfyssnHqU,https://music.youtube.com/watch?v=4FkfyssnHqU,3,0.7491,title_only,pZNqLV,Dani California,8-Bit Misfits,https://getsongbpm.com/song/dani-california/pZNqLV,92,4/4,C,major,1d,38,1
Static-X,Skinnyman,2461,EIZa5k7Wgsk,https://music.youtube.com/watch?v=EIZa5k7Wgsk,1,0.9760,title_only,9qv4Y,Skinnyman,Static‐X,https://getsongbpm.com/song/skinnyman/9qv4Y,91,4/4,C#,major,8d,58,1
Static-X,Push It,2478,qYmSVJpy8j0,https://music.youtube.com/watch?v=qYmSVJpy8j0,1,0.9760,title_only,xG3XP,Push It,Static‐X,https://getsongbpm.com/song/push-it/xG3XP,149,4/4,C,major,1d,56,1
Static-X,Push It,2478,qYmSVJpy8j0,https://music.youtube.com/watch?v=qYmSVJpy8j0,2,0.7709,title_only,j4KGl,Push It,Saga,https://getsongbpm.com/song/push-it/j4KGl,91,4/4,F,major,12d,52,16
Static-X,Push It,2478,qYmSVJpy8j0,https://music.youtube.com/watch?v=qYmSVJpy8j0,3,0.7600,title_only,o3r3k,Push It,Shift,https://getsongbpm.com/song/push-it/o3r3k,144,4/4,C#,minor,5m,32,1
Killer King,New Year's Eve,2481,p1r49SBAPCs,https://music.youtube.com/watch?v=p1r49SBAPCs,1,0.7943,title_only,xkyjq,New Year's Eve,Believable Picnic,https://getsongbpm.com/song/new-year-s-eve/xkyjq,,,,minor,,,
Killer King,New Year's Eve,2481,p1r49SBAPCs,https://music.youtube.com/watch?v=p1r49SBAPCs,2,0.7709,title_only,xvWNr,New Year's Eve,Amy Allison,https://getsongbpm.com/song/new-year-s-eve/xvWNr,85,3/4,A,major,4d,48,72
Killer King,New Year's Eve,2481,p1r49SBAPCs,https://music.youtube.com/watch?v=p1r49SBAPCs,3,0.7600,title_only,VO1X1,New Year's Eve,Kashmir,https://getsongbpm.com/song/new-year-s-eve/VO1X1,123,3/4,B,major,6d,57,30
Mudvayne,"Mercy, Severity (Studio Vocals...mostly)",2511,h7qEzGMLE3g,https://music.youtube.com/watch?v=h7qEzGMLE3g,1,0.9232,title_first2,G8Bo0,"Mercy, Severity",Mudvayne,https://getsongbpm.com/song/mercy-severity/G8Bo0,115,4/4,C#,major,8d,68,1
Bill Wurtz,And the Day Goes On,2530,3XNsBpH5VwM,https://music.youtube.com/watch?v=3XNsBpH5VwM,1,0.6056,title_first2,J8J1kl,And The,Waltari,https://getsongbpm.com/song/and-the/J8J1kl,160,4/4,C,major,1d,38,1
Estas Tonne,Internal Flight @ 432 Hz,2535,A3uhsPEPfrk,https://music.youtube.com/watch?v=A3uhsPEPfrk,1,0.7867,title_first2,LnpJ8g,Internal Flight - Remastered,Estas Tonne,https://getsongbpm.com/song/internal-flight-remastered/LnpJ8g,,,,minor,,,
Mudvayne,Forget to Remember (From Saw II - Original Soundtrack),2546,x-1e32tfbeQ,https://music.youtube.com/watch?v=x-1e32tfbeQ,1,0.9232,title_first3,6ZlPl,Forget To Remember,Mudvayne,https://getsongbpm.com/song/forget-to-remember/6ZlPl,188,4/4,G#,major,9d,46,1
Mudvayne,Forget to Remember (From Saw II - Original Soundtrack),2546,x-1e32tfbeQ,https://music.youtube.com/watch?v=x-1e32tfbeQ,2,0.6982,title_first3,qYw623,Forget To Remember,Megadeth,https://getsongbpm.com/song/forget-to-remember/qYw623,128,4/4,C,minor,10m,50,1
Mudvayne,Forget to Remember (From Saw II - Original Soundtrack),2546,x-1e32tfbeQ,https://music.youtube.com/watch?v=x-1e32tfbeQ,3,0.6479,title_first3,9QjmOx,Forget To Remember,Charlie P.,https://getsongbpm.com/song/forget-to-remember/9QjmOx,139,4/4,C,major,1d,71,1
Steve Ibsen,The Kitty Cat Dance,2547,60t8A0n5uQQ,https://music.youtube.com/watch?v=60t8A0n5uQQ,1,0.6569,title_first3,G6zpVr,The Kitty Cat Song,Lee Dorsey,https://getsongbpm.com/song/the-kitty-cat-song/G6zpVr,121,4/4,D,major,3d,87,79
Whitney Houston,I Will Always Love You,2562,m4QZL7whs10,https://music.youtube.com/watch?v=m4QZL7whs10,1,0.7733,title_only,MmxVA,I Will Always Love You,Dolly Parton,https://getsongbpm.com/song/i-will-always-love-you/MmxVA,136,4/4,A,major,4d,45,96
Whitney Houston,I Will Always Love You,2562,m4QZL7whs10,https://music.youtube.com/watch?v=m4QZL7whs10,2,0.7480,title_only,jJgql,I Will Always Love You,Troop,https://getsongbpm.com/song/i-will-always-love-you/jJgql,73,4/4,F,minor,9m,54,47
Whitney Houston,I Will Always Love You,2562,m4QZL7whs10,https://music.youtube.com/watch?v=m4QZL7whs10,3,0.7429,title_only,0pN9L,I Will Always Love You,The King's Singers,https://getsongbpm.com/song/i-will-always-love-you/0pN9L,126,4/4,D#,major,10d,26,92
Kurai,Breaking the Broken,2569,Fud3i1XNpDU,https://music.youtube.com/watch?v=Fud3i1XNpDU,1,0.7709,title_only,DVl15,Breaking The Broken,Sparta,https://getsongbpm.com/song/breaking-the-broken/DVl15,157,4/4,G,major,2d,42,1
Kurai,Breaking the Broken,2569,Fud3i1XNpDU,https://music.youtube.com/watch?v=Fud3i1XNpDU,2,0.7158,title_only,rVGQL,Breaking The Broken,Control Denied,https://getsongbpm.com/song/breaking-the-broken/rVGQL,101,4/4,C,minor,10m,34,1
Kurai,Breaking the Broken,2569,Fud3i1XNpDU,https://music.youtube.com/watch?v=Fud3i1XNpDU,3,0.7158,title_only,jR6zO5,Breaking The Broken,Dry Kill Logic,https://getsongbpm.com/song/breaking-the-broken/jR6zO5,179,4/4,G,major,2d,50,1
Lana Del Rey,Young And Beautiful (DH Orchestral Version),2578,HxBNiUOOaMI,https://music.youtube.com/watch?v=HxBNiUOOaMI,1,0.7360,title_first3,0RM01v,Young And Beautiful,Elvis Presley,https://getsongbpm.com/song/young-and-beautiful/0RM01v,111,3/4,F,major,12d,48,94
Lana Del Rey,Young And Beautiful (DH Orchestral Version),2578,HxBNiUOOaMI,https://music.youtube.com/watch?v=HxBNiUOOaMI,2,0.7026,title_first3,W6BWKW,Young And Beautiful,Simon Fisher Turner,https://getsongbpm.com/song/young-and-beautiful/W6BWKW,128,4/4,F#,major,7d,55,54
Lana Del Rey,Young And Beautiful (DH Orchestral Version),2578,HxBNiUOOaMI,https://music.youtube.com/watch?v=HxBNiUOOaMI,3,0.7017,title_first3,OMP4MN,Young And Beautiful,Madilyn Bailey,https://getsongbpm.com/song/young-and-beautiful/OMP4MN,117,4/4,C#,minor,5m,43,67
Cloud 9+,Hide the Pain,2580,gGh9vQOQoJ4,https://music.youtube.com/watch?v=gGh9vQOQoJ4,1,0.7750,title_only,XQE6LW,Hide The Pain,Clika One,https://getsongbpm.com/song/hide-the-pain/XQE6LW,109,4/4,F,minor,9m,73,8
Cloud 9+,Hide the Pain,2580,gGh9vQOQoJ4,https://music.youtube.com/watch?v=gGh9vQOQoJ4,2,0.6743,title_only,k2k3YK,Hide The Pain,Innerstate Ike,https://getsongbpm.com/song/hide-the-pain/k2k3YK,83,4/4,C#,major,8d,47,8
MetallicA & Ozzy,Iron Man & Paranoid (RnR Hall of Fame '09),2591,x6LXp9uWQUk,https://music.youtube.com/watch?v=x6LXp9uWQUk,1,0.6918,title_first2,p9Wn2,Iron Man,Giant Sand,https://getsongbpm.com/song/iron-man/p9Wn2,128,4/4,F,minor,9m,58,38
MetallicA & Ozzy,Iron Man & Paranoid (RnR Hall of Fame '09),2591,x6LXp9uWQUk,https://music.youtube.com/watch?v=x6LXp9uWQUk,2,0.6757,title_first2,Jpx19,Iron Man,Seventh Avenue,https://getsongbpm.com/song/iron-man/Jpx19,95,4/4,E,minor,2m,44,1
MetallicA & Ozzy,Iron Man & Paranoid (RnR Hall of Fame '09),2591,x6LXp9uWQUk,https://music.youtube.com/watch?v=x6LXp9uWQUk,3,0.6699,title_first2,xGXXr,Iron Man,The Cardigans,https://getsongbpm.com/song/iron-man/xGXXr,137,4/4,F,major,12d,56,1
Srod Almenara,Game Of Thrones,2628,qv6jWWG3Ijw,https://music.youtube.com/watch?v=qv6jWWG3Ijw,1,0.7900,title_only,nRxqw4,Game Of Thrones,Sesto Sento,https://getsongbpm.com/song/game-of-thrones/nRxqw4,169,3/4,F,minor,9m,20,31
Srod Almenara,Game Of Thrones,2628,qv6jWWG3Ijw,https://music.youtube.com/watch?v=qv6jWWG3Ijw,2,0.7733,title_only,gZk3gj,Game Of Thrones,Ghost Capsules,https://getsongbpm.com/song/game-of-thrones/gZk3gj,125,4/4,B,minor,3m,71,1
Srod Almenara,Game Of Thrones,2628,qv6jWWG3Ijw,https://music.youtube.com/watch?v=qv6jWWG3Ijw,3,0.7200,title_only,VvmE3B,Game Of Thrones,Daniel Tidwell,https://getsongbpm.com/song/game-of-thrones/VvmE3B,110,4/4,C,minor,10m,26,1
J. S. Bach,Toccata in D Minor - Konstandinos Boudounis - Solo Cello - live,2630,mmJim2h-byQ,https://music.youtube.com/watch?v=mmJim2h-byQ,1,0.6661,title_first3,VAYYy5,Toccata In D,"Choir of St Mary's, Fishponds",https://getsongbpm.com/song/toccata-in-d/VAYYy5,,,,minor,,,
J. S. Bach,Toccata in D Minor - Konstandinos Boudounis - Solo Cello - live,2630,mmJim2h-byQ,https://music.youtube.com/watch?v=mmJim2h-byQ,2,0.6661,title_first3,q7GGYy,Toccata In D,"Choir of St Mary's, Fishponds",https://getsongbpm.com/song/toccata-in-d/q7GGYy,79,4/4,A,major,4d,37,83
QUEEN,BOHEMIAN RHAPSODY - SHITTYFLUTED,2635,aIcdj4UH9u0,https://music.youtube.com/watch?v=aIcdj4UH9u0,1,0.9232,title_first2,Y69Dp,Bohemian Rhapsody,Queen,https://getsongbpm.com/song/bohemian-rhapsody/Y69Dp,72,4/4,A#,major,11d,40,26
QUEEN,BOHEMIAN RHAPSODY - SHITTYFLUTED,2635,aIcdj4UH9u0,https://music.youtube.com/watch?v=aIcdj4UH9u0,2,0.7175,title_first2,LBmwj,Bohemian Rhapsody,The Cruel Sea,https://getsongbpm.com/song/bohemian-rhapsody/LBmwj,142,4/4,A,minor,1m,47,64
QUEEN,BOHEMIAN RHAPSODY - SHITTYFLUTED,2635,aIcdj4UH9u0,https://music.youtube.com/watch?v=aIcdj4UH9u0,3,0.6740,title_first2,6jvjQ,Bohemian Rhapsody,Valensia,https://getsongbpm.com/song/bohemian-rhapsody/6jvjQ,,,,minor,,,
Rob Scallon,Psychosocial (feat. Leo Moracchioli),2647,TJfGoA6BP7I,https://music.youtube.com/watch?v=TJfGoA6BP7I,1,0.7600,simplified_title_only,81V0Vm,Psychosocial,Brooke Fraser,https://getsongbpm.com/song/psychosocial/81V0Vm,164,4/4,E,minor,2m,49,16
Rob Scallon,Psychosocial (feat. Leo Moracchioli),2647,TJfGoA6BP7I,https://music.youtube.com/watch?v=TJfGoA6BP7I,2,0.7339,simplified_title_only,16gnMV,Psychosocial,8-Bit Misfits,https://getsongbpm.com/song/psychosocial/16gnMV,130,4/4,A,major,4d,61,1
Rob Scallon,Psychosocial (feat. Leo Moracchioli),2647,TJfGoA6BP7I,https://music.youtube.com/watch?v=TJfGoA6BP7I,3,0.7264,simplified_title_only,W7g1Zg,Psychosocial,The Blister Exists,https://getsongbpm.com/song/psychosocial/W7g1Zg,119,4/4,C#,minor,5m,55,1
Bots,Sieben Tage Lang,2648,lKwIvzFX5ck,https://music.youtube.com/watch?v=lKwIvzFX5ck,1,0.7600,title_only,JZV6rJ,Sieben Tage Lang,Olivados,https://getsongbpm.com/song/sieben-tage-lang/JZV6rJ,,,,minor,,,
Bots,Sieben Tage Lang,2648,lKwIvzFX5ck,https://music.youtube.com/watch?v=lKwIvzFX5ck,2,0.7300,title_only,lYlz85,Sieben Tage Lang,City,https://getsongbpm.com/song/sieben-tage-lang/lYlz85,115,3/4,D,major,3d,60,1
Bots,Sieben Tage Lang,2648,lKwIvzFX5ck,https://music.youtube.com/watch?v=lKwIvzFX5ck,3,0.7300,title_only,gp5ql3,Sieben Tage Lang,Taberna folk,https://getsongbpm.com/song/sieben-tage-lang/gp5ql3,,,,minor,,,
Grissini Project,Main Theme (From ''Game of Thrones''),2652,vfI-Zb5oWzM,https://music.youtube.com/watch?v=vfI-Zb5oWzM,1,0.6941,title_first2,mQg7n0,Main Theme,Kismet,https://getsongbpm.com/song/main-theme/mQg7n0,82,3/4,C,major,1d,19,0
Grissini Project,Main Theme (From ''Game of Thrones''),2652,vfI-Zb5oWzM,https://music.youtube.com/watch?v=vfI-Zb5oWzM,2,0.6918,title_first2,MjkOn3,Main Theme,Daniel Brown,https://getsongbpm.com/song/main-theme/MjkOn3,,,,minor,,,
Grissini Project,Main Theme (From ''Game of Thrones''),2652,vfI-Zb5oWzM,https://music.youtube.com/watch?v=vfI-Zb5oWzM,3,0.6712,title_first2,wNGZm,Main Theme,Friends of Dean Martinez,https://getsongbpm.com/song/main-theme/wNGZm,150,4/4,B,minor,3m,26,10
THE DOORS,De La Fokoff Selection,2674,_Btn5KloZng,https://music.youtube.com/watch?v=_Btn5KloZng,1,0.6941,title_first2,081D0G,DE LÁ,Djonga,https://getsongbpm.com/song/de-la/081D0G,166,3/4,D#,major,10d,55,81
RADIO TAPOK,Numb,2690,O8u61dQut1E,https://music.youtube.com/watch?v=O8u61dQut1E,1,0.8000,title_only,jYEV4,Numb,Granian,https://getsongbpm.com/song/numb/jYEV4,87,4/4,F#,major,7d,48,94
RADIO TAPOK,Numb,2690,O8u61dQut1E,https://music.youtube.com/watch?v=O8u61dQut1E,2,0.7652,title_only,5WpOx,Numb,Amanda Ghost,https://getsongbpm.com/song/numb/5WpOx,143,4/4,D,minor,12m,45,44
RADIO TAPOK,Numb,2690,O8u61dQut1E,https://music.youtube.com/watch?v=O8u61dQut1E,3,0.7480,title_only,jRWq4,Numb,Disturbed,https://getsongbpm.com/song/numb/jRWq4,146,4/4,C#,minor,5m,55,1
Rammstein,Wollt ihr das Bett in Flammen Sehen (Live),2695,9IpBSkiuub0,https://music.youtube.com/watch?v=9IpBSkiuub0,1,0.9232,title_first3,Z48o8,Wollt Ihr Das Bett In Flammen Sehen?,Rammstein,https://getsongbpm.com/song/wollt-ihr-das-bett-in-flammen-sehenquestion/Z48o8,129,4/4,D,major,3d,69,1
Marilyn Manson,Personal Jesus,2710,7Vd1F12wjOc,https://music.youtube.com/watch?v=7Vd1F12wjOc,1,0.8000,title_only,v7R5X,Personal Jesus,Pat MacDonald,https://getsongbpm.com/song/personal-jesus/v7R5X,,,,minor,,,
Marilyn Manson,Personal Jesus,2710,7Vd1F12wjOc,https://music.youtube.com/watch?v=7Vd1F12wjOc,2,0.7686,title_only,QWR6zM,Personal Jesus,Jerry Williams,https://getsongbpm.com/song/personal-jesus/QWR6zM,130,4/4,B,major,6d,68,14
Marilyn Manson,Personal Jesus,2710,7Vd1F12wjOc,https://music.youtube.com/watch?v=7Vd1F12wjOc,3,0.7600,title_only,lVQBg,Personal Jesus,David Gogo,https://getsongbpm.com/song/personal-jesus/lVQBg,128,4/4,B,minor,3m,26,1
Miguel Carvena; Antonio Vivaldi,Summer,2714,Hf-hck8vQZU,https://music.youtube.com/watch?v=Hf-hck8vQZU,1,0.8278,title_only,vgzBV,Summer,Bel Canto,https://getsongbpm.com/song/summer/vgzBV,128,4/4,F#,minor,4m,67,58
Miguel Carvena; Antonio Vivaldi,Summer,2714,Hf-hck8vQZU,https://music.youtube.com/watch?v=Hf-hck8vQZU,2,0.7882,title_only,z61X8,Summer,Machine Gun Fellatio,https://getsongbpm.com/song/summer/z61X8,129,4/4,A,major,4d,51,8
Miguel Carvena; Antonio Vivaldi,Summer,2714,Hf-hck8vQZU,https://music.youtube.com/watch?v=Hf-hck8vQZU,3,0.7733,title_only,z6r88,Summer,David Sanborn,https://getsongbpm.com/song/summer/z6r88,110,4/4,G#,major,9d,57,44
We Are Number One but it's Darude,Sandstorm,2721,P6ESEvXiMPw,https://music.youtube.com/watch?v=P6ESEvXiMPw,1,0.9568,title_only,l2rAr,Sandstorm,Darude,https://getsongbpm.com/song/sandstorm/l2rAr,136,4/4,E,minor,2m,50,10
We Are Number One but it's Darude,Sandstorm,2721,P6ESEvXiMPw,https://music.youtube.com/watch?v=P6ESEvXiMPw,2,0.7450,title_only,ADoLqO,Sandstorm,Anthony Phillips,https://getsongbpm.com/song/sandstorm/ADoLqO,76,4/4,A,major,4d,60,87
We Are Number One but it's Darude,Sandstorm,2721,P6ESEvXiMPw,https://music.youtube.com/watch?v=P6ESEvXiMPw,3,0.7360,title_only,L9BA1g,Sandstorm,Derrik Jordan,https://getsongbpm.com/song/sandstorm/L9BA1g,,,,minor,,,
Azis,Mrazish,2735,u3zVGKrP2J8,https://music.youtube.com/watch?v=u3zVGKrP2J8,1,0.6400,title_only,VPln4o,Mrazish,Азис,https://getsongbpm.com/song/mrazish/VPln4o,90,4/4,D,minor,12m,72,23
Pat&Stanley,The Lion Sleeps tonight,2740,mrOWDPkYyP0,https://music.youtube.com/watch?v=mrOWDPkYyP0,1,0.7600,title_only,NVm7D,The Lion Sleeps Tonight,Sandra Bernhard,https://getsongbpm.com/song/the-lion-sleeps-tonight/NVm7D,,,,minor,,,
Pat&Stanley,The Lion Sleeps tonight,2740,mrOWDPkYyP0,https://music.youtube.com/watch?v=mrOWDPkYyP0,2,0.7508,title_only,rBAyE,The Lion Sleeps Tonight,The IIT E-Majors,https://getsongbpm.com/song/the-lion-sleeps-tonight/rBAyE,102,4/4,F,major,12d,65,28
Pat&Stanley,The Lion Sleeps tonight,2740,mrOWDPkYyP0,https://music.youtube.com/watch?v=mrOWDPkYyP0,3,0.7429,title_only,nkYRl,The Lion Sleeps Tonight,The Tokens,https://getsongbpm.com/song/the-lion-sleeps-tonight/nkYRl,121,4/4,F,major,12d,33,75
Logan Epic Canto,The Song Of Excalibur,2751,eeG17loR0Hw,https://music.youtube.com/watch?v=eeG17loR0Hw,1,0.7197,title_first2,3185Jr,The Song,O Terço,https://getsongbpm.com/song/the-song/3185Jr,148,3/4,G,major,2d,36,8
Logan Epic Canto,The Song Of Excalibur,2751,eeG17loR0Hw,https://music.youtube.com/watch?v=eeG17loR0Hw,2,0.6918,title_first2,yPP3KR,The Song,John Greaves,https://getsongbpm.com/song/the-song/yPP3KR,180,3/4,A,minor,1m,30,45
Logan Epic Canto,The Song Of Excalibur,2751,eeG17loR0Hw,https://music.youtube.com/watch?v=eeG17loR0Hw,3,0.6873,title_first2,GMl13,The Song,Second Coming,https://getsongbpm.com/song/the-song/GMl13,156,4/4,C#,major,8d,53,6
Salt-N-Pepa,Shoop,2770,r0H3-0U-jvU,https://music.youtube.com/watch?v=r0H3-0U-jvU,1,0.9640,title_only,vDwP8,Shoop,Salt‐N‐Pepa,https://getsongbpm.com/song/shoop/vDwP8,96,4/4,C,major,1d,94,9
Salt-N-Pepa,Shoop,2770,r0H3-0U-jvU,https://music.youtube.com/watch?v=r0H3-0U-jvU,2,0.7467,title_only,DqzM8k,Shoop,Postmodern Jukebox,https://getsongbpm.com/song/shoop/DqzM8k,201,4/4,C,major,1d,40,66
Salt-N-Pepa,Shoop,2770,r0H3-0U-jvU,https://music.youtube.com/watch?v=r0H3-0U-jvU,3,0.6976,title_only,jYy1Xl,Shoop,Bottom of the Hudson,https://getsongbpm.com/song/shoop/jYy1Xl,110,4/4,A#,major,11d,79,3
Logan Epic Canto,Rings Of Power,2771,aY0gj4X52YA,https://music.youtube.com/watch?v=aY0gj4X52YA,1,0.7264,title_only,O7BEOL,Rings Of Power,Archangel,https://getsongbpm.com/song/rings-of-power/O7BEOL,69,4/4,E,minor,2m,24,12
Logan Epic Canto,Mystery Of The Unicorn,2772,J30kFWRAFi0,https://music.youtube.com/watch?v=J30kFWRAFi0,1,0.6039,title_first3,APwmQz,Mystery Of The Clit,Nice Peter,https://getsongbpm.com/song/mystery-of-the-clit/APwmQz,160,3/4,F#,major,7d,47,15
Logan Epic Canto,Mystery Of The Unicorn,2772,J30kFWRAFi0,https://music.youtube.com/watch?v=J30kFWRAFi0,2,0.5854,title_first3,R3lKO,Mystery Of The Fence,Camberwell Now,https://getsongbpm.com/song/mystery-of-the-fence/R3lKO,108,4/4,D#,major,10d,60,19
Klaus Badelt,He's a Pirate,2807,wRfSeZSc3zc,https://music.youtube.com/watch?v=wRfSeZSc3zc,1,0.7072,title_only,YE4YDY,"He's A Pirate (""Pirates Of The Carribean"" Theme)",David Garrett,https://getsongbpm.com/song/he-s-a-pirate-pirates-of-the-carribean-theme/YE4YDY,71,,,minor,,,
Klaus Badelt,He's a Pirate,2807,wRfSeZSc3zc,https://music.youtube.com/watch?v=wRfSeZSc3zc,2,0.7072,title_only,O7XvBR,"He's A Pirate (""Pirates Of The Caribbean"" Theme)",David Garrett,https://getsongbpm.com/song/he-s-a-pirate-pirates-of-the-caribbean-theme/O7XvBR,70,4/4,A#,major,11d,47,3
Klaus Badelt,He's a Pirate,2807,wRfSeZSc3zc,https://music.youtube.com/watch?v=wRfSeZSc3zc,3,0.6933,title_only,J8Z9M2,He's A Pirate,MrSolidSnake745,https://getsongbpm.com/song/he-s-a-pirate/J8Z9M2,99,3/4,D,minor,12m,65,83
"Skrillex; Damian ""Jr Gong"" Marley",Make It Bun Dem,2808,vY6B8uj1plY,https://music.youtube.com/watch?v=vY6B8uj1plY,1,0.7432,title_first2,82lqKj,Make It,SKIM,https://getsongbpm.com/song/make-it/82lqKj,80,4/4,B,major,6d,58,35
"Skrillex; Damian ""Jr Gong"" Marley",Make It Bun Dem,2808,vY6B8uj1plY,https://music.youtube.com/watch?v=vY6B8uj1plY,2,0.6740,title_first2,0REZDV,Make It,Soe'za,https://getsongbpm.com/song/make-it/0REZDV,133,3/4,B,minor,3m,34,11
"Skrillex; Damian ""Jr Gong"" Marley",Make It Bun Dem,2808,vY6B8uj1plY,https://music.youtube.com/watch?v=vY6B8uj1plY,3,0.6661,title_first2,QE8m9,Make It,Sylver,https://getsongbpm.com/song/make-it/QE8m9,123,4/4,F,minor,9m,80,9
