normalized_artists,normalized_title,source_position,video_id,video_url,reason,best_match_score,best_match_title,best_match_artist,best_match_id
Pluffaduff,PromiscuousBack,10,CS4w-3IoIbY,https://music.youtube.com/watch?v=CS4w-3IoIbY,not_found,0.0000,,,
Current Joys,Blondie,14,Zm_GfzD80hQ,https://music.youtube.com/watch?v=Zm_GfzD80hQ,manual_reject_broader,,,,
Schmalgauzen,уночі,15,GImHu7QWTEY,https://music.youtube.com/watch?v=GImHu7QWTEY,not_found,0.0000,,,
slowme,my curse,17,uxnPprzGCLY,https://music.youtube.com/watch?v=uxnPprzGCLY,not_found,0.0000,,,
Пиріг і Батіг,Ви знаєте як липа шелестить (06.05.1911),19,x-ir7VPMuqQ,https://music.youtube.com/watch?v=x-ir7VPMuqQ,not_found,0.0000,,,
Cuckold Burger,Свин Герпатий,22,aLZ1MFDZDk4,https://music.youtube.com/watch?v=aLZ1MFDZDk4,not_found,0.0000,,,
Пиріг і Батіг,Гаї шумлять (1913),32,vOo4k3oxo5Q,https://music.youtube.com/watch?v=vOo4k3oxo5Q,not_found,0.0000,,,
Михаил Елизаров,Моя мать Ева Браун,40,6oEe8Nw3kaY,https://music.youtube.com/watch?v=6oEe8Nw3kaY,not_found,0.0000,,,
Beyond Remembrance,Alternate Resident Evil Save Room Music,50,epPjc73iT2w,https://music.youtube.com/watch?v=epPjc73iT2w,not_found,0.0000,,,
Vitaly Margulis; Frédéric Chopin,"Nocturnes, Op. 48: No. 1, Lento in C Minor",55,R6KQUdYxfrw,https://music.youtube.com/watch?v=R6KQUdYxfrw,not_found,0.0000,,,
Henrik Måwe; Frédéric Chopin,"Piano Sonata No. 2 in B Minor, Op. 35: III. Funeral March (Lento)",56,8eigWt26gfg,https://music.youtube.com/watch?v=8eigWt26gfg,not_found,0.0000,,,
Mohamed Youssef,Subhan Allah,58,LPI4f_G9cdk,https://music.youtube.com/watch?v=LPI4f_G9cdk,not_found,0.0000,,,
Shira Choir,Mimkoimchu,62,y1thKzyRxkU,https://music.youtube.com/watch?v=y1thKzyRxkU,not_found,0.0000,,,
Blues 'n' Trouble,Blue Because Of You,63,yipcGcmnri4,https://music.youtube.com/watch?v=yipcGcmnri4,manual_reject_broader,,,,
Encapsulation,Alternate Resident Evil Save Room Music,67,J2_ifsAX4Gg,https://music.youtube.com/watch?v=J2_ifsAX4Gg,not_found,0.0000,,,
Rowan Lee Hartsuiker,Chinggis Magtaal,68,gF4q6PSkRw0,https://music.youtube.com/watch?v=gF4q6PSkRw0,not_found,0.0000,,,
Khusugtun,Praise of Chinggis Khaan,69,J5jI59BQjzs,https://music.youtube.com/watch?v=J5jI59BQjzs,not_found,0.0000,,,
Waagal,Somārudrā || Throatsinging Sitar Live Looping,70,fU6HLjKnywU,https://music.youtube.com/watch?v=fU6HLjKnywU,not_found,0.0000,,,
The Main Squeeze,"Have a Cigar"" (Pink Floyd)",72,FdCkXQ6ciXg,https://music.youtube.com/watch?v=FdCkXQ6ciXg,not_found,0.0000,,,
Beegie Adair,Misty,78,Qk6BEu2pAV4,https://music.youtube.com/watch?v=Qk6BEu2pAV4,manual_reject_broader,,,,
Элстэйн Ганга Нутаг,Mongolian (Darkhad) folk song - Altai Yatga & Throat Singing,79,AlozyGsagzI,https://music.youtube.com/watch?v=AlozyGsagzI,not_found,0.0000,,,
Batzorig Vaanchig,The Beautiful Steppe,80,ec73IZloJhc,https://music.youtube.com/watch?v=ec73IZloJhc,not_found,0.0000,,,
Rowan Lee Hartsuiker,Chinggis Khaanii Magtaal - by Rowan Hartsuiker,81,xwAbWWjeoWQ,https://music.youtube.com/watch?v=xwAbWWjeoWQ,manual_reject_broader,,,,
Angelo Badalamenti,Moving Through Time,84,i3BhWXi5lzo,https://music.youtube.com/watch?v=i3BhWXi5lzo,not_found,0.0000,,,
Stoic Music,Storm Edge,97,Zt7rxV2i8cE,https://music.youtube.com/watch?v=Zt7rxV2i8cE,not_found,0.0000,,,
TOMMY EMMANUEL,Classical Gas [Mason Williams] | Tommy Emmanuel,103,S33tWZqXhnk,https://music.youtube.com/watch?v=S33tWZqXhnk,not_found,0.0000,,,
паліндром,Ніщо,112,ysYOJrGpEy0,https://music.youtube.com/watch?v=ysYOJrGpEy0,not_found,0.0000,,,
CØL,One Last Touch...,118,wKv6zi7hzzc,https://music.youtube.com/watch?v=wKv6zi7hzzc,not_found,0.0000,,,
Rotting Christ,Daimonon Vrosis (Re-recorded),119,ELOqwWO8vAc,https://music.youtube.com/watch?v=ELOqwWO8vAc,not_found,0.0000,,,
Diddy Heil Epstein,Full Lyric Video (tiktok audio),125,CTfAn-6trNQ,https://music.youtube.com/watch?v=CTfAn-6trNQ,not_found,0.0000,,,
Cities Last Broadcast; Fractalyst,Imprecise Waltz,126,FzvqjWiQd4U,https://music.youtube.com/watch?v=FzvqjWiQd4U,not_found,0.0000,,,
Wounded Masquerade,my lungs are just rooms for ghosts,127,c776nK4no0Q,https://music.youtube.com/watch?v=c776nK4no0Q,not_found,0.0000,,,
Atrium Carceri,Pathway to Nothing,129,4iKqzUEmKGA,https://music.youtube.com/watch?v=4iKqzUEmKGA,not_found,0.0000,,,
Metatron Omega,Megalosthronos,140,TP0_3JMntAc,https://music.youtube.com/watch?v=TP0_3JMntAc,not_found,0.0000,,,
Emerelle,"Evenstar (""Lord of the Rings"")",144,2GdWWPVMITc,https://music.youtube.com/watch?v=2GdWWPVMITc,not_found,0.0000,,,
FLat7,パス・トゥ・ハート - Path To Heart,153,baaDERtnt2o,https://music.youtube.com/watch?v=baaDERtnt2o,not_found,0.0000,,,
Pogomix,Boy & Bear,155,Nfh0IJikKVo,https://music.youtube.com/watch?v=Nfh0IJikKVo,manual_reject_broader,,,,
揽佬SKAI ISYOURGOD,求签,160,Jnkm6kM4Tn0,https://music.youtube.com/watch?v=Jnkm6kM4Tn0,not_found,0.0000,,,
攬佬SKAI ISYOURGOD & AR劉夫陽,大展鴻圖(Blueprint Supreme),161,yWT-UopFlAs,https://music.youtube.com/watch?v=yWT-UopFlAs,not_found,0.0000,,,
攬佬SKAI ISYOURGOD,八方來財(Stacks from All Sides),168,cUwnLvgdo5g,https://music.youtube.com/watch?v=cUwnLvgdo5g,not_found,0.0000,,,
Дмитрий Хворостовский & Санкт-Петербургский камерный хор дирижер Корнев Николай,Милость мира,180,doLscIcF4tQ,https://music.youtube.com/watch?v=doLscIcF4tQ,not_found,0.0000,,,
Misanthrop,Blod Besvimelse,183,sapvbf2CKoE,https://music.youtube.com/watch?v=sapvbf2CKoE,not_found,0.0000,,,
PATRIARKH,WIERSZALIN V,184,NGIx9z5k3Go,https://music.youtube.com/watch?v=NGIx9z5k3Go,not_found,0.0000,,,
Felix Colgrave,Infernum,185,gXuDUwfwhgI,https://music.youtube.com/watch?v=gXuDUwfwhgI,not_found,0.0000,,,
Felix Colgrave,Dead Rat,186,MGdwIdrFF20,https://music.youtube.com/watch?v=MGdwIdrFF20,not_found,0.0000,,,
Eminem,Venom (Music From The Motion Picture),189,pB-B6DUY0OY,https://music.youtube.com/watch?v=pB-B6DUY0OY,not_found,0.0000,,,
Земфира,П.М.М.Л.,197,gqXde_na_YA,https://music.youtube.com/watch?v=gqXde_na_YA,not_found,0.0000,,,
Pogo,Grover Groove,201,H5Vrom3ngSE,https://music.youtube.com/watch?v=H5Vrom3ngSE,not_found,0.0000,,,
Peppino Gagliardi,Che vuole questa musica stasera,228,0g16tSwpvwQ,https://music.youtube.com/watch?v=0g16tSwpvwQ,not_found,0.0000,,,
Smother dsbm,pain agony (Dsbm),232,7CKrMkCmBsY,https://music.youtube.com/watch?v=7CKrMkCmBsY,not_found,0.0000,,,
Deftones,infinite source,235,jSNvyzsNEaQ,https://music.youtube.com/watch?v=jSNvyzsNEaQ,not_found,0.0000,,,
nixxiu,vain,241,DcFoM0qFB6o,https://music.youtube.com/watch?v=DcFoM0qFB6o,manual_reject_broader,,,,
Hideki Taniuchi,Tokei no Hari no Oto,247,M7h8XlbQ4aA,https://music.youtube.com/watch?v=M7h8XlbQ4aA,not_found,0.0000,,,
Deadspace,Pain's Grey,248,7LzF3EhLkLQ,https://music.youtube.com/watch?v=7LzF3EhLkLQ,not_found,0.0000,,,
Patrik Pietschmann,Davy Jones (From Pirates of the Caribbean 2) (piano version),253,eGQUZ9FlUJ4,https://music.youtube.com/watch?v=eGQUZ9FlUJ4,not_found,0.0000,,,
Patrik Pietschmann,"He's a Pirate (From ""Pirates of the Caribbean"") (piano version)",254,2aBtDz87UK0,https://music.youtube.com/watch?v=2aBtDz87UK0,not_found,0.0000,,,
Kra$h,"Yours Truly, Krash",255,g55E5dofoJY,https://music.youtube.com/watch?v=g55E5dofoJY,not_found,0.0000,,,
Macintosh Plus,私はそれで午前ZONE,258,DK_sVdH2PwU,https://music.youtube.com/watch?v=DK_sVdH2PwU,not_found,0.0000,,,
Pirate Pianist,"Up Is Down (From ""Pirates of the Caribbean: At World's End“) (Piano)",260,wXXBUiqgBpQ,https://music.youtube.com/watch?v=wXXBUiqgBpQ,not_found,0.0000,,,
Pirate Pianist,"Tia Dalma (From ""Pirates of the Caribbean: Dead Man's Chest“) (Piano)",262,8gZDVNqCG8M,https://music.youtube.com/watch?v=8gZDVNqCG8M,not_found,0.0000,,,
Klaus Badelt,Swords Crossed,265,QQLErKfQ4LU,https://music.youtube.com/watch?v=QQLErKfQ4LU,not_found,0.0000,,,
Imperial Orchestra,Interstellar (Original Score),269,Vdi8c51e-ME,https://music.youtube.com/watch?v=Vdi8c51e-ME,not_found,0.0000,,,
Meshuggah,Broken Cog,273,ESgBunzLJyI,https://music.youtube.com/watch?v=ESgBunzLJyI,not_found,0.0000,,,
Black Sabbath,Changes (2009 Remaster),276,exfhPVHOZzM,https://music.youtube.com/watch?v=exfhPVHOZzM,not_found,0.0000,,,
Dying Fetus,Unbridled Fury,277,YlFFSKkGwP4,https://music.youtube.com/watch?v=YlFFSKkGwP4,not_found,0.0000,,,
Corey Taylor,Dust in the Wind (From 'Queen of the Ring - Music From The Motion Picture') (feat. Bad Omens & Aaron Gilhuis),278,sNh23f7mUiI,https://music.youtube.com/watch?v=sNh23f7mUiI,not_found,0.0000,,,
Morkt Tre,"Той, що прародитель",283,nGUlHjsCZ2Y,https://music.youtube.com/watch?v=nGUlHjsCZ2Y,not_found,0.0000,,,
Urfaust,Meditatum VI,284,4LQh6l-WGSk,https://music.youtube.com/watch?v=4LQh6l-WGSk,not_found,0.0000,,,
Black Sabbath,Changes (2021 Remaster),287,_eBCxYVma1g,https://music.youtube.com/watch?v=_eBCxYVma1g,not_found,0.0000,,,
Urfaust,Meditatum I,291,c8XEfqWj6nk,https://music.youtube.com/watch?v=c8XEfqWj6nk,not_found,0.0000,,,
Nirvana,Half The Man I Used To Be.wmv,294,XH_vR2mvaRs,https://music.youtube.com/watch?v=XH_vR2mvaRs,manual_reject_broader,,,,
Black Label Society,S.D.M.F.,295,O1bioFfEBK4,https://music.youtube.com/watch?v=O1bioFfEBK4,not_found,0.0000,,,
传统艺术团,老鹰之歌 (纯音乐版),297,j1Irg6TLcaQ,https://music.youtube.com/watch?v=j1Irg6TLcaQ,not_found,0.0000,,,
Wounded Masquerade,you (acoustic),298,8m_u47W39w8,https://music.youtube.com/watch?v=8m_u47W39w8,not_found,0.0000,,,
Wounded Masquerade,gone to waste,331,erHLmzjUrnw,https://music.youtube.com/watch?v=erHLmzjUrnw,manual_reject_broader,,,,
HIM,Love's Requiem,336,1ZZzO3zF9mY,https://music.youtube.com/watch?v=1ZZzO3zF9mY,not_found,0.0000,,,
HIM,Join Me In Death (Demo 1998) [Sub. Español],338,aPKbzCgh-J0,https://music.youtube.com/watch?v=aPKbzCgh-J0,not_found,0.0000,,,
HIM,Gone With The Sin (Versión 1998) / Sub Español,339,FEXV_ky7vEw,https://music.youtube.com/watch?v=FEXV_ky7vEw,not_found,0.0000,,,
Dido,Thank You,345,Ezi1Owv_rag,https://music.youtube.com/watch?v=Ezi1Owv_rag,manual_reject_broader,,,,
INTHEWHALE,Waves,346,e4IBQ5f_tFg,https://music.youtube.com/watch?v=e4IBQ5f_tFg,manual_reject_broader,,,,
Decalius,Isolated From Life,359,DOMRnLat1AE,https://music.youtube.com/watch?v=DOMRnLat1AE,not_found,0.0000,,,
Urfaust,Trúbadóirí Ólta an Diabhail (Side A),362,jWrRU__3MvI,https://music.youtube.com/watch?v=jWrRU__3MvI,not_found,0.0000,,,
VXLLAIN; VØJ; Narvent,Distant Echoes,364,87Nk5cVwD9A,https://music.youtube.com/watch?v=87Nk5cVwD9A,not_found,0.0000,,,
Wounded Masquerade,Cling to Past Memories,368,m7yPJ-1cd4c,https://music.youtube.com/watch?v=m7yPJ-1cd4c,not_found,0.0000,,,
Blade and Bath,Alcoholic and Drug Addicted,369,8HZVv5neY_E,https://music.youtube.com/watch?v=8HZVv5neY_E,not_found,0.0000,,,
Gutalax,Asshole Ghost Wishmaster,373,jnW1ssqjKVs,https://music.youtube.com/watch?v=jnW1ssqjKVs,not_found,0.0000,,,
Gutalax,Vykouření dařbujána vietnamského veterána,375,6tDwv7Xqgr8,https://music.youtube.com/watch?v=6tDwv7Xqgr8,not_found,0.0000,,,
Hell,Helmzmen,378,BjWEvOMeuP0,https://music.youtube.com/watch?v=BjWEvOMeuP0,not_found,0.0000,,,
Blade and Bath,Blade and Bath,379,KwYZGHXUgEU,https://music.youtube.com/watch?v=KwYZGHXUgEU,not_found,0.0000,,,
Urfaust,Vom Gesicht und Rätsel,383,g9wS2V4cHcc,https://music.youtube.com/watch?v=g9wS2V4cHcc,not_found,0.0000,,,
None,It's Painless to Let Go,385,IHYxs17nGaw,https://music.youtube.com/watch?v=IHYxs17nGaw,not_found,0.0000,,,
Andy Williams,"Love Theme From ""The Godfather"" (Speak Softly Love)",387,T7AefIn3A80,https://music.youtube.com/watch?v=T7AefIn3A80,not_found,0.0000,,,
Wounded Masquerade,Would my ending bring you peace?,389,2EGOdTxOaJA,https://music.youtube.com/watch?v=2EGOdTxOaJA,not_found,0.0000,,,
Wounded Masquerade,All moments were in vain,398,XeUHNN7L5Jo,https://music.youtube.com/watch?v=XeUHNN7L5Jo,not_found,0.0000,,,
Decalius,A Miserable Life...,399,DEuhdR9Cf_E,https://music.youtube.com/watch?v=DEuhdR9Cf_E,not_found,0.0000,,,
Wounded Masquerade,Forlorn (Closure),400,_Flb0fJTx6U,https://music.youtube.com/watch?v=_Flb0fJTx6U,not_found,0.0000,,,
Nergot Traurig,Sacrimoon - A Moment of My Depression,406,aZweCOPNn48,https://music.youtube.com/watch?v=aZweCOPNn48,not_found,0.0000,,,
Wounded Masquerade,It hurt most when it came from you,407,A-pFep2MB9U,https://music.youtube.com/watch?v=A-pFep2MB9U,not_found,0.0000,,,
Blade and Bath,Eternal Nothingness,410,5VxS4SESIYk,https://music.youtube.com/watch?v=5VxS4SESIYk,not_found,0.0000,,,
Decalius,Hated By Life Itself,411,5J-2DhvuClQ,https://music.youtube.com/watch?v=5J-2DhvuClQ,not_found,0.0000,,,
Decalius,Excluded From Humanity,412,HDD3m9RPAZY,https://music.youtube.com/watch?v=HDD3m9RPAZY,not_found,0.0000,,,
Wounded Masquerade,X,413,FmZ6GAAccgk,https://music.youtube.com/watch?v=FmZ6GAAccgk,not_found,0.0000,,,
Enrico Macias,Zingarella,423,vxNFXkXj8Z4,https://music.youtube.com/watch?v=vxNFXkXj8Z4,manual_reject_broader,,,,
Dopelord,Ghost Cargo from the Bong,424,P5bPuzrMQGc,https://music.youtube.com/watch?v=P5bPuzrMQGc,not_found,0.0000,,,
Blade and Bath & Saad,Tears of Broken Memories,427,4jtnVs_AeV8,https://music.youtube.com/watch?v=4jtnVs_AeV8,manual_reject_broader,,,,
Acrania,The Depopulation Programme,439,r74SSdxFSx0,https://music.youtube.com/watch?v=r74SSdxFSx0,not_found,0.0000,,,
Static-X,Take Control,473,UDcfUx1a0IY,https://music.youtube.com/watch?v=UDcfUx1a0IY,manual_reject_broader,,,,
Океан Ельзи,Не питай,491,xcEgCjWbb3A,https://music.youtube.com/watch?v=xcEgCjWbb3A,not_found,0.0000,,,
The Rigthteous Brother,Unchained Melody,500,Zv8czIoAw5w,https://music.youtube.com/watch?v=Zv8czIoAw5w,manual_reject_broader,,,,
Armando Trovajoli,"L'amore dice ciao Slow Take (From ""La Matriarca - The Libertine"")",505,V0is-RpQHAg,https://music.youtube.com/watch?v=V0is-RpQHAg,manual_reject_broader,,,,
John Bayless; Giacomo Puccini,Puccini: Nessun dorma! (No man shall sleep!),507,lUEPM3jIKOs,https://music.youtube.com/watch?v=lUEPM3jIKOs,not_found,0.0000,,,
Dvorak,New World Symphony (Full),508,Qut5e3OfCvg,https://music.youtube.com/watch?v=Qut5e3OfCvg,manual_reject_broader,,,,
Владимир Спиваков; Национальный филармонический оркестр России,"Щелкунчик, соч. 71, действие II картина 3: No. 14, Pas de duex - Танец феи Драже и принца Оршада",509,SPfX9pvqKaU,https://music.youtube.com/watch?v=SPfX9pvqKaU,not_found,0.0000,,,
Khusugtun,Chinggis Khaan,517,tcd59zMIadk,https://music.youtube.com/watch?v=tcd59zMIadk,manual_reject_broader,,,,
Infant Annihilator,Apocalypse Incarnate,518,YUdA6xcNLeA,https://music.youtube.com/watch?v=YUdA6xcNLeA,not_found,0.0000,,,
Soothing Orthodox Chant (First Part of Polyeleos),Fixed,521,ox0KUghydNE,https://music.youtube.com/watch?v=ox0KUghydNE,manual_reject_broader,,,,
Emil De Nuit; Frederic Chopin,Op.27 Nocturne 2 Des Dur In D Flat,522,WXIIjsCcVOA,https://music.youtube.com/watch?v=WXIIjsCcVOA,not_found,0.0000,,,
Ólafur Järvinen,"Chopin: Waltz in C sharp minor, Op. 64 No. 2",524,KMuJSI8WbaQ,https://music.youtube.com/watch?v=KMuJSI8WbaQ,not_found,0.0000,,,
Satoru Kousaki,La Campanella,527,r-v39GDaTR0,https://music.youtube.com/watch?v=r-v39GDaTR0,manual_reject_broader,,,,
Maurizio Pollini; Frédéric Chopin,"Chopin: 12 Études, Op. 25: No. 11 in A Minor ""Winter Wind",529,bHbgLoDG8Ko,https://music.youtube.com/watch?v=bHbgLoDG8Ko,not_found,0.0000,,,
Entropy,A Dystopian Cyberpunk Ambient Journey - Blade Runner Ambient Music for Deep Focus,531,CAj-Bw9yKhg,https://music.youtube.com/watch?v=CAj-Bw9yKhg,not_found,0.0000,,,
Renato Carosone,Tu Vuò Fa' L'Americano,535,4UAj7-R_zas,https://music.youtube.com/watch?v=4UAj7-R_zas,manual_reject_broader,,,,
Memories of the Fabricated,Blade Runner Ambient Music | Cyberpunk Ambient Space,539,nO-LzH6NPb4,https://music.youtube.com/watch?v=nO-LzH6NPb4,manual_reject_broader,,,,
Allan Ariza,Nightmares from the Mist - Dark Ambient Music - Immersive Lovecraftian Horror Atmosphere,541,tvTsUs0n9zw,https://music.youtube.com/watch?v=tvTsUs0n9zw,not_found,0.0000,,,
Oxygen,Dystopian Post Apocalyptic Ambient Music for Focus and Relaxation,542,1Yk9mLpaFPQ,https://music.youtube.com/watch?v=1Yk9mLpaFPQ,not_found,0.0000,,,
Factory,Post Apocalyptic Dark Ambience - Sci Fi Dark Ambient Music,547,rentoNxY6RA,https://music.youtube.com/watch?v=rentoNxY6RA,not_found,0.0000,,,
"Nov 21, 2024",Secret Data Center 7 [ALONE] Dark Ambient Focus Music,548,zE7PhuRxz4I,https://music.youtube.com/watch?v=zE7PhuRxz4I,not_found,0.0000,,,
Dope,"Die, Bom, Bang, Burn, F***",552,ei_uE29PJmE,https://music.youtube.com/watch?v=ei_uE29PJmE,not_found,0.0000,,,
Dope,F*ck tha Police [2005 Studio Version],556,J8yTMBHkMnc,https://music.youtube.com/watch?v=J8yTMBHkMnc,not_found,0.0000,,,
Dope,Die MF Die,557,JC9jhtuscZ4,https://music.youtube.com/watch?v=JC9jhtuscZ4,not_found,0.0000,,,
Belle,Notre Dame de Paris French & English Lyrics Paroles Play Musical Translation Learn Songs,565,wbZ2KAuNTP8,https://music.youtube.com/watch?v=wbZ2KAuNTP8,manual_reject_broader,,,,
Brian Grey,Smooth Night,568,SUeqJR3WAlg,https://music.youtube.com/watch?v=SUeqJR3WAlg,manual_reject_broader,,,,
Ulcerate,Further Opening the Wounds,578,CCTbRbEPoB4,https://music.youtube.com/watch?v=CCTbRbEPoB4,not_found,0.0000,,,
Atakan Teoman,Aria Math (Handpan Version),582,FnPmIrdOkcU,https://music.youtube.com/watch?v=FnPmIrdOkcU,not_found,0.0000,,,
Ulcerate,Transfiguration In and Out of Worlds,583,iPKEcdIbUEE,https://music.youtube.com/watch?v=iPKEcdIbUEE,not_found,0.0000,,,
Urfaust,Hypnotisch Bevel - De Daimonische Mensch,584,dHU7aV-cXXE,https://music.youtube.com/watch?v=dHU7aV-cXXE,not_found,0.0000,,,
Montserrat Caballé,Exercises in Free Love (Montserrat Vocal),585,p1AXvGpQMq0,https://music.youtube.com/watch?v=p1AXvGpQMq0,not_found,0.0000,,,
Ulcerate,To Flow Through Ashen Hearts,590,hO3EH6A-SEE,https://music.youtube.com/watch?v=hO3EH6A-SEE,not_found,0.0000,,,
Ulcerate,Cutting the Throat of God,593,674H5DJ7ECQ,https://music.youtube.com/watch?v=674H5DJ7ECQ,not_found,0.0000,,,
The HU,Black Thunder (Extended),599,Yndyk2cRjMM,https://music.youtube.com/watch?v=Yndyk2cRjMM,not_found,0.0000,,,
Yot Club,YKWIM?,628,_C9rRLDimfQ,https://music.youtube.com/watch?v=_C9rRLDimfQ,not_found,0.0000,,,
Urfaust,Bloedsacrament Voor De Geestenzieners,643,9tFtRpqWBjY,https://music.youtube.com/watch?v=9tFtRpqWBjY,not_found,0.0000,,,
Urfaust,Scrabreusheden Uit Het Tuchtarsenaal,644,rhBmF0JLA-A,https://music.youtube.com/watch?v=rhBmF0JLA-A,not_found,0.0000,,,
Urfaust,Die Erste Levitation,645,DgqaSX9hTxY,https://music.youtube.com/watch?v=DgqaSX9hTxY,not_found,0.0000,,,
Urfaust,Zelfkastijder,646,p9Wayr74KTE,https://music.youtube.com/watch?v=p9Wayr74KTE,not_found,0.0000,,,
Macintosh Plus,海底,656,Yl7ArRaHUQw,https://music.youtube.com/watch?v=Yl7ArRaHUQw,not_found,0.0000,,,
Roadman Shaq,Feel Ting Inc.,659,DyMY2jbeLEI,https://music.youtube.com/watch?v=DyMY2jbeLEI,not_found,0.0000,,,
Stardust,Music Sounds Better With You,667,Hf244LCkkLc,https://music.youtube.com/watch?v=Hf244LCkkLc,manual_reject_broader,,,,
Vales,Warm The Room,668,Riyytm8_5TE,https://music.youtube.com/watch?v=Riyytm8_5TE,not_found,0.0000,,,
Paleface Swiss,Nail To The Tooth,670,DAf9q0mGhr0,https://music.youtube.com/watch?v=DAf9q0mGhr0,not_found,0.0000,,,
Beach Weather,"Sex, Drugs, Etc.",671,8kXNJWalO14,https://music.youtube.com/watch?v=8kXNJWalO14,not_found,0.0000,,,
Silent Rhythm,Space Ambient Sleep Music,678,AQzHFSYswr0,https://music.youtube.com/watch?v=AQzHFSYswr0,not_found,0.0000,,,
Artie Shaw & His Orchestra,Stardust,681,ggusizL531I,https://music.youtube.com/watch?v=ggusizL531I,manual_reject_broader,,,,
Meshuggah,The Abysmal Eye,701,_7XHQ09C_6I,https://music.youtube.com/watch?v=_7XHQ09C_6I,not_found,0.0000,,,
Infant Annihilator,"Baptised, Bastardised, Sodomised.",714,g_HTpeC2tW4,https://music.youtube.com/watch?v=g_HTpeC2tW4,not_found,0.0000,,,
Foster the People,Pumped Up Kicks But It's the Drake and Josh Theme Song,730,tzwXFGssmzo,https://music.youtube.com/watch?v=tzwXFGssmzo,manual_reject_broader,,,,
Yaakov Shwekey,רחם,731,xxfKbIoy2_g,https://music.youtube.com/watch?v=xxfKbIoy2_g,not_found,0.0000,,,
Shulem,Uvyom HaShabbos,732,rF2l2mtfufg,https://music.youtube.com/watch?v=rF2l2mtfufg,not_found,0.0000,,,
C418,Aria Math,733,maWHojZTnTg,https://music.youtube.com/watch?v=maWHojZTnTg,not_found,0.0000,,,
деформация души,дай денег,736,6ECkuppjECg,https://music.youtube.com/watch?v=6ECkuppjECg,not_found,0.0000,,,
DJ Cummerbund,Animal Wonderland,737,Y4FC0pUHAmI,https://music.youtube.com/watch?v=Y4FC0pUHAmI,not_found,0.0000,,,
"Slipknot and Evelyn ""Champagne"" King",Shame-ality,745,AJmQbz0uy_c,https://music.youtube.com/watch?v=AJmQbz0uy_c,not_found,0.0000,,,
Los Disturbados,Stuparena,746,A_SaCZbENZk,https://music.youtube.com/watch?v=A_SaCZbENZk,not_found,0.0000,,,
Bill McClintock,"Spiceknot - ""If You Wanna Breathe My Sulfur",747,pm08v69vG10,https://music.youtube.com/watch?v=pm08v69vG10,not_found,0.0000,,,
Rick James Dio,Holy Mary Jane,748,T_A6XC_EG4A,https://music.youtube.com/watch?v=T_A6XC_EG4A,not_found,0.0000,,,
Bill McClintock,"Mentallica - ""Land Down One-der",749,HJIIGpuuuYQ,https://music.youtube.com/watch?v=HJIIGpuuuYQ,not_found,0.0000,,,
Bill McClintock,Bob Marleykorn - “Could You Be a Freak on a Leash”,750,XgIu2xcIJ6w,https://music.youtube.com/watch?v=XgIu2xcIJ6w,not_found,0.0000,,,
DJ Cummerbund,Time Marches On (For Carol The Bell Tolls),751,jwy4_je9bdQ,https://music.youtube.com/watch?v=jwy4_je9bdQ,manual_reject_broader,,,,
DJ Cummerbund,I Believe In A Pony,752,K4KN_KqxMOQ,https://music.youtube.com/watch?v=K4KN_KqxMOQ,manual_reject_broader,,,,
DJ Cummerbund,Pretty Fly For Rasputin,753,KbWug0sFAJQ,https://music.youtube.com/watch?v=KbWug0sFAJQ,manual_reject_broader,,,,
DJ Cummerbund,That Which I Desire,754,nfVCoD6909g,https://music.youtube.com/watch?v=nfVCoD6909g,manual_reject_broader,,,,
DJ Cummerbund,The Sound of Smash Mouth,755,jJnK9EhiXQw,https://music.youtube.com/watch?v=jJnK9EhiXQw,manual_reject_broader,,,,
Uriah Heep,Lady in Black (Alternate Version),758,YAK-o_Sq-qA,https://music.youtube.com/watch?v=YAK-o_Sq-qA,manual_reject_broader,,,,
Thy Art Is Murder,Whore to a Chainsaw,760,McF8U-y01Wk,https://music.youtube.com/watch?v=McF8U-y01Wk,not_found,0.0000,,,
HIM,Enjoy the Silence,770,tQYzBm8J4M4,https://music.youtube.com/watch?v=tQYzBm8J4M4,manual_reject_broader,,,,
Hideki Taniuchi,Shinigamikai B,771,hlM8jL40xWc,https://music.youtube.com/watch?v=hlM8jL40xWc,not_found,0.0000,,,
Hideki Taniuchi,L no Kako,773,dQSG381pNWo,https://music.youtube.com/watch?v=dQSG381pNWo,not_found,0.0000,,,
Hideki Taniuchi,Tokuso,774,idXL5x6RtEQ,https://music.youtube.com/watch?v=idXL5x6RtEQ,not_found,0.0000,,,
Hideki Taniuchi,Shinigamikai,775,joOLTDC9clo,https://music.youtube.com/watch?v=joOLTDC9clo,not_found,0.0000,,,
Hideki Taniuchi,Light no Theme,776,srDmw7kSjik,https://music.youtube.com/watch?v=srDmw7kSjik,not_found,0.0000,,,
Океан Ельзи,Обійми,783,8wWrzr3_46Y,https://music.youtube.com/watch?v=8wWrzr3_46Y,not_found,0.0000,,,
БумБокс,Тримай мене (feat. The Gitas),788,UmJApFVLWZ0,https://music.youtube.com/watch?v=UmJApFVLWZ0,not_found,0.0000,,,
Pianoбой,Кохання,789,TuF-1TbV6Mw,https://music.youtube.com/watch?v=TuF-1TbV6Mw,not_found,0.0000,,,
Macintosh Plus,ライブラリ,790,8ZsDsjO6Knc,https://music.youtube.com/watch?v=8ZsDsjO6Knc,not_found,0.0000,,,
Macintosh Plus,リサフランク420 - 現代のコンピュー,791,ZyH5EjuDLx8,https://music.youtube.com/watch?v=ZyH5EjuDLx8,not_found,0.0000,,,
Macintosh Plus,ブート,792,xDVKyHvi65s,https://music.youtube.com/watch?v=xDVKyHvi65s,not_found,0.0000,,,
Aethyrien,Árásaust,798,xzxK9eAEDZY,https://music.youtube.com/watch?v=xzxK9eAEDZY,not_found,0.0000,,,
Conchita performs Rise Like a Phoenix,Sydney Opera House,801,P7TKoQ6nwiI,https://music.youtube.com/watch?v=P7TKoQ6nwiI,not_found,0.0000,,,
Ghost,Kaisarion,808,yt40jLz7TeQ,https://music.youtube.com/watch?v=yt40jLz7TeQ,not_found,0.0000,,,
"Хор "" София","П.Гончаров: "" Кресту Твоему",809,pgvelTw51AI,https://music.youtube.com/watch?v=pgvelTw51AI,not_found,0.0000,,,
Urfaust,Meditatum IV,820,BcknjjGcFOM,https://music.youtube.com/watch?v=BcknjjGcFOM,not_found,0.0000,,,
Led Zeppelin,Heartbreaker (Remaster),821,0hdQi2_HzAc,https://music.youtube.com/watch?v=0hdQi2_HzAc,not_found,0.0000,,,
Aethyrien,Berserkr (The Henbane Experience),826,8uWiraV_JHg,https://music.youtube.com/watch?v=8uWiraV_JHg,not_found,0.0000,,,
Ensemble Rukovet,Litany of Supplication,828,nVL2G0alK8s,https://music.youtube.com/watch?v=nVL2G0alK8s,not_found,0.0000,,,
Roman Hurko,Litany of Supplication - Litany for the Gifts,829,EhsrfnXU6qo,https://music.youtube.com/watch?v=EhsrfnXU6qo,not_found,0.0000,,,
St. Symeon Orthodox Church,Litany of Supplication,830,XRDDFyT5Ifs,https://music.youtube.com/watch?v=XRDDFyT5Ifs,not_found,0.0000,,,
Choir of the Monks of Chevetogne,Litany of Supplication,831,y9wWlxrt1zE,https://music.youtube.com/watch?v=y9wWlxrt1zE,not_found,0.0000,,,
Академічна чоловіча хорова капела ім. Л.Ревуцького,Хресту твоєму,834,rJRkYOeTycI,https://music.youtube.com/watch?v=rJRkYOeTycI,not_found,0.0000,,,
Shon MC,Мы таджики (feat. Umfa Man),841,F_7-srWn5pc,https://music.youtube.com/watch?v=F_7-srWn5pc,not_found,0.0000,,,
Freddie Mercury; Montserrat Caballé,How Can I Go On (New Orchestrated Version),855,4E8EWd5P804,https://music.youtube.com/watch?v=4E8EWd5P804,manual_reject_broader,,,,
Rammstein,Ausländer,858,3eEA6H_y1VI,https://music.youtube.com/watch?v=3eEA6H_y1VI,manual_reject_broader,,,,
Zeraphine,When Love And Death Embrace,863,ql-op7ftTQM,https://music.youtube.com/watch?v=ql-op7ftTQM,manual_reject_broader,,,,
Rammstein,Armee der Tristen,869,t-NUBR2kufw,https://music.youtube.com/watch?v=t-NUBR2kufw,not_found,0.0000,,,
Ozzy Osbourne,Patient Number 9 (feat. Jeff Beck),872,6c2OCDBVw08,https://music.youtube.com/watch?v=6c2OCDBVw08,not_found,0.0000,,,
Scorpions,No One Like You (Live) (2015 - Remaster),887,-yYqqSyhHhA,https://music.youtube.com/watch?v=-yYqqSyhHhA,manual_reject_broader,,,,
Scorpions,When the Smoke Is Going Down (2015 - Remaster),888,Dq6v3BGzzSk,https://music.youtube.com/watch?v=Dq6v3BGzzSk,not_found,0.0000,,,
Deep Purple,Soldier Of Fortune (2009 Digital Remaster),894,znW-P7lMKjU,https://music.youtube.com/watch?v=znW-P7lMKjU,manual_reject_broader,,,,
PATRIARKH,Tretij Czas,900,53dtLBhPi_A,https://music.youtube.com/watch?v=53dtLBhPi_A,not_found,0.0000,,,
PATRIARKH,Wieczernia,901,52_OmwfeVSw,https://music.youtube.com/watch?v=52_OmwfeVSw,not_found,0.0000,,,
"Tchaikovsky, Pyotr I.","Symphony No. 4 in F minor Op. 36: Andante sostenuto, moderato con anima",902,ZKrG1IZVaCQ,https://music.youtube.com/watch?v=ZKrG1IZVaCQ,manual_reject_broader,,,,
Ghost,Griftwood,907,ni3IMbhLJ_k,https://music.youtube.com/watch?v=ni3IMbhLJ_k,not_found,0.0000,,,
Randy Crenshaw,Perry the Platypus,908,CdylQOG3Mto,https://music.youtube.com/watch?v=CdylQOG3Mto,not_found,0.0000,,,
ghots,Jigolo Har Megiddo (Live) [Acoustic],910,VU_4qFko7NE,https://music.youtube.com/watch?v=VU_4qFko7NE,manual_reject_broader,,,,
Ghost,Ghuleh/Zombie Queen,911,VgamwEi90w4,https://music.youtube.com/watch?v=VgamwEi90w4,not_found,0.0000,,,
Ghost,If You Have Ghosts (Live Acoustic) | HardDrive Online,912,vCFwY6ISEMs,https://music.youtube.com/watch?v=vCFwY6ISEMs,manual_reject_broader,,,,
Ghost,Jigolo Har Megiddo (Live Acoustic) | HardDrive Online,913,xcCPp3l_1T4,https://music.youtube.com/watch?v=xcCPp3l_1T4,manual_reject_broader,,,,
Ghost,Mary On A Cross (Live),914,NmxFxBiCrL4,https://music.youtube.com/watch?v=NmxFxBiCrL4,manual_reject_broader,,,,
THY ART IS MURDER,Slaves Beyond Death - Bloodstock 2019,917,4d_5R_noZas,https://music.youtube.com/watch?v=4d_5R_noZas,manual_reject_broader,,,,
Disembodied Tyrant,The Divine Stigmata,918,mG8H7yt8lBc,https://music.youtube.com/watch?v=mG8H7yt8lBc,not_found,0.0000,,,
Ghost B.C.,Missionary Man,919,NqUgOFdL6Zg,https://music.youtube.com/watch?v=NqUgOFdL6Zg,manual_reject_broader,,,,
Ghost,Square Hammer,920,5IaLIcuFJeE,https://music.youtube.com/watch?v=5IaLIcuFJeE,not_found,0.0000,,,
Ghost B.C.,Nocturnal Me,921,mTdaLHyXIAk,https://music.youtube.com/watch?v=mTdaLHyXIAk,manual_reject_broader,,,,
Ghost,Darkness At The Heart Of My Love,922,3AD-KR-z1x8,https://music.youtube.com/watch?v=3AD-KR-z1x8,not_found,0.0000,,,
Ghost,Respite On The Spitalfields,930,OY8kAOv_Z6U,https://music.youtube.com/watch?v=OY8kAOv_Z6U,not_found,0.0000,,,
Ghost,Kiss The Go-Goat,931,i9t1V5GPG8Q,https://music.youtube.com/watch?v=i9t1V5GPG8Q,not_found,0.0000,,,
Cuckold Burger,Машина говновоз,948,iyFG6uA_DLI,https://music.youtube.com/watch?v=iyFG6uA_DLI,not_found,0.0000,,,
РУСЛАНА,Це - любов,949,xlxV4yadaZw,https://music.youtube.com/watch?v=xlxV4yadaZw,not_found,0.0000,,,
Василь Жданкін,Чорна рілля,954,NY7Dj01LnuE,https://music.youtube.com/watch?v=NY7Dj01LnuE,not_found,0.0000,,,
Adele,I Drink Wine,956,GDdoEZL3vJg,https://music.youtube.com/watch?v=GDdoEZL3vJg,not_found,0.0000,,,
Leo,Bodies (Acoustic Version),959,6569LN-Lse8,https://music.youtube.com/watch?v=6569LN-Lse8,not_found,0.0000,,,
Leo,Skyfall (Metal Version),964,YXnQwqTI7kw,https://music.youtube.com/watch?v=YXnQwqTI7kw,not_found,0.0000,,,
Василь Жданкін,«Чорна рілля» / Червона рута–1989 / #RutaFEST,965,ZSYtacmNTmw,https://music.youtube.com/watch?v=ZSYtacmNTmw,not_found,0.0000,,,
Urfaust,Unter Töchtern der Wüste,967,Pfa6anjthnY,https://music.youtube.com/watch?v=Pfa6anjthnY,not_found,0.0000,,,
William Maranci Mashups,Paramore - Ain't it Fun But It's In Da Club By 50 Cent,970,-zrR2Ev_xFg,https://music.youtube.com/watch?v=-zrR2Ev_xFg,not_found,0.0000,,,
William Maranci Mashups,Papa Roach - Last Resort But It's Rock Your Body By Justin Timberlake,971,3fMgPyjXCSs,https://music.youtube.com/watch?v=3fMgPyjXCSs,not_found,0.0000,,,
William Maranci Mashups,t h e f u t u r e i s n o w,977,V-yaXJYImt8,https://music.youtube.com/watch?v=V-yaXJYImt8,not_found,0.0000,,,
Ваиль Жданкін,Чорна рілля ізорана,983,OacloJi50lA,https://music.youtube.com/watch?v=OacloJi50lA,not_found,0.0000,,,
Валентин Стрыкало,"Знаешь, Таня",986,ryWtOu454VE,https://music.youtube.com/watch?v=ryWtOu454VE,not_found,0.0000,,,
Pawl D Beats,Viking Music: Rurik,988,DyPJkqkdkY0,https://music.youtube.com/watch?v=DyPJkqkdkY0,not_found,0.0000,,,
líue,Suffer With Me,998,OgmMJGEhwxw,https://music.youtube.com/watch?v=OgmMJGEhwxw,not_found,0.0000,,,
Bjorth,Midgard Rising,1004,o_UHeqTe1nQ,https://music.youtube.com/watch?v=o_UHeqTe1nQ,not_found,0.0000,,,
Frédéric Chopin,"Nocturne for Piano, No. 8 in D flat Major, Op. 27,2",1012,Mq7kcHnASz0,https://music.youtube.com/watch?v=Mq7kcHnASz0,not_found,0.0000,,,
David Bell; Berliner Philharmoniker; Herbert von Karajan; Johann Sebastian Bach,"J.S. Bach: Orchestral Suite No. 3 in D Major, BWV 1068: II. Air ""on the G String",1013,4qKqM0-VBc0,https://music.youtube.com/watch?v=4qKqM0-VBc0,not_found,0.0000,,,
Urfaust,The Healer,1016,DduyDUpzj3Y,https://music.youtube.com/watch?v=DduyDUpzj3Y,manual_reject_broader,,,,
M8,AzovStahl,1017,NabkPanTpC0,https://music.youtube.com/watch?v=NabkPanTpC0,not_found,0.0000,,,
Евгений Вольнов,Неудобно говорить,1018,ZHXU_TUJq9M,https://music.youtube.com/watch?v=ZHXU_TUJq9M,not_found,0.0000,,,
Urfaust,Offerschaal Der Astrologische Mengvormen,1027,JfM7h9u1VP0,https://music.youtube.com/watch?v=JfM7h9u1VP0,not_found,0.0000,,,
Urfaust,IX: Der Einsiedler,1028,kEXJeYispmQ,https://music.youtube.com/watch?v=kEXJeYispmQ,not_found,0.0000,,,
Urfaust,Die kalte Teufelsfaust,1029,F_IN6anCEJk,https://music.youtube.com/watch?v=F_IN6anCEJk,not_found,0.0000,,,
M8,And Still It Will Be So,1030,UqWpJ3x_0uE,https://music.youtube.com/watch?v=UqWpJ3x_0uE,manual_reject_broader,,,,
Luciano Pavarotti; National Philharmonic Orchestra; Giuseppe Patanè; Ruggero Leoncavallo,"Leoncavallo: Pagliacci, Act I: Recitar! – Vesti la giubba",1031,HzEQkij96hg,https://music.youtube.com/watch?v=HzEQkij96hg,not_found,0.0000,,,
Biba,ЯШАРЮ,1035,SMPdzrrb6Bk,https://music.youtube.com/watch?v=SMPdzrrb6Bk,not_found,0.0000,,,
Falling In Reverse,"Watch The World Burn"" LIVE! The Popular Monstour",1042,g10qKRsi28U,https://music.youtube.com/watch?v=g10qKRsi28U,manual_reject_broader,,,,
Mudvayne,Live Dosage 50,1045,qW4T5tEOq_E,https://music.youtube.com/watch?v=qW4T5tEOq_E,not_found,0.0000,,,
Gnarls Barkley,Crazy - From the Basement,1053,WOjFhKg4h3s,https://music.youtube.com/watch?v=WOjFhKg4h3s,not_found,0.0000,,,
Gary Moore,"Live Blues (1993) #8 ""Still Got The Blues",1057,0o7BwblazjQ,https://music.youtube.com/watch?v=0o7BwblazjQ,not_found,0.0000,,,
Buster Benton,Money Is the Name of the Game,1059,Zgdk16PQstY,https://music.youtube.com/watch?v=Zgdk16PQstY,manual_reject_broader,,,,
Егор Летов,СПАНЧ БОБ | Кто проживает на дне океана,1072,ddhGKqFpPY4,https://music.youtube.com/watch?v=ddhGKqFpPY4,not_found,0.0000,,,
The Oldest Known Melody (Hurrian Hymn no.6,c.1400 B.C.),1073,QpxN2VXPMLc,https://music.youtube.com/watch?v=QpxN2VXPMLc,not_found,0.0000,,,
The epic of Gilgamesh,Ancient Sumerian Song by Peter Pringle,1074,62pa9YAf6f8,https://music.youtube.com/watch?v=62pa9YAf6f8,not_found,0.0000,,,
Wolves in the Throne Room,Thuja Magus Imperium,1086,8GDK0tcnlk0,https://music.youtube.com/watch?v=8GDK0tcnlk0,not_found,0.0000,,,
ХОР БРАТИИ ВАЛААМСКОГО МОНАСТЫРЯ,"МАРИЕ, ДЕВО ЧИСТАЯ",1090,OYRy9Lv9jPs,https://music.youtube.com/watch?v=OYRy9Lv9jPs,not_found,0.0000,,,
Глад Валакас,Бери шинель(Like a rolling stone),1096,ismW4H9ceSk,https://music.youtube.com/watch?v=ismW4H9ceSk,not_found,0.0000,,,
Enigma,Why!...,1097,xpqFGZMBnlk,https://music.youtube.com/watch?v=xpqFGZMBnlk,not_found,0.0000,,,
Batzorig Vaanchig,Chinggis khaanii Magtaal (Live),1098,p_5yt5IX38I,https://music.youtube.com/watch?v=p_5yt5IX38I,manual_reject_broader,,,,
Moby,New Dawn Fades,1100,J1z3DAr_rpQ,https://music.youtube.com/watch?v=J1z3DAr_rpQ,manual_reject_broader,,,,
Elvis Presley,Can ́t Help Falling In Love,1113,OjiOTDqYYo0,https://music.youtube.com/watch?v=OjiOTDqYYo0,not_found,0.0000,,,
Wardruna,Voluspá (Skaldic Version),1117,lt4Z1dvlERc,https://music.youtube.com/watch?v=lt4Z1dvlERc,not_found,0.0000,,,
Lucio Dalla,Caruso (Remastered in 192 KHz),1124,wz8-1K9Zw_Q,https://music.youtube.com/watch?v=wz8-1K9Zw_Q,manual_reject_broader,,,,
Aethyrien,"Varðlokkur, Caller of Spirits",1129,VM1YDxh2Hww,https://music.youtube.com/watch?v=VM1YDxh2Hww,not_found,0.0000,,,
Wardruna,Solringen (First Flight of the White Raven LIVE),1131,kNwRebsKfB8,https://music.youtube.com/watch?v=kNwRebsKfB8,not_found,0.0000,,,
Valaam Singing Culture Institute Men's Choir,Vo tsarstvii Tvoem (The Beatitudes): The Beatitudes,1134,lTbtPCx1UTE,https://music.youtube.com/watch?v=lTbtPCx1UTE,not_found,0.0000,,,
Valaam Singing Culture Institute Men's Choir,"Psalm 136, ""By the waters of Babylon"" (arr. N. Uspensky)",1135,mpwGhAD2rrQ,https://music.youtube.com/watch?v=mpwGhAD2rrQ,not_found,0.0000,,,
Chesnokov Op. 24-6,Let My Prayer Arise,1136,gvHAqjODCcI,https://music.youtube.com/watch?v=gvHAqjODCcI,manual_reject_broader,,,,
Kabarnos,Agni Parthene (Live Lebanon 2017),1137,Y56UcWkJ1Bk,https://music.youtube.com/watch?v=Y56UcWkJ1Bk,not_found,0.0000,,,
Wardruna,Lyfjaberg,1138,e4iDsbd1fzc,https://music.youtube.com/watch?v=e4iDsbd1fzc,not_found,0.0000,,,
Aethyrien,"Völuspá, Visions of the Prophecy",1139,Nt9gpQsKgEg,https://music.youtube.com/watch?v=Nt9gpQsKgEg,not_found,0.0000,,,
Seraphim Bit-Kharibi,Psalm 53,1140,h8T8iby670s,https://music.youtube.com/watch?v=h8T8iby670s,manual_reject_broader,,,,
Rousseau,Liebestraum No. 3 - Love Dream (Liszt),1145,IBEQN4Ru6es,https://music.youtube.com/watch?v=IBEQN4Ru6es,not_found,0.0000,,,
Alexandr Misko,Smooth Criminal,1146,0EnsQvXw3u0,https://music.youtube.com/watch?v=0EnsQvXw3u0,manual_reject_broader,,,,
РУСЛАНА,Дика енергія,1148,-k6Bgm8pqho,https://music.youtube.com/watch?v=-k6Bgm8pqho,not_found,0.0000,,,
Ruslana,Miy Brat!,1149,hRFCbEI9j3U,https://music.youtube.com/watch?v=hRFCbEI9j3U,not_found,0.0000,,,
Ruslana,Rachmaninov (DJ Small’s Remake),1150,LfXsj2H8i9Y,https://music.youtube.com/watch?v=LfXsj2H8i9Y,not_found,0.0000,,,
Lévon Minassian,Siretzi Yares Daran (They Have Taken the One I Love),1153,mLnOpbV4tPU,https://music.youtube.com/watch?v=mLnOpbV4tPU,not_found,0.0000,,,
Agalloch,Limbs (2016 - Remaster),1156,fC0OFbhLeqk,https://music.youtube.com/watch?v=fC0OFbhLeqk,not_found,0.0000,,,
niteboi,we should try,1160,dMhXymfudvA,https://music.youtube.com/watch?v=dMhXymfudvA,not_found,0.0000,,,
PATRIARKH,IRMOS I,1161,-9DXT82_25k,https://music.youtube.com/watch?v=-9DXT82_25k,not_found,0.0000,,,
Іво Бобул,Болить душа,1163,-WiBhW7re-Y,https://music.youtube.com/watch?v=-WiBhW7re-Y,not_found,0.0000,,,
РуханкоМен,Скоро перемога,1164,mHW8VFxPO3M,https://music.youtube.com/watch?v=mHW8VFxPO3M,not_found,0.0000,,,
Ðóñëàíà,Òè ùå â3äêðèoø î÷3,1165,olDS9TONsSM,https://music.youtube.com/watch?v=olDS9TONsSM,not_found,0.0000,,,
Alisa Sova,Чорнобривці,1166,5xMzABwELqA,https://music.youtube.com/watch?v=5xMzABwELqA,not_found,0.0000,,,
Batzorig Vaanchig; Auli,Hunnu Guren,1179,X5oVGVbbwfI,https://music.youtube.com/watch?v=X5oVGVbbwfI,not_found,0.0000,,,
Ihor Cymbrows'kyj,Przyjdź aniele [FULL ALBUM] 1996,1180,SJxAX4MDwNU,https://music.youtube.com/watch?v=SJxAX4MDwNU,not_found,0.0000,,,
Erik Satie,Gnossiennes 1-5 (3 hour loop),1185,Qr4azoVLqL0,https://music.youtube.com/watch?v=Qr4azoVLqL0,not_found,0.0000,,,
Stevie T ft. Jim Carrey,You Don't Bring Me Flowers,1190,7t3a_wk904E,https://music.youtube.com/watch?v=7t3a_wk904E,manual_reject_broader,,,,
Василь Жданкін,"Думи мої, думи мої",1196,RrCAHoI8N7c,https://music.youtube.com/watch?v=RrCAHoI8N7c,not_found,0.0000,,,
ДахаБраха,Пливе човен,1199,asts8js-GNk,https://music.youtube.com/watch?v=asts8js-GNk,not_found,0.0000,,,
DakhaBrakha,Nad Dunaem,1200,nqng93Gpw4A,https://music.youtube.com/watch?v=nqng93Gpw4A,not_found,0.0000,,,
All Angels,Barber: Agnus Dei,1204,TwSC-nH_td8,https://music.youtube.com/watch?v=TwSC-nH_td8,not_found,0.0000,,,
Aurora,Hans Zimmer,1205,1oTbyENpX58,https://music.youtube.com/watch?v=1oTbyENpX58,not_found,0.0000,,,
Yoshihisa Hirano,Kyrie II,1206,fr3QRSw-UN0,https://music.youtube.com/watch?v=fr3QRSw-UN0,manual_reject_broader,,,,
Чернобривцы,Несе Галя воду,1207,s6zv8Oth5GQ,https://music.youtube.com/watch?v=s6zv8Oth5GQ,not_found,0.0000,,,
Kordhell,Killa,1209,Rvb20s1Ozek,https://music.youtube.com/watch?v=Rvb20s1Ozek,manual_reject_broader,,,,
KUTE; RAIZHELL,ANUBIS,1213,-My3J4qmlWU,https://music.youtube.com/watch?v=-My3J4qmlWU,manual_reject_broader,,,,
Борис Гмиря,Ніч яка мiсячна,1215,En7TsomfE5A,https://music.youtube.com/watch?v=En7TsomfE5A,not_found,0.0000,,,
Володимир Івасюк,Пісня буде поміж нас (Live),1216,RzZHYHO0Pjw,https://music.youtube.com/watch?v=RzZHYHO0Pjw,not_found,0.0000,,,
London Festival Orchestra; Henry Adolph; Pyotr Ilyich Tchaikovsky,Ballet Suite from Swan Lake Op. 20: Dance of the Swans,1217,odnBC05XrnI,https://music.youtube.com/watch?v=odnBC05XrnI,not_found,0.0000,,,
Jonas Kaufmann; Prague Philharmonic Orchestra; Marco Armiliato; Giacomo Puccini,"Puccini: Tosca, SC 69 / Act 3: ""E lucevan le stelle",1218,TMfCkeobZ4E,https://music.youtube.com/watch?v=TMfCkeobZ4E,not_found,0.0000,,,
Mario Lanza,Na sera 'e maggio (Remastered 1995),1219,b2dhl0xPFLU,https://music.youtube.com/watch?v=b2dhl0xPFLU,not_found,0.0000,,,
Ghostface Playa; fkbambam,KILLKA,1224,oalkbgRJAW8,https://music.youtube.com/watch?v=oalkbgRJAW8,not_found,0.0000,,,
Kordhell,MURDER PLOT,1228,w1JjPvLAzRE,https://music.youtube.com/watch?v=w1JjPvLAzRE,manual_reject_broader,,,,
Ariis,Chupki V Krusta Phonk,1230,UumS0KEZdH0,https://music.youtube.com/watch?v=UumS0KEZdH0,not_found,0.0000,,,
Julio Iglesias,Nostalgie (Nathalie),1240,9jdzcUGJvpo,https://music.youtube.com/watch?v=9jdzcUGJvpo,not_found,0.0000,,,
Albano Carrisi,Ti Amo (Version 2010),1243,1SeoYxmpwUs,https://music.youtube.com/watch?v=1SeoYxmpwUs,manual_reject_broader,,,,
Sergio Velesky,MAIAJI MAIAJUUU,1248,1LGEOYF_b0Y,https://music.youtube.com/watch?v=1LGEOYF_b0Y,not_found,0.0000,,,
Batushka,Yekteniya VII,1256,EYVDSxpbIWA,https://music.youtube.com/watch?v=EYVDSxpbIWA,not_found,0.0000,,,
паліндром; Юрій Бондарчук,З букетом троянд,1257,8KIRX9K9vH0,https://music.youtube.com/watch?v=8KIRX9K9vH0,not_found,0.0000,,,
Luciano Pavarotti; Orchestra del Teatro Comunale di Bologna; Giancarlo Chiaramello,Cardillo: Core 'ngrato (Arr. Chiaramello),1263,WiDj69ik9Qs,https://music.youtube.com/watch?v=WiDj69ik9Qs,not_found,0.0000,,,
Garou,Autour du feu (Medley: L'été indien / Et si tu n'existais pas / Ça va pas changer le monde / Les yeux d'Émilie),1277,9px_038-bYI,https://music.youtube.com/watch?v=9px_038-bYI,not_found,0.0000,,,
BrunoPelletier1,Notre Dame de Paris Le Temps des Cathédrales,1280,dSa0Z0Yd0J0,https://music.youtube.com/watch?v=dSa0Z0Yd0J0,manual_reject_broader,,,,
Ilmari Hakkola,Bad Piggies Theme,1286,EgAOqt8I5ac,https://music.youtube.com/watch?v=EgAOqt8I5ac,not_found,0.0000,,,
Patrick Carney,BoJack's Theme (Full Length) (feat. Ralph Carney),1288,UkhHY7U3LwU,https://music.youtube.com/watch?v=UkhHY7U3LwU,not_found,0.0000,,,
Hans Zimmer,No Time for Caution,1291,2o9KfyPqQzY,https://music.youtube.com/watch?v=2o9KfyPqQzY,manual_reject_broader,,,,
Hans Zimmer,Tia Dalma,1293,Cc3qZ1HtwsM,https://music.youtube.com/watch?v=Cc3qZ1HtwsM,not_found,0.0000,,,
Михаил Елизаров,ДЕТИ И ГАШИШ,1295,h0eEsdYOCRE,https://music.youtube.com/watch?v=h0eEsdYOCRE,not_found,0.0000,,,
Shaman's Harvest,Broken Dreams [Drew McIntyre | HQ + full intro + Lyrics],1296,iRyaB8RgU4c,https://music.youtube.com/watch?v=iRyaB8RgU4c,manual_reject_broader,,,,
19 Most Romantic Waltzes,Chopin Complete Waltzes,1301,trDOwHzEqMY,https://music.youtube.com/watch?v=trDOwHzEqMY,not_found,0.0000,,,
Liszt,"Liebestraum"" (Dream of love)",1302,MygSbWoX-Ys,https://music.youtube.com/watch?v=MygSbWoX-Ys,not_found,0.0000,,,
Мандри,Дорога,1303,Vn99MTfNBOA,https://music.youtube.com/watch?v=Vn99MTfNBOA,not_found,0.0000,,,
TRAUM,"Grandes études de Paganini, S. 141: No. 3 in G-Sharp Minor (Allegretto) ""La campanella",1304,dG-SLTnN9go,https://music.youtube.com/watch?v=dG-SLTnN9go,manual_reject_broader,,,,
Russian Orthodox Male Choir of Australia,"Trisagion (I. Haritonov, arr. N. Kotlaroff)",1308,y6yMdWwyWM0,https://music.youtube.com/watch?v=y6yMdWwyWM0,not_found,0.0000,,,
Mozart,"Twinkle Twinkle Little Star"" (12 Variations on ""Ah vous dirai-je, Maman"")",1309,tGSDVrnjDqI,https://music.youtube.com/watch?v=tGSDVrnjDqI,not_found,0.0000,,,
Kassia,Chopin: Nocturne Op. 55 No. 1,1311,_nlqxtsuDus,https://music.youtube.com/watch?v=_nlqxtsuDus,not_found,0.0000,,,
Rousseau,Etude Op. 25 No. 9 - Butterfly (Chopin),1312,EHTz19-brHY,https://music.youtube.com/watch?v=EHTz19-brHY,not_found,0.0000,,,
Kassia; Edvard Grieg,Grieg: In the Hall of the Mountain King,1313,WCLCRglJvw4,https://music.youtube.com/watch?v=WCLCRglJvw4,not_found,0.0000,,,
Kassia,Shostakovich: Waltz No. 2,1314,RJTekJw7vIY,https://music.youtube.com/watch?v=RJTekJw7vIY,not_found,0.0000,,,
Rousseau,Revolutionary Etude - Op. 10 No. 12 (Chopin),1315,vEicbIksD-I,https://music.youtube.com/watch?v=vEicbIksD-I,not_found,0.0000,,,
Liszt,"La Campanella (100,000 special)",1316,H1Dvg2MxQn8,https://music.youtube.com/watch?v=H1Dvg2MxQn8,not_found,0.0000,,,
Kassia,Chopin: Etude Op. 25 No. 11 “Winter Wind”,1317,yRAzxe9wRaQ,https://music.youtube.com/watch?v=yRAzxe9wRaQ,not_found,0.0000,,,
Rousseau,Etude Op. 8 No. 12 (Scriabin),1318,8CEjcuYbtIg,https://music.youtube.com/watch?v=8CEjcuYbtIg,not_found,0.0000,,,
Воплі Відоплясова,Halya Is Carrying,1320,aDo38jxxBkw,https://music.youtube.com/watch?v=aDo38jxxBkw,not_found,0.0000,,,
Vopli Vidopliasova,We Were in the Village,1321,fPKR8Uv7Rxo,https://music.youtube.com/watch?v=fPKR8Uv7Rxo,manual_reject_broader,,,,
Воплі Відоплясова,Land of Dream,1322,iDvEIJtuDYw,https://music.youtube.com/watch?v=iDvEIJtuDYw,manual_reject_broader,,,,
БумБокс,Вахтерам,1323,pqIbm7H6E1w,https://music.youtube.com/watch?v=pqIbm7H6E1w,not_found,0.0000,,,
Океан Ельзи,"Там, де нас нема",1325,kTiiUw2HjjM,https://music.youtube.com/watch?v=kTiiUw2HjjM,not_found,0.0000,,,
Воплі Відоплясова,Весна,1327,aLq0gHTvt8w,https://music.youtube.com/watch?v=aLq0gHTvt8w,not_found,0.0000,,,
Vopli Vidopliasova,Ye-Ye,1328,gmp_J2Si_BU,https://music.youtube.com/watch?v=gmp_J2Si_BU,manual_reject_broader,,,,
Михаил Елизаров,СТОМАТОЛОГ,1329,52VL7jBq1pc,https://music.youtube.com/watch?v=52VL7jBq1pc,not_found,0.0000,,,
Егор Летов,Всё как у людей,1333,XAJ47jr3h0U,https://music.youtube.com/watch?v=XAJ47jr3h0U,not_found,0.0000,,,
Егор Летов,Колыбельная,1334,GY8hbWW8Cfg,https://music.youtube.com/watch?v=GY8hbWW8Cfg,not_found,0.0000,,,
Егор Летов,Иуда будет в раю,1335,UdgAHSGvIAg,https://music.youtube.com/watch?v=UdgAHSGvIAg,not_found,0.0000,,,
Егор Летов,Как листовка,1336,T0dUUXaM0Xk,https://music.youtube.com/watch?v=T0dUUXaM0Xk,not_found,0.0000,,,
Егор Летов,Философская песня о пуле,1337,1riHV-aLO8Q,https://music.youtube.com/watch?v=1riHV-aLO8Q,not_found,0.0000,,,
Егор Летов,Государство,1340,vBdiuFMScc4,https://music.youtube.com/watch?v=vBdiuFMScc4,not_found,0.0000,,,
System Of A Down,Question! live【Rock In Rio 2011 | 60fpsHD】,1352,0sHvlvEJls0,https://music.youtube.com/watch?v=0sHvlvEJls0,not_found,0.0000,,,
System Of A Down,Question! - live @ Rock am Ring 2011,1353,P_zvs5Si1ZE,https://music.youtube.com/watch?v=P_zvs5Si1ZE,not_found,0.0000,,,
Michael Thomas Connolly,Hallelujah,1354,MWzeCcQqFyM,https://music.youtube.com/watch?v=MWzeCcQqFyM,manual_reject_broader,,,,
System Of A Down,Lost In Hollywood live (HD/DVD Quality),1359,e0YW5ZpQWsM,https://music.youtube.com/watch?v=e0YW5ZpQWsM,manual_reject_broader,,,,
System Of A Down,Lost In Hollywood LIVE【Rock In Rio 2015 | 60fpsHD】,1360,8wObL_vXmk0,https://music.youtube.com/watch?v=8wObL_vXmk0,not_found,0.0000,,,
Океан Ельзи,Мить,1361,QevMTQTPhjg,https://music.youtube.com/watch?v=QevMTQTPhjg,not_found,0.0000,,,
Renée Fleming; London Philharmonic Orchestra; Sir Charles Mackerras; Giacomo Puccini,Puccini: Gianni Schicchi: O mio babbino caro,1364,DLi25fgVuRs,https://music.youtube.com/watch?v=DLi25fgVuRs,not_found,0.0000,,,
Rotting christ,Χ Ξ Σ (666),1365,70qPvCKU_m4,https://music.youtube.com/watch?v=70qPvCKU_m4,not_found,0.0000,,,
Дмитро Гнатюк,Два Кольори (1966),1369,cvV2cWyQ9ls,https://music.youtube.com/watch?v=cvV2cWyQ9ls,not_found,0.0000,,,
Дмитро Гнатюк,Рідна мати моя (Пісня про рушник),1372,XTEMDTVGiKE,https://music.youtube.com/watch?v=XTEMDTVGiKE,not_found,0.0000,,,
PATRIARKH,Pierwyj Czas,1375,hdbHnKoEzUc,https://music.youtube.com/watch?v=hdbHnKoEzUc,not_found,0.0000,,,
Urfaust,Meditatum II,1377,JM0VKVa_aRo,https://music.youtube.com/watch?v=JM0VKVa_aRo,not_found,0.0000,,,
PATRIARKH,Liturgiya,1378,MY2DF1KVatM,https://music.youtube.com/watch?v=MY2DF1KVatM,not_found,0.0000,,,
Batushka,Yekteniya VIII,1379,5uu8HewYlMA,https://music.youtube.com/watch?v=5uu8HewYlMA,not_found,0.0000,,,
Batushka,Yekteniya VI,1380,IeJeAB-F0Rw,https://music.youtube.com/watch?v=IeJeAB-F0Rw,not_found,0.0000,,,
Batushka,Yekteniya I,1381,XCMNqKuuFC4,https://music.youtube.com/watch?v=XCMNqKuuFC4,not_found,0.0000,,,
Batushka,Yekteniya IV,1383,o_rKSTh6ViE,https://music.youtube.com/watch?v=o_rKSTh6ViE,not_found,0.0000,,,
Batushka,Yekteniya II,1384,xxdzwpoIZPA,https://music.youtube.com/watch?v=xxdzwpoIZPA,not_found,0.0000,,,
Batushka,Yekteniya III,1385,DHmZ88ybPtI,https://music.youtube.com/watch?v=DHmZ88ybPtI,not_found,0.0000,,,
Tatiana Serjan; Pyotr Ilyich Tchaikovsky,"Pique dame, Op. 68, TH 10, Act III: Act III Scene 6: Uzh polnoch blizitsya - Akh! Istomilas ya gorem (Lisa)",1386,Xe-O-ExvIfs,https://music.youtube.com/watch?v=Xe-O-ExvIfs,not_found,0.0000,,,
Jennifer Larmore; René Jacobs; Concerto Köln; George Frideric Handel,"Giulio Cesare in Egitto, HWV 17, Atto III, Scena 4: ""Dall' ondoso"" & ""Aure, deh, per pietà",1387,hzE5XBoVpJc,https://music.youtube.com/watch?v=hzE5XBoVpJc,not_found,0.0000,,,
Rafael Frühbeck de Burgos; Georges Bizet,"Carmen, Act 1: ""Quand je vous aimerai ?"" - Habanera. ""L'amour est un oiseau rebelle"" (Carmen, Chœur) (feat. Choeur du Théâtre National de l'Opéra de Paris & Grace Bumbry)",1388,JR6DH8Msf-w,https://music.youtube.com/watch?v=JR6DH8Msf-w,not_found,0.0000,,,
Христина Соловій,Тримай,1389,A4ud4WxXTEk,https://music.youtube.com/watch?v=A4ud4WxXTEk,not_found,0.0000,,,
William Maranci Mashups,Pizza Balloon Vol. II (FULL MIXTAPE),1390,NqxhVhvHdX8,https://music.youtube.com/watch?v=NqxhVhvHdX8,not_found,0.0000,,,
Luciano Pavarotti; National Philharmonic Orchestra; Giancarlo Chiaramello,De Curtis: Torna a Surriento (Arr. Chiaramello),1394,Z5pjO907UG0,https://music.youtube.com/watch?v=Z5pjO907UG0,not_found,0.0000,,,
Luciano Pavarotti; Giacomo Puccini,"Tosca: Tosca, Act III: E lucevan le stelle",1395,1SevF1IlHCI,https://music.youtube.com/watch?v=1SevF1IlHCI,manual_reject_broader,,,,
Luciano Pavarotti; Tom Krause; Pier Francesco Poli; Piero de Palma,"Puccini: Turandot, Act III: Nessun dorma – Tu che guardi le stelle",1397,lHoYk2mRuSQ,https://music.youtube.com/watch?v=lHoYk2mRuSQ,not_found,0.0000,,,
Luciano Pavarotti; Mariah Carey,Hero,1398,t3s-r18MLDI,https://music.youtube.com/watch?v=t3s-r18MLDI,manual_reject_broader,,,,
Luciano Pavarotti; National Philharmonic Orchestra; Giancarlo Chiaramello,"Di Capua, Mazzucchi: 'O sole mio (Orch. Chiaramello)",1399,R2xPqfD54F4,https://music.youtube.com/watch?v=R2xPqfD54F4,not_found,0.0000,,,
Luciano Pavarotti,"Nel blu, dipinto di blu (Volare)",1400,5ZQtRCcBy4A,https://music.youtube.com/watch?v=5ZQtRCcBy4A,manual_reject_broader,,,,
Meshuggah,They Move Below,1404,TM87DMK-q4o,https://music.youtube.com/watch?v=TM87DMK-q4o,not_found,0.0000,,,
Anima Tempo,Deceitful Idols,1409,ZeB4e87tkw4,https://music.youtube.com/watch?v=ZeB4e87tkw4,not_found,0.0000,,,
ТІК,Олені,1412,75XGMVRDj_A,https://music.youtube.com/watch?v=75XGMVRDj_A,not_found,0.0000,,,
Океан Ельзи,Квітка,1414,UKmbZb2Yxcc,https://music.youtube.com/watch?v=UKmbZb2Yxcc,not_found,0.0000,,,
Brian Eno; Bono; The Edge; Luciano Pavarotti,Miss Sarajevo (Live),1419,BHCkSIQQ0K4,https://music.youtube.com/watch?v=BHCkSIQQ0K4,not_found,0.0000,,,
Il Volo,Ti voglio tanto bene,1420,gd1l4Bj4WlA,https://music.youtube.com/watch?v=gd1l4Bj4WlA,manual_reject_broader,,,,
Andrea Bocelli; Orchestra Sinfonica di Milano Giuseppe Verdi; Steven Mercurio,Ti Voglio Tanto Bene,1421,68bBh9zhD_8,https://music.youtube.com/watch?v=68bBh9zhD_8,manual_reject_broader,,,,
Davy Jones Theme Suite,Hans Zimmer,1422,3TOzkCIaXjI,https://music.youtube.com/watch?v=3TOzkCIaXjI,not_found,0.0000,,,
Mario Lanza; MGM Studio Orchestra,"Serenade (featured in ""The Student Prince"")",1423,QKx3bqrg4a4,https://music.youtube.com/watch?v=QKx3bqrg4a4,manual_reject_broader,,,,
Сплин,Выхода нет,1424,o21YLdIvlUs,https://music.youtube.com/watch?v=o21YLdIvlUs,not_found,0.0000,,,
Александр Гум,Она ушла,1430,BAV_wBzMqR4,https://music.youtube.com/watch?v=BAV_wBzMqR4,not_found,0.0000,,,
"Günter Wehinger, Karin Nakagawa, Urs Wiesner, and Andrè Buser",Gnossienne 1,1432,ZeMCX7Bgzkk,https://music.youtube.com/watch?v=ZeMCX7Bgzkk,manual_reject_broader,,,,
Luciano Pavarotti; Sting,When We Dance (Live),1435,AFoQ-wA7VBI,https://music.youtube.com/watch?v=AFoQ-wA7VBI,manual_reject_broader,,,,
Вахид Аюбов,Опустилась ночь над Ленинградом,1437,m7XTePLCMHA,https://music.youtube.com/watch?v=m7XTePLCMHA,not_found,0.0000,,,
Blackhelm,Of Serpent and Stone,1439,eXILq9_rM7I,https://music.youtube.com/watch?v=eXILq9_rM7I,not_found,0.0000,,,
Luciano Pavarotti; Coro del Teatro Comunale di Bologna; Henry Mancini,De Curtis: Ti voglio tanto bene (Arr. Mancini),1440,k2mwbQj_wTc,https://music.youtube.com/watch?v=k2mwbQj_wTc,not_found,0.0000,,,
Тимерболат,Галерея памяти - Шахиды в судный день,1441,rYe-d5wSgt8,https://music.youtube.com/watch?v=rYe-d5wSgt8,not_found,0.0000,,,
Егор и Опизденевшие,Вечная весна,1442,AqfwEGUuvrA,https://music.youtube.com/watch?v=AqfwEGUuvrA,not_found,0.0000,,,
Stevie Ray Vaughan & Double Trouble,Little Wing,1443,Rj_NUS9hwxA,https://music.youtube.com/watch?v=Rj_NUS9hwxA,manual_reject_broader,,,,
Друга Ріка,Три хвилини,1449,nl0ax7LNNmk,https://music.youtube.com/watch?v=nl0ax7LNNmk,not_found,0.0000,,,
Константин Ступин,Когда я умер (Акустика 2014-2015),1453,gbSaNYCGoHI,https://music.youtube.com/watch?v=gbSaNYCGoHI,not_found,0.0000,,,
André Rieu,The Lonely Shepherd,1456,orL-w2QBiN8,https://music.youtube.com/watch?v=orL-w2QBiN8,manual_reject_broader,,,,
Pavarotti,Сaruso,1457,I8A61eY1Efg,https://music.youtube.com/watch?v=I8A61eY1Efg,not_found,0.0000,,,
Igorrr,Houmous recording,1470,1U-1h0_ifOc,https://music.youtube.com/watch?v=1U-1h0_ifOc,not_found,0.0000,,,
Mario Lanza; Franco Ferrara,Na sera 'e maggio (Redbook Stereo),1484,a0jPTlUwqzE,https://music.youtube.com/watch?v=a0jPTlUwqzE,not_found,0.0000,,,
"Luciano Pavarotti; Orchestra of the Royal Opera House, Covent Garden; Edward Downes; Giacomo Puccini","Puccini: Tosca, SC 69 / Act 3: ""E lucevan le stelle",1486,Z1rpgvxWPtQ,https://music.youtube.com/watch?v=Z1rpgvxWPtQ,not_found,0.0000,,,
Luciano Pavarotti; Wiener Volksopernorchester; Leone Magiera; Ruggero Leoncavallo,"Leoncavallo: Pagliacci / Act 1: ""Vesti la giubba",1487,iD8WFIA5IaI,https://music.youtube.com/watch?v=iD8WFIA5IaI,manual_reject_broader,,,,
Kassia; Ludwig van Beethoven,Beethoven: Sonata No. 17 Tempest 3rd Movement,1490,BB42Xx3IP88,https://music.youtube.com/watch?v=BB42Xx3IP88,not_found,0.0000,,,
Kassia,Chopin: Waltz Op. 64 No. 2,1496,2e-YhPmLfMI,https://music.youtube.com/watch?v=2e-YhPmLfMI,manual_reject_broader,,,,
Kassia,Chopin: Nocturne Op. 27 No. 2,1497,r0EGDymiDms,https://music.youtube.com/watch?v=r0EGDymiDms,not_found,0.0000,,,
Static-X,Terminal,1515,JwovnullOQ0,https://music.youtube.com/watch?v=JwovnullOQ0,manual_reject_broader,,,,
Static-X,Dead Souls,1517,z4TSyDavOqI,https://music.youtube.com/watch?v=z4TSyDavOqI,manual_reject_broader,,,,
Dope,You Spin Me Round (Like a Record),1522,duEzMp0ZhEA,https://music.youtube.com/watch?v=duEzMp0ZhEA,manual_reject_broader,,,,
"Пьеха Стас, Григорий Лепс",Она не твоя,1524,O-5DOjAoq3k,https://music.youtube.com/watch?v=O-5DOjAoq3k,not_found,0.0000,,,
Lana Del Rey,Ride,1526,oSyDuBGRa3w,https://music.youtube.com/watch?v=oSyDuBGRa3w,manual_reject_broader,,,,
Led Zeppelin,Kashmir (Remaster),1532,tzVJPgCn-Z8,https://music.youtube.com/watch?v=tzVJPgCn-Z8,not_found,0.0000,,,
ERIK SATIE Gnossienne 1,"Alessio Nanni, piano",1544,oOTpQpoHHaw,https://music.youtube.com/watch?v=oOTpQpoHHaw,not_found,0.0000,,,
Beethoven,"Symphony No.7 in A major op.92 - II, Allegretto",1545,vCHREyE5GzQ,https://music.youtube.com/watch?v=vCHREyE5GzQ,manual_reject_broader,,,,
БумБокс,Тримай мене (Acoustic Version) (feat. The Gitas),1547,axAKt_taYHk,https://music.youtube.com/watch?v=axAKt_taYHk,not_found,0.0000,,,
Okean Elzy,І я на небі,1548,hLPe_jGmxq0,https://music.youtube.com/watch?v=hLPe_jGmxq0,not_found,0.0000,,,
Скрябін,Мам,1549,-vqoUmQgT1M,https://music.youtube.com/watch?v=-vqoUmQgT1M,not_found,0.0000,,,
Океан Ельзи,Стріляй,1550,R_mi9O6JuTk,https://music.youtube.com/watch?v=R_mi9O6JuTk,not_found,0.0000,,,
Скрябін,"Люди, як кораблі",1551,FWH7lRJ6mPw,https://music.youtube.com/watch?v=FWH7lRJ6mPw,not_found,0.0000,,,
Josef Sakonov; London Festival Orchestra; Pyotr Ilyich Tchaikovsky,"Tchaikovsky: Valse sentimentale, Op. 51, No. 6",1553,xg9bgO-koPo,https://music.youtube.com/watch?v=xg9bgO-koPo,not_found,0.0000,,,
Luciano Pavarotti; Ida Bormida; Piero Cappuccilli; Julia Varady,"Mascagni: Cavalleria rusticana: ""Mamma, quel vino è generoso...Turiddu?! Che vuoi dire?",1555,rIRQ5ze9goo,https://music.youtube.com/watch?v=rIRQ5ze9goo,not_found,0.0000,,,
Erik Satie,Once Upon A Time In Paris,1560,b9WKC5sT9Z4,https://music.youtube.com/watch?v=b9WKC5sT9Z4,manual_reject_broader,,,,
Franz Liszt,Liebestraum - Love Dream,1561,KpOtuoHL45Y,https://music.youtube.com/watch?v=KpOtuoHL45Y,not_found,0.0000,,,
The USSR Ministry of Culture Chamber Choir,Hymn of the Cherubim (Excerpt),1562,XxepL6rzvW4,https://music.youtube.com/watch?v=XxepL6rzvW4,not_found,0.0000,,,
"The Orthodox Singers"" Male Choir, Choirmaster: Georgiy Smirnov",Do Not Reject In My Old Age,1563,SEbAlcSRs5U,https://music.youtube.com/watch?v=SEbAlcSRs5U,not_found,0.0000,,,
"The Orthodox Singers"" Male Choir, Choirmaster: Georgiy Smirnov",The Litany Of Supplication,1564,ac8V-dY7n6U,https://music.youtube.com/watch?v=ac8V-dY7n6U,not_found,0.0000,,,
Yoshihisa Hirano,Kingdom of Predators,1574,LooOkvPQQ2Y,https://music.youtube.com/watch?v=LooOkvPQQ2Y,not_found,0.0000,,,
Константин Ступин,Лёд и ветер (Акустика 2014-2015),1575,kvSFwkgZu8c,https://music.youtube.com/watch?v=kvSFwkgZu8c,not_found,0.0000,,,
Тимерболат,"Мама приезжай, ты меня забери",1578,DJMA1IXTWj0,https://music.youtube.com/watch?v=DJMA1IXTWj0,not_found,0.0000,,,
Веня Д'ркин,Нибелунг,1579,vIGF-sTBsHU,https://music.youtube.com/watch?v=vIGF-sTBsHU,not_found,0.0000,,,
Tina Turner,Goldeneye (2003 Remaster),1581,1_Aq5rQdPso,https://music.youtube.com/watch?v=1_Aq5rQdPso,not_found,0.0000,,,
Chopin,Relaxing Classical Music,1589,y1dbbrfekAM,https://music.youtube.com/watch?v=y1dbbrfekAM,not_found,0.0000,,,
Grissini Project,Howl's Moving Castle - Merry Go Round of Life,1590,63OT3_Lfy50,https://music.youtube.com/watch?v=63OT3_Lfy50,not_found,0.0000,,,
Grissini Project,Merry Go Round of Life (From Howl's Moving Castle Original Motion Picture Soundtrack),1591,sN0Cn1MTNU8,https://music.youtube.com/watch?v=sN0Cn1MTNU8,not_found,0.0000,,,
Океан Ельзи,Я так хочу...,1592,kKbuv7NAMTc,https://music.youtube.com/watch?v=kKbuv7NAMTc,not_found,0.0000,,,
"Victor Borba, Nick Totton, Patrick Russell, Cody Johnstone, and Eric Groot",This Fire Burns,1593,cr14ZwD2Moo,https://music.youtube.com/watch?v=cr14ZwD2Moo,not_found,0.0000,,,
Yoshihisa Hirano,In The Palace,1606,pucT5R6AV5o,https://music.youtube.com/watch?v=pucT5R6AV5o,not_found,0.0000,,,
Vadim Chaimovich,"Frédéric Chopin: Nocturne in E-Flat Major, Op. 9, No. 2",1608,Jz1gvBluvc8,https://music.youtube.com/watch?v=Jz1gvBluvc8,not_found,0.0000,,,
Deutschland Orchestra,The Soldiers,1615,CdnEtmhtcMY,https://music.youtube.com/watch?v=CdnEtmhtcMY,manual_reject_broader,,,,
Ambient Study Music To Concentrate,"4 Hours of Music for Studying, Concentration and Memory",1618,sjkrrmBnpGE,https://music.youtube.com/watch?v=sjkrrmBnpGE,not_found,0.0000,,,
CharlesBerthoud,When SYSTEM OF A DOWN only give you 60 seconds to audition,1626,xsH3tZ338DA,https://music.youtube.com/watch?v=xsH3tZ338DA,not_found,0.0000,,,
Meshuggah,Bleed - Tomas Haake - Wincent Drumsticks,1633,bAJ1WTGNISk,https://music.youtube.com/watch?v=bAJ1WTGNISk,not_found,0.0000,,,
Led Zeppelin,Kashmir (1990 Remaster),1637,SsaFBNvhceA,https://music.youtube.com/watch?v=SsaFBNvhceA,not_found,0.0000,,,
Led Zeppelin,"Kashmir (Live: O2 Arena, London - December 10, 2007)",1639,xK68DAzD0eM,https://music.youtube.com/watch?v=xK68DAzD0eM,not_found,0.0000,,,
Led Zeppelin,No Quarter (Remaster),1641,wdqDmJbm2eY,https://music.youtube.com/watch?v=wdqDmJbm2eY,not_found,0.0000,,,
Леонид Агутин; Therr Maitz,Что происходит? (LAB с Антоном Беляевым),1650,t3NYBr_QaEU,https://music.youtube.com/watch?v=t3NYBr_QaEU,not_found,0.0000,,,
Михаил Елизаров,Pro Testo,1657,I46-R1wBW84,https://music.youtube.com/watch?v=I46-R1wBW84,not_found,0.0000,,,
Михаил Елизаров,Селигер,1659,Dgy9hal5I7Y,https://music.youtube.com/watch?v=Dgy9hal5I7Y,not_found,0.0000,,,
Led Zeppelin,All My Love (1990 Remaster),1663,yYDh7lyqwms,https://music.youtube.com/watch?v=yYDh7lyqwms,manual_reject_broader,,,,
Михаил Елизаров,Пидарасы Одиночества,1665,roz_LD70HII,https://music.youtube.com/watch?v=roz_LD70HII,not_found,0.0000,,,
Static-X,Cannibal,1667,TPps3E0Teys,https://music.youtube.com/watch?v=TPps3E0Teys,manual_reject_broader,,,,
Whitney Houston,I Have Nothing,1675,pKnRHLqh4PY,https://music.youtube.com/watch?v=pKnRHLqh4PY,manual_reject_broader,,,,
Михаил Елизаров,"Отель ""Лето",1681,Je44HN1OrnI,https://music.youtube.com/watch?v=Je44HN1OrnI,not_found,0.0000,,,
Luciano Pavarotti; Mariah Carey; Orchestra Sinfonica Italiana; José Molina,Hero (Live),1686,CfzEIe7dlRs,https://music.youtube.com/watch?v=CfzEIe7dlRs,not_found,0.0000,,,
Pavarotti,Caruso (english subtitles),1690,iDEdZfnULIg,https://music.youtube.com/watch?v=iDEdZfnULIg,not_found,0.0000,,,
Eiro Nareth,Bandoleros (Fast&Furious Theme),1709,XFyjdUTUMBQ,https://music.youtube.com/watch?v=XFyjdUTUMBQ,not_found,0.0000,,,
Михаил Елизаров,Пар-голова,1710,H_ezAF1ZvUw,https://music.youtube.com/watch?v=H_ezAF1ZvUw,not_found,0.0000,,,
Отава Ё,"Ой, Дуся, ой, Маруся (казачья лезгинка)",1711,Jnpr-Rohu7U,https://music.youtube.com/watch?v=Jnpr-Rohu7U,not_found,0.0000,,,
Валерий Меладзе,Иностранец,1713,ZTJQhSea6xU,https://music.youtube.com/watch?v=ZTJQhSea6xU,not_found,0.0000,,,
Валерий Меладзе,The Best - Лучшее 2020,1714,0JhlT8CrRTs,https://music.youtube.com/watch?v=0JhlT8CrRTs,not_found,0.0000,,,
Михаил Елизаров,"Ариозо Чикатило ""Фенечка, здравствуй!..",1715,90uinveF_sM,https://music.youtube.com/watch?v=90uinveF_sM,not_found,0.0000,,,
Михаил Елизаров,Мама-Гуантанама,1717,s47eNxE9Lts,https://music.youtube.com/watch?v=s47eNxE9Lts,not_found,0.0000,,,
Михаил Елизаров,Инициатическая,1718,tnrSHPi-HP8,https://music.youtube.com/watch?v=tnrSHPi-HP8,not_found,0.0000,,,
рома майк,Босоніж,1720,DziNa-XGB-E,https://music.youtube.com/watch?v=DziNa-XGB-E,not_found,0.0000,,,
Just Do It,Tender Acoustic Version!,1728,qDQIon7SrOg,https://music.youtube.com/watch?v=qDQIon7SrOg,not_found,0.0000,,,
Infant Annihilator,Paedophilic Supremacy,1737,oBni1QiQNVs,https://music.youtube.com/watch?v=oBni1QiQNVs,not_found,0.0000,,,
Егор Летов,Никто не хотел умирать,1740,cb-lRR9DWtw,https://music.youtube.com/watch?v=cb-lRR9DWtw,not_found,0.0000,,,
Михаил Елизаров,Ебанутое счастье,1742,gyL6a0m9Q6Y,https://music.youtube.com/watch?v=gyL6a0m9Q6Y,not_found,0.0000,,,
Егор Летов,Кайф или больше,1743,pxu3NRhQzFA,https://music.youtube.com/watch?v=pxu3NRhQzFA,not_found,0.0000,,,
Flaer Smin,Wish You Were Here,1746,N_tJBqa-EQ0,https://music.youtube.com/watch?v=N_tJBqa-EQ0,manual_reject_broader,,,,
Михаил Елизаров,КОНДУКТОР,1756,U1FgauwrXDc,https://music.youtube.com/watch?v=U1FgauwrXDc,not_found,0.0000,,,
Михаил Елизаров,МЫ ЕДЕМ JEDEM DAS SEINE,1757,DS4JGToewj8,https://music.youtube.com/watch?v=DS4JGToewj8,not_found,0.0000,,,
Михаил Елизаров,ХОЛОДИЛЬНИК-ХОЛОДЕЦ,1758,7QnTiJHexUI,https://music.youtube.com/watch?v=7QnTiJHexUI,not_found,0.0000,,,
Егор Летов,Мне насрать на моё лицо (2021 Remastered Version),1759,ycBNZEZafAs,https://music.youtube.com/watch?v=ycBNZEZafAs,not_found,0.0000,,,
Михаил Елизаров,МАТРИЦА,1760,M3fbg2rAe-I,https://music.youtube.com/watch?v=M3fbg2rAe-I,not_found,0.0000,,,
Михаил Елизаров,Летчик-потребитель,1761,wWBqfoQkJ9Y,https://music.youtube.com/watch?v=wWBqfoQkJ9Y,not_found,0.0000,,,
Михаил Елизаров,Комендант,1762,vIZSwFI_ugw,https://music.youtube.com/watch?v=vIZSwFI_ugw,not_found,0.0000,,,
Константин Ступин,Ночью всякое бывает (Акустика 2014-2015),1763,UtLh8aoko24,https://music.youtube.com/watch?v=UtLh8aoko24,not_found,0.0000,,,
Михаил Елизаров,Солдатский Гранж,1764,pbozVGDYEmo,https://music.youtube.com/watch?v=pbozVGDYEmo,not_found,0.0000,,,
Константин Ступин,Пушистый хвост лисицы (Акустика 2014-2015),1765,yHC1oncZ8B4,https://music.youtube.com/watch?v=yHC1oncZ8B4,not_found,0.0000,,,
Ночная трость; Константин Ступин,Ганс (14.08.2016),1767,gx6faweC5g4,https://music.youtube.com/watch?v=gx6faweC5g4,not_found,0.0000,,,
Михаил Елизаров,Тональ и Нагваль,1768,evbvxnecO0Q,https://music.youtube.com/watch?v=evbvxnecO0Q,not_found,0.0000,,,
Михаил Елизаров,КВАРТИРА НА ПР. МИРА(2010),1769,yDZnx4sFrHM,https://music.youtube.com/watch?v=yDZnx4sFrHM,not_found,0.0000,,,
Back to The Rivers Of Belief (Complete),Enigma,1770,i-WxpWM6twY,https://music.youtube.com/watch?v=i-WxpWM6twY,not_found,0.0000,,,
Михаил Елизаров,АНТИФАШИСТСКАЯ ПЕСНЯ,1772,RV1j5_91OgU,https://music.youtube.com/watch?v=RV1j5_91OgU,not_found,0.0000,,,
Михаил Елизаров,Некрономикон,1774,OySiCE_bsR4,https://music.youtube.com/watch?v=OySiCE_bsR4,not_found,0.0000,,,
Михаил Елизаров,ТЮРЕМНАЯ,1775,X_kSwAjkkgw,https://music.youtube.com/watch?v=X_kSwAjkkgw,not_found,0.0000,,,
Егор Летов,Мне насрать на моё лицо,1776,qGHKIw6jxHE,https://music.youtube.com/watch?v=qGHKIw6jxHE,not_found,0.0000,,,
Михаил Елизаров,СОВЕТСКАЯ,1785,TdSpZF36OHg,https://music.youtube.com/watch?v=TdSpZF36OHg,not_found,0.0000,,,
Егор Летов,Харакири (2021 Remastered Version),1794,x06MOwnE6P0,https://music.youtube.com/watch?v=x06MOwnE6P0,not_found,0.0000,,,
Ирина Аллегрова,Императрица,1801,EgRWaldVG2E,https://music.youtube.com/watch?v=EgRWaldVG2E,not_found,0.0000,,,
Король и Шут,Воспоминания о былой любви,1802,3sNdqNJnhhM,https://music.youtube.com/watch?v=3sNdqNJnhhM,not_found,0.0000,,,
MORGENSHTERN ft. OBEME,ДУЛО (prod. checkoff),1806,qHgLyODFCQE,https://music.youtube.com/watch?v=qHgLyODFCQE,not_found,0.0000,,,
William Maranci Mashups,supermassive bottom jeans (muse x flo rida),1811,3kxXOnbHI08,https://music.youtube.com/watch?v=3kxXOnbHI08,not_found,0.0000,,,
Ti voglio tanto bene,Italian Song | Piano Accompaniment 伴奏用,1812,rcPJgpZVCcM,https://music.youtube.com/watch?v=rcPJgpZVCcM,manual_reject_broader,,,,
Jonas Kaufmann; Jochen Rieder; Rundfunk-Sinfonieorchester Berlin,Ti voglio tanto bene,1814,2nKHr_TBSuU,https://music.youtube.com/watch?v=2nKHr_TBSuU,not_found,0.0000,,,
TILL LINDEMANN,Любимый город,1823,reD1JDyvdvg,https://music.youtube.com/watch?v=reD1JDyvdvg,not_found,0.0000,,,
MORGENSHTERN ft. OBEME,Володя быдло! (prod. checkoff),1838,iZnEl3AD2TY,https://music.youtube.com/watch?v=iZnEl3AD2TY,not_found,0.0000,,,
MORGENSHTERN ft. OBEME,Vodka & ПИВО (prod. checkoff),1839,B6d0mZTClfc,https://music.youtube.com/watch?v=B6d0mZTClfc,not_found,0.0000,,,
Crazy Obeme,Axel F (prod. checkoff),1840,Z1lIl9ZVXdQ,https://music.youtube.com/watch?v=Z1lIl9ZVXdQ,manual_reject_broader,,,,
Tsutomu Torii,Sous Le Ciel De Paris,1841,LO8K29YeaNI,https://music.youtube.com/watch?v=LO8K29YeaNI,manual_reject_broader,,,,
Rousseau,Hungarian Rhapsody No. 2 (Liszt),1852,03Kf4tbSnGo,https://music.youtube.com/watch?v=03Kf4tbSnGo,not_found,0.0000,,,
George Harrison,My Sweet Lord,1854,6wHBsMoHFWs,https://music.youtube.com/watch?v=6wHBsMoHFWs,manual_reject_broader,,,,
Deathwhite,Funeral Ground,1857,3uRznLJnsuw,https://music.youtube.com/watch?v=3uRznLJnsuw,not_found,0.0000,,,
azotnyturbopascal,Солнце над Твин Пиксом,1864,N5IlSG49xa4,https://music.youtube.com/watch?v=N5IlSG49xa4,not_found,0.0000,,,
Godsmack,Awake (Official Acapella),1868,LaHQyRXmlIg,https://music.youtube.com/watch?v=LaHQyRXmlIg,not_found,0.0000,,,
Hello Relatives!,Bohemian Rhapsody (in G minor),1876,6g1nqamb31M,https://music.youtube.com/watch?v=6g1nqamb31M,manual_reject_broader,,,,
DJ Cummerbund,It's Raining Bloody Bodies,1879,Fz-ABmyvyVY,https://music.youtube.com/watch?v=Fz-ABmyvyVY,manual_reject_broader,,,,
William Maranci Mashups,hall of the soulja king,1880,7PuITsSoLN4,https://music.youtube.com/watch?v=7PuITsSoLN4,not_found,0.0000,,,
avbbav,Михаил Елизаров 29.03.14 — Лучший,1881,g-mWTPQj48A,https://music.youtube.com/watch?v=g-mWTPQj48A,not_found,0.0000,,,
avbbav,Летела речка,1882,_2IkG2OebIQ,https://music.youtube.com/watch?v=_2IkG2OebIQ,not_found,0.0000,,,
DJ Cummerbund,King Nobody,1883,BDFmUz0Njio,https://music.youtube.com/watch?v=BDFmUz0Njio,not_found,0.0000,,,
DJ Cummerbund,A Thousand Rapes,1884,QgAiN5NYlB4,https://music.youtube.com/watch?v=QgAiN5NYlB4,not_found,0.0000,,,
DJ Cummerbund,Long Train Culting,1885,0e5sPNm71fM,https://music.youtube.com/watch?v=0e5sPNm71fM,not_found,0.0000,,,
DJ Cummerbund,"Earth, Sand & Fire",1886,d6R8YpIC78Y,https://music.youtube.com/watch?v=d6R8YpIC78Y,not_found,0.0000,,,
DJ Cummerbund,Old Staind Road,1887,xTKlizBS9eA,https://music.youtube.com/watch?v=xTKlizBS9eA,not_found,0.0000,,,
avbbav,"Ледокол ""Красин",1891,DorEhjyK_eA,https://music.youtube.com/watch?v=DorEhjyK_eA,not_found,0.0000,,,
Реквием Моцарта (Requiem de Mozart,Lacrimosa - Karl Böhm - Sinfónica de Viena),1892,MlAuHoRXLes,https://music.youtube.com/watch?v=MlAuHoRXLes,not_found,0.0000,,,
Infernum,Royal Noises from Dead Kingdoms: The Music of Double King #06 - Felix Colgrave,1893,v0TWuQVUKLk,https://music.youtube.com/watch?v=v0TWuQVUKLk,not_found,0.0000,,,
Journey,Don't Stop Believin' But It's Dig by Mudvayne,1896,QK-boYW3CfA,https://music.youtube.com/watch?v=QK-boYW3CfA,not_found,0.0000,,,
Mudvayne,Dig live ozzfest,1899,G7LNWX3pU74,https://music.youtube.com/watch?v=G7LNWX3pU74,not_found,0.0000,,,
Mudvayne,Dig [CHIPMUNK Version],1910,3moq63pisjQ,https://music.youtube.com/watch?v=3moq63pisjQ,not_found,0.0000,,,
Slipknot,Psychosocial But It's Sexyback by Justin Timberlake,1916,o-vHiR-GCzs,https://music.youtube.com/watch?v=o-vHiR-GCzs,not_found,0.0000,,,
ВИА ГРА,Поцелуи,1919,kIaMS8i-2L0,https://music.youtube.com/watch?v=kIaMS8i-2L0,not_found,0.0000,,,
Gipsy Kings,No Volvere ( Amor Mio) / Un Amor,1920,Md2r0Fmpps0,https://music.youtube.com/watch?v=Md2r0Fmpps0,manual_reject_broader,,,,
Justin Bieber and Rob Zombie,Dragula Baby,1923,cj64226m_LU,https://music.youtube.com/watch?v=cj64226m_LU,not_found,0.0000,,,
London Symphony Orchestra,Stravinsky The Rite of Spring // London Symphony Orchestra/Sir Simon Rattle,1926,EkwqPJZe8ms,https://music.youtube.com/watch?v=EkwqPJZe8ms,not_found,0.0000,,,
Пахомушки International,Кирпичи-герои,1928,3EPyLF6Cakc,https://music.youtube.com/watch?v=3EPyLF6Cakc,not_found,0.0000,,,
Хлебные жуки,Зелёная батарейка (Неизданное 2014),1929,NbEy5C3AeU0,https://music.youtube.com/watch?v=NbEy5C3AeU0,not_found,0.0000,,,
Зелёный слоник,Where Is My Mind,1933,VhrT7gxlxfE,https://music.youtube.com/watch?v=VhrT7gxlxfE,not_found,0.0000,,,
Open Wound,Stranglehold EP,1935,OUttzDsNk_4,https://music.youtube.com/watch?v=OUttzDsNk_4,not_found,0.0000,,,
Rousseau,Minecraft (C418),1940,oMTp-iAHNFk,https://music.youtube.com/watch?v=oMTp-iAHNFk,not_found,0.0000,,,
Kassia; Ludwig van Beethoven,Beethoven: Moonlight Sonata 3rd Movement,1942,PUmOAm9lG4A,https://music.youtube.com/watch?v=PUmOAm9lG4A,not_found,0.0000,,,
Claude Debussy; Kassia,Debussy: Clair de Lune,1943,mtQ0A5Gak5A,https://music.youtube.com/watch?v=mtQ0A5Gak5A,not_found,0.0000,,,
Kassia; Pyotr Ilyich Tchaikovsky,Tchaikovsky: Piano Concerto No. 1,1944,h6sKSgiKD2g,https://music.youtube.com/watch?v=h6sKSgiKD2g,not_found,0.0000,,,
Kassia; Frédéric Chopin,Chopin: Nocturne Op. 9 No. 1,1945,ph7nsCIqcgI,https://music.youtube.com/watch?v=ph7nsCIqcgI,not_found,0.0000,,,
Kassia,Beethoven: Sonata No. 21 Waldstein 1st Movement,1946,4z6apjs0DLk,https://music.youtube.com/watch?v=4z6apjs0DLk,not_found,0.0000,,,
Kassia,Glinka/Balakirev: The Lark,1947,klogkmrXAYc,https://music.youtube.com/watch?v=klogkmrXAYc,not_found,0.0000,,,
Tchaikovsky,Waltz of the Flowers (The Nutcracker Suite),1951,1aR92yQUS7s,https://music.youtube.com/watch?v=1aR92yQUS7s,not_found,0.0000,,,
Rousseau,Moonlight Sonata - 3rd Movement (Beethoven),1952,u30LsgDAcKs,https://music.youtube.com/watch?v=u30LsgDAcKs,not_found,0.0000,,,
XAVLEGBMAOFFFASSSSITIMIWOAMNDUTROABCWAPWAEIIPPOHFFFX,GORE [OFFICIAL EP STREAM] (2016) SW EXCLUSIVE,1955,6ho9T2RmMJ8,https://music.youtube.com/watch?v=6ho9T2RmMJ8,not_found,0.0000,,,
Powfu; beabadoobee,death bed (coffee for your head),1972,JApegyYlvyY,https://music.youtube.com/watch?v=JApegyYlvyY,not_found,0.0000,,,
Notre Dame de Paris,Belle Subtitled English,1973,Lefbtf5jjbg,https://music.youtube.com/watch?v=Lefbtf5jjbg,not_found,0.0000,,,
Frank Sinatra,Strangers In The Night (2008 Remastered),1974,Fd_3EkGr0-4,https://music.youtube.com/watch?v=Fd_3EkGr0-4,not_found,0.0000,,,
Hayaino Daisuki,Blood,1977,opzf1ZGeda8,https://music.youtube.com/watch?v=opzf1ZGeda8,manual_reject_broader,,,,
Michael Bolton; Seal,When a Man Loves a Woman / It's a Man's Man's Man's World,1979,Ht3JrykyW74,https://music.youtube.com/watch?v=Ht3JrykyW74,not_found,0.0000,,,
Luciano Pavarotti; James Brown,It's A Man's World (Live),1980,qhtsnFhtIxg,https://music.youtube.com/watch?v=qhtsnFhtIxg,manual_reject_broader,,,,
Silencer,Death - Pierce Me,1982,V3HibSBlqbw,https://music.youtube.com/watch?v=V3HibSBlqbw,not_found,0.0000,,,
Tame Impala,The Less I Know the Better But It's Crawling by Linkin Park,1989,m02CCAkR-Mk,https://music.youtube.com/watch?v=m02CCAkR-Mk,manual_reject_broader,,,,
Linkin Park,Numb But It's Party Rock Anthem By LMFAO,1990,JnyMegOMDdM,https://music.youtube.com/watch?v=JnyMegOMDdM,not_found,0.0000,,,
Настасья Самбурская,фраер (Михаил Круг),1991,7oZuk_n-QmY,https://music.youtube.com/watch?v=7oZuk_n-QmY,not_found,0.0000,,,
Serj Tankian,Sky Is Over (Live) (feat. Auckland Philharmonia Orchestra & John Psathas),1995,WDaqeJqgD7M,https://music.youtube.com/watch?v=WDaqeJqgD7M,manual_reject_broader,,,,
System of a Down,Toxicity But It's Bad Day By Daniel Powter,1997,dBfAN20t-m0,https://music.youtube.com/watch?v=dBfAN20t-m0,not_found,0.0000,,,
Oleg Skoblja,Golgofa,2000,fWjjZ1WgKfs,https://music.youtube.com/watch?v=fWjjZ1WgKfs,not_found,0.0000,,,
D̲e̲a̲t̲h̲,S̲y̲m̲b̲o̲l̲i̲c̲ (1995),2002,ld4Hd_zyJa4,https://music.youtube.com/watch?v=ld4Hd_zyJa4,not_found,0.0000,,,
OblivionFall | AD,Welcome To The Cum Zone,2003,j0lN0w5HVT8,https://music.youtube.com/watch?v=j0lN0w5HVT8,not_found,0.0000,,,
Rousseau,Dance of the Sugar Plum Fairy - The Nutcracker Suite (Tchaikovsky),2005,0aYAVB0g2BE,https://music.youtube.com/watch?v=0aYAVB0g2BE,not_found,0.0000,,,
Rousseau,Marche Funèbre - Funeral March (Chopin),2006,Ds2X0QPtxm4,https://music.youtube.com/watch?v=Ds2X0QPtxm4,not_found,0.0000,,,
Михаил Шуфутинский,Третье сентября (3-е сентября),2007,PQ02jz-UgeA,https://music.youtube.com/watch?v=PQ02jz-UgeA,manual_reject,0.2370,Песнь 3,Батюшка,Ogm1NL
Grégoire Blanc,Debussy - « Clair de Lune » on the theremin,2008,PjnaciNT-wQ,https://music.youtube.com/watch?v=PjnaciNT-wQ,not_found,0.0000,,,
Devin Townsend; Devin Townsend Project,Deadhead (Live),2009,MvBSI2JE6tA,https://music.youtube.com/watch?v=MvBSI2JE6tA,not_found,0.0000,,,
Eminem,"Lose Yourself But It's 4'33"" by John Cage",2015,LbsUzqBGLLE,https://music.youtube.com/watch?v=LbsUzqBGLLE,manual_reject_broader,,,,
Rousseau,Nocturne in E Flat Major - Op. 9 No. 2 (Chopin),2017,jp7euLdd3is,https://music.youtube.com/watch?v=jp7euLdd3is,manual_reject_broader,,,,
Itzhak Perlman,"24 Caprices, Op. 1: No. 24 in A Minor",2018,YxPTb0I3SrU,https://music.youtube.com/watch?v=YxPTb0I3SrU,not_found,0.0000,,,
Alexander Markov,"24 Caprices, Op. 1: No. 24 in A Minor",2020,_AITvKVqeLE,https://music.youtube.com/watch?v=_AITvKVqeLE,not_found,0.0000,,,
Михаил Елизаров,ХУЁВОЕ МЕСТО,2024,XH6NGA3Ig6o,https://music.youtube.com/watch?v=XH6NGA3Ig6o,not_found,0.0000,,,
Михаил Елизаров,ЮРКА,2025,1aewOPHU4D8,https://music.youtube.com/watch?v=1aewOPHU4D8,not_found,0.0000,,,
Михаил Елизаров,БЕРРИМОР,2026,OnZFyphLodk,https://music.youtube.com/watch?v=OnZFyphLodk,not_found,0.0000,,,
John Kalligan,20000 Лет (MuzClass LIVE),2032,wp8VG_5rvkU,https://music.youtube.com/watch?v=wp8VG_5rvkU,not_found,0.0000,,,
Михаил Елизаров,ДОБРЫЙ МАНЬЯК ТИХОН,2034,FHjyotbglSY,https://music.youtube.com/watch?v=FHjyotbglSY,not_found,0.0000,,,
Валерий Меладзе,Сэра,2035,VNtmO1fy03M,https://music.youtube.com/watch?v=VNtmO1fy03M,not_found,0.0000,,,
Vacuum,"I Breathe"" (1997 год)",2036,gdcv7Shi9rM,https://music.youtube.com/watch?v=gdcv7Shi9rM,not_found,0.0000,,,
PSY,GENTLEMAN,2038,Y7n5JX0zxSw,https://music.youtube.com/watch?v=Y7n5JX0zxSw,manual_reject,0.8382,I'm a Gentleman,Psyche,0R87PK
Ислам Итляшев,Салам алейкум братьям,2039,uO3R2IBRcIc,https://music.youtube.com/watch?v=uO3R2IBRcIc,not_found,0.0000,,,
Ляпис Трубецкой,Капитал,2040,RbrkbUv66xk,https://music.youtube.com/watch?v=RbrkbUv66xk,not_found,0.0000,,,
ВИА ГРА,Попытка No 5,2041,g_5djgZTsro,https://music.youtube.com/watch?v=g_5djgZTsro,not_found,0.0000,,,
Brushy One String,Brushy One String | Grey In My Blue,2043,0JTZ4kbe8Wg,https://music.youtube.com/watch?v=0JTZ4kbe8Wg,not_found,0.0000,,,
Brushy One String,Brushy One String | Just Want To Be Me,2047,MfAqRlP8kkk,https://music.youtube.com/watch?v=MfAqRlP8kkk,not_found,0.0000,,,
Static-X,S.O.M.,2070,t5OSfEo7LKQ,https://music.youtube.com/watch?v=t5OSfEo7LKQ,manual_reject_broader,,,,
Static-X,Push It (Vocals Only + Backing Vocals),2078,v6trccLcDIA,https://music.youtube.com/watch?v=v6trccLcDIA,manual_reject_broader,,,,
DJ Cummerbund,Play That Funky Music Rammstein,2079,tcUB-3lud60,https://music.youtube.com/watch?v=tcUB-3lud60,not_found,0.0000,,,
DJ Cummerbund,Mundian To Bach Nu,2080,KmXCdPSDsmg,https://music.youtube.com/watch?v=KmXCdPSDsmg,not_found,0.0000,,,
Queen,Bohemian Rhapsody Performed in 42 Styles,2090,8ydY8-Uzah8,https://music.youtube.com/watch?v=8ydY8-Uzah8,manual_reject_broader,,,,
William Maranci Mashups,"System of a Down - B.Y.O.B. But it's Take Me Home, Country Roads",2091,zdohpTAFQqE,https://music.youtube.com/watch?v=zdohpTAFQqE,not_found,0.0000,,,
M'siou Rigolitch,Major Scaled # 01 : 'Nothing Else Majeur' (Metallica's Famous Ballad with Major Scale),2092,h7FzLX0Ql8M,https://music.youtube.com/watch?v=h7FzLX0Ql8M,not_found,0.0000,,,
HOMIE,Безумно можно быть первым,2096,8IlRPs975Ew,https://music.youtube.com/watch?v=8IlRPs975Ew,not_found,0.0000,,,
Devin Townsend,Stormbending ! Live Plovdiv (Blu-Ray),2102,xd8eCAh0oNw,https://music.youtube.com/watch?v=xd8eCAh0oNw,not_found,0.0000,,,
Devin Townsend Project,Bastard (Live),2104,ysRy9_yrcZw,https://music.youtube.com/watch?v=ysRy9_yrcZw,not_found,0.0000,,,
Radio Tapok,Атака мертвецов,2106,f1nMhSP6VAE,https://music.youtube.com/watch?v=f1nMhSP6VAE,not_found,0.0000,,,
RADIO TAPOK,Square Hammer,2108,oiIDauWWH94,https://music.youtube.com/watch?v=oiIDauWWH94,not_found,0.0000,,,
Signs of the Swarm,Cesspool of Ignorance,2119,DHSmbbGCBfg,https://music.youtube.com/watch?v=DHSmbbGCBfg,not_found,0.0000,,,
Gutalax,Strejda Donald,2120,-Dcbe45yG_c,https://music.youtube.com/watch?v=-Dcbe45yG_c,not_found,0.0000,,,
Пионерлагерь Пыльная Радуга,Пшлнхй,2124,PB91hGOrZVY,https://music.youtube.com/watch?v=PB91hGOrZVY,not_found,0.0000,,,
Пророк Сан Бой,Остров (rock версия),2129,nl8JxdX3A-g,https://music.youtube.com/watch?v=nl8JxdX3A-g,not_found,0.0000,,,
Босиком по солнцу,А по тёмным улицам гуляет дождь (Одинокий вечер 2001),2131,-xxWaHZShZQ,https://music.youtube.com/watch?v=-xxWaHZShZQ,not_found,0.0000,,,
Oleg Skoblja,Rekviem,2134,zNpxYQUd-E8,https://music.youtube.com/watch?v=zNpxYQUd-E8,not_found,0.0000,,,
Porcupine Tree,Anesthetize (Live),2138,nqCRnZr_03I,https://music.youtube.com/watch?v=nqCRnZr_03I,not_found,0.0000,,,
Devin Townsend Project,The Death of Music (Live),2142,u2sDQ_6DrtM,https://music.youtube.com/watch?v=u2sDQ_6DrtM,not_found,0.0000,,,
Joy,Touch By Touch (Touch Maxi Version),2144,PkiC3j--1tY,https://music.youtube.com/watch?v=PkiC3j--1tY,not_found,0.0000,,,
William Maranci Mashups,Imagine Dragons - U.S.S.R. National Anthem,2165,V7KM3dEO6ZY,https://music.youtube.com/watch?v=V7KM3dEO6ZY,not_found,0.0000,,,
THY ART IS MURDER,Son Of Misery - Bloodstock 2019,2169,fTzmBmrd_2Y,https://music.youtube.com/watch?v=fTzmBmrd_2Y,not_found,0.0000,,,
Владимир Дантес,Оля,2189,XhUKp4_j4V4,https://music.youtube.com/watch?v=XhUKp4_j4V4,not_found,0.0000,,,
Bach,"Air on the G string"" played with air on the G string (w/air compressor)",2191,GxNU4Dkxggk,https://music.youtube.com/watch?v=GxNU4Dkxggk,not_found,0.0000,,,
Пророк Санбой,Пророк Санбой РАССВЕТ 1992,2192,JRVjBSagvQs,https://music.youtube.com/watch?v=JRVjBSagvQs,not_found,0.0000,,,
Eagles feat М.Круг,Central California (Владимирский отель),2194,nfDf9HdG_jg,https://music.youtube.com/watch?v=nfDf9HdG_jg,not_found,0.0000,,,
Devin Townsend Project,Deadhead (Live),2199,MCKMdU6ed5g,https://music.youtube.com/watch?v=MCKMdU6ed5g,not_found,0.0000,,,
Dobranotch,В Семнадцатом Году,2209,XsdmtDf5DXw,https://music.youtube.com/watch?v=XsdmtDf5DXw,not_found,0.0000,,,
Псой Короленко,Невский проспект,2210,E3iRthrh9m4,https://music.youtube.com/watch?v=E3iRthrh9m4,not_found,0.0000,,,
Old Roman chant,Kyrie eleison,2211,KDJtBh3LGJg,https://music.youtube.com/watch?v=KDJtBh3LGJg,not_found,0.0000,,,
"Miserere mei, Deus",Allegri - Tenebrae conducted by Nigel Short,2213,H3v9unphfi0,https://music.youtube.com/watch?v=H3v9unphfi0,not_found,0.0000,,,
Marcel Pérès; Ensemble Organum,Gradual of Eleanor of Brittany: Kyrie: Orbis factor,2214,p0w8GD4y0cY,https://music.youtube.com/watch?v=p0w8GD4y0cY,not_found,0.0000,,,
Jared Dines,The Biggest Shred Collab Song in the World III,2215,3Z0c378AMYw,https://music.youtube.com/watch?v=3Z0c378AMYw,not_found,0.0000,,,
"Nocturne ""Reverie"" Op. 19",Giulio Regondi,2216,mxi9843_NUk,https://music.youtube.com/watch?v=mxi9843_NUk,not_found,0.0000,,,
Acrania,Exterminate the Liberated,2220,I6-rek-tfrw,https://music.youtube.com/watch?v=I6-rek-tfrw,not_found,0.0000,,,
Zurab Sotkilava,Ti voglio tanto bene,2225,ypWppC8xO4k,https://music.youtube.com/watch?v=ypWppC8xO4k,manual_reject_broader,,,,
Sale Only,Палай,2227,Mq54BueWKbA,https://music.youtube.com/watch?v=Mq54BueWKbA,not_found,0.0000,,,
Dwayne Johnson; Disney,You're Welcome,2230,CTvjhbfrgEY,https://music.youtube.com/watch?v=CTvjhbfrgEY,manual_reject_broader,,,,
Михаил Круг; Михаил Гулько,Купола [Золотые купола],2235,gi4PS6AXyS8,https://music.youtube.com/watch?v=gi4PS6AXyS8,not_found,0.0000,,,
Jared Dines,The Saxy Djent Song,2237,CJB_DaCa6_U,https://music.youtube.com/watch?v=CJB_DaCa6_U,not_found,0.0000,,,
Pyotr Ilyich Tchaikovsky,Hymn of the Cherubim,2240,OPlK5HwFxcw,https://music.youtube.com/watch?v=OPlK5HwFxcw,manual_reject_broader,,,,
Antonina Lisohorska,"choir DUDARYK - Air ""on the G string"" by J. S. Bach (arr. MLK)",2242,MWwa2soslig,https://music.youtube.com/watch?v=MWwa2soslig,not_found,0.0000,,,
Rousseau,Air (Bach),2244,SFtQoqpdrzk,https://music.youtube.com/watch?v=SFtQoqpdrzk,not_found,0.0000,,,
Matt Mulholland,My Heart Will Go On - Recorder By Candlelight by Matt Mulholland,2253,X2WH8mHJnhM,https://music.youtube.com/watch?v=X2WH8mHJnhM,manual_reject_broader,,,,
Михей,Cука-любовь,2254,2Ax_KKk0nF4,https://music.youtube.com/watch?v=2Ax_KKk0nF4,not_found,0.0000,,,
Pianoбой,Так добре з тобою,2256,ZdLVw-mCR4A,https://music.youtube.com/watch?v=ZdLVw-mCR4A,not_found,0.0000,,,
Vitas,Opera #2,2259,8-qZD6XHVCA,https://music.youtube.com/watch?v=8-qZD6XHVCA,not_found,0.0000,,,
БумБокс; The Gitas,Тримай мене,2260,PErsengn-ZQ,https://music.youtube.com/watch?v=PErsengn-ZQ,not_found,0.0000,,,
Greig,Anitra's Dance,2267,8MOaRs9SF6A,https://music.youtube.com/watch?v=8MOaRs9SF6A,manual_reject_broader,,,,
Bring Me The VITAS,Can You Feel My 7th Element,2268,AaTnCiegnqg,https://music.youtube.com/watch?v=AaTnCiegnqg,manual_reject_broader,,,,
"The Orthodox Singers"" Male Choir, Choirmaster: Georgiy Smirnov","Verily, He Is Worthy",2275,JTb2p_N5zbc,https://music.youtube.com/watch?v=JTb2p_N5zbc,not_found,0.0000,,,
Зануда,Нахуй (feat. П.Ё.С. & Манька),2284,2SV0OjsTk6w,https://music.youtube.com/watch?v=2SV0OjsTk6w,not_found,0.0000,,,
Sodom,M-16 (2021 - Remaster),2288,fVAptMz283k,https://music.youtube.com/watch?v=fVAptMz283k,not_found,0.0000,,,
Dying Fetus,Grotesque Impalement (LIVE @ Summer Breeze Open Air 2016),2290,cK8dbiyGydc,https://music.youtube.com/watch?v=cK8dbiyGydc,manual_reject_broader,,,,
Patrik Pietschmann,Skyrim - Dragonborn (Piano Version),2297,1PetRVcM2sk,https://music.youtube.com/watch?v=1PetRVcM2sk,not_found,0.0000,,,
Aaron Lewis,Outside [Family Values Live Version] (feat. Fred Durst),2300,wlErVKh1ewg,https://music.youtube.com/watch?v=wlErVKh1ewg,not_found,0.0000,,,
[LIVE DM] МВиПД,Какой Же Я Милый,2301,qcK2IcCy0Z0,https://music.youtube.com/watch?v=qcK2IcCy0Z0,not_found,0.0000,,,
HADREN,Shira Falkowitz & Yitzy Rosinger - Acapella הדרן ווקאלי - שירה פולקוביץ וילד הפלא,2305,gRpA7-10clI,https://music.youtube.com/watch?v=gRpA7-10clI,not_found,0.0000,,,
B’chol Yom . Yitsy Rosinger & Shira Choir,בכל יום - בביצוע ילד הפלא ייצי רוזינגר ומקהלת שירה,2306,XgzkLykUjpM,https://music.youtube.com/watch?v=XgzkLykUjpM,not_found,0.0000,,,
Freilach Band,"Meshoich - Beri Weber, Freilach & Shira Live! משוך - פריילך מארחת את וובר ושירה",2307,fOpV_6ZVlF8,https://music.youtube.com/watch?v=fOpV_6ZVlF8,not_found,0.0000,,,
Shlomo Yehuda Rechnitz,"אל הנער (feat. Motty Shteinmetz, Moishe Mendelowitz & Levi Lefkowitz)",2308,m6svdoGQnKE,https://music.youtube.com/watch?v=m6svdoGQnKE,not_found,0.0000,,,
Acrania,Gagged With Propaganda,2315,bWRYXvWp4FM,https://music.youtube.com/watch?v=bWRYXvWp4FM,not_found,0.0000,,,
Державний Гімн України,National Anthem of Ukraine - Rock version by Nicky Rubchenko,2320,1VCQDoYop64,https://music.youtube.com/watch?v=1VCQDoYop64,not_found,0.0000,,,
J. S. Bach: Air (Classical guitar),Per-Olov Kindgren,2326,FUPx42UmSng,https://music.youtube.com/watch?v=FUPx42UmSng,not_found,0.0000,,,
"The Orthodox Singers"" Male Choir, Choirmaster: Georgiy Smirnov",We Bow Down Before Your Cross,2329,9r6viiU5-Ss,https://music.youtube.com/watch?v=9r6viiU5-Ss,not_found,0.0000,,,
Lord Vinheteiro,9 Russian Songs You ́ve Heard And Don ́t Know The Name,2332,L-vN3x2Am6g,https://music.youtube.com/watch?v=L-vN3x2Am6g,not_found,0.0000,,,
Скрябін,Місця Щасливих Людей,2338,9AverhY6qAo,https://music.youtube.com/watch?v=9AverhY6qAo,not_found,0.0000,,,
Океан Ельзи,Ордени (Хіба нам не сниться),2343,HL3QxRcFde0,https://music.youtube.com/watch?v=HL3QxRcFde0,not_found,0.0000,,,
Михей,Сука Любовь,2344,AccbNbqN2RQ,https://music.youtube.com/watch?v=AccbNbqN2RQ,not_found,0.0000,,,
Ёлка,На большом воздушном шаре,2346,F3SZZVmv0Ic,https://music.youtube.com/watch?v=F3SZZVmv0Ic,not_found,0.0000,,,
Земфира,ХОЧЕШЬ?,2347,iz6S2a94Gy4,https://music.youtube.com/watch?v=iz6S2a94Gy4,not_found,0.0000,,,
Menstrual Cocktail,Prolapse Job (Full Demo),2351,Hr0dN262Lt0,https://music.youtube.com/watch?v=Hr0dN262Lt0,not_found,0.0000,,,
Ёлка,Прованс,2352,8tBxbVEJ_LM,https://music.youtube.com/watch?v=8tBxbVEJ_LM,not_found,0.0000,,,
Brainstorm,Na Zare,2354,Cv5JJ8h03Ow,https://music.youtube.com/watch?v=Cv5JJ8h03Ow,not_found,0.0000,,,
Альянс,На заре (1987),2355,x4xCSVl833I,https://music.youtube.com/watch?v=x4xCSVl833I,not_found,0.0000,,,
Linkin Park,Enth E Nd (Kutmasta Kurt Reanimation) (feat. Motion Man),2358,KWS1bZVoaGQ,https://music.youtube.com/watch?v=KWS1bZVoaGQ,not_found,0.0000,,,
brbr DENG... But it's tuned down (Mudvayne,Dig),2363,x0BvEE4OIi0,https://music.youtube.com/watch?v=x0BvEE4OIi0,not_found,0.0000,,,
Oh Camper,Camper Song With,2364,innJxQM_-CE,https://music.youtube.com/watch?v=innJxQM_-CE,not_found,0.0000,,,
Alexandr Misko,Thrones Theme,2372,D5je-gDRwZk,https://music.youtube.com/watch?v=D5je-gDRwZk,not_found,0.0000,,,
Shira Choir,Zusha Songs,2375,zAkdAwCj78c,https://music.youtube.com/watch?v=zAkdAwCj78c,not_found,0.0000,,,
John Kalligan,20000 лет (Live),2391,4Jh_MFRs2NQ,https://music.youtube.com/watch?v=4Jh_MFRs2NQ,not_found,0.0000,,,
Rudolf Baumgartner,The Best of Bach,2392,6JQm5aSjX6g,https://music.youtube.com/watch?v=6JQm5aSjX6g,manual_reject_broader,,,,
Oleg Skoblja,Poigray v ljubov,2393,hplsKo2WPz8,https://music.youtube.com/watch?v=hplsKo2WPz8,not_found,0.0000,,,
Alexandr Misko,Dubstep Guitar 2019,2394,Nr5iNLkdKmo,https://music.youtube.com/watch?v=Nr5iNLkdKmo,not_found,0.0000,,,
Patrik Pietschmann,Light of the Seven - Game of Thrones (Piano Version),2400,OCqMDeD6Fmc,https://music.youtube.com/watch?v=OCqMDeD6Fmc,not_found,0.0000,,,
Village People,YMCA (Original Version 1978),2401,7-F8wkjKWg8,https://music.youtube.com/watch?v=7-F8wkjKWg8,not_found,0.0000,,,
Ghost Shirt,Not In Nottingham | Sofar London,2404,bR24yRUl7mM,https://music.youtube.com/watch?v=bR24yRUl7mM,manual_reject_broader,,,,
Logan Kendell,Not in Nottingham,2405,g9Bii1q-65Y,https://music.youtube.com/watch?v=g9Bii1q-65Y,manual_reject_broader,,,,
מוטי שטיינמץ,צאינה וראינה - ישיבה עטרת שלמה | Motty Steinmetz - Tseno Ureno,2406,O9m5e-oPl5I,https://music.youtube.com/watch?v=O9m5e-oPl5I,not_found,0.0000,,,
Shira Choir Singing New Rechnitz,Medley at Kumzits Live מקהלת שירה/ רכניץ קומזיץ,2407,MnxO7LS4gq0,https://music.youtube.com/watch?v=MnxO7LS4gq0,not_found,0.0000,,,
Машина Времени,Однажды Мир Прогнется под Нас,2408,pa8tJbJkg7g,https://music.youtube.com/watch?v=pa8tJbJkg7g,not_found,0.0000,,,
Jew Boys,Im Hashem Lo Yivneh Bayis,2409,evrm-rTeTNY,https://music.youtube.com/watch?v=evrm-rTeTNY,not_found,0.0000,,,
Валерий Меладзе,Небеса,2411,HE1C1ZjfcMw,https://music.youtube.com/watch?v=HE1C1ZjfcMw,not_found,0.0000,,,
Егор Летов,Отряд не заметил потери бойца (2021 Remastered Version),2416,SxB4LkvQOSQ,https://music.youtube.com/watch?v=SxB4LkvQOSQ,not_found,0.0000,,,
Batushka,Litourgiya [Full - HD],2417,xgfa5UlZAL8,https://music.youtube.com/watch?v=xgfa5UlZAL8,not_found,0.0000,,,
Ани Лорак,Зеркала,2418,Fs8Q_JfRiDo,https://music.youtube.com/watch?v=Fs8Q_JfRiDo,not_found,0.0000,,,
Т. Буланова,Не плачь,2419,QsxBckAVRzY,https://music.youtube.com/watch?v=QsxBckAVRzY,not_found,0.0000,,,
Григорий Лепс & Ирина Аллегрова,Я тебе не верю,2422,QYNNOlqXC1s,https://music.youtube.com/watch?v=QYNNOlqXC1s,not_found,0.0000,,,
Конкурс от John Kalligan и Fender | IV,Панихида,2424,qrtoKtZ_fLo,https://music.youtube.com/watch?v=qrtoKtZ_fLo,not_found,0.0000,,,
Red Hot Chili Peppers,Dani California,2425,4FkfyssnHqU,https://music.youtube.com/watch?v=4FkfyssnHqU,manual_reject_broader,,,,
Rick-Grohl-ed,Nirvana vs Rick Astley - Never Gonna Give Your Teen Spirit up,2426,NN75im_us4k,https://music.youtube.com/watch?v=NN75im_us4k,not_found,0.0000,,,
Bitard671,Я титан (музыка без авторских прав),2429,5NxKeLeKm5U,https://music.youtube.com/watch?v=5NxKeLeKm5U,not_found,0.0000,,,
Тот самый Моисей Великанов,Я ЗНАМЕНИТОСТЬ (2018 клип),2431,fPSFmRalrcE,https://music.youtube.com/watch?v=fPSFmRalrcE,not_found,0.0000,,,
МВиПД,Универсальный Комментарий (Studio Live),2433,2sbpCbENkjo,https://music.youtube.com/watch?v=2sbpCbENkjo,not_found,0.0000,,,
МВиПД,Какой же я милый,2434,f79iXuSsUtI,https://music.youtube.com/watch?v=f79iXuSsUtI,not_found,0.0000,,,
Remco Hendriks,Fretless Fornication,2436,6-dNPDoyEbc,https://music.youtube.com/watch?v=6-dNPDoyEbc,not_found,0.0000,,,
Nekrosystem,No Relax Frank,2445,S5rCBdfYzPo,https://music.youtube.com/watch?v=S5rCBdfYzPo,not_found,0.0000,,,
Epic Rap Battles of History,Elon Musk vs Mark Zuckerberg,2451,XytGk-ijNJ0,https://music.youtube.com/watch?v=XytGk-ijNJ0,not_found,0.0000,,,
Валентин Стрыкало,Всё решено,2453,_Yq2QAhLt_w,https://music.youtube.com/watch?v=_Yq2QAhLt_w,not_found,0.0000,,,
Shinedown,Diamond Eyes (Boom-Lay Boom-Lay Boom),2459,ZboIu0IXf44,https://music.youtube.com/watch?v=ZboIu0IXf44,not_found,0.0000,,,
New Signature 7 String,playthrough of “chronosil” - Rob Scallon,2482,5KdiDCCUHlc,https://music.youtube.com/watch?v=5KdiDCCUHlc,not_found,0.0000,,,
F.B. Piano Anime,History Maker (Yuri!!! on ICE Opening),2483,xYzS1fgBGos,https://music.youtube.com/watch?v=xYzS1fgBGos,not_found,0.0000,,,
Patrik Pietschmann,Tetris Theme (piano version),2488,Ci5squuWW3Q,https://music.youtube.com/watch?v=Ci5squuWW3Q,not_found,0.0000,,,
Soften The Glare,Making Faces (2017) (Full Album),2493,fonDsCqxxT0,https://music.youtube.com/watch?v=fonDsCqxxT0,not_found,0.0000,,,
В траве сидел Кузнечик,Во Всех Стилях | Нескучный Коллаб,2495,CINERx2q7sc,https://music.youtube.com/watch?v=CINERx2q7sc,not_found,0.0000,,,
RADIO TAPOK,Wrong Side of Heaven,2496,mRqYHeOtSUo,https://music.youtube.com/watch?v=mRqYHeOtSUo,not_found,0.0000,,,
Bassists Alliance,Forecast (Ryan Martinie & Leonid Maksimov),2503,_qScajDUBn4,https://music.youtube.com/watch?v=_qScajDUBn4,not_found,0.0000,,,
John Kalligan,Панихида (Live),2507,JSUAfDr4ZKI,https://music.youtube.com/watch?v=JSUAfDr4ZKI,not_found,0.0000,,,
Bizet: Carmen-Toreador song,Laurent Naouri,2508,e5qmSEvDEGs,https://music.youtube.com/watch?v=e5qmSEvDEGs,not_found,0.0000,,,
Eiro Nareth,Rammstein Medley,2509,CNGYCIax1jA,https://music.youtube.com/watch?v=CNGYCIax1jA,not_found,0.0000,,,
The best voice in the world. Dimash Kudaibergenov,Opera 2 (2017),2510,anKmU1J0l9g,https://music.youtube.com/watch?v=anKmU1J0l9g,not_found,0.0000,,,
Mudvayne,"Mercy, Severity (Studio Vocals...mostly)",2511,h7qEzGMLE3g,https://music.youtube.com/watch?v=h7qEzGMLE3g,manual_reject_broader,,,,
System Of A Down,Suggestions live【Reading Festival | 60fps】,2513,3wsW1E55eV8,https://music.youtube.com/watch?v=3wsW1E55eV8,not_found,0.0000,,,
Mudvayne,"Pharmaecopia (Live - Bass ""Emphasized"")",2519,PYXUV4Ed-Bs,https://music.youtube.com/watch?v=PYXUV4Ed-Bs,not_found,0.0000,,,
Mudvayne,Not Falling (Live Rock Am Ring 2005),2521,NkkyZjNN8XI,https://music.youtube.com/watch?v=NkkyZjNN8XI,not_found,0.0000,,,
Mudvayne,Prod and Death Blooms,2524,wQgyZToVsto,https://music.youtube.com/watch?v=wQgyZToVsto,not_found,0.0000,,,
Mudvayne,Death Blooms Live,2528,EOvAy3evU3k,https://music.youtube.com/watch?v=EOvAy3evU3k,not_found,0.0000,,,
Hayaino Daisuki,Invincible Gate Mind EP (2010) Full Album HQ (Thrash/Melodic/Grind),2533,VGj7nmUy4PY,https://music.youtube.com/watch?v=VGj7nmUy4PY,not_found,0.0000,,,
Estas Tonne,Internal Flight @ 432 Hz,2535,A3uhsPEPfrk,https://music.youtube.com/watch?v=A3uhsPEPfrk,manual_reject_broader,,,,
Mudvaynefan968,Nothing To Gein [Rock Am Ring 2001],2542,iOH7TfNlMzs,https://music.youtube.com/watch?v=iOH7TfNlMzs,not_found,0.0000,,,
Rammstein,Links 2 3 4 (Live),2543,ZQlOdkCkNgI,https://music.youtube.com/watch?v=ZQlOdkCkNgI,not_found,0.0000,,,
Alex Terrible,Barbie Girl METAL VERSION,2551,1RW4HBRmY1s,https://music.youtube.com/watch?v=1RW4HBRmY1s,not_found,0.0000,,,
Остров в океане ане ане,ПРОРОК САН БОЙ (MemMusic #12),2552,rjvImL06_1k,https://music.youtube.com/watch?v=rjvImL06_1k,not_found,0.0000,,,
Mudvayne,Pharmaecopia Live [w/ Lyrics],2553,ojPbD3BIM9E,https://music.youtube.com/watch?v=ojPbD3BIM9E,not_found,0.0000,,,
Mudvayne,Severed Live [w/ Lyrics],2554,zwQQZPo3k_s,https://music.youtube.com/watch?v=zwQQZPo3k_s,not_found,0.0000,,,
Mudvayne,Nothing To Gein Live Ozzfest 2001!,2555,O2ZL2NPzWzQ,https://music.youtube.com/watch?v=O2ZL2NPzWzQ,not_found,0.0000,,,
Kurai,Breaking the Broken,2569,Fud3i1XNpDU,https://music.youtube.com/watch?v=Fud3i1XNpDU,manual_reject_broader,,,,
System Of A Down,B.Y.O.B. live (HD/DVD Quality),2579,w00v2zVkX9g,https://music.youtube.com/watch?v=w00v2zVkX9g,not_found,0.0000,,,
Cloud 9+,Hide the Pain,2580,gGh9vQOQoJ4,https://music.youtube.com/watch?v=gGh9vQOQoJ4,manual_reject_broader,,,,
Enjoykin,Полковник,2587,diLV_LkZK8w,https://music.youtube.com/watch?v=diLV_LkZK8w,not_found,0.0000,,,
MetallicA & Ozzy,Iron Man & Paranoid (RnR Hall of Fame '09),2591,x6LXp9uWQUk,https://music.youtube.com/watch?v=x6LXp9uWQUk,manual_reject_broader,,,,
Eiro Nareth,Interstellar Theme,2592,cslkGvmOFPg,https://music.youtube.com/watch?v=cslkGvmOFPg,not_found,0.0000,,,
Release,Big Enough Screaming Cowboy Meme (8 Bit Version),2593,c5End86ZGiA,https://music.youtube.com/watch?v=c5End86ZGiA,not_found,0.0000,,,
Epic Rap Battles of History,Rasputin vs Stalin,2602,QfQJOcdpGZQ,https://music.youtube.com/watch?v=QfQJOcdpGZQ,not_found,0.0000,,,
Alexandr Misko,Linkin Park - Numb (Old) (Alex Misko),2608,bc7JCxUlHOU,https://music.youtube.com/watch?v=bc7JCxUlHOU,not_found,0.0000,,,
E.Grieg,"Peer Gynt. Anitra's Dance . Suite No. 1, Op. 46. piano (Synthesia)",2618,BsUoOhm2_N4,https://music.youtube.com/watch?v=BsUoOhm2_N4,not_found,0.0000,,,
Feign,Dig (feat. Anthony Alexander),2625,MBIGMh1yg5U,https://music.youtube.com/watch?v=MBIGMh1yg5U,not_found,0.0000,,,
GREEN DAY,BOULEVARD OF BROKEN DREAMS - SHITTYFLUTED,2626,d4fsMPCv18I,https://music.youtube.com/watch?v=d4fsMPCv18I,not_found,0.0000,,,
Егор Летов,Всё идёт по плану (2021 Remastered Version),2627,mrRf9gsHzJM,https://music.youtube.com/watch?v=mrRf9gsHzJM,not_found,0.0000,,,
Srod Almenara,Game Of Thrones,2628,qv6jWWG3Ijw,https://music.youtube.com/watch?v=qv6jWWG3Ijw,manual_reject_broader,,,,
J. S. Bach,Toccata in D Minor - Konstandinos Boudounis - Solo Cello - live,2630,mmJim2h-byQ,https://music.youtube.com/watch?v=mmJim2h-byQ,manual_reject_broader,,,,
RADIO TAPOK,20 голосов | Русский рок | Пародии,2631,RSI_ZPdpuSM,https://music.youtube.com/watch?v=RSI_ZPdpuSM,not_found,0.0000,,,
QUEEN,BOHEMIAN RHAPSODY - SHITTYFLUTED,2635,aIcdj4UH9u0,https://music.youtube.com/watch?v=aIcdj4UH9u0,manual_reject_broader,,,,
Totality,Death Metal Friday,2639,7U7FizJjvD8,https://music.youtube.com/watch?v=7U7FizJjvD8,not_found,0.0000,,,
Pirates of the Caribbean,He ́s a pirate (organ) / Fluch der Karibik OST (Orgel),2640,xsm1Nd83rtY,https://music.youtube.com/watch?v=xsm1Nd83rtY,not_found,0.0000,,,
Rob Scallon,Psychosocial (feat. Leo Moracchioli),2647,TJfGoA6BP7I,https://music.youtube.com/watch?v=TJfGoA6BP7I,manual_reject_broader,,,,
Okilly Dokilly,White Wine Spritzer,2654,1mDT51Cb31A,https://music.youtube.com/watch?v=1mDT51Cb31A,not_found,0.0000,,,
Би-2,Полковнику никто не пишет,2655,ihOxsYme6pk,https://music.youtube.com/watch?v=ihOxsYme6pk,manual_reject,0.1927,Песнь 2,Батюшка,NOlZMp
Би-2,Варвара,2656,pLI54N-NOEs,https://music.youtube.com/watch?v=pLI54N-NOEs,manual_reject,0.0840,Песнь 2,Батюшка,NOlZMp
Korol i Shut,Танец злобного гения,2658,C48NTipyBXc,https://music.youtube.com/watch?v=C48NTipyBXc,not_found,0.0000,,,
Grissini Project,No Time for Caution (From “Interstellar”),2663,rOYhNTtjyW8,https://music.youtube.com/watch?v=rOYhNTtjyW8,not_found,0.0000,,,
Eddie van der Meer,Davy Jones Theme,2664,Kdd4_DXNb-s,https://music.youtube.com/watch?v=Kdd4_DXNb-s,not_found,0.0000,,,
Patrik Pietschmann,Game of Thrones Main Theme,2665,yZGBxiNPu3k,https://music.youtube.com/watch?v=yZGBxiNPu3k,not_found,0.0000,,,
System Of A Down,War? (Official HD Video),2669,F46r-_jPPHY,https://music.youtube.com/watch?v=F46r-_jPPHY,not_found,0.0000,,,
Patrik Pietschmann,Hans Zimmer - Inception - Time (Piano Version) + Sheet Music,2670,Dspmds_7mlI,https://music.youtube.com/watch?v=Dspmds_7mlI,not_found,0.0000,,,
Grissini Project,Davy Jones's Theme (From ''Pirates of the Caribbean''),2671,0VpeZ6wTe08,https://music.youtube.com/watch?v=0VpeZ6wTe08,not_found,0.0000,,,
Uriël,Interstellar Main Theme,2672,K5T0WWB_Dv0,https://music.youtube.com/watch?v=K5T0WWB_Dv0,not_found,0.0000,,,
THE DOORS,De La Fokoff Selection,2674,_Btn5KloZng,https://music.youtube.com/watch?v=_Btn5KloZng,manual_reject_broader,,,,
Ghost,"Ritual ""live"" Lollapalooza Chile 2016.",2676,F2CfL0L2-20,https://music.youtube.com/watch?v=F2CfL0L2-20,not_found,0.0000,,,
Gridscape,"Jacked-In - Album Previews (Release Date: April 3, 2017)",2679,VrUIiA4Au3g,https://music.youtube.com/watch?v=VrUIiA4Au3g,not_found,0.0000,,,
Metal Guitar Stuff / Tore Fagerheim,Ultimate Metal / Metalcore Gaming Music Compilation // NO VOCALS // Playlist,2681,a48_Q1b0nas,https://music.youtube.com/watch?v=a48_Q1b0nas,not_found,0.0000,,,
Pentatonix,Bohemian Rhapsody,2686,54wE05XxVww,https://music.youtube.com/watch?v=54wE05XxVww,not_found,0.0000,,,
Andy McKee,Guitar - Drifting - www.candyrat.com,2689,Ddn4MGaS3N4,https://music.youtube.com/watch?v=Ddn4MGaS3N4,not_found,0.0000,,,
RADIO TAPOK,Numb,2690,O8u61dQut1E,https://music.youtube.com/watch?v=O8u61dQut1E,manual_reject_broader,,,,
Smash Mouth,Shooting All Star,2701,ifY-5UZRamU,https://music.youtube.com/watch?v=ifY-5UZRamU,not_found,0.0000,,,
Ghost,"He Is (Live ""Grammis 2016"")",2702,xQm8Ssh4ynQ,https://music.youtube.com/watch?v=xQm8Ssh4ynQ,not_found,0.0000,,,
Anthony Vincent,Chop Suey (In the style of Ghost),2703,JRo4iWjCHcs,https://music.youtube.com/watch?v=JRo4iWjCHcs,not_found,0.0000,,,
Anthony Vincent,In The End,2706,yGI2efVvLrw,https://music.youtube.com/watch?v=yGI2efVvLrw,not_found,0.0000,,,
Anthony Vincent,Chop Suey in 20 Styles,2707,L451uSkE_1Q,https://music.youtube.com/watch?v=L451uSkE_1Q,not_found,0.0000,,,
Clhmes,EUFORIA,2708,yeTUjKUVYhM,https://music.youtube.com/watch?v=yeTUjKUVYhM,not_found,0.0000,,,
Epic Celtic Music-Benevolent Wolf Pack,March to War,2711,N8ORTiDU7Ss,https://music.youtube.com/watch?v=N8ORTiDU7Ss,not_found,0.0000,,,
Mark Fowler,Numb,2712,pak09eBXAO8,https://music.youtube.com/watch?v=pak09eBXAO8,not_found,0.0000,,,
Sungha Jung,Pirates of the Caribbean,2713,jUDJCZ4HplI,https://music.youtube.com/watch?v=jUDJCZ4HplI,not_found,0.0000,,,
We Are Number One but it's Darude,Sandstorm,2721,P6ESEvXiMPw,https://music.youtube.com/watch?v=P6ESEvXiMPw,manual_reject_broader,,,,
Pat&Stanley,The Lion Sleeps tonight,2740,mrOWDPkYyP0,https://music.youtube.com/watch?v=mrOWDPkYyP0,manual_reject_broader,,,,
Logan Epic Canto,Song of Glorious Life,2741,ngk--7Pihvc,https://music.youtube.com/watch?v=ngk--7Pihvc,not_found,0.0000,,,
Logan Epic Canto,Song of the Lonely Rocks,2743,sWAy5mj0INI,https://music.youtube.com/watch?v=sWAy5mj0INI,not_found,0.0000,,,
Enjoykin,Ламповая Няша,2748,cwJKjuyLv80,https://music.youtube.com/watch?v=cwJKjuyLv80,not_found,0.0000,,,
Tobi King,Loli Mou,2749,IXHqVnJx0yw,https://music.youtube.com/watch?v=IXHqVnJx0yw,not_found,0.0000,,,
Logan Epic Canto,Song Of The Round Table,2750,FjVpzztMmpw,https://music.youtube.com/watch?v=FjVpzztMmpw,not_found,0.0000,,,
Logan Epic Canto,The Song Of Excalibur,2751,eeG17loR0Hw,https://music.youtube.com/watch?v=eeG17loR0Hw,manual_reject_broader,,,,
Arija,Bespechnyy angel,2753,qXBORMBTfDs,https://music.youtube.com/watch?v=qXBORMBTfDs,not_found,0.0000,,,
JUST DO IT!!! ft. Shia LaBeouf,Songify This,2754,UhRXn2NRiWI,https://music.youtube.com/watch?v=UhRXn2NRiWI,not_found,0.0000,,,
Кино,Кукушка,2755,iXk8QXhr7Fk,https://music.youtube.com/watch?v=iXk8QXhr7Fk,not_found,0.0000,,,
Кипелов,Ya Svoboden,2756,WWGq-wlTLnk,https://music.youtube.com/watch?v=WWGq-wlTLnk,not_found,0.0000,,,
Кипелов,Vavilon,2757,D-J-H3Q3RKs,https://music.youtube.com/watch?v=D-J-H3Q3RKs,not_found,0.0000,,,
Enjoykin,Космос Будет Наш,2759,n-AdoTkXwbc,https://music.youtube.com/watch?v=n-AdoTkXwbc,not_found,0.0000,,,
Tyler Bates,Returns a King (Based Upon Themes by Elliot Goldenthal),2760,N5wBTBCRsmQ,https://music.youtube.com/watch?v=N5wBTBCRsmQ,not_found,0.0000,,,
Logan Epic Canto,Dance Around The Campfire,2765,aeqBHVEHgvk,https://music.youtube.com/watch?v=aeqBHVEHgvk,not_found,0.0000,,,
Logan Epic Canto,The Northern Route,2766,--XEAEmqMhI,https://music.youtube.com/watch?v=--XEAEmqMhI,not_found,0.0000,,,
Idina Menzel,"Let It Go (From ""Frozen""/Soundtrack Version)",2767,qSU560anReg,https://music.youtube.com/watch?v=qSU560anReg,not_found,0.0000,,,
Alex Boyé,Let It Go (feat. One Voice Childrens Choir),2768,_lbYQSRO6QA,https://music.youtube.com/watch?v=_lbYQSRO6QA,not_found,0.0000,,,
Rob Cantor,Shia LaBeouf Live,2769,5PltmYbSBss,https://music.youtube.com/watch?v=5PltmYbSBss,not_found,0.0000,,,
Enjoykin,Безысходность,2776,2d9q4r54fco,https://music.youtube.com/watch?v=2d9q4r54fco,not_found,0.0000,,,
Enjoykin,"Не унывайте, пацаны",2778,wE3svJxtND0,https://music.youtube.com/watch?v=wE3svJxtND0,not_found,0.0000,,,
Совергон,Где мой нож,2782,YmSg3VHmSPg,https://music.youtube.com/watch?v=YmSg3VHmSPg,not_found,0.0000,,,
Conchita Wurst,Austria: Rise Like a Phoenix,2783,SaolVEJEjV4,https://music.youtube.com/watch?v=SaolVEJEjV4,not_found,0.0000,,,
Final Hope,BGH Music (Epic Orchestra),2785,y3I_Drqk6wQ,https://music.youtube.com/watch?v=y3I_Drqk6wQ,not_found,0.0000,,,
Quest Pistols,Санта Лючия (СЛОВОБЛУД),2786,oyk3nUT-edU,https://music.youtube.com/watch?v=oyk3nUT-edU,not_found,0.0000,,,
Enjoykin,Жить по-пацански,2787,lJvvagxYoZ4,https://music.youtube.com/watch?v=lJvvagxYoZ4,not_found,0.0000,,,
Pirates of the Caribbean,He's a Pirate (Extended),2793,yRh-dzrI4Z4,https://music.youtube.com/watch?v=yRh-dzrI4Z4,not_found,0.0000,,,
Enjoykin,Пацан к успеху шел,2800,SkCKNdqkjbA,https://music.youtube.com/watch?v=SkCKNdqkjbA,not_found,0.0000,,,
DONI,"Борода (Премьера клипа, 2014)",2802,7mvqAEe58oM,https://music.youtube.com/watch?v=7mvqAEe58oM,not_found,0.0000,,,
Epic Sax Guy,"10 hours (original, HQ)",2803,q44qwyHlMfk,https://music.youtube.com/watch?v=q44qwyHlMfk,not_found,0.0000,,,
Группа КЕЙН,Новый,2806,0Ha-qxqWWIk,https://music.youtube.com/watch?v=0Ha-qxqWWIk,not_found,0.0000,,,
"Skrillex; Damian ""Jr Gong"" Marley",Make It Bun Dem,2808,vY6B8uj1plY,https://music.youtube.com/watch?v=vY6B8uj1plY,manual_reject_broader,,,,
