source_position,video_id,video_url,normalized_artists,normalized_title,original_artists,original_title,album,duration_seconds,key_of,mode,tempo,time_sig,open_key,match_status,match_score,match_reason,metadata_source,getsongbpm_song_id,getsongbpm_title,getsongbpm_artist,getsongbpm_uri,danceability,acousticness
1,QC0BBgOdspo,https://music.youtube.com/watch?v=QC0BBgOdspo,Rob Zombie,Superbeast,Rob Zombie,Superbeast,Hellbilly Deluxe,221,B,minor,152,4/4,3m,matched,1.0000,,GetSongBPM,zmrY,Superbeast,Rob Zombie,https://getsongbpm.com/song/superbeast/zmrY,50,1
3,jjnt-KS0ozE,https://music.youtube.com/watch?v=jjnt-KS0ozE,System Of A Down,Innervision,System Of A Down,Innervision,Steal This Album!,154,F,minor,120,4/4,9m,matched,1.0000,,GetSongBPM,VNOD9,Innervision,System of a Down,https://getsongbpm.com/song/innervision/VNOD9,45,1
6,eIp2atwDIDY,https://music.youtube.com/watch?v=eIp2atwDIDY,Static-X,Stem,Static-X,Stem,Wisconsin Death Trip,175,C,major,79,4/4,1d,manual_accept_broader,0.9760,,GetSongBPM,Elj3l,Stem,Static‐X,https://getsongbpm.com/song/stem/Elj3l,50,1
7,2t3LgcIOhx8,https://music.youtube.com/watch?v=2t3LgcIOhx8,Mudvayne,Seed,Mudvayne,Seed,The Beginning Of All Things To End,208,D,major,122,4/4,3d,matched,1.0000,,GetSongBPM,L8Q0j,Seed,Mudvayne,https://getsongbpm.com/song/seed/L8Q0j,37,1
8,ACNwMzZejQQ,https://music.youtube.com/watch?v=ACNwMzZejQQ,Lady Gaga,Just Dance (feat. Colby O'Donis),Lady Gaga,Just Dance (feat. Colby O'Donis),The Fame,242,C#,minor,117,4/4,5m,matched,1.0000,,GetSongBPM,xkYWgB,Just Dance,Lady Gaga,https://getsongbpm.com/song/just-dance/xkYWgB,82,4
9,RnkShwdXfyc,https://music.youtube.com/watch?v=RnkShwdXfyc,Eminem,Love The Way You Lie (feat. Rihanna),Eminem,Love The Way You Lie (feat. Rihanna),Recovery,264,A#,major,86,4/4,11d,matched,1.0000,,GetSongBPM,9QOQA4,Love the Way You Lie,Eminem,https://getsongbpm.com/song/love-the-way-you-lie/9QOQA4,75,25
10,CS4w-3IoIbY,https://music.youtube.com/watch?v=CS4w-3IoIbY,Pluffaduff,PromiscuousBack,Pluffaduff,PromiscuousBack,,217,,,,,,missing,,not_found,,,,,,,
12,sgaVOUE3pRM,https://music.youtube.com/watch?v=sgaVOUE3pRM,Serj Tankian,The Unthinking Majority,Serj Tankian,The Unthinking Majority,Elect the Dead,229,G#,major,119,4/4,9d,matched,1.0000,,GetSongBPM,M8lD8G,The Unthinking Majority,Serj Tankian,https://getsongbpm.com/song/the-unthinking-majority/M8lD8G,66,1
13,_bkbq7BBomA,https://music.youtube.com/watch?v=_bkbq7BBomA,Deftones,Pompeji,Deftones,Pompeji,Ohms,326,A,minor,147,3/4,1m,matched,1.0000,,GetSongBPM,x6Z9j9,Pompeji,Deftones,https://getsongbpm.com/song/pompeji/x6Z9j9,25,1
14,Zm_GfzD80hQ,https://music.youtube.com/watch?v=Zm_GfzD80hQ,Current Joys,Blondie,Current Joys,Blondie,Wild Heart,195,,,,,,missing,,manual_reject_broader,,,,,,,
15,GImHu7QWTEY,https://music.youtube.com/watch?v=GImHu7QWTEY,Schmalgauzen,уночі,Schmalgauzen,уночі,уночі,146,,,,,,missing,,not_found,,,,,,,
16,CLiDemXYSLc,https://music.youtube.com/watch?v=CLiDemXYSLc,Radiohead,Spectre,Radiohead,Spectre,Spectre,200,B,minor,98,,,manual_entry,1.0000,,manual,,,,,,
17,uxnPprzGCLY,https://music.youtube.com/watch?v=uxnPprzGCLY,slowme,my curse,slowme,my curse,my curse,136,,,,,,missing,,not_found,,,,,,,
18,Qy9LTRu89FA,https://music.youtube.com/watch?v=Qy9LTRu89FA,Mitski,My Love Mine All Mine,Mitski,My Love Mine All Mine,The Land Is Inhospitable and So Are We,138,A,major,114,,,manual_entry,1.0000,,manual,,,,,,
19,x-ir7VPMuqQ,https://music.youtube.com/watch?v=x-ir7VPMuqQ,Пиріг і Батіг,Ви знаєте як липа шелестить (06.05.1911),Пиріг і Батіг,Ви знаєте як липа шелестить (06.05.1911),Поетичний,169,,,,,,missing,,not_found,,,,,,,
20,QAXkeqs2o9g,https://music.youtube.com/watch?v=QAXkeqs2o9g,Mudvayne,IMN,Mudvayne,IMN,Lost and Found,352,G,major,128,4/4,2d,matched,1.0000,,GetSongBPM,2VPLN,IMN,Mudvayne,https://getsongbpm.com/song/imn/2VPLN,47,1
21,O6jQmBJzolc,https://music.youtube.com/watch?v=O6jQmBJzolc,Mudvayne,Fall Into Sleep,Mudvayne,Fall Into Sleep,Lost and Found,232,F,major,146,4/4,12d,matched,1.0000,,GetSongBPM,3WgMx,Fall Into Sleep,Mudvayne,https://getsongbpm.com/song/fall-into-sleep/3WgMx,47,1
22,aLZ1MFDZDk4,https://music.youtube.com/watch?v=aLZ1MFDZDk4,Cuckold Burger,Свин Герпатий,Дмитрий Ленковский,Cuckold Burger - Свин Герпатий,,187,,,,,,missing,,not_found,,,,,,,
23,v2R8icOeBEg,https://music.youtube.com/watch?v=v2R8icOeBEg,Mudvayne,King Of Pain,Mudvayne,King Of Pain,"By The People, For The People",277,B,minor,125,,,manual_entry,1.0000,,manual,,,,,,
24,T7KC7jUlQuk,https://music.youtube.com/watch?v=T7KC7jUlQuk,Ill Nino,I Am Loco,Ill Nino,I Am Loco,Revolution Revolucion,211,G,major,174,4/4,2d,matched,1.0000,,GetSongBPM,vl0vM,I Am Loco,Ill Niño,https://getsongbpm.com/song/i-am-loco/vl0vM,52,1
25,uqSsW7pZNeE,https://music.youtube.com/watch?v=uqSsW7pZNeE,Mudvayne,Some Assembly Required,Mudvayne,Some Assembly Required,The Beginning Of All Things To End,167,F,minor,92,4/4,9m,matched,1.0000,,GetSongBPM,N9VXN,Some Assembly Required,Mudvayne,https://getsongbpm.com/song/some-assembly-required/N9VXN,44,1
26,zFYWxrW28ms,https://music.youtube.com/watch?v=zFYWxrW28ms,Mudvayne,Cultivate,Mudvayne,Cultivate,The Beginning Of All Things To End,258,G,major,88,4/4,2d,matched,1.0000,,GetSongBPM,MQRNR,Cultivate,Mudvayne,https://getsongbpm.com/song/cultivate/MQRNR,43,1
27,ByBhN_X5nVg,https://music.youtube.com/watch?v=ByBhN_X5nVg,System Of A Down,Roulette,System Of A Down,Roulette,Steal This Album!,202,F,minor,129,4/4,9m,matched,1.0000,,GetSongBPM,92rz4,Roulette,System of a Down,https://getsongbpm.com/song/roulette/92rz4,48,56
28,t3QJtY214CM,https://music.youtube.com/watch?v=t3QJtY214CM,DYING FETUS,Kill your Mother / Rape your Dog,CannibaCorpse666,Kill your Mother  / Rape your Dog - DYING FETUS,,85,B,minor,152,4/4,3m,manual_accept_broader,1.0000,,GetSongBPM,l8X57,"Kill Your Mother, Rape Your Dog",Dying Fetus,https://getsongbpm.com/song/kill-your-mother-rape-your-dog/l8X57,36,1
29,DaH4Pd6zsXM,https://music.youtube.com/watch?v=DaH4Pd6zsXM,Serj Tankian,Harakiri,Serj Tankian,Harakiri,Harakiri,260,F,minor,136,4/4,9m,matched,1.0000,,GetSongBPM,JqApRK,Harakiri,Serj Tankian,https://getsongbpm.com/song/harakiri/JqApRK,51,1
30,USNr_n-NYmc,https://music.youtube.com/watch?v=USNr_n-NYmc,Ramin Djawadi; Serj Tankian,The Rains of Castamere,Ramin Djawadi; Serj Tankian,The Rains of Castamere,Game Of Thrones: Season 8 (Music from the HBO Series),225,C,minor,84,,,manual_entry,1.0000,,manual,,,,,,
31,HYoSsYPgRJo,https://music.youtube.com/watch?v=HYoSsYPgRJo,Serj Tankian,Sky Is Over,Serj Tankian,Sky Is Over,Elect the Dead,177,F,minor,103,4/4,9m,matched,1.0000,,GetSongBPM,QWpJW9,Sky Is Over,Serj Tankian,https://getsongbpm.com/song/sky-is-over/QWpJW9,55,4
32,vOo4k3oxo5Q,https://music.youtube.com/watch?v=vOo4k3oxo5Q,Пиріг і Батіг,Гаї шумлять (1913),Пиріг і Батіг,Гаї шумлять (1913),Поетичний,134,,,,,,missing,,not_found,,,,,,,
33,lgTMOQSQvHc,https://music.youtube.com/watch?v=lgTMOQSQvHc,Temple of Void,The Crawl,Temple of Void,The Crawl,The Crawl,317,C,major,101,,,manual_entry,1.0000,,manual,,,,,,
35,yjS8EeK-We0,https://music.youtube.com/watch?v=yjS8EeK-We0,Turnstile,SLOWDIVE,Turnstile,SLOWDIVE,NEVER ENOUGH,214,F#,major,167,,,manual_entry,1.0000,,manual,,,,,,
36,sg6jwDXpw9M,https://music.youtube.com/watch?v=sg6jwDXpw9M,Mastodon,Oblivion,Mastodon,Oblivion,Crack the Skye,347,F,minor,132,3/4,9m,matched,1.0000,,GetSongBPM,9D21V3,Oblivion,Mastodon,https://getsongbpm.com/song/oblivion/9D21V3,27,1
37,HtMxyNqQCH4,https://music.youtube.com/watch?v=HtMxyNqQCH4,Slipknot,Purity,Slipknot,Purity,Slipknot (10th Anniversary Edition),266,F#,major,166,4/4,7d,matched,0.9904,,GetSongBPM,NxlZN,Purity,Slipknot,https://getsongbpm.com/song/purity/NxlZN,29,1
38,7wNyotJ3T_w,https://music.youtube.com/watch?v=7wNyotJ3T_w,Static-X,Destroy All,Static-X,Destroy All,Shadow Zone,139,C#,major,125,4/4,8d,manual_accept_broader,0.9760,,GetSongBPM,pLv8y,Destroy All,Static‐X,https://getsongbpm.com/song/destroy-all/pLv8y,56,1
39,KhQWKdyN208,https://music.youtube.com/watch?v=KhQWKdyN208,Static-X,Otsegolation,Static-X,Otsegolation,Wisconsin Death Trip,213,E,minor,130,4/4,2m,manual_accept_broader,0.9760,,GetSongBPM,DRg3k,Otsegolation,Static‐X,https://getsongbpm.com/song/otsegolation/DRg3k,57,1
40,6oEe8Nw3kaY,https://music.youtube.com/watch?v=6oEe8Nw3kaY,Михаил Елизаров,Моя мать Ева Браун,махова гамова,Моя мать Ева Браун,,231,,,,,,missing,,not_found,,,,,,,
42,xwJDfeJJ6Tg,https://music.youtube.com/watch?v=xwJDfeJJ6Tg,Type O Negative,Everything Dies,Type O Negative,Everything Dies,World Coming Down,464,B,major,166,4/4,6d,matched,1.0000,,GetSongBPM,66PxV,Everything Dies,Type O Negative,https://getsongbpm.com/song/everything-dies/66PxV,25,1
43,aLjJ8iwG8UU,https://music.youtube.com/watch?v=aLjJ8iwG8UU,Deftones,my mind is a mountain,Deftones,my mind is a mountain,private music,171,F,major,81,,,manual_entry,1.0000,,manual,,,,,,
44,kuhGTiXWjok,https://music.youtube.com/watch?v=kuhGTiXWjok,Marilyn Manson,Blood Honey,Marilyn Manson,Blood Honey,Heaven Upside Down,251,A#,major,180,4/4,11d,matched,1.0000,,GetSongBPM,Dq5vQn,Blood Honey,Marilyn Manson,https://getsongbpm.com/song/blood-honey/Dq5vQn,42,1
45,WPlO_iEWFQc,https://music.youtube.com/watch?v=WPlO_iEWFQc,Marilyn Manson,Tainted Love,Marilyn Manson,Tainted Love,The Golden Age Of Grotesque,201,G#,major,142,,,manual_entry,1.0000,,manual,,,,,,
46,F2zJDTL6dh8,https://music.youtube.com/watch?v=F2zJDTL6dh8,Nirvana,You Know You're Right,Nirvana,You Know You're Right,Nirvana,217,F,minor,168,,,manual_entry,1.0000,,manual,,,,,,
47,80xgvSCwjAY,https://music.youtube.com/watch?v=80xgvSCwjAY,Metallica,St. Anger,Metallica,St. Anger,St. Anger,442,D,minor,185,4/4,12m,matched,1.0000,,GetSongBPM,mGjKA,St. Anger,Metallica,https://getsongbpm.com/song/stpoint-anger/mGjKA,25,1
48,_siJRgDlddY,https://music.youtube.com/watch?v=_siJRgDlddY,Alice In Chains,Nutshell,Alice In Chains,Nutshell,Jar Of Flies,260,D#,minor,136,,,manual_entry,1.0000,,manual,,,,,,
49,fZcAQ0kuw1s,https://music.youtube.com/watch?v=fZcAQ0kuw1s,Deftones,Rosemary,Deftones,Rosemary,Koi No Yokan,414,F,major,126,4/4,12d,matched,1.0000,,GetSongBPM,7LmW2w,Rosemary,Deftones,https://getsongbpm.com/song/rosemary/7LmW2w,29,2
50,epPjc73iT2w,https://music.youtube.com/watch?v=epPjc73iT2w,Beyond Remembrance,Alternate Resident Evil Save Room Music,Survival Spheres,Beyond Remembrance - Alternate Resident Evil Save Room Music,,606,,,,,,missing,,not_found,,,,,,,
51,2GXPV95nKJQ,https://music.youtube.com/watch?v=2GXPV95nKJQ,System Of A Down,Mind,System Of A Down,Mind,System Of A Down,377,G,major,143,4/4,2d,matched,1.0000,,GetSongBPM,31grp,Mind,System of a Down,https://getsongbpm.com/song/mind/31grp,44,1
52,2EShccuWJk4,https://music.youtube.com/watch?v=2EShccuWJk4,Deftones,976-EVIL,Deftones,976-EVIL,Diamond Eyes (Deluxe),273,C,major,78,4/4,1d,matched,0.9904,,GetSongBPM,r0NO26,976-EVIL,Deftones,https://getsongbpm.com/song/976-evil/r0NO26,25,1
53,i4CaamMGj9s,https://music.youtube.com/watch?v=i4CaamMGj9s,Eminem,No Love (feat. Lil Wayne),Eminem,No Love (feat. Lil Wayne),Recovery,300,B,major,129,4/4,6d,matched,1.0000,,GetSongBPM,32O2rn,No Love,Eminem,https://getsongbpm.com/song/no-love/32O2rn,53,12
54,uMeePhFHk_A,https://music.youtube.com/watch?v=uMeePhFHk_A,Joe Cocker,My Father's Son,Joe Cocker,My Father's Son,No Ordinary World,270,F,minor,96,4/4,9m,matched,1.0000,,GetSongBPM,Ro1JQR,My Father's Son,Joe Cocker,https://getsongbpm.com/song/my-father-s-son/Ro1JQR,74,9
55,R6KQUdYxfrw,https://music.youtube.com/watch?v=R6KQUdYxfrw,Vitaly Margulis; Frédéric Chopin,"Nocturnes, Op. 48: No. 1, Lento in C Minor",Vitaly Margulis; Frédéric Chopin,"Nocturnes, Op. 48: No. 1, Lento in C Minor",Best of Chopin,363,,,,,,missing,,not_found,,,,,,,
56,8eigWt26gfg,https://music.youtube.com/watch?v=8eigWt26gfg,Henrik Måwe; Frédéric Chopin,"Piano Sonata No. 2 in B Minor, Op. 35: III. Funeral March (Lento)",Henrik Måwe; Frédéric Chopin,"Piano Sonata No. 2 in B Minor, Op. 35: III. Funeral March (Lento)",Best of Chopin,505,,,,,,missing,,not_found,,,,,,,
57,1g3uqoXKmhE,https://music.youtube.com/watch?v=1g3uqoXKmhE,Rotting Christ,Fire God and Fear,Rotting Christ,Fire God and Fear,Fire God and Fear,290,F#,major,120,4/4,7d,matched,0.9328,,GetSongBPM,J8v01v,Fire God and Fear,Rotting Christ,https://getsongbpm.com/song/fire-god-and-fear/J8v01v,44,1
58,LPI4f_G9cdk,https://music.youtube.com/watch?v=LPI4f_G9cdk,Mohamed Youssef,Subhan Allah,Mohamed Youssef,Subhan Allah,Subhan Allah,221,,,,,,missing,,not_found,,,,,,,
59,nhgQYW_pYMs,https://music.youtube.com/watch?v=nhgQYW_pYMs,Hans Zimmer,I've Got My Eye On You,Hans Zimmer,I've Got My Eye On You,Pirates of the Caribbean:  Dead Man's Chest (Original Motion Picture Soundtrack),146,A#,major,80,,,manual_entry,1.0000,,manual,,,,,,
61,p0dHBWqnzNA,https://music.youtube.com/watch?v=p0dHBWqnzNA,Russell Simins,Comfortable Place,Russell Simins,Comfortable Place,Public Places,255,E,minor,144,4/4,2m,matched,1.0000,,GetSongBPM,qxQm1y,Comfortable Place,Russell Simins,https://getsongbpm.com/song/comfortable-place/qxQm1y,61,16
62,y1thKzyRxkU,https://music.youtube.com/watch?v=y1thKzyRxkU,Shira Choir,Mimkoimchu,shiezoli,"Mimkoimchu – Shira Choir ft. Zanvil Weinberger | ממקומך , מקהלת שירה וזנויל ויינברגר ווקאלי",,478,,,,,,missing,,not_found,,,,,,,
63,yipcGcmnri4,https://music.youtube.com/watch?v=yipcGcmnri4,Blues 'n' Trouble,Blue Because Of You,Don's Tunes,Blues 'n' Trouble - Blue Because Of You,,493,,,,,,missing,,manual_reject_broader,,,,,,,
64,o2OZLe2j9so,https://music.youtube.com/watch?v=o2OZLe2j9so,Sundazer,Cry Wolf,Sundazer,Cry Wolf,Cry Wolf,265,A#,major,150,,,manual_entry,1.0000,,manual,,,,,,
65,4VBhf_wEfE4,https://music.youtube.com/watch?v=4VBhf_wEfE4,Luigi Scordamaglia,Siamo Qui (feat. Guido Focardi),Luigi Scordamaglia,Siamo Qui (feat. Guido Focardi),Canzoni D'amore Al Padre Vol. 3 - Praise & Worship,241,G,major,95,,,manual_entry,1.0000,,manual,,,,,,
66,gOiFFTL5j7o,https://music.youtube.com/watch?v=gOiFFTL5j7o,HIM,Your Sweet 666,HIM,Your Sweet 666,Greatest Love Songs Vol. 666,253,B,minor,130,,,manual_entry,1.0000,,manual,,,,,,
67,J2_ifsAX4Gg,https://music.youtube.com/watch?v=J2_ifsAX4Gg,Encapsulation,Alternate Resident Evil Save Room Music,Survival Spheres,Encapsulation - Alternate Resident Evil Save Room Music,,601,,,,,,missing,,not_found,,,,,,,
68,gF4q6PSkRw0,https://music.youtube.com/watch?v=gF4q6PSkRw0,Rowan Lee Hartsuiker,Chinggis Magtaal,Rowan Lee Hartsuiker,Chinggis Magtaal,,196,,,,,,missing,,not_found,,,,,,,
69,J5jI59BQjzs,https://music.youtube.com/watch?v=J5jI59BQjzs,Khusugtun,Praise of Chinggis Khaan,allie burne,Khusugtun- Praise of Chinggis Khaan/ Чингис Хааны Магтаал studio version,,287,,,,,,missing,,not_found,,,,,,,
70,fU6HLjKnywU,https://music.youtube.com/watch?v=fU6HLjKnywU,Waagal,Somārudrā || Throatsinging Sitar Live Looping,Waagal,Waagal - Somārudrā || Throatsinging Sitar Live Looping,,259,,,,,,missing,,not_found,,,,,,,
71,UYLO1nqkCak,https://music.youtube.com/watch?v=UYLO1nqkCak,Meshuggah,Lethargica,Meshuggah,Lethargica,ObZen,348,A#,major,104,3/4,11d,matched,1.0000,,GetSongBPM,PNLjp6,Lethargica,Meshuggah,https://getsongbpm.com/song/lethargica/PNLjp6,38,1
72,FdCkXQ6ciXg,https://music.youtube.com/watch?v=FdCkXQ6ciXg,The Main Squeeze,"Have a Cigar"" (Pink Floyd)",The Main Squeeze,"""Have a Cigar"" (Pink Floyd)",Squeeze House,491,,,,,,missing,,not_found,,,,,,,
73,j3yE2NAdNKo,https://music.youtube.com/watch?v=j3yE2NAdNKo,Frank Zappa,Watermelon In Easter Hay,Frank Zappa,Watermelon In Easter Hay,"Joe's Garage Acts I, II & III",548,A,major,110,4/4,4d,manual_accept,1.0000,,GetSongBPM,28MENP,Watermelon In Easter Hay,Frank Zappa,https://getsongbpm.com/song/watermelon-in-easter-hay/28MENP,49,20
74,lUBCXGeK694,https://music.youtube.com/watch?v=lUBCXGeK694,Gary Moore,Parisienne Walkways,Gary Moore,Parisienne Walkways,Back on the Streets,201,A,minor,87,4/4,1m,matched,1.0000,,GetSongBPM,6P4ml,Parisienne Walkways,Gary Moore,https://getsongbpm.com/song/parisienne-walkways/6P4ml,37,67
75,g2SlebrICqg,https://music.youtube.com/watch?v=g2SlebrICqg,Thy Art Is Murder,Reign Of Darkness,Thy Art Is Murder,Reign Of Darkness,Hate,216,A,major,136,4/4,4d,matched,1.0000,,GetSongBPM,nrAkjE,Reign of Darkness,Thy Art Is Murder,https://getsongbpm.com/song/reign-of-darkness/nrAkjE,40,1
76,P1JqWeg0Fec,https://music.youtube.com/watch?v=P1JqWeg0Fec,Bill Evans,Night and day,Bill Evans,Night and day,Everybody Digs Bill Evans,457,C,minor,83,4/4,10m,matched,1.0000,,GetSongBPM,0jW4L,Night and Day,Bill Evans,https://getsongbpm.com/song/night-and-day/0jW4L,55,86
77,j88eE2iMuGU,https://music.youtube.com/watch?v=j88eE2iMuGU,Minoru Muraoka,Take Five,Minoru Muraoka,Take Five,Bamboo,299,F,minor,169,,,manual_entry,1.0000,,manual,,,,,,
78,Qk6BEu2pAV4,https://music.youtube.com/watch?v=Qk6BEu2pAV4,Beegie Adair,Misty,Beegie Adair,Misty,Moments To Remember,206,,,,,,missing,,manual_reject_broader,,,,,,,
79,AlozyGsagzI,https://music.youtube.com/watch?v=AlozyGsagzI,Элстэйн Ганга Нутаг,Mongolian (Darkhad) folk song - Altai Yatga & Throat Singing,Rowan Hartsuiker,Элстэйн Ганга Нутаг - Mongolian (Darkhad) folk song - Altai Yatga & Throat Singing,,145,,,,,,missing,,not_found,,,,,,,
80,ec73IZloJhc,https://music.youtube.com/watch?v=ec73IZloJhc,Batzorig Vaanchig,The Beautiful Steppe,Batzorig Vaanchig,The Beautiful Steppe,,264,,,,,,missing,,not_found,,,,,,,
81,xwAbWWjeoWQ,https://music.youtube.com/watch?v=xwAbWWjeoWQ,Rowan Lee Hartsuiker,Chinggis Khaanii Magtaal - by Rowan Hartsuiker,Rowan Lee Hartsuiker,Chinggis Khaanii Magtaal - by Rowan Hartsuiker,,333,,,,,,missing,,manual_reject_broader,,,,,,,
82,PhXwg7JjbMg,https://music.youtube.com/watch?v=PhXwg7JjbMg,Julee Cruise,She Would Die for Love,Julee Cruise,She Would Die for Love,The Voice Of Love,367,C,minor,139,4/4,10m,matched,1.0000,,GetSongBPM,D8zvK,She Would Die for Love,Julee Cruise,https://getsongbpm.com/song/she-would-die-for-love/D8zvK,18,84
83,QBdnREZ7C3o,https://music.youtube.com/watch?v=QBdnREZ7C3o,Dead To Fall,Cross Section,Dead To Fall,Cross Section,Villainy And Virtue,122,B,major,53,4/4,6d,matched,1.0000,,GetSongBPM,AGzwp,Cross Section,Dead to Fall,https://getsongbpm.com/song/cross-section/AGzwp,42,1
84,i3BhWXi5lzo,https://music.youtube.com/watch?v=i3BhWXi5lzo,Angelo Badalamenti,Moving Through Time,Angelo Badalamenti,Moving Through Time,Twin Peaks: Fire Walk With Me - Soundtrack,405,,,,,,missing,,not_found,,,,,,,
87,tT9Eh8wNMkw,https://music.youtube.com/watch?v=tT9Eh8wNMkw,Dave Brubeck,Take Five,Tori Chitic,Dave Brubeck - Take Five,,445,G#,minor,83,5/4,6m,manual_accept,1.0000,,GetSongBPM,kZDLnE,Take Five,Dave Brubeck,https://getsongbpm.com/song/take-five/kZDLnE,46,55
92,QdUny2XVZ5o,https://music.youtube.com/watch?v=QdUny2XVZ5o,Meshuggah,New Millennium Cyanide Christ,Meshuggah,New Millennium Cyanide Christ,Chaosphere (25th Anniversary Remastered 2023 Edition),336,A#,minor,152,4/4,8m,matched,0.9904,,GetSongBPM,MJ38B,New Millennium Cyanide Christ,Meshuggah,https://getsongbpm.com/song/new-millennium-cyanide-christ/MJ38B,36,1
93,1DtDTj_4D_Q,https://music.youtube.com/watch?v=1DtDTj_4D_Q,Meshuggah,Demiurge,Meshuggah,Demiurge,Koloss,373,C#,major,113,4/4,8d,matched,1.0000,,GetSongBPM,32jg9O,Demiurge,Meshuggah,https://getsongbpm.com/song/demiurge/32jg9O,21,1
94,y6lfK3bH4z8,https://music.youtube.com/watch?v=y6lfK3bH4z8,Guns N' Roses,November Rain,Guns N' Roses,November Rain,Use Your Illusion I,537,B,major,78,4/4,6d,matched,1.0000,,GetSongBPM,v20qV,November Rain,Guns N' Roses,https://getsongbpm.com/song/november-rain/v20qV,30,2
95,pCrQMvoMVHk,https://music.youtube.com/watch?v=pCrQMvoMVHk,Pink Floyd,High Hopes,Pink Floyd,High Hopes,The Division Bell,511,C,minor,75,4/4,10m,matched,1.0000,,GetSongBPM,9rK43,High Hopes,Pink Floyd,https://getsongbpm.com/song/high-hopes/9rK43,52,21
96,dwc7ZEYfWYc,https://music.youtube.com/watch?v=dwc7ZEYfWYc,John Mayall & The Bluesbreakers with Gary Moore,So Many Roads,SR L,John Mayall & The Bluesbreakers with Gary Moore - So Many Roads,,528,A#,minor,67,,,manual_entry,1.0000,,manual,,,,,,
97,Zt7rxV2i8cE,https://music.youtube.com/watch?v=Zt7rxV2i8cE,Stoic Music,Storm Edge,Stoic Music,Storm Edge,Spartan Spirit,175,,,,,,missing,,not_found,,,,,,,
98,L5pSCJ-yaok,https://music.youtube.com/watch?v=L5pSCJ-yaok,Vangelis,Prelude,Vangelis,Prelude,Reprise 1990-1999,291,F#,minor,82,4/4,4m,matched,0.9345,,GetSongBPM,OyPylp,Prelude,Vangelis,https://getsongbpm.com/song/prelude/OyPylp,17,96
99,PtJ_BmVLCyQ,https://music.youtube.com/watch?v=PtJ_BmVLCyQ,Nils Frahm,Talisman,Nils Frahm,Talisman,Encores 2,242,F,minor,59,,,manual_entry,1.0000,,manual,,,,,,
100,f7ykwOLts3k,https://music.youtube.com/watch?v=f7ykwOLts3k,"Anthony Hopkins, Danielle de Niese, Bruno Lazzaretti, Libera, The Lyndhurst Orchestra, and Gavin Greenaway",Vide Cor Meum,"Anthony Hopkins, Danielle de Niese, Bruno Lazzaretti, Libera, The Lyndhurst Orchestra, and Gavin Greenaway",Vide Cor Meum,Hannibal - Original Motion Picture Soundtrack,261,A,major,79,,,manual_entry,1.0000,,manual,,,,,,
101,hOhTDRdcx4o,https://music.youtube.com/watch?v=hOhTDRdcx4o,Pink Floyd,The Great Gig in the Sky,Pink Floyd,The Great Gig in the Sky,The Dark Side of the Moon,284,F,major,116,4/4,12d,matched,1.0000,,GetSongBPM,48ZJk,The Great Gig in the Sky,Pink Floyd,https://getsongbpm.com/song/the-great-gig-in-the-sky/48ZJk,28,77
102,80LhtHY_fHw,https://music.youtube.com/watch?v=80LhtHY_fHw,Pink Floyd,Time,Pink Floyd,Time,The Dark Side of the Moon,414,F#,minor,122,4/4,4m,matched,1.0000,,GetSongBPM,3l8G9,Time,Pink Floyd,https://getsongbpm.com/song/time/3l8G9,36,53
103,S33tWZqXhnk,https://music.youtube.com/watch?v=S33tWZqXhnk,TOMMY EMMANUEL,Classical Gas [Mason Williams] | Tommy Emmanuel,TOMMY EMMANUEL,Classical Gas [Mason Williams] | Tommy Emmanuel,,270,,,,,,missing,,not_found,,,,,,,
104,cnZfTY96THI,https://music.youtube.com/watch?v=cnZfTY96THI,Wounded Masquerade,my own blood,Wounded Masquerade,my own blood,my own blood,386,F,major,123,,,manual_entry,1.0000,,manual,,,,,,
105,SCXdbOsP5Ew,https://music.youtube.com/watch?v=SCXdbOsP5Ew,System Of A Down,Ego Brain,System Of A Down,Ego Brain,Steal This Album!,202,G,major,86,4/4,2d,matched,1.0000,,GetSongBPM,7A3xG,Ego Brain,System of a Down,https://getsongbpm.com/song/ego-brain/7A3xG,29,1
106,wmkXQeqEbL8,https://music.youtube.com/watch?v=wmkXQeqEbL8,System Of A Down,War?,System Of A Down,War?,System Of A Down,161,G#,major,98,4/4,9d,matched,1.0000,,GetSongBPM,2kPqA,War?,System of a Down,https://getsongbpm.com/song/warquestion/2kPqA,37,9
107,xj7RMPM3A2c,https://music.youtube.com/watch?v=xj7RMPM3A2c,System Of A Down,Lost In Hollywood,System Of A Down,Lost In Hollywood,Mezmerize,321,G#,minor,152,4/4,6m,matched,1.0000,,GetSongBPM,lZNWV,Lost in Hollywood,System of a Down,https://getsongbpm.com/song/lost-in-hollywood/lZNWV,30,60
108,nvHq4siXbPo,https://music.youtube.com/watch?v=nvHq4siXbPo,System Of A Down,Radio/,System Of A Down,Radio/Video,Mezmerize,250,F#,minor,136,4/4,4m,matched,0.9304,,GetSongBPM,rjnWB,Radio/Video,System of a Down,https://getsongbpm.com/song/radio-video/rjnWB,37,18
109,Am3mycbR4C4,https://music.youtube.com/watch?v=Am3mycbR4C4,System Of A Down,Question!,System Of A Down,Question!,Mezmerize,201,E,minor,90,4/4,2m,matched,1.0000,,GetSongBPM,gRNWD,Question!,System of a Down,https://getsongbpm.com/song/questionexclamation/gRNWD,21,1
110,3dsmBiiGTWY,https://music.youtube.com/watch?v=3dsmBiiGTWY,System Of A Down,Spiders,System Of A Down,Spiders,System Of A Down,216,C,minor,68,4/4,10m,matched,1.0000,,GetSongBPM,YEwYY,Spiders,System of a Down,https://getsongbpm.com/song/spiders/YEwYY,46,4
111,0vws00ocWvU,https://music.youtube.com/watch?v=0vws00ocWvU,Lisa Gerrard; Astrid Williamson; Daniel Johns,Estelita,Lisa Gerrard; Astrid Williamson; Daniel Johns,Estelita,Twilight Kingdom,238,F,minor,65,3/4,9m,matched,1.0000,,GetSongBPM,VAj5Go,Estelita,Lisa Gerrard,https://getsongbpm.com/song/estelita/VAj5Go,11,99
112,ysYOJrGpEy0,https://music.youtube.com/watch?v=ysYOJrGpEy0,паліндром,Ніщо,паліндром,Ніщо,Ніщо,353,,,,,,missing,,not_found,,,,,,,
113,cpHr2QH52Lo,https://music.youtube.com/watch?v=cpHr2QH52Lo,Wounded Masquerade,you,Wounded Masquerade,you,razor.deep,206,C,major,197,,,manual_entry,1.0000,,manual,,,,,,
114,oIaL2lkWjBs,https://music.youtube.com/watch?v=oIaL2lkWjBs,Wisp,Guide light,Wisp,Guide light,If Not Winter,228,E,minor,156,,,manual_entry,1.0000,,manual,,,,,,
115,CVi-_fL8jew,https://music.youtube.com/watch?v=CVi-_fL8jew,The Lonely,Drowned (feat. Blade And Bath),The Lonely,Drowned (feat. Blade And Bath),Beyond The Wounds,230,F#,minor,110,,,manual_entry,1.0000,,manual,,,,,,
116,EtIfko_vauo,https://music.youtube.com/watch?v=EtIfko_vauo,Midwife,Song for an Unborn Sun,Midwife,Song for an Unborn Sun,"Like Author, Like Daughter",233,D#,major,85,,,manual_entry,1.0000,,manual,,,,,,
117,FgnKKE-YCLE,https://music.youtube.com/watch?v=FgnKKE-YCLE,My Useless Life,Melancholic Night,My Useless Life,Melancholic Night,On the Edge,193,C,major,106,,,manual_entry,1.0000,,manual,,,,,,
118,wKv6zi7hzzc,https://music.youtube.com/watch?v=wKv6zi7hzzc,CØL,One Last Touch...,CØL,One Last Touch...,One Last Touch...,204,,,,,,missing,,not_found,,,,,,,
119,ELOqwWO8vAc,https://music.youtube.com/watch?v=ELOqwWO8vAc,Rotting Christ,Daimonon Vrosis (Re-recorded),Rotting Christ,Daimonon Vrosis (Re-recorded),Aealo (Re-recorded),301,,,,,,missing,,not_found,,,,,,,
120,VxiY0HXL4q8,https://music.youtube.com/watch?v=VxiY0HXL4q8,Corrosion of Conformity,On Your Way,Corrosion of Conformity,On Your Way,IX,219,A#,minor,115,4/4,8m,matched,1.0000,,GetSongBPM,mOVPkE,On Your Way,Corrosion of Conformity,https://getsongbpm.com/song/on-your-way/mOVPkE,34,1
121,W1c06Ym3A6E,https://music.youtube.com/watch?v=W1c06Ym3A6E,Crowbar,Empty Room,Crowbar,Empty Room,Sonic Excess In Its Purest Form,293,A,minor,104,4/4,1m,matched,1.0000,,GetSongBPM,gnRD6,Empty Room,Crowbar,https://getsongbpm.com/song/empty-room/gnRD6,33,1
125,CTfAn-6trNQ,https://music.youtube.com/watch?v=CTfAn-6trNQ,Diddy Heil Epstein,Full Lyric Video (tiktok audio),Vexy,Diddy Heil Epstein -  Full Lyric Video (tiktok audio),,203,,,,,,missing,,not_found,,,,,,,
126,FzvqjWiQd4U,https://music.youtube.com/watch?v=FzvqjWiQd4U,Cities Last Broadcast; Fractalyst,Imprecise Waltz,Cities Last Broadcast; Fractalyst,Imprecise Waltz,Phantasmora,282,,,,,,missing,,not_found,,,,,,,
127,c776nK4no0Q,https://music.youtube.com/watch?v=c776nK4no0Q,Wounded Masquerade,my lungs are just rooms for ghosts,Wounded Masquerade,my lungs are just rooms for ghosts,Wounded Masquerade,176,,,,,,missing,,not_found,,,,,,,
128,8ZNucRs1hf8,https://music.youtube.com/watch?v=8ZNucRs1hf8,Finnegan Tui,Denna,Finnegan Tui,Denna,"Lost Tales, Vol. 1",211,G,major,103,,,manual_entry,1.0000,,manual,,,,,,
129,4iKqzUEmKGA,https://music.youtube.com/watch?v=4iKqzUEmKGA,Atrium Carceri,Pathway to Nothing,Atrium Carceri,Pathway to Nothing,Forgotten Gods,283,,,,,,missing,,not_found,,,,,,,
130,PsGZAB358-Q,https://music.youtube.com/watch?v=PsGZAB358-Q,Metatron Omega,Transfiguration,Metatron Omega,Transfiguration,Gnosis Dei,641,,minor,,,,matched,1.0000,,GetSongBPM,wZADNz,Transfiguration,Metatron Omega,https://getsongbpm.com/song/transfiguration/wZADNz,,
131,2ZrdFqza28k,https://music.youtube.com/watch?v=2ZrdFqza28k,Julio Iglesias,Mammy Blue,Julio Iglesias,Mammy Blue,Crazy,256,A,minor,107,4/4,1m,matched,1.0000,,GetSongBPM,2726v,Mammy Blue,Julio Iglesias,https://getsongbpm.com/song/mammy-blue/2726v,64,68
132,TNdS1lxvtkU,https://music.youtube.com/watch?v=TNdS1lxvtkU,Black Label Society,Superterrorizer,Black Label Society,Superterrorizer,Stronger Than Death,334,F#,major,124,4/4,7d,matched,1.0000,,GetSongBPM,oZO6X,Superterrorizer,Black Label Society,https://getsongbpm.com/song/superterrorizer/oZO6X,37,1
133,p1g0qoJWUgU,https://music.youtube.com/watch?v=p1g0qoJWUgU,Ozzy Osbourne,Dreamer,Ozzy Osbourne,Dreamer,Down To Earth,285,C#,major,79,4/4,8d,matched,1.0000,,GetSongBPM,19VXq,Dreamer,Ozzy Osbourne,https://getsongbpm.com/song/dreamer/19VXq,50,7
134,TD-wb3drwl4,https://music.youtube.com/watch?v=TD-wb3drwl4,Joe Dassin,Salut,Joe Dassin,Salut,Joe Dassin,201,D,minor,108,4/4,12m,manual_accept,0.9446,,GetSongBPM,mZz4op,Salut,Joe Dassin,https://getsongbpm.com/song/salut/mZz4op,69,44
135,XZ5uNaChjfM,https://music.youtube.com/watch?v=XZ5uNaChjfM,Yves Montand,Sous Le Ciel De Paris,Yves Montand,Sous Le Ciel De Paris,Les Chansons d' Yves Montand,178,C,major,71,,,manual_entry,1.0000,,manual,,,,,,
136,7UCQMt0k4zk,https://music.youtube.com/watch?v=7UCQMt0k4zk,Metatron Omega,Apotheosis,Metatron Omega,Apotheosis,Gnosis Dei,461,,minor,,,,matched,1.0000,,GetSongBPM,n8oqAP,Apotheosis,Metatron Omega,https://getsongbpm.com/song/apotheosis/n8oqAP,,
138,MY0F-caCOiw,https://music.youtube.com/watch?v=MY0F-caCOiw,Hélène Ségara; Joe Dassin,Salut,Hélène Ségara; Joe Dassin,Salut,Et si tu n'existais pas,195,D,minor,86,4/4,12m,matched,1.0000,,GetSongBPM,YWy0OA,Salut,Hélène Ségara,https://getsongbpm.com/song/salut/YWy0OA,34,83
139,-K9PM3_lAgQ,https://music.youtube.com/watch?v=-K9PM3_lAgQ,John Murphy,Adagio in D Minor,John Murphy,Adagio in D Minor,Adagio in D Minor,250,G,major,119,,,manual_entry,1.0000,,manual,,,,,,
140,TP0_3JMntAc,https://music.youtube.com/watch?v=TP0_3JMntAc,Metatron Omega,Megalosthronos,Metatron Omega,Megalosthronos,Isih,395,,,,,,missing,,not_found,,,,,,,
141,wSl1UKYH6eI,https://music.youtube.com/watch?v=wSl1UKYH6eI,Raison D'être,Towards Desolation,Raison D'être,Towards Desolation,Requiem for Abandoned Souls (Expanded),525,D,major,87,4/4,3d,matched,0.9904,,GetSongBPM,KL6Ggn,Towards Desolation,raison d'être,https://getsongbpm.com/song/towards-desolation/KL6Ggn,9,63
142,PqWhoDc0PdE,https://music.youtube.com/watch?v=PqWhoDc0PdE,Heilung,Afhomon,Heilung,Afhomon,Ofnir,821,C#,major,88,4/4,8d,matched,1.0000,,GetSongBPM,VvpZlz,Afhomon,Heilung,https://getsongbpm.com/song/afhomon/VvpZlz,28,5
143,AGXxQ1QMhYw,https://music.youtube.com/watch?v=AGXxQ1QMhYw,Crowbar,REPULSIVE IN ITS SPLENDID BEAUTY,Crowbar,REPULSIVE IN ITS SPLENDID BEAUTY,Sonic Excess In Its Purest Form,239,A,major,132,4/4,4d,matched,1.0000,,GetSongBPM,5RBwR,Repulsive in Its Splendid Beauty,Crowbar,https://getsongbpm.com/song/repulsive-in-its-splendid-beauty/5RBwR,22,1
144,2GdWWPVMITc,https://music.youtube.com/watch?v=2GdWWPVMITc,Emerelle,"Evenstar (""Lord of the Rings"")",Emerelle,"Evenstar (""Lord of the Rings"")",Those Who Wander,211,,,,,,missing,,not_found,,,,,,,
145,98nWAuL87rk,https://music.youtube.com/watch?v=98nWAuL87rk,Swordlender,Ancient Mountain,Swordlender,Ancient Mountain,Where Heathens Roam,139,D,major,115,,,manual_entry,1.0000,,manual,,,,,,
146,vJ_rSbiKGTI,https://music.youtube.com/watch?v=vJ_rSbiKGTI,Swordlender,Caverns of the Old Gods,Swordlender,Caverns of the Old Gods,Where Heathens Roam,266,C,major,92,,,manual_entry,1.0000,,manual,,,,,,
147,Lv2RhoQRig0,https://music.youtube.com/watch?v=Lv2RhoQRig0,Lisa Gerrard; Patrick Cassidy,I Asked For Love,Lisa Gerrard; Patrick Cassidy,I Asked For Love,Immortal Memory,301,F#,major,67,3/4,7d,matched,1.0000,,GetSongBPM,PZ3lB6,I Asked for Love,Lisa Gerrard,https://getsongbpm.com/song/i-asked-for-love/PZ3lB6,11,95
148,cSTBio-SnRw,https://music.youtube.com/watch?v=cSTBio-SnRw,Crowbar,Embracing Emptiness,Crowbar,Embracing Emptiness,Time Heals Nothing,218,E,major,128,4/4,5d,matched,1.0000,,GetSongBPM,gE5j,Embracing Emptiness,Crowbar,https://getsongbpm.com/song/embracing-emptiness/gE5j,51,2
149,bagdrYMn9R0,https://music.youtube.com/watch?v=bagdrYMn9R0,Nocturnal Depression,Spring,Nocturnal Depression,Spring,Four Seasons to a Depression,636,A,major,126,,,manual_entry,1.0000,,manual,,,,,,
151,fTc4bzYAmmU,https://music.youtube.com/watch?v=fTc4bzYAmmU,Nocturnal Depression,Anthem to Self Destruction,Nocturnal Depression,Anthem to Self Destruction,Deathcade,454,A,minor,95,4/4,1m,manual_accept_broader,0.9875,,GetSongBPM,wZNV91,Anthem To Self-Destruction,Nocturnal Depression,https://getsongbpm.com/song/anthem-to-self-destruction/wZNV91,33,1
153,baaDERtnt2o,https://music.youtube.com/watch?v=baaDERtnt2o,FLat7,パス・トゥ・ハート - Path To Heart,FLat7,パス・トゥ・ハート - Path To Heart,A SWEET GLOW OF SILENCE,235,,,,,,missing,,not_found,,,,,,,
155,Nfh0IJikKVo,https://music.youtube.com/watch?v=Nfh0IJikKVo,Pogomix,Boy & Bear,Pogomix,Pogo - Boy & Bear,,201,,,,,,missing,,manual_reject_broader,,,,,,,
159,HyejjJA8tqI,https://music.youtube.com/watch?v=HyejjJA8tqI,Famous Fhil,Million Dollar Baby,Famous Fhil,Million Dollar Baby,Million Dollar Baby,216,C#,minor,138,,,manual_entry,1.0000,,manual,,,,,,
160,Jnkm6kM4Tn0,https://music.youtube.com/watch?v=Jnkm6kM4Tn0,揽佬SKAI ISYOURGOD,求签,揽佬SKAI ISYOURGOD,求签,求签,174,,,,,,missing,,not_found,,,,,,,
161,yWT-UopFlAs,https://music.youtube.com/watch?v=yWT-UopFlAs,攬佬SKAI ISYOURGOD & AR劉夫陽,大展鴻圖(Blueprint Supreme),攬佬SKAI ISYOURGOD & AR劉夫陽,大展鴻圖(Blueprint Supreme),八方來財(Stacks from All Sides),213,,,,,,missing,,not_found,,,,,,,
164,_Llli2oIIIE,https://music.youtube.com/watch?v=_Llli2oIIIE,Lian Ross,Mamy Blue,Lian Ross,Mamy Blue,V,277,F#,minor,108,,,manual_entry,1.0000,,manual,,,,,,
165,c1ZCYY-4lAM,https://music.youtube.com/watch?v=c1ZCYY-4lAM,Modern Talking,Cheri Cheri Lady,Modern Talking,Cheri Cheri Lady,Let's Talk About Love,227,A#,major,117,4/4,11d,matched,0.9904,,GetSongBPM,BQ0Ok,Cheri Cheri Lady,Modern Talking,https://getsongbpm.com/song/cheri-cheri-lady/BQ0Ok,68,50
166,RTf2xoWGAJo,https://music.youtube.com/watch?v=RTf2xoWGAJo,Marilyn Manson,Angel With The Scabbed Wings,Marilyn Manson,Angel With The Scabbed Wings,Antichrist Superstar,232,G#,major,108,4/4,9d,matched,1.0000,,GetSongBPM,KZ5qGl,Angel With the Scabbed Wings,Marilyn Manson,https://getsongbpm.com/song/angel-with-the-scabbed-wings/KZ5qGl,63,1
168,cUwnLvgdo5g,https://music.youtube.com/watch?v=cUwnLvgdo5g,攬佬SKAI ISYOURGOD,八方來財(Stacks from All Sides),攬佬SKAI ISYOURGOD,八方來財(Stacks from All Sides),八方來財(Stacks from All Sides),174,,,,,,missing,,not_found,,,,,,,
173,-grPV-Fae6I,https://music.youtube.com/watch?v=-grPV-Fae6I,Eminem,Not Afraid,Eminem,Not Afraid,Recovery,249,C,minor,112,5/4,10m,matched,1.0000,,GetSongBPM,1rQrpo,Not Afraid,Eminem,https://getsongbpm.com/song/not-afraid/1rQrpo,86,53
180,doLscIcF4tQ,https://music.youtube.com/watch?v=doLscIcF4tQ,Дмитрий Хворостовский & Санкт-Петербургский камерный хор дирижер Корнев Николай,Милость мира,Дмитрий Хворостовский & Санкт-Петербургский камерный хор дирижер Корнев Николай,Милость мира,Верую. Православная,217,,,,,,missing,,not_found,,,,,,,
182,9U6suxc3kIs,https://music.youtube.com/watch?v=9U6suxc3kIs,Travis Scott; GloRilla,SHYNE,Travis Scott; GloRilla,SHYNE,JACKBOYS 2,194,C,major,148,,,manual_entry,1.0000,,manual,,,,,,
183,sapvbf2CKoE,https://music.youtube.com/watch?v=sapvbf2CKoE,Misanthrop,Blod Besvimelse,Judike,Blod Besvimelse   Misanthrop HQ remake,,184,,,,,,missing,,not_found,,,,,,,
184,NGIx9z5k3Go,https://music.youtube.com/watch?v=NGIx9z5k3Go,PATRIARKH,WIERSZALIN V,PATRIARKH,WIERSZALIN V,PROPHET ILJA,258,,,,,,missing,,not_found,,,,,,,
185,gXuDUwfwhgI,https://music.youtube.com/watch?v=gXuDUwfwhgI,Felix Colgrave,Infernum,Cool Guy,Royal Noises from Dead Kingdoms: 6. Infernum,,171,,,,,,missing,,not_found,,,,,,,
186,MGdwIdrFF20,https://music.youtube.com/watch?v=MGdwIdrFF20,Felix Colgrave,Dead Rat,Cool Guy,Royal Noises from Dead Kingdoms: 2. Dead Rat,,128,,,,,,missing,,not_found,,,,,,,
187,dB_c7oZWo1g,https://music.youtube.com/watch?v=dB_c7oZWo1g,DESIRELESS,"Voyage, Voyage",DESIRELESS,"Voyage, Voyage",Francois,265,B,major,123,4/4,6d,matched,1.0000,,GetSongBPM,ol2qz,"Voyage, voyage",Desireless,https://getsongbpm.com/song/voyage-voyage/ol2qz,61,25
189,pB-B6DUY0OY,https://music.youtube.com/watch?v=pB-B6DUY0OY,Eminem,Venom (Music From The Motion Picture),Eminem,Venom (Music From The Motion Picture),Kamikaze,270,,,,,,missing,,not_found,,,,,,,
192,dWRgADGoEIw,https://music.youtube.com/watch?v=dWRgADGoEIw,Irfan,Outremer,Irfan,Outremer,Irfan,258,F,major,150,4/4,12d,matched,1.0000,,GetSongBPM,vGlG0,Outremer,Irfan,https://getsongbpm.com/song/outremer/vGlG0,63,85
193,wVWNFuk4N2M,https://music.youtube.com/watch?v=wVWNFuk4N2M,Byzantine Choir,Kyrie Eleison,Byzantine Choir,Kyrie Eleison,Kyrie Eleison,177,B,minor,134,,,manual_entry,1.0000,,manual,,,,,,
195,8XX6qHRQV7I,https://music.youtube.com/watch?v=8XX6qHRQV7I,Jocelyn Pook,Backwards Priests,Jocelyn Pook,Backwards Priests,Deluge,218,,minor,,,,matched,1.0000,,GetSongBPM,Oyqq8r,Backwards Priests,Jocelyn Pook,https://getsongbpm.com/song/backwards-priests/Oyqq8r,,
196,AeedWEyMYYo,https://music.youtube.com/watch?v=AeedWEyMYYo,Teddy Swims,Lose Control,Teddy Swims,Lose Control,I've Tried Everything But Therapy (Part 1),211,A,major,160,,,manual_entry,1.0000,,manual,,,,,,
197,gqXde_na_YA,https://music.youtube.com/watch?v=gqXde_na_YA,Земфира,П.М.М.Л.,Земфира,П.М.М.Л.,ПРОСТИ МЕНЯ МОЯ ЛЮБОВЬ,218,,,,,,missing,,not_found,,,,,,,
199,pXO588Hzmjg,https://music.youtube.com/watch?v=pXO588Hzmjg,Pogo,Here Now,Pogo,Here Now,Kindred Shadow,170,B,minor,122,4/4,3m,matched,1.0000,,GetSongBPM,gpJj9D,Here Now,Pogo,https://getsongbpm.com/song/here-now/gpJj9D,78,4
200,3M7_SeLICbg,https://music.youtube.com/watch?v=3M7_SeLICbg,Pogo,Forget,Pogo,Forget,Kindred Shadow,165,G#,minor,108,4/4,6m,matched,1.0000,,GetSongBPM,28kmwW,Forget,Pogo,https://getsongbpm.com/song/forget/28kmwW,84,15
201,H5Vrom3ngSE,https://music.youtube.com/watch?v=H5Vrom3ngSE,Pogo,Grover Groove,Pogo,Grover Groove,Grover Groove,249,,,,,,missing,,not_found,,,,,,,
202,irjLJca6PHI,https://music.youtube.com/watch?v=irjLJca6PHI,Pogo,No Worries,Pogo,No Worries,Kindred Shadow,209,F#,minor,106,4/4,4m,matched,1.0000,,GetSongBPM,361nx9,No Worries,Pogo,https://getsongbpm.com/song/no-worries/361nx9,79,24
204,G-8KOmo5nps,https://music.youtube.com/watch?v=G-8KOmo5nps,Ghost,Zenith,Ghost,Zenith,13 Commandments,365,F,minor,122,,,manual_entry,1.0000,,manual,,,,,,
206,oG-4Uvhm4lI,https://music.youtube.com/watch?v=oG-4Uvhm4lI,Lady Gaga,Poker Face,Lady Gaga,Poker Face,The Fame,238,G#,minor,234,4/4,6m,matched,1.0000,,GetSongBPM,DkGKvK,Poker Face,Lady Gaga,https://getsongbpm.com/song/poker-face/DkGKvK,85,14
207,JhulBGMA7G4,https://music.youtube.com/watch?v=JhulBGMA7G4,Daft Punk,"Harder, Better, Faster, Stronger",Daft Punk,"Harder, Better, Faster, Stronger",Discovery,227,F#,minor,123,4/4,4m,matched,1.0000,,GetSongBPM,Z4n5J,"Harder, Better, Faster, Stronger",Daft Punk,https://getsongbpm.com/song/harder-better-faster-stronger/Z4n5J,82,5
208,Hw2z_MdSf-k,https://music.youtube.com/watch?v=Hw2z_MdSf-k,Bob Sinclar,"World, Hold On (Children of the Sky) (feat. Steve Edwards)",Bob Sinclar,"World, Hold On (Children of the Sky) (feat. Steve Edwards)",Western Dream,402,G#,minor,127,,,manual_entry,1.0000,,manual,,,,,,
210,0XckZswzCKs,https://music.youtube.com/watch?v=0XckZswzCKs,Ottawan,Hands Up,Ottawan,Hands Up,Ottawan 2,290,G#,major,123,4/4,9d,matched,1.0000,,GetSongBPM,gLjZv6,Hands Up,Ottawan,https://getsongbpm.com/song/hands-up/gLjZv6,89,61
211,EO51YkA3qys,https://music.youtube.com/watch?v=EO51YkA3qys,Ottawan,D.I.S.C.O.,Ottawan,D.I.S.C.O.,D.I.S.C.O.,302,G,minor,122,4/4,11m,matched,0.9333,,GetSongBPM,rRx8K6,D.I.S.C.O.,Ottawan,https://getsongbpm.com/song/dpointipointspointcpointopoint/rRx8K6,72,12
212,OAC4ItP0xWM,https://music.youtube.com/watch?v=OAC4ItP0xWM,Lipps Inc.,Funkytown,Lipps Inc.,Funkytown,Mouth to Mouth,471,B,major,123,4/4,6d,manual_accept_broader,1.0000,,GetSongBPM,R6rW9L,Funkytown,"Lipps, Inc.",https://getsongbpm.com/song/funkytown/R6rW9L,91,1
213,tz6u9suVNlY,https://music.youtube.com/watch?v=tz6u9suVNlY,Kansas,Carry on Wayward Son,Kansas,Carry on Wayward Son,Leftoverture (Expanded Edition),323,G,major,123,4/4,2d,matched,0.9904,,GetSongBPM,nrg0E,Carry On Wayward Son,Kansas,https://getsongbpm.com/song/carry-on-wayward-son/nrg0E,49,1
214,626uq6qqavY,https://music.youtube.com/watch?v=626uq6qqavY,Silent Rhythm,Starry Night,Silent Rhythm,Starry Night,Fall Asleep in Under 3 Minutes,1797,C#,minor,143,,,manual_entry,1.0000,,manual,,,,,,
215,Eq8ZiZ9xiLw,https://music.youtube.com/watch?v=Eq8ZiZ9xiLw,Pink Floyd,Have a Cigar,Pink Floyd,Have a Cigar,Wish You Were Here,308,E,minor,120,4/4,2m,manual_accept,1.0000,,GetSongBPM,j0AjDB,Have a Cigar,Pink Floyd,https://getsongbpm.com/song/have-a-cigar/j0AjDB,46,41
216,qOja7RR16Hw,https://music.youtube.com/watch?v=qOja7RR16Hw,The Doors,Strange Days,The Doors,Strange Days,Strange Days,190,E,minor,119,4/4,2m,matched,1.0000,,GetSongBPM,L8m0RX,Strange Days,The Doors,https://getsongbpm.com/song/strange-days/L8m0RX,70,69
217,q9NtWkikVAE,https://music.youtube.com/watch?v=q9NtWkikVAE,Pink Floyd,Money,Pink Floyd,Money,The Dark Side of the Moon,383,B,minor,122,1/4,3m,matched,1.0000,,GetSongBPM,58ZgA,Money,Pink Floyd,https://getsongbpm.com/song/money/58ZgA,47,3
218,rd3pCS4fkFA,https://music.youtube.com/watch?v=rd3pCS4fkFA,Big Brother & The Holding Company; Janis Joplin,I Need a Man to Love,Big Brother & The Holding Company; Janis Joplin,I Need a Man to Love,Cheap Thrills,294,E,minor,182,4/4,2m,matched,1.0000,,GetSongBPM,Q1J2G,I Need a Man to Love,Big Brother & The Holding Company,https://getsongbpm.com/song/i-need-a-man-to-love/Q1J2G,32,8
219,blhEVJkgAtQ,https://music.youtube.com/watch?v=blhEVJkgAtQ,Engelbert Humperdinck,Love Me With All Your Heart (Cuando Calienta El Sol),Engelbert Humperdinck,Love Me With All Your Heart (Cuando Calienta El Sol),We Made It Happen,202,C#,major,73,,,manual_entry,1.0000,,manual,,,,,,
220,qftKX487O6E,https://music.youtube.com/watch?v=qftKX487O6E,The Animals,It's My Life,The Animals,It's My Life,Most of the Animals,190,C#,major,122,4/4,8d,matched,0.9893,,GetSongBPM,Qkx17l,It's My Life,The Animals,https://getsongbpm.com/song/it-s-my-life/Qkx17l,56,1
221,DDU_LlOMK0k,https://music.youtube.com/watch?v=DDU_LlOMK0k,Maceo,The Soul Of A Black Man,Maceo,The Soul Of A Black Man,Us,639,A#,minor,144,,,manual_entry,1.0000,,manual,,,,,,
222,8Mzxp-b3q7U,https://music.youtube.com/watch?v=8Mzxp-b3q7U,Triads; Gimp,Now I Can Hold My Head Up High,Triads; Gimp,Now I Can Hold My Head Up High,Now I Can Hold My Head Up High b/w If You're Looking for Love,201,D#,major,152,,,manual_entry,1.0000,,manual,,,,,,
223,WX843EZZdLI,https://music.youtube.com/watch?v=WX843EZZdLI,Metallica,Bleeding Me,Metallica,Bleeding Me,Load,499,D#,minor,117,4/4,7m,matched,1.0000,,GetSongBPM,o795j,Bleeding Me,Metallica,https://getsongbpm.com/song/bleeding-me/o795j,40,1
224,hJijVHeL5sA,https://music.youtube.com/watch?v=hJijVHeL5sA,Dope,Dirty World,Dope,Dirty World,No Regrets,181,D,major,152,4/4,3d,matched,1.0000,,GetSongBPM,xvWVVn,Dirty World,Dope,https://getsongbpm.com/song/dirty-world/xvWVVn,53,1
225,7EUipDulX8c,https://music.youtube.com/watch?v=7EUipDulX8c,Them Two,Am I a Good Man,Them Two,Am I a Good Man,Eccentric Soul: The Deep City Label,192,D#,minor,177,,,manual_entry,1.0000,,manual,,,,,,
226,sPI6aOeAuF0,https://music.youtube.com/watch?v=sPI6aOeAuF0,what i hate about atom eve,thanks to you,what i hate about atom eve,thanks to you,thanks to you,277,C,major,125,,,manual_entry,1.0000,,manual,,,,,,
227,UBExi-V4r80,https://music.youtube.com/watch?v=UBExi-V4r80,Scott McKenzie,San Francisco (Be Sure to Wear Flowers in Your Hair) (Single Version),Scott McKenzie,San Francisco (Be Sure to Wear Flowers in Your Hair) (Single Version),San Francisco,179,G,major,113,4/4,2d,matched,0.9208,,GetSongBPM,yPwWnz,San Francisco (Be Sure to Wear Flowers in Your Hair),Scott McKenzie,https://getsongbpm.com/song/san-francisco-be-sure-to-wear-flowers-in-your-hair/yPwWnz,57,43
228,0g16tSwpvwQ,https://music.youtube.com/watch?v=0g16tSwpvwQ,Peppino Gagliardi,Che vuole questa musica stasera,Peppino Gagliardi,Che vuole questa musica stasera,Aspettando il sole (Original Motion Picture Soundtrack),220,,,,,,missing,,not_found,,,,,,,
229,QzrFE8Geq_8,https://music.youtube.com/watch?v=QzrFE8Geq_8,Shirley Bassey,(Where Do I Begin) Love Story,Shirley Bassey,(Where Do I Begin) Love Story,The Singles,198,D,minor,94,4/4,12m,matched,0.9657,,GetSongBPM,xk7oLz,(Where Do I Begin) Love Story,Shirley Bassey,https://getsongbpm.com/song/where-do-i-begin-love-story/xk7oLz,39,64
230,zlSjfJTyzVM,https://music.youtube.com/watch?v=zlSjfJTyzVM,Deftones,souvenir,Deftones,souvenir,private music,371,D,minor,138,,,manual_entry,1.0000,,manual,,,,,,
231,ieOCKmLevc0,https://music.youtube.com/watch?v=ieOCKmLevc0,Decalius,Tortured,Decalius,Tortured,Isolated From Life (2021),303,G#,major,83,,,manual_entry,1.0000,,manual,,,,,,
232,7CKrMkCmBsY,https://music.youtube.com/watch?v=7CKrMkCmBsY,Smother dsbm,pain agony (Dsbm),Smother dsbm,Smother - pain agony (Dsbm),,315,,,,,,missing,,not_found,,,,,,,
233,Tu7oq3VNgpY,https://music.youtube.com/watch?v=Tu7oq3VNgpY,Pink Floyd,Shine On You Crazy Diamond (Pts. 1-5),Pink Floyd,Shine On You Crazy Diamond (Pts. 1-5),Wish You Were Here,812,G,minor,137,3/4,11m,manual_accept,1.0000,,GetSongBPM,rmgrOB,Shine On You Crazy Diamond (Pts. 1-5),Pink Floyd,https://getsongbpm.com/song/shine-on-you-crazy-diamond-ptspoint-1-5/rmgrOB,27,78
234,OHeerXT7vyY,https://music.youtube.com/watch?v=OHeerXT7vyY,Behemoth,We Are the Next 1000 Years,Behemoth,We Are the Next 1000 Years,I Loved You at Your Darkest,204,D,major,168,3/4,3d,matched,1.0000,,GetSongBPM,k2AZkK,We Are the Next 1000 Years,Behemoth,https://getsongbpm.com/song/we-are-the-next-1000-years/k2AZkK,10,1
235,jSNvyzsNEaQ,https://music.youtube.com/watch?v=jSNvyzsNEaQ,Deftones,infinite source,Deftones,infinite source,private music,213,,,,,,missing,,not_found,,,,,,,
236,L2HkiP45ajY,https://music.youtube.com/watch?v=L2HkiP45ajY,Septicflesh,The Vampire from Nazareth,Septicflesh,The Vampire from Nazareth,The Great Mass,249,C,major,105,4/4,1d,matched,1.0000,,GetSongBPM,48AQjJ,The Vampire From Nazareth,Septicflesh,https://getsongbpm.com/song/the-vampire-from-nazareth/48AQjJ,51,1
237,cYiUAI1Oj_Y,https://music.youtube.com/watch?v=cYiUAI1Oj_Y,Wounded Masquerade,Wish you were here,Wounded Masquerade,Wish you were here,Wish you were here,286,E,major,108,,,manual_entry,1.0000,,manual,,,,,,
238,qq9CC8z53As,https://music.youtube.com/watch?v=qq9CC8z53As,Mgła,Further Down the Nest I,Mgła,Further Down the Nest I,Further Down the Nest,307,G#,major,161,,,manual_entry,1.0000,,manual,,,,,,
239,RSERcRTaeIE,https://music.youtube.com/watch?v=RSERcRTaeIE,Mgła,Age of Excuse VI,Mgła,Age of Excuse VI,Age of Excuse,547,G,minor,154,4/4,11m,manual_accept,1.0000,,GetSongBPM,r9zk0w,Age of Excuse VI,Mgła,https://getsongbpm.com/song/age-of-excuse-vi/r9zk0w,24,1
240,A3NcpZQQl5k,https://music.youtube.com/watch?v=A3NcpZQQl5k,Daevar,Leviathan (feat. Jan Oberg),Daevar,Leviathan (feat. Jan Oberg),Delirious Rites,608,C,major,78,,,manual_entry,1.0000,,manual,,,,,,
241,DcFoM0qFB6o,https://music.youtube.com/watch?v=DcFoM0qFB6o,nixxiu,vain,nixxiu,vain,vain,174,,,,,,missing,,manual_reject_broader,,,,,,,
242,RyQh66_YMrQ,https://music.youtube.com/watch?v=RyQh66_YMrQ,Deftones,Risk,Deftones,Risk,Diamond Eyes (Deluxe),219,D,major,119,4/4,3d,matched,0.9904,,GetSongBPM,qjXNQr,Risk,Deftones,https://getsongbpm.com/song/risk/qjXNQr,37,1
243,X_0RjEFEJgk,https://music.youtube.com/watch?v=X_0RjEFEJgk,Andy Williams,I Won't Last a Day Without You,Andy Williams,I Won't Last a Day Without You,The Way We Were,317,D#,minor,100,4/4,7m,matched,0.9904,,GetSongBPM,ER8gvl,I Won't Last a Day Without You,Andy Williams,https://getsongbpm.com/song/i-won-t-last-a-day-without-you/ER8gvl,51,84
244,WLO2fppkO14,https://music.youtube.com/watch?v=WLO2fppkO14,Deftones,Kimdracula,Deftones,Kimdracula,Saturday Night Wrist,195,F#,minor,152,4/4,4m,matched,1.0000,,GetSongBPM,BBXj5W,Kimdracula,Deftones,https://getsongbpm.com/song/kimdracula/BBXj5W,30,1
245,_c64sDEjbh8,https://music.youtube.com/watch?v=_c64sDEjbh8,Superheaven,Around The Railing,Superheaven,Around The Railing,Jar,310,C#,major,138,4/4,8d,matched,1.0000,,GetSongBPM,jqGNWz,Around the Railing,Superheaven,https://getsongbpm.com/song/around-the-railing/jqGNWz,49,1
247,M7h8XlbQ4aA,https://music.youtube.com/watch?v=M7h8XlbQ4aA,Hideki Taniuchi,Tokei no Hari no Oto,Hideki Taniuchi,Tokei no Hari no Oto,DEATH NOTE Original Soundtrack Ⅱ,180,,,,,,missing,,not_found,,,,,,,
248,7LzF3EhLkLQ,https://music.youtube.com/watch?v=7LzF3EhLkLQ,Deadspace,Pain's Grey,Deadspace,Pain's Grey,The Promise of Oblivion,210,,,,,,missing,,not_found,,,,,,,
251,2WfaotSK3mI,https://music.youtube.com/watch?v=2WfaotSK3mI,Satie,Gymnopédie No. 1,Rousseau,Satie - Gymnopédie No. 1,,245,E,minor,133,4/4,2m,manual_accept,0.9568,,GetSongBPM,JywQo,Gymnopédie no. 1,Erik Satie,https://getsongbpm.com/song/gymnopedie-nopoint-1/JywQo,53,100
252,WNcsUNKlAKw,https://music.youtube.com/watch?v=WNcsUNKlAKw,Debussy,Clair de Lune,Rousseau,Debussy - Clair de Lune,,314,C#,major,67,5/4,8d,manual_accept,0.8800,,GetSongBPM,BBK5Q,Suite bergamasque: III. Clair de lune,Claude Debussy,https://getsongbpm.com/song/suite-bergamasque-iiipoint-clair-de-lune/BBK5Q,35,100
253,eGQUZ9FlUJ4,https://music.youtube.com/watch?v=eGQUZ9FlUJ4,Patrik Pietschmann,Davy Jones (From Pirates of the Caribbean 2) (piano version),Patrik Pietschmann,Davy Jones (From Pirates of the Caribbean 2) (piano version),,199,,,,,,missing,,not_found,,,,,,,
254,2aBtDz87UK0,https://music.youtube.com/watch?v=2aBtDz87UK0,Patrik Pietschmann,"He's a Pirate (From ""Pirates of the Caribbean"") (piano version)",Patrik Pietschmann,"He's a Pirate (From ""Pirates of the Caribbean"") (piano version)",,180,,,,,,missing,,not_found,,,,,,,
255,g55E5dofoJY,https://music.youtube.com/watch?v=g55E5dofoJY,Kra$h,"Yours Truly, Krash",Kra$h,"Yours Truly, Krash",Escobar,253,,,,,,missing,,not_found,,,,,,,
256,oEybvx6Fx8M,https://music.youtube.com/watch?v=oEybvx6Fx8M,Scizzie,aquatic ambience,Scizzie,aquatic ambience,aquatic ambience,124,F#,minor,140,,,manual_entry,1.0000,,manual,,,,,,
258,DK_sVdH2PwU,https://music.youtube.com/watch?v=DK_sVdH2PwU,Macintosh Plus,私はそれで午前ZONE,Macintosh Plus,私はそれで午前ZONE,Floral Shoppe,250,,,,,,missing,,not_found,,,,,,,
259,PzW62UP8CmY,https://music.youtube.com/watch?v=PzW62UP8CmY,Nujabes,Still Talking to You,Nujabes,Still Talking to You,FIRST COLLECTION,206,F#,minor,112,,,manual_entry,1.0000,,manual,,,,,,
260,wXXBUiqgBpQ,https://music.youtube.com/watch?v=wXXBUiqgBpQ,Pirate Pianist,"Up Is Down (From ""Pirates of the Caribbean: At World's End“) (Piano)",Pirate Pianist,"Up Is Down (From ""Pirates of the Caribbean: At World's End“) (Piano)",Pirates of the Caribbean on Piano,92,,,,,,missing,,not_found,,,,,,,
262,8gZDVNqCG8M,https://music.youtube.com/watch?v=8gZDVNqCG8M,Pirate Pianist,"Tia Dalma (From ""Pirates of the Caribbean: Dead Man's Chest“) (Piano)",Pirate Pianist,"Tia Dalma (From ""Pirates of the Caribbean: Dead Man's Chest“) (Piano)",Pirates of the Caribbean on Piano,81,,,,,,missing,,not_found,,,,,,,
263,6r79aWeHu4Q,https://music.youtube.com/watch?v=6r79aWeHu4Q,Tony Anderson,Pastoral,Tony Anderson,Pastoral,Fleurie,297,G#,minor,73,,,manual_entry,1.0000,,manual,,,,,,
264,FT13elr90q8,https://music.youtube.com/watch?v=FT13elr90q8,Klaus Badelt,The Medallion Calls,Klaus Badelt,The Medallion Calls,Pirates Of The Caribbean Original Soundtrack,113,D,minor,96,,,manual_entry,1.0000,,manual,,,,,,
265,QQLErKfQ4LU,https://music.youtube.com/watch?v=QQLErKfQ4LU,Klaus Badelt,Swords Crossed,Klaus Badelt,Swords Crossed,Pirates Of The Caribbean Original Soundtrack,196,,,,,,missing,,not_found,,,,,,,
266,i2Om-raqmaM,https://music.youtube.com/watch?v=i2Om-raqmaM,Geoff Zanelli,My Name Is Barbossa,Geoff Zanelli,My Name Is Barbossa,Pirates of the Caribbean: Dead Men Tell No Tales (Original Motion Picture Soundtrack),334,F,major,89,,,manual_entry,1.0000,,manual,,,,,,
267,auLopgsgJ_s,https://music.youtube.com/watch?v=auLopgsgJ_s,Susumu Hirasawa,Gats,Susumu Hirasawa,Gats,BERSERK Original Soundtrack,215,E,major,140,,,manual_entry,1.0000,,manual,,,,,,
268,9a9hXH2Km_4,https://music.youtube.com/watch?v=9a9hXH2Km_4,Michał Łapaj,Breathe,Michał Łapaj,Breathe,Breathe,251,D,minor,140,,,manual_entry,1.0000,,manual,,,,,,
269,Vdi8c51e-ME,https://music.youtube.com/watch?v=Vdi8c51e-ME,Imperial Orchestra,Interstellar (Original Score),Imperial Orchestra,Interstellar (Original Score),Interstellar (Original Score),415,,,,,,missing,,not_found,,,,,,,
270,SneTkr9rj9Y,https://music.youtube.com/watch?v=SneTkr9rj9Y,Black Label Society,Love Reign Down,Black Label Society,Love Reign Down,Stronger Than Death,485,D,major,135,4/4,3d,matched,1.0000,,GetSongBPM,w0kR8,Love Reign Down,Black Label Society,https://getsongbpm.com/song/love-reign-down/w0kR8,30,1
271,vSADld6FRMQ,https://music.youtube.com/watch?v=vSADld6FRMQ,Static-X,Black Star,Static-X,Black Star,"Project Regeneration, Vol. 2",241,F,major,95,,,manual_entry,1.0000,,manual,,,,,,
272,4_u-czHl--Q,https://music.youtube.com/watch?v=4_u-czHl--Q,Wounded Masquerade,brighter than every star,Wounded Masquerade,brighter than every star,razor.deep,226,A,major,153,,,manual_entry,1.0000,,manual,,,,,,
273,ESgBunzLJyI,https://music.youtube.com/watch?v=ESgBunzLJyI,Meshuggah,Broken Cog,Meshuggah,Broken Cog,Immutable,336,,,,,,missing,,not_found,,,,,,,
274,GTbYuIKibk4,https://music.youtube.com/watch?v=GTbYuIKibk4,Meshuggah,Bleed,Meshuggah,Bleed,ObZen,443,C#,minor,114,4/4,5m,matched,1.0000,,GetSongBPM,OYKgoE,Bleed,Meshuggah,https://getsongbpm.com/song/bleed/OYKgoE,25,1
275,dCA48NSfHuI,https://music.youtube.com/watch?v=dCA48NSfHuI,Dope,Rebel Yell,Dope,Rebel Yell,No Regrets,246,A#,minor,166,4/4,8m,matched,1.0000,,GetSongBPM,E9LZZK,Rebel Yell,Dope,https://getsongbpm.com/song/rebel-yell/E9LZZK,33,1
276,exfhPVHOZzM,https://music.youtube.com/watch?v=exfhPVHOZzM,Black Sabbath,Changes (2009 Remaster),Black Sabbath,Changes (2009 Remaster),Vol. 4,285,,,,,,missing,,not_found,,,,,,,
277,YlFFSKkGwP4,https://music.youtube.com/watch?v=YlFFSKkGwP4,Dying Fetus,Unbridled Fury,Dying Fetus,Unbridled Fury,Unbridled Fury,211,,,,,,missing,,not_found,,,,,,,
278,sNh23f7mUiI,https://music.youtube.com/watch?v=sNh23f7mUiI,Corey Taylor,Dust in the Wind (From 'Queen of the Ring - Music From The Motion Picture') (feat. Bad Omens & Aaron Gilhuis),Corey Taylor,Dust in the Wind (From 'Queen of the Ring - Music From The Motion Picture') (feat. Bad Omens & Aaron Gilhuis),Dust in the Wind (From 'Queen of the Ring - Music From The Motion Picture'),259,,,,,,missing,,not_found,,,,,,,
279,qPIy9U7T_CE,https://music.youtube.com/watch?v=qPIy9U7T_CE,Ghost,Absolution,Ghost,Absolution,Meliora,291,G,major,121,4/4,2d,matched,1.0000,,GetSongBPM,E8rJqN,Absolution,Ghost,https://getsongbpm.com/song/absolution/E8rJqN,57,1
280,YNOLfVAv_28,https://music.youtube.com/watch?v=YNOLfVAv_28,Ghost,See The Light,Ghost,See The Light,Prequelle,246,G#,major,178,4/4,9d,matched,1.0000,,GetSongBPM,x6RxBz,See The Light,Ghost,https://getsongbpm.com/song/see-the-light/x6RxBz,41,1
281,pMCqlsAoTik,https://music.youtube.com/watch?v=pMCqlsAoTik,Ghost,Phantom Of The Opera,Ghost,Phantom Of The Opera,Phantomime,444,D,minor,109,,,manual_entry,1.0000,,manual,,,,,,
283,nGUlHjsCZ2Y,https://music.youtube.com/watch?v=nGUlHjsCZ2Y,Morkt Tre,"Той, що прародитель",Morkt Tre,"Той, що прародитель",Земля забута богом і людьми,436,,,,,,missing,,not_found,,,,,,,
284,4LQh6l-WGSk,https://music.youtube.com/watch?v=4LQh6l-WGSk,Urfaust,Meditatum VI,Urfaust,Meditatum VI,Empty Space Meditation,433,,,,,,missing,,not_found,,,,,,,
285,dShT4cyj7uo,https://music.youtube.com/watch?v=dShT4cyj7uo,Planning For Burial,Whiskey and Wine,Planning For Burial,Whiskey and Wine,Whiskey and Wine,251,A,major,71,4/4,4d,matched,0.9437,,GetSongBPM,PjLGM4,Whiskey and Wine,Planning for Burial,https://getsongbpm.com/song/whiskey-and-wine/PjLGM4,17,1
286,LBIFlz__1EY,https://music.youtube.com/watch?v=LBIFlz__1EY,Death,Empty Words,Death,Empty Words,Symbolic,383,D,major,116,3/4,3d,matched,1.0000,,GetSongBPM,vj2P5,Empty Words,Death,https://getsongbpm.com/song/empty-words/vj2P5,35,1
287,_eBCxYVma1g,https://music.youtube.com/watch?v=_eBCxYVma1g,Black Sabbath,Changes (2021 Remaster),Black Sabbath,Changes (2021 Remaster),Changes (2021 Remaster),284,,,,,,missing,,not_found,,,,,,,
288,PXu0N7Y6j0s,https://music.youtube.com/watch?v=PXu0N7Y6j0s,Staind,Right Here,Staind,Right Here,Chapter V,252,A#,minor,112,4/4,8m,matched,1.0000,,GetSongBPM,4gVvJ,Right Here,Staind,https://getsongbpm.com/song/right-here/4gVvJ,50,1
290,7MDoHOzKZ_c,https://music.youtube.com/watch?v=7MDoHOzKZ_c,Ozzy Osbourne,Under the Graveyard,Ozzy Osbourne,Under the Graveyard,Ordinary Man,298,C#,minor,140,4/4,5m,matched,1.0000,,GetSongBPM,QkVGwG,Under the Graveyard,Ozzy Osbourne,https://getsongbpm.com/song/under-the-graveyard/QkVGwG,50,1
291,c8XEfqWj6nk,https://music.youtube.com/watch?v=c8XEfqWj6nk,Urfaust,Meditatum I,Urfaust,Meditatum I,Empty Space Meditation,304,,,,,,missing,,not_found,,,,,,,
292,iEtJQmv7-LY,https://music.youtube.com/watch?v=iEtJQmv7-LY,Deftones,Digital Bath,Deftones,Digital Bath,White Pony,256,E,minor,92,4/4,2m,matched,1.0000,,GetSongBPM,r0gWW,Digital Bath,Deftones,https://getsongbpm.com/song/digital-bath/r0gWW,34,1
293,Yh_Olc_Ayjs,https://music.youtube.com/watch?v=Yh_Olc_Ayjs,Urfaust,Vom Geist der Schwere,Urfaust,Vom Geist der Schwere,Ritual Music for the True Clochard,274,A,major,64,,,manual_entry,1.0000,,manual,,,,,,
294,XH_vR2mvaRs,https://music.youtube.com/watch?v=XH_vR2mvaRs,Nirvana,Half The Man I Used To Be.wmv,Krystian Cichacki,Nirvana - Half The Man I  Used To Be.wmv,,337,,,,,,missing,,manual_reject_broader,,,,,,,
295,O1bioFfEBK4,https://music.youtube.com/watch?v=O1bioFfEBK4,Black Label Society,S.D.M.F.,Black Label Society,S.D.M.F.,Kings of Damnation 98-04 (Best Of),213,,,,,,missing,,not_found,,,,,,,
296,4P7nzFMtkrQ,https://music.youtube.com/watch?v=4P7nzFMtkrQ,Black Label Society,A Love Unreal,Black Label Society,A Love Unreal,Grimmest Hits,359,B,minor,146,4/4,3m,matched,1.0000,,GetSongBPM,16Kn4j,A Love Unreal,Black Label Society,https://getsongbpm.com/song/a-love-unreal/16Kn4j,43,1
297,j1Irg6TLcaQ,https://music.youtube.com/watch?v=j1Irg6TLcaQ,传统艺术团,老鹰之歌 (纯音乐版),传统艺术团,老鹰之歌 (纯音乐版),新乐韵 Pt.2,188,,,,,,missing,,not_found,,,,,,,
298,8m_u47W39w8,https://music.youtube.com/watch?v=8m_u47W39w8,Wounded Masquerade,you (acoustic),Wounded Masquerade,you (acoustic),you (acoustic),212,,,,,,missing,,not_found,,,,,,,
299,g5YH32cygp0,https://music.youtube.com/watch?v=g5YH32cygp0,Wisp,Your face,Wisp,Your face,Pandora,230,E,major,134,,,manual_entry,1.0000,,manual,,,,,,
300,RL8Ct8dKmAk,https://music.youtube.com/watch?v=RL8Ct8dKmAk,Ghost,Life Eternal,Ghost,Life Eternal,Prequelle,208,C#,major,155,4/4,8d,matched,1.0000,,GetSongBPM,Eqzp2m,Life Eternal,Ghost,https://getsongbpm.com/song/life-eternal/Eqzp2m,45,2
301,y_YOuhz9XhU,https://music.youtube.com/watch?v=y_YOuhz9XhU,Ghost,Idolatrine,Ghost,Idolatrine,Infestissumam,264,F,minor,144,4/4,9m,matched,1.0000,,GetSongBPM,gLAlpk,Idolatrine,Ghost,https://getsongbpm.com/song/idolatrine/gLAlpk,51,1
302,wqh9GKAtZzo,https://music.youtube.com/watch?v=wqh9GKAtZzo,Radiohead,Go Slowly,Radiohead,Go Slowly,In Rainbows (Disk 2),229,B,minor,108,,,manual_entry,1.0000,,manual,,,,,,
303,qgHVh5jspsA,https://music.youtube.com/watch?v=qgHVh5jspsA,Bonnie Tyler,"Holding Out for a Hero (From ""Footloose"" Soundtrack)",Bonnie Tyler,"Holding Out for a Hero (From ""Footloose"" Soundtrack)",Secret Dreams and Forbidden Fire,349,A,minor,150,4/4,1m,manual_accept_broader,0.9232,,GetSongBPM,Lz8zW,Holding Out For A Hero,Bonnie Tyler,https://getsongbpm.com/song/holding-out-for-a-hero/Lz8zW,62,3
304,fSeFxzeo5Ts,https://music.youtube.com/watch?v=fSeFxzeo5Ts,Bonnie Tyler,Total Eclipse of the Heart,Bonnie Tyler,Total Eclipse of the Heart,Faster Than the Speed of Night,418,G#,major,129,4/4,9d,matched,1.0000,,GetSongBPM,gZrW9,Total Eclipse of the Heart,Bonnie Tyler,https://getsongbpm.com/song/total-eclipse-of-the-heart/gZrW9,44,20
305,ryGlgkvqzKE,https://music.youtube.com/watch?v=ryGlgkvqzKE,Barbra Streisand,Woman in Love,Barbra Streisand,Woman in Love,Guilty,232,D#,minor,169,4/4,7m,matched,1.0000,,GetSongBPM,y8Eqg,Woman in Love,Barbra Streisand,https://getsongbpm.com/song/woman-in-love/y8Eqg,49,49
307,WGE7GAjlV3k,https://music.youtube.com/watch?v=WGE7GAjlV3k,Clutch,The Regulator,Clutch,The Regulator,Blast Tyrant (Deluxe Edition),326,G,major,89,4/4,2d,matched,0.9904,,GetSongBPM,XA40W,The Regulator,Clutch,https://getsongbpm.com/song/the-regulator/XA40W,57,12
308,e1wrSR7qGh0,https://music.youtube.com/watch?v=e1wrSR7qGh0,Serj Tankian,Empty Walls,Serj Tankian,Empty Walls,Elect the Dead,231,C,minor,160,4/4,10m,matched,1.0000,,GetSongBPM,L9k69r,Empty Walls,Serj Tankian,https://getsongbpm.com/song/empty-walls/L9k69r,47,1
309,ZZJxWqmP4Yw,https://music.youtube.com/watch?v=ZZJxWqmP4Yw,Static-X,Wisconsin Death Trip,Static-X,Wisconsin Death Trip,Wisconsin Death Trip,190,F,major,129,4/4,12d,manual_accept_broader,0.9760,,GetSongBPM,KOp38,Wisconsin Death Trip,Static‐X,https://getsongbpm.com/song/wisconsin-death-trip/KOp38,40,1
310,2vHDXkO1-BY,https://music.youtube.com/watch?v=2vHDXkO1-BY,Ghost,Jigolo Har Megiddo,Ghost,Jigolo Har Megiddo,Infestissumam,239,F,major,132,4/4,12d,matched,1.0000,,GetSongBPM,7LoQ91,Jigolo Har Megiddo,Ghost,https://getsongbpm.com/song/jigolo-har-megiddo/7LoQ91,46,1
311,OC8x9_App2I,https://music.youtube.com/watch?v=OC8x9_App2I,Deftones,Engine No. 9,Deftones,Engine No. 9,Adrenaline,205,D,major,186,4/4,3d,matched,1.0000,,GetSongBPM,pQo0p,Engine No. 9,Deftones,https://getsongbpm.com/song/engine-nopoint-9/pQo0p,36,1
312,dW1kJk98fuA,https://music.youtube.com/watch?v=dW1kJk98fuA,Këkht Aräkh,Forever Night Castle of Love,Këkht Aräkh,Forever Night Castle of Love,Night & Love,224,D#,major,115,,,manual_entry,1.0000,,manual,,,,,,
313,VCLUEfDzYds,https://music.youtube.com/watch?v=VCLUEfDzYds,Cult Leader,The Broken Right Hand of God,Cult Leader,The Broken Right Hand of God,A Patient Man,393,D#,minor,112,4/4,7m,matched,1.0000,,GetSongBPM,r2zpKw,The Broken Right Hand of God,Cult Leader,https://getsongbpm.com/song/the-broken-right-hand-of-god/r2zpKw,21,1
314,t0KUzIZggIs,https://music.youtube.com/watch?v=t0KUzIZggIs,Meshuggah,Phantoms,Meshuggah,Phantoms,Immutable,294,F#,minor,110,,,manual_entry,1.0000,,manual,,,,,,
315,cxGZj3xLzfI,https://music.youtube.com/watch?v=cxGZj3xLzfI,Black Label Society,Rust,Black Label Society,Rust,Stronger Than Death,369,B,minor,127,4/4,3m,matched,1.0000,,GetSongBPM,nRzN7,Rust,Black Label Society,https://getsongbpm.com/song/rust/nRzN7,44,12
316,fipplWIr1SY,https://music.youtube.com/watch?v=fipplWIr1SY,Uriah Heep,Lady in Black,Uriah Heep,Lady in Black,Salisbury (Expanded Version),281,G,major,86,4/4,2d,manual_accept,0.9434,,GetSongBPM,OMx37G,Lady In Black,Uriah Heep,https://getsongbpm.com/song/lady-in-black/OMx37G,48,1
317,vTxFQGb3Op4,https://music.youtube.com/watch?v=vTxFQGb3Op4,Staind,So Far Away,Staind,So Far Away,14 Shades of Grey,245,F#,major,69,3/4,7d,matched,1.0000,,GetSongBPM,VlPy9,So Far Away,Staind,https://getsongbpm.com/song/so-far-away/VlPy9,41,2
318,qF5M7GnPe-Q,https://music.youtube.com/watch?v=qF5M7GnPe-Q,Paysage d'Hiver,Alt,Paysage d'Hiver,Alt,Im Wald,634,,minor,,,,matched,1.0000,,GetSongBPM,k2yoyX,Alt,Paysage d'Hiver,https://getsongbpm.com/song/alt/k2yoyX,,
320,B47FypVbC4Y,https://music.youtube.com/watch?v=B47FypVbC4Y,Nocturnal Depression,Nostalgia,Nocturnal Depression,Nostalgia,Deathcade,282,D,minor,110,,,manual_entry,1.0000,,manual,,,,,,
321,KDIDLIE7Z1E,https://music.youtube.com/watch?v=KDIDLIE7Z1E,Slowdive,Slomo,Slowdive,Slomo,Slowdive,414,G,major,107,4/4,2d,matched,1.0000,,GetSongBPM,J8oknP,Slomo,Slowdive,https://getsongbpm.com/song/slomo/J8oknP,19,6
322,zMvJ6zGl1_E,https://music.youtube.com/watch?v=zMvJ6zGl1_E,Perry Como,We've Only Just Begun,Perry Como,We've Only Just Begun,It's Impossible,208,B,minor,87,,,manual_entry,1.0000,,manual,,,,,,
323,yk-qoqOxt14,https://music.youtube.com/watch?v=yk-qoqOxt14,Perry Como,El Cóndor Pasa,Perry Como,El Cóndor Pasa,It's Impossible,222,G#,minor,77,,,manual_entry,1.0000,,manual,,,,,,
324,7kHqIQVxIuA,https://music.youtube.com/watch?v=7kHqIQVxIuA,Slowdive,Dagger,Slowdive,Dagger,Souvlaki,219,G#,minor,73,4/4,6m,matched,1.0000,,GetSongBPM,wVzmg,Dagger,Slowdive,https://getsongbpm.com/song/dagger/wVzmg,51,63
325,sFAMuSvLG5Y,https://music.youtube.com/watch?v=sFAMuSvLG5Y,Slipknot,Prosthetics,Slipknot,Prosthetics,Slipknot,299,F#,major,146,4/4,7d,matched,1.0000,,GetSongBPM,P1n22,Prosthetics,Slipknot,https://getsongbpm.com/song/prosthetics/P1n22,27,1
326,hZdiwHHxay4,https://music.youtube.com/watch?v=hZdiwHHxay4,Queen,Bohemian Rhapsody,Queen,Bohemian Rhapsody,Greatest Hits In Japan,356,A#,major,72,4/4,11d,matched,0.9411,,GetSongBPM,Y69Dp,Bohemian Rhapsody,Queen,https://getsongbpm.com/song/bohemian-rhapsody/Y69Dp,40,26
327,djHiBp5oRnY,https://music.youtube.com/watch?v=djHiBp5oRnY,Stevie Wonder,I Just Called To Say I Love You,Stevie Wonder,I Just Called To Say I Love You,The Complete Stevie Wonder,377,C#,major,114,,,manual_entry,1.0000,,manual,,,,,,
328,t9wy0GikGxw,https://music.youtube.com/watch?v=t9wy0GikGxw,Rotting Christ,Heaven and Hell and Fire,Rotting Christ,Heaven and Hell and Fire,The Heretics,293,E,major,76,,,manual_entry,1.0000,,manual,,,,,,
329,SD7S2XEbzGk,https://music.youtube.com/watch?v=SD7S2XEbzGk,Decalius,Unknown,Decalius,Unknown,Hated By Life Itself,280,D,minor,140,,,manual_entry,1.0000,,manual,,,,,,
330,2VCPAR1UHEI,https://music.youtube.com/watch?v=2VCPAR1UHEI,Silent Rhythm,Starry Night (Sleep Music),Silent Rhythm,Starry Night (Sleep Music),Relaxing (Sleep Music) for Stress Relief,1800,B,major,127,,,manual_entry,1.0000,,manual,,,,,,
331,erHLmzjUrnw,https://music.youtube.com/watch?v=erHLmzjUrnw,Wounded Masquerade,gone to waste,Wounded Masquerade,gone to waste (remastered),gone to waste,712,,,,,,missing,,manual_reject_broader,,,,,,,
332,iNilmUzcB0s,https://music.youtube.com/watch?v=iNilmUzcB0s,The Doors,Moonlight Drive,The Doors,Moonlight Drive,Strange Days,182,D,major,113,4/4,3d,matched,1.0000,,GetSongBPM,Q0rjB0,Moonlight Drive,The Doors,https://getsongbpm.com/song/moonlight-drive/Q0rjB0,62,61
333,vf7m-ogAW5A,https://music.youtube.com/watch?v=vf7m-ogAW5A,The Doors,Love Street,The Doors,Love Street,Waiting for the Sun (50th Anniversary Deluxe Edition),173,A,minor,118,4/4,1m,matched,0.9904,,GetSongBPM,jqWErl,Love Street,The Doors,https://getsongbpm.com/song/love-street/jqWErl,71,69
334,XqaxtscI7mM,https://music.youtube.com/watch?v=XqaxtscI7mM,Andy Williams,Michelle,Andy Williams,Michelle,The Shadow of Your Smile,203,F,minor,100,4/4,9m,matched,0.9904,,GetSongBPM,Ro0o4O,Michelle,Andy Williams,https://getsongbpm.com/song/michelle/Ro0o4O,32,93
336,1ZZzO3zF9mY,https://music.youtube.com/watch?v=1ZZzO3zF9mY,HIM,Love's Requiem,HIM,Love's Requiem,Love Metal,516,,,,,,missing,,not_found,,,,,,,
337,b_vPrhPl5uY,https://music.youtube.com/watch?v=b_vPrhPl5uY,Frank Sinatra,Rain In My Heart,Frank Sinatra,Rain In My Heart,Cycles,202,B,minor,171,3/4,3m,matched,1.0000,,GetSongBPM,pQrKz2,Rain in My Heart,Frank Sinatra,https://getsongbpm.com/song/rain-in-my-heart/pQrKz2,19,92
338,aPKbzCgh-J0,https://music.youtube.com/watch?v=aPKbzCgh-J0,HIM,Join Me In Death (Demo 1998) [Sub. Español],A B I,HIM - Join Me In Death (Demo 1998) [Sub. Español],,342,,,,,,missing,,not_found,,,,,,,
339,FEXV_ky7vEw,https://music.youtube.com/watch?v=FEXV_ky7vEw,HIM,Gone With The Sin (Versión 1998) / Sub Español,Yisus SHZ,HIM - Gone With The Sin (Versión 1998) / Sub Español,,395,,,,,,missing,,not_found,,,,,,,
340,q0xFztPoziU,https://music.youtube.com/watch?v=q0xFztPoziU,HIM,Bury me deep inside,HIM,Bury me deep inside,Razorblade Romance,257,F#,minor,85,4/4,4m,matched,0.9304,,GetSongBPM,XogJDV,Bury Me Deep Inside Your Heart,HIM,https://getsongbpm.com/song/bury-me-deep-inside-your-heart/XogJDV,52,28
341,BRELs2SQPeE,https://music.youtube.com/watch?v=BRELs2SQPeE,Gojira,The Heaviest Matter of the Universe,Gojira,The Heaviest Matter of the Universe,From Mars to Sirius,238,F,minor,206,4/4,9m,matched,1.0000,,GetSongBPM,Z6OG7R,The Heaviest Matter of the Universe,Gojira,https://getsongbpm.com/song/the-heaviest-matter-of-the-universe/Z6OG7R,25,1
342,zEmtfA8FETc,https://music.youtube.com/watch?v=zEmtfA8FETc,Low,Lullaby,Low,Lullaby,I Could Live In Hope,590,B,minor,125,4/4,3m,matched,1.0000,,GetSongBPM,6X0pV,Lullaby,Low,https://getsongbpm.com/song/lullaby/6X0pV,38,6
343,NUnXxh5U25Y,https://music.youtube.com/watch?v=NUnXxh5U25Y,Radiohead,Everything In Its Right Place,Radiohead,Everything In Its Right Place,Kid A,252,F,minor,124,5/4,9m,matched,1.0000,,GetSongBPM,kZjE,Everything in Its Right Place,Radiohead,https://getsongbpm.com/song/everything-in-its-right-place/kZjE,30,70
344,w1Smzzw_w7Q,https://music.youtube.com/watch?v=w1Smzzw_w7Q,twenty one pilots,Ride,twenty one pilots,Ride,Blurryface,215,F#,major,76,4/4,7d,matched,1.0000,,GetSongBPM,2x6A1j,Ride,twenty one pilots,https://getsongbpm.com/song/ride/2x6A1j,65,1
345,Ezi1Owv_rag,https://music.youtube.com/watch?v=Ezi1Owv_rag,Dido,Thank You,Dido,Thank You,No Angel,219,,,,,,missing,,manual_reject_broader,,,,,,,
346,e4IBQ5f_tFg,https://music.youtube.com/watch?v=e4IBQ5f_tFg,INTHEWHALE,Waves,INTHEWHALE,Waves,Waves,283,,,,,,missing,,manual_reject_broader,,,,,,,
347,FzjaN0gPvaE,https://music.youtube.com/watch?v=FzjaN0gPvaE,Deftones,Beware,Deftones,Beware,Saturday Night Wrist,361,G#,major,72,4/4,9d,matched,1.0000,,GetSongBPM,qxpmvk,Beware,Deftones,https://getsongbpm.com/song/beware/qxpmvk,27,1
348,g8R3mKlBwqE,https://music.youtube.com/watch?v=g8R3mKlBwqE,Superheaven,Poor Aileen,Superheaven,Poor Aileen,Ours Is Chrome,268,C#,major,137,4/4,8d,matched,1.0000,,GetSongBPM,p8GNvr,Poor Aileen,Superheaven,https://getsongbpm.com/song/poor-aileen/p8GNvr,45,1
349,LQFJrZe__L0,https://music.youtube.com/watch?v=LQFJrZe__L0,Mars Lasar,Dominus,Mars Lasar,Dominus,Multiverse,265,F,major,120,,,manual_entry,1.0000,,manual,,,,,,
350,oDdE3UvEDc0,https://music.youtube.com/watch?v=oDdE3UvEDc0,Decalius,I'm a Failure,Decalius,I'm a Failure,Isolated From Life (2021),345,D,major,59,,,manual_entry,1.0000,,manual,,,,,,
351,U61inkmPMzw,https://music.youtube.com/watch?v=U61inkmPMzw,Urfaust,"Dämmert, gelähmt und mit scheinbar erloschenem Geist",Urfaust,"Dämmert, gelähmt und mit scheinbar erloschenem Geist",Ritual Music for the True Clochard,262,C,major,93,3/4,1d,matched,0.9257,,GetSongBPM,qxppkk,"Dämmert, Gelähmt und mit Scheinbar erloschenem Geist",Urfaust,https://getsongbpm.com/song/daemmert-gelaehmt-und-mit-scheinbar-erloschenem-geist/qxppkk,12,1
352,6W6HhdqA95w,https://music.youtube.com/watch?v=6W6HhdqA95w,Radiohead,How to Disappear Completely,Radiohead,How to Disappear Completely,Kid A,357,F#,minor,102,4/4,4m,matched,1.0000,,GetSongBPM,nrmE,How to Disappear Completely,Radiohead,https://getsongbpm.com/song/how-to-disappear-completely/nrmE,17,32
354,FM7ALFsOH4g,https://music.youtube.com/watch?v=FM7ALFsOH4g,Radiohead,All I Need,Radiohead,All I Need,In Rainbows,229,E,minor,178,4/4,2m,matched,1.0000,,GetSongBPM,KrNyR8,All I Need,Radiohead,https://getsongbpm.com/song/all-i-need/KrNyR8,67,52
355,7fv84nPfTH0,https://music.youtube.com/watch?v=7fv84nPfTH0,Radiohead,High and Dry,Radiohead,High and Dry,The Bends,258,E,major,86,4/4,5d,matched,1.0000,,GetSongBPM,qxygR,High and Dry,Radiohead,https://getsongbpm.com/song/high-and-dry/qxygR,42,8
356,ubuN28MsRrg,https://music.youtube.com/watch?v=ubuN28MsRrg,Lana Del Rey,Brooklyn Baby,Lana Del Rey,Brooklyn Baby,Ultraviolence,352,C#,major,107,4/4,8d,matched,1.0000,,GetSongBPM,2xXzrP,Brooklyn Baby,Lana Del Rey,https://getsongbpm.com/song/brooklyn-baby/2xXzrP,41,55
357,igC9mcrZlHo,https://music.youtube.com/watch?v=igC9mcrZlHo,Lana Del Rey,Shades Of Cool,Lana Del Rey,Shades Of Cool,Ultraviolence,343,D,minor,137,3/4,12m,matched,1.0000,,GetSongBPM,1WMxqo,Shades of Cool,Lana Del Rey,https://getsongbpm.com/song/shades-of-cool/1WMxqo,27,56
358,lhrgbsaVO9Y,https://music.youtube.com/watch?v=lhrgbsaVO9Y,Saint Avangeline,Shades of Cool,Saint Avangeline,Shades of Cool,Shades of Blue (Volume I),341,C#,minor,137,,,manual_entry,1.0000,,manual,,,,,,
359,DOMRnLat1AE,https://music.youtube.com/watch?v=DOMRnLat1AE,Decalius,Isolated From Life,Decalius,Isolated From Life,Isolated From Life (2021),274,,,,,,missing,,not_found,,,,,,,
360,-spotq2kYd4,https://music.youtube.com/watch?v=-spotq2kYd4,Perry Como,Killing Me Softly With Her Song,Perry Como,Killing Me Softly With Her Song,And I Love You So,271,G#,minor,103,4/4,6m,matched,1.0000,,GetSongBPM,OYBzVE,Killing Me Softly With Her Song,Perry Como,https://getsongbpm.com/song/killing-me-softly-with-her-song/OYBzVE,56,49
361,jnRzMETUUAI,https://music.youtube.com/watch?v=jnRzMETUUAI,Nat King Cole,When I Fall In Love,Nat King Cole,When I Fall In Love,Love Is The Thing,191,C#,major,81,4/4,8d,matched,1.0000,,GetSongBPM,9QAlN8,When I Fall in Love,Nat King Cole,https://getsongbpm.com/song/when-i-fall-in-love/9QAlN8,17,80
362,jWrRU__3MvI,https://music.youtube.com/watch?v=jWrRU__3MvI,Urfaust,Trúbadóirí Ólta an Diabhail (Side A),Urfaust,Trúbadóirí Ólta an Diabhail (Side A),Trúbadóirí Ólta an Diabhail,942,,,,,,missing,,not_found,,,,,,,
363,alUPxWJizQM,https://music.youtube.com/watch?v=alUPxWJizQM,DustBowlChampion,You,DustBowlChampion,You,You,200,C#,major,160,,,manual_entry,1.0000,,manual,,,,,,
364,87Nk5cVwD9A,https://music.youtube.com/watch?v=87Nk5cVwD9A,VXLLAIN; VØJ; Narvent,Distant Echoes,VXLLAIN; VØJ; Narvent,Distant Echoes,Distant Echoes,184,,,,,,missing,,not_found,,,,,,,
365,Z-vKyvMW0s4,https://music.youtube.com/watch?v=Z-vKyvMW0s4,Nocturnal Depression,Spleen Black Metal,Nocturnal Depression,Spleen Black Metal,Spleen Black Metal,359,E,minor,98,4/4,2m,manual_accept,1.0000,,GetSongBPM,l7ZQR7,Spleen Black Metal,Nocturnal Depression,https://getsongbpm.com/song/spleen-black-metal/l7ZQR7,43,1
366,qt-k_cF0msE,https://music.youtube.com/watch?v=qt-k_cF0msE,Soulless,See You When The Sky Turns Purple,Soulless,See You When The Sky Turns Purple,Hiraeth,621,A,minor,120,,,manual_entry,1.0000,,manual,,,,,,
367,zeaZhbuPjnM,https://music.youtube.com/watch?v=zeaZhbuPjnM,None,Suffer,None,Suffer,Self-Titled,566,D,minor,57,,,manual_entry,1.0000,,manual,,,,,,
368,m7yPJ-1cd4c,https://music.youtube.com/watch?v=m7yPJ-1cd4c,Wounded Masquerade,Cling to Past Memories,Wounded Masquerade,Cling to Past Memories,Forlorn,299,,,,,,missing,,not_found,,,,,,,
369,8HZVv5neY_E,https://music.youtube.com/watch?v=8HZVv5neY_E,Blade and Bath,Alcoholic and Drug Addicted,Blade and Bath,Alcoholic and Drug Addicted,Euphoria of Self-Destruction,383,,,,,,missing,,not_found,,,,,,,
370,e1wFWufGKsE,https://music.youtube.com/watch?v=e1wFWufGKsE,Gutalax,Polykání semena z postaršího jelena,Gutalax,Polykání semena z postaršího jelena,Shit Beast,129,A,minor,154,4/4,1m,matched,0.9304,,GetSongBPM,OyMvAp,Polykani Semena Z Postarsiho Jelena (Swallowing the Seeds of an Elperly Deer),Gutalax,https://getsongbpm.com/song/polykani-semena-z-postarsiho-jelena-swallowing-the-seeds-of-an-elperly-deer/OyMvAp,40,1
371,H8VZO7iSBFg,https://music.youtube.com/watch?v=H8VZO7iSBFg,Cannibal Corpse,Skewered From Ear To Eye,Cannibal Corpse,Skewered From Ear To Eye,Evisceration Plague,229,A#,minor,100,4/4,8m,matched,1.0000,,GetSongBPM,3l190M,Skewered From Ear to Eye,Cannibal Corpse,https://getsongbpm.com/song/skewered-from-ear-to-eye/3l190M,56,1
372,1nx9NmCq_YA,https://music.youtube.com/watch?v=1nx9NmCq_YA,Gutalax,Zakletý pšouk v pet lahvi,Gutalax,Zakletý pšouk v pet lahvi,Shit Beast,196,A#,major,143,4/4,11d,manual_accept_broader,0.7696,,GetSongBPM,RoOyEq,Zaklety Psouk V Pet-Lahvi (Cursed Fart In The Pet Bottle),Gutalax,https://getsongbpm.com/song/zaklety-psouk-v-pet-lahvi-cursed-fart-in-the-pet-bottle/RoOyEq,40,2
373,jnW1ssqjKVs,https://music.youtube.com/watch?v=jnW1ssqjKVs,Gutalax,Asshole Ghost Wishmaster,Gutalax,Asshole Ghost Wishmaster,Shit Beast,83,,,,,,missing,,not_found,,,,,,,
374,c4vqvpBiRZA,https://music.youtube.com/watch?v=c4vqvpBiRZA,Gutalax,Robocock,Gutalax,Robocock,Shit Beast,107,E,minor,172,4/4,2m,matched,1.0000,,GetSongBPM,D91Omx,Robocock,Gutalax,https://getsongbpm.com/song/robocock/D91Omx,18,1
375,6tDwv7Xqgr8,https://music.youtube.com/watch?v=6tDwv7Xqgr8,Gutalax,Vykouření dařbujána vietnamského veterána,Gutalax,Vykouření dařbujána vietnamského veterána,Shit Beast,105,,,,,,missing,,not_found,,,,,,,
376,iMbzuV_HE4c,https://music.youtube.com/watch?v=iMbzuV_HE4c,Old Wharf,The Fault In Our Design (feat. Daniel Hounslow),Old Wharf,The Fault In Our Design (feat. Daniel Hounslow),Matricide,323,G,major,126,,,manual_entry,1.0000,,manual,,,,,,
377,bArJ_6kwhOg,https://music.youtube.com/watch?v=bArJ_6kwhOg,Wounded Masquerade,The day i finally left my pain behind,Wounded Masquerade,The day i finally left my pain behind,River of crimson tears,367,E,minor,112,,,manual_entry,1.0000,,manual,,,,,,
378,BjWEvOMeuP0,https://music.youtube.com/watch?v=BjWEvOMeuP0,Hell,Helmzmen,Hell,Helmzmen,Hell,576,,,,,,missing,,not_found,,,,,,,
379,KwYZGHXUgEU,https://music.youtube.com/watch?v=KwYZGHXUgEU,Blade and Bath,Blade and Bath,Blade and Bath,Blade and Bath,Chains of Depression,305,,,,,,missing,,not_found,,,,,,,
380,LsVq_YEsHRY,https://music.youtube.com/watch?v=LsVq_YEsHRY,Matt Monro,The Music Played,Matt Monro,The Music Played,Matt Monro - The Best,193,F#,minor,81,4/4,4m,matched,0.8824,,GetSongBPM,lYwDEJ,Alguien canto (The Music Played),Matt Monro,https://getsongbpm.com/song/alguien-canto-the-music-played/lYwDEJ,40,71
381,gGAcwVrmkXk,https://music.youtube.com/watch?v=gGAcwVrmkXk,Ultar,Au Seuil,Ultar,Au Seuil,Pantheon MMXIX,335,C,minor,70,,,manual_entry,1.0000,,manual,,,,,,
382,XHoob_0zFz8,https://music.youtube.com/watch?v=XHoob_0zFz8,cult of luna,I Remember,cult of luna,I Remember,The Raging River,489,F#,major,120,,,manual_entry,1.0000,,manual,,,,,,
383,g9wS2V4cHcc,https://music.youtube.com/watch?v=g9wS2V4cHcc,Urfaust,Vom Gesicht und Rätsel,Urfaust,Vom Gesicht und Rätsel,Der freiwillige Bettler,490,,,,,,missing,,not_found,,,,,,,
384,xu7MkvDjWhY,https://music.youtube.com/watch?v=xu7MkvDjWhY,Cult Of Luna,Dark Side Of The Sun,Cult Of Luna,Dark Side Of The Sun,Cult Of Luna,194,C,minor,95,3/4,10m,matched,1.0000,,GetSongBPM,WRyZg,Dark Side of the Sun,Cult of Luna,https://getsongbpm.com/song/dark-side-of-the-sun/WRyZg,15,1
385,IHYxs17nGaw,https://music.youtube.com/watch?v=IHYxs17nGaw,None,It's Painless to Let Go,None,It's Painless to Let Go,Damp Chill of Life,357,,,,,,missing,,not_found,,,,,,,
386,EdBts4zwt2w,https://music.youtube.com/watch?v=EdBts4zwt2w,Perry Como,It's Impossible,Perry Como,It's Impossible,The Love Collection Vol. 1,196,C,minor,141,,,manual_entry,1.0000,,manual,,,,,,
387,T7AefIn3A80,https://music.youtube.com/watch?v=T7AefIn3A80,Andy Williams,"Love Theme From ""The Godfather"" (Speak Softly Love)",Andy Williams,"Love Theme From ""The Godfather"" (Speak Softly Love)","Love Theme From ""The Godfather""",186,,,,,,missing,,not_found,,,,,,,
388,Xb6Yw2YqqbY,https://music.youtube.com/watch?v=Xb6Yw2YqqbY,Perry Como,And I Love You So,Perry Como,And I Love You So,Slows (Les grands succès),203,G#,major,90,4/4,9d,matched,0.9400,,GetSongBPM,NkAyQ8,And I Love You So,Perry Como,https://getsongbpm.com/song/and-i-love-you-so/NkAyQ8,42,88
389,2EGOdTxOaJA,https://music.youtube.com/watch?v=2EGOdTxOaJA,Wounded Masquerade,Would my ending bring you peace?,Wounded Masquerade,Would my ending bring you peace?,Would my ending bring you peace?,427,,,,,,missing,,not_found,,,,,,,
390,n7o2UCXm1LE,https://music.youtube.com/watch?v=n7o2UCXm1LE,REZN,Dread,REZN,Dread,Let It Burn,245,B,minor,129,,,manual_entry,1.0000,,manual,,,,,,
391,pZQpgxMDVCU,https://music.youtube.com/watch?v=pZQpgxMDVCU,My Useless Life,I Should Have Never Been Born,My Useless Life,I Should Have Never Been Born,On the Edge,301,C,major,95,,,manual_entry,1.0000,,manual,,,,,,
392,GsmwHrMd360,https://music.youtube.com/watch?v=GsmwHrMd360,Wounded Masquerade,be myself,Wounded Masquerade,be myself,be myself,264,F#,minor,93,,,manual_entry,1.0000,,manual,,,,,,
393,e47dRQ_UKao,https://music.youtube.com/watch?v=e47dRQ_UKao,Wounded Masquerade,I died that day,Wounded Masquerade,I died that day,I died that day,312,C,minor,180,,,manual_entry,1.0000,,manual,,,,,,
394,J0_Z5543V5Y,https://music.youtube.com/watch?v=J0_Z5543V5Y,Blade and Bath,How to Enjoy Life?,Blade and Bath,How to Enjoy Life?,Rotten in Loneliness,338,B,minor,120,,,manual_entry,1.0000,,manual,,,,,,
395,4v3gYpwo2yE,https://music.youtube.com/watch?v=4v3gYpwo2yE,Blade and Bath,Trouble Sleeping,Blade and Bath,Trouble Sleeping,Rotten in Loneliness,249,B,minor,180,,,manual_entry,1.0000,,manual,,,,,,
396,l_FNkf-bHnA,https://music.youtube.com/watch?v=l_FNkf-bHnA,Barry Manilow,Can't Smile Without You,Barry Manilow,Can't Smile Without You,Even Now,194,G,major,97,4/4,2d,matched,1.0000,,GetSongBPM,OYmNnG,Can't Smile Without You,Barry Manilow,https://getsongbpm.com/song/can-t-smile-without-you/OYmNnG,42,50
398,XeUHNN7L5Jo,https://music.youtube.com/watch?v=XeUHNN7L5Jo,Wounded Masquerade,All moments were in vain,Wounded Masquerade,All moments were in vain,River of crimson tears,315,,,,,,missing,,not_found,,,,,,,
399,DEuhdR9Cf_E,https://music.youtube.com/watch?v=DEuhdR9Cf_E,Decalius,A Miserable Life...,Decalius,A Miserable Life...,Dehumanizing Loneliness,256,,,,,,missing,,not_found,,,,,,,
400,_Flb0fJTx6U,https://music.youtube.com/watch?v=_Flb0fJTx6U,Wounded Masquerade,Forlorn (Closure),Wounded Masquerade,Forlorn (Closure),Forlorn,312,,,,,,missing,,not_found,,,,,,,
401,y_-o-HYTxpI,https://music.youtube.com/watch?v=y_-o-HYTxpI,Schammasch,The Empyrean,Schammasch,The Empyrean,Triangle,506,B,major,124,4/4,6d,matched,1.0000,,GetSongBPM,pZ1ElV,The Empyrean,Schammasch,https://getsongbpm.com/song/the-empyrean/pZ1ElV,20,1
402,x9kn39HdnWM,https://music.youtube.com/watch?v=x9kn39HdnWM,Urfaust,False Sensorial Impressions,Urfaust,False Sensorial Impressions,The Constellatory Practice,362,,minor,,,,matched,1.0000,,GetSongBPM,PrkKpn,False Sensorial Impressions,Urfaust,https://getsongbpm.com/song/false-sensorial-impressions/PrkKpn,,
403,n10IVykcoS4,https://music.youtube.com/watch?v=n10IVykcoS4,Wounded Masquerade,I want to disappear,Wounded Masquerade,I want to disappear,I want to disappear,271,C#,minor,138,,,manual_entry,1.0000,,manual,,,,,,
404,W8LjCZoaFC0,https://music.youtube.com/watch?v=W8LjCZoaFC0,Blade and Bath; Блукання Самотньої Особистості,You Are Gone,Blade and Bath; Блукання Самотньої Особистості,You Are Gone,Chains of Depression,438,E,minor,180,,,manual_entry,1.0000,,manual,,,,,,
405,X8BVfcIkgV8,https://music.youtube.com/watch?v=X8BVfcIkgV8,Wounded Masquerade,Everything you love will fade away,Wounded Masquerade,Everything you love will fade away,River of crimson tears,373,A#,major,130,,,manual_entry,1.0000,,manual,,,,,,
406,aZweCOPNn48,https://music.youtube.com/watch?v=aZweCOPNn48,Nergot Traurig,Sacrimoon - A Moment of My Depression,Nergot Traurig,Sacrimoon - A Moment of My Depression,Sacrimoon - Reflections of My Suicide Melancholy,409,,,,,,missing,,not_found,,,,,,,
407,A-pFep2MB9U,https://music.youtube.com/watch?v=A-pFep2MB9U,Wounded Masquerade,It hurt most when it came from you,Wounded Masquerade,It hurt most when it came from you,River of crimson tears,327,,,,,,missing,,not_found,,,,,,,
408,qgffvFM1J-Q,https://music.youtube.com/watch?v=qgffvFM1J-Q,Cocteau Twins,Frou-frou Foxes in Midsummer Fires,Cocteau Twins,Frou-frou Foxes in Midsummer Fires,Heaven or Las Vegas,339,A#,major,160,4/4,11d,matched,1.0000,,GetSongBPM,zKxx8,Frou-Frou Foxes in Midsummer Fires,Cocteau Twins,https://getsongbpm.com/song/frou-frou-foxes-in-midsummer-fires/zKxx8,41,1
409,lJiQuVHtsGc,https://music.youtube.com/watch?v=lJiQuVHtsGc,Wounded Masquerade,I ruin everything,Wounded Masquerade,I ruin everything,I ruin everything,259,A#,minor,96,,,manual_entry,1.0000,,manual,,,,,,
410,5VxS4SESIYk,https://music.youtube.com/watch?v=5VxS4SESIYk,Blade and Bath,Eternal Nothingness,Blade and Bath,Eternal Nothingness,Rotten in Loneliness,380,,,,,,missing,,not_found,,,,,,,
411,5J-2DhvuClQ,https://music.youtube.com/watch?v=5J-2DhvuClQ,Decalius,Hated By Life Itself,Decalius,Hated By Life Itself,Hated By Life Itself,350,,,,,,missing,,not_found,,,,,,,
412,HDD3m9RPAZY,https://music.youtube.com/watch?v=HDD3m9RPAZY,Decalius,Excluded From Humanity,Decalius,Excluded From Humanity,Dehumanizing Loneliness,385,,,,,,missing,,not_found,,,,,,,
413,FmZ6GAAccgk,https://music.youtube.com/watch?v=FmZ6GAAccgk,Wounded Masquerade,X,Wounded Masquerade,X,X,348,,,,,,missing,,not_found,,,,,,,
414,9CcOhE2qHzQ,https://music.youtube.com/watch?v=9CcOhE2qHzQ,Engelbert Humperdinck,The Way It Used To Be,Engelbert Humperdinck,The Way It Used To Be,Engelbert,194,G#,major,98,3/4,9d,matched,1.0000,,GetSongBPM,1rq2lG,The Way It Used to Be,Engelbert Humperdinck,https://getsongbpm.com/song/the-way-it-used-to-be/1rq2lG,40,74
415,jbNZym6bEt8,https://music.youtube.com/watch?v=jbNZym6bEt8,Decalius,Loneliness,Decalius,Loneliness,Dehumanizing Loneliness,324,G,major,150,,,manual_entry,1.0000,,manual,,,,,,
416,oZiUxAri5RE,https://music.youtube.com/watch?v=oZiUxAri5RE,Blade and Bath,Useless,Blade and Bath,Useless,Rotten in Loneliness,268,A#,minor,160,,,manual_entry,1.0000,,manual,,,,,,
417,6gDhsUWCHrg,https://music.youtube.com/watch?v=6gDhsUWCHrg,Radiohead,Fake Plastic Trees,Radiohead,Fake Plastic Trees,The Bends,291,A,major,74,4/4,4d,matched,1.0000,,GetSongBPM,rkzjk,Fake Plastic Trees,Radiohead,https://getsongbpm.com/song/fake-plastic-trees/rkzjk,46,17
418,u8HX_5I83cI,https://music.youtube.com/watch?v=u8HX_5I83cI,Mgła,Exercises in Futility III,Mgła,Exercises in Futility III,Exercises in Futility,278,F#,minor,175,4/4,4m,matched,1.0000,,GetSongBPM,WQ1ADv,Exercises in Futility III,Mgła,https://getsongbpm.com/song/exercises-in-futility-iii/WQ1ADv,10,1
419,KkrPUIiX1AM,https://music.youtube.com/watch?v=KkrPUIiX1AM,Blade and Bath,In the Flame of My Memories,Blade and Bath,In the Flame of My Memories,Chains of Depression,391,D,major,120,,,manual_entry,1.0000,,manual,,,,,,
420,2X-K28nCEo8,https://music.youtube.com/watch?v=2X-K28nCEo8,Blade and Bath,Shot,Blade and Bath,Shot,Rotten in Loneliness,382,C,minor,150,,,manual_entry,1.0000,,manual,,,,,,
421,e097hGFSGnc,https://music.youtube.com/watch?v=e097hGFSGnc,cloudyfield,crawl,cloudyfield,crawl,crawl,201,A#,minor,152,,,manual_entry,1.0000,,manual,,,,,,
422,zWfGYAgqLLI,https://music.youtube.com/watch?v=zWfGYAgqLLI,Deftones,Drive,Deftones,Drive,Saturday Night Wrist,291,C#,major,92,4/4,8d,matched,0.8664,,GetSongBPM,BPz0N,Be Quiet and Drive (Far Away),Deftones,https://getsongbpm.com/song/be-quiet-and-drive-far-away/BPz0N,21,1
423,vxNFXkXj8Z4,https://music.youtube.com/watch?v=vxNFXkXj8Z4,Enrico Macias,Zingarella,Enrico Macias,Zingarella,Macias,241,,,,,,missing,,manual_reject_broader,,,,,,,
424,P5bPuzrMQGc,https://music.youtube.com/watch?v=P5bPuzrMQGc,Dopelord,Ghost Cargo from the Bong,Dopelord,Ghost Cargo from the Bong,Magick Rites,457,,,,,,missing,,not_found,,,,,,,
425,z-qezf6oqwI,https://music.youtube.com/watch?v=z-qezf6oqwI,juggler,so hard to quit you,juggler,so hard to quit you,so hard to quit you,215,G,major,142,,,manual_entry,1.0000,,manual,,,,,,
426,5tWGOPn5Qoc,https://music.youtube.com/watch?v=5tWGOPn5Qoc,Blade and Bath,Misanthrope,Blade and Bath,Misanthrope,Rotten in Loneliness,369,C,major,150,,,manual_entry,1.0000,,manual,,,,,,
427,4jtnVs_AeV8,https://music.youtube.com/watch?v=4jtnVs_AeV8,Blade and Bath & Saad,Tears of Broken Memories,Blade and Bath & Saad,Tears of Broken Memories,Rotten in Loneliness,336,,,,,,missing,,manual_reject_broader,,,,,,,
428,4zFWCybibv0,https://music.youtube.com/watch?v=4zFWCybibv0,Deftones,Xerces,Deftones,Xerces,Saturday Night Wrist,222,G,minor,117,4/4,11m,matched,1.0000,,GetSongBPM,xkzwDE,Xerces,Deftones,https://getsongbpm.com/song/xerces/xkzwDE,55,1
429,_ek7ZdZbovM,https://music.youtube.com/watch?v=_ek7ZdZbovM,Andy Williams,(Where Do I Begin) Love Story,Andy Williams,(Where Do I Begin) Love Story,Greatest Hits Volume II,194,F#,major,84,4/4,7d,matched,0.9394,,GetSongBPM,KEW9n,(Where Do I Begin) Love Story,Andy Williams,https://getsongbpm.com/song/where-do-i-begin-love-story/KEW9n,26,52
430,emBtrO0cHM4,https://music.youtube.com/watch?v=emBtrO0cHM4,Frank Sinatra,This Is My Love,Frank Sinatra,This Is My Love,The World We Knew,217,B,major,80,4/4,6d,matched,1.0000,,GetSongBPM,pY6N4N,This Is My Love,Frank Sinatra,https://getsongbpm.com/song/this-is-my-love/pY6N4N,17,95
431,cpu22VEdRRM,https://music.youtube.com/watch?v=cpu22VEdRRM,Andy Williams,"Where Do I Begin (Love Theme from ""Love Story"")",Andy Williams,"Where Do I Begin (Love Theme from ""Love Story"")",Love Story,190,F#,major,85,,,manual_entry,1.0000,,manual,,,,,,
433,AFVNrox01SM,https://music.youtube.com/watch?v=AFVNrox01SM,Deftones,Around the Fur,Deftones,Around the Fur,Around the Fur,212,F,minor,79,4/4,9m,matched,1.0000,,GetSongBPM,z70jm,Around the Fur,Deftones,https://getsongbpm.com/song/around-the-fur/z70jm,45,1
434,95hfNjZictY,https://music.youtube.com/watch?v=95hfNjZictY,My Chemical Romance,Disenchanted,My Chemical Romance,Disenchanted,The Black Parade,295,D,major,87,4/4,3d,manual_accept,1.0000,,GetSongBPM,v2x4qL,Disenchanted,My Chemical Romance,https://getsongbpm.com/song/disenchanted/v2x4qL,35,1
435,aNFnmj8qqXE,https://music.youtube.com/watch?v=aNFnmj8qqXE,The Veils,Total Depravity,The Veils,Total Depravity,Total Depravity,305,C,major,105,3/4,1d,matched,1.0000,,GetSongBPM,qQEBVD,Total Depravity,The Veils,https://getsongbpm.com/song/total-depravity/qQEBVD,62,1
436,k0OdQfWZmoQ,https://music.youtube.com/watch?v=k0OdQfWZmoQ,KMFDM,I Am What I Am,KMFDM,I Am What I Am,Tohuvabohu,292,B,minor,147,4/4,3m,matched,1.0000,,GetSongBPM,gJWoRr,I Am What I Am,KMFDM,https://getsongbpm.com/song/i-am-what-i-am/gJWoRr,49,1
437,x0ztEcBMBfo,https://music.youtube.com/watch?v=x0ztEcBMBfo,Rob Zombie,Meet The Creeper,Rob Zombie,Meet The Creeper,Hellbilly Deluxe,194,C,minor,117,4/4,10m,matched,1.0000,,GetSongBPM,KOgR,Meet the Creeper,Rob Zombie,https://getsongbpm.com/song/meet-the-creeper/KOgR,53,1
438,pqfZYvsTkkk,https://music.youtube.com/watch?v=pqfZYvsTkkk,My Chemical Romance,I Don't Love You,My Chemical Romance,I Don't Love You,The Black Parade,239,C,major,43,4/4,1d,manual_accept,1.0000,,GetSongBPM,mZ04RE,I Don't Love You,My Chemical Romance,https://getsongbpm.com/song/i-don-t-love-you/mZ04RE,29,1
439,r74SSdxFSx0,https://music.youtube.com/watch?v=r74SSdxFSx0,Acrania,The Depopulation Programme,Acrania,The Depopulation Programme,The Beginning of the End,222,,,,,,missing,,not_found,,,,,,,
440,D66_NiTJSTc,https://music.youtube.com/watch?v=D66_NiTJSTc,My Chemical Romance,The Ghost of You,My Chemical Romance,The Ghost of You,Three Cheers for Sweet Revenge,195,B,minor,144,4/4,3m,matched,1.0000,,GetSongBPM,ZnP56,The Ghost of You,My Chemical Romance,https://getsongbpm.com/song/the-ghost-of-you/ZnP56,21,3
441,2wfNavmIDdk,https://music.youtube.com/watch?v=2wfNavmIDdk,Slipknot,Diluted,Slipknot,Diluted,Slipknot,204,C#,major,158,4/4,8d,matched,1.0000,,GetSongBPM,Rgp2Y,Diluted,Slipknot,https://getsongbpm.com/song/diluted/Rgp2Y,30,2
442,qOl7m52TQk8,https://music.youtube.com/watch?v=qOl7m52TQk8,System Of A Down,Revenga,System Of A Down,Revenga,Mezmerize,229,G#,major,140,4/4,9d,matched,1.0000,,GetSongBPM,p4lWX,Revenga,System of a Down,https://getsongbpm.com/song/revenga/p4lWX,51,1
443,H89p3nTCxUg,https://music.youtube.com/watch?v=H89p3nTCxUg,Behemoth,In the Absence Ov Light,Behemoth,In the Absence Ov Light,The Satanist,299,F,major,127,4/4,12d,matched,1.0000,,GetSongBPM,2xO4QA,In the Absence Ov Light,Behemoth,https://getsongbpm.com/song/in-the-absence-ov-light/2xO4QA,27,1
444,F6Hp3kHC0Pw,https://music.youtube.com/watch?v=F6Hp3kHC0Pw,HIM,Sweet Pandemonium,HIM,Sweet Pandemonium,Love Metal,346,A,minor,74,4/4,1m,matched,1.0000,,GetSongBPM,jO3o4,Sweet Pandemonium,HIM,https://getsongbpm.com/song/sweet-pandemonium/jO3o4,41,1
445,ygSxsbZPG90,https://music.youtube.com/watch?v=ygSxsbZPG90,Deftones,Sextape,Deftones,Sextape,Diamond Eyes (Deluxe),242,F,major,89,4/4,12d,matched,0.9904,,GetSongBPM,pg6MZ6,Sextape,Deftones,https://getsongbpm.com/song/sextape/pg6MZ6,37,1
446,_t1vqLwqbyA,https://music.youtube.com/watch?v=_t1vqLwqbyA,Deftones,Be Quiet and Drive (Far Away),Deftones,Be Quiet and Drive (Far Away),Around the Fur,300,C#,major,92,4/4,8d,matched,1.0000,,GetSongBPM,BPz0N,Be Quiet and Drive (Far Away),Deftones,https://getsongbpm.com/song/be-quiet-and-drive-far-away/BPz0N,21,1
447,CQYh0ZnDN1s,https://music.youtube.com/watch?v=CQYh0ZnDN1s,Rob Zombie,Iron Head (feat. Ozzy Osbourne),Rob Zombie,Iron Head (feat. Ozzy Osbourne),The Sinister Urge,252,F#,major,102,4/4,7d,matched,1.0000,,GetSongBPM,1yyAq,Iron Head,Rob Zombie,https://getsongbpm.com/song/iron-head/1yyAq,53,1
448,PR-CCYmUxCc,https://music.youtube.com/watch?v=PR-CCYmUxCc,Nextime; richmnkey,heavens,Nextime; richmnkey,heavens,heavens,189,F#,minor,126,,,manual_entry,1.0000,,manual,,,,,,
449,dvSZQ4oMHGM,https://music.youtube.com/watch?v=dvSZQ4oMHGM,Lana Del Rey,Dark Paradise,Lana Del Rey,Dark Paradise,Born To Die - The Paradise Edition (Special Version),244,C#,minor,117,4/4,5m,matched,0.9904,,GetSongBPM,PZ8Q92,Dark Paradise,Lana Del Rey,https://getsongbpm.com/song/dark-paradise/PZ8Q92,60,10
450,qycR5RkVa04,https://music.youtube.com/watch?v=qycR5RkVa04,Lana Del Rey,Ultraviolence,Lana Del Rey,Ultraviolence,Ultraviolence,252,D,minor,79,3/4,12m,matched,1.0000,,GetSongBPM,ZYgqyE,Ultraviolence,Lana Del Rey,https://getsongbpm.com/song/ultraviolence/ZYgqyE,15,28
451,KQiz9Wjwh-I,https://music.youtube.com/watch?v=KQiz9Wjwh-I,bôa,Duvet (Acoustic),bôa,Duvet (Acoustic),Twilight,315,G,major,172,4/4,2d,matched,1.0000,,GetSongBPM,NYrZz,Duvet (acoustic),Bôa,https://getsongbpm.com/song/duvet-acoustic/NYrZz,48,40
452,gEXbHKAuHSg,https://music.youtube.com/watch?v=gEXbHKAuHSg,Deftones,Entombed,Deftones,Entombed,Koi No Yokan,300,A#,major,130,4/4,11d,matched,1.0000,,GetSongBPM,32gKPr,Entombed,Deftones,https://getsongbpm.com/song/entombed/32gKPr,40,1
453,LVn5k88DmUM,https://music.youtube.com/watch?v=LVn5k88DmUM,Basement,Covet,Basement,Covet,Colourmeinkindness,228,E,major,139,4/4,5d,matched,1.0000,,GetSongBPM,AP5gv3,Covet,Basement,https://getsongbpm.com/song/covet/AP5gv3,43,1
454,DcwAQ08-So0,https://music.youtube.com/watch?v=DcwAQ08-So0,Arthur Rubinstein; Frédéric Chopin,"Nocturnes, Op. 55: No. 1 in F Minor",Arthur Rubinstein; Frédéric Chopin,"Nocturnes, Op. 55: No. 1 in F Minor","Rubinstein Collection, Vol. 49: Chopin: Nocturnes",335,F,minor,80,,,manual_entry,1.0000,,manual,,,,,,
455,vovVgQ2BsTo,https://music.youtube.com/watch?v=vovVgQ2BsTo,The Cranberries,I Still Do,The Cranberries,I Still Do,"Everybody Else Is Doing It, So Why Can't We? (The Complete Sessions 1991-1993)",197,E,minor,117,4/4,2m,matched,0.9904,,GetSongBPM,6RXgPO,I Still Do,The Cranberries,https://getsongbpm.com/song/i-still-do/6RXgPO,43,27
456,VH5BSkVQLsw,https://music.youtube.com/watch?v=VH5BSkVQLsw,The Smiths,What Difference Does It Make?,The Smiths,What Difference Does It Make?,The Smiths,230,C#,minor,163,4/4,5m,matched,1.0000,,GetSongBPM,OyEW6g,What Difference Does It Make?,The Smiths,https://getsongbpm.com/song/what-difference-does-it-makequestion/OyEW6g,39,1
457,pH4PkaN3eVA,https://music.youtube.com/watch?v=pH4PkaN3eVA,Slipknot,Spit It Out,Slipknot,Spit It Out,Slipknot,160,G,major,139,4/4,2d,matched,1.0000,,GetSongBPM,KOgWJ,Spit It Out,Slipknot,https://getsongbpm.com/song/spit-it-out/KOgWJ,34,4
458,Iyj_NoUXnpM,https://music.youtube.com/watch?v=Iyj_NoUXnpM,Mudvayne,(k)Now F(orever),Mudvayne,(k)Now F(orever),L.D. 50,427,F#,minor,173,4/4,4m,matched,1.0000,,GetSongBPM,DRMvx,(K)now F(orever),Mudvayne,https://getsongbpm.com/song/k-now-f-orever/DRMvx,51,1
459,Sr4mvflTr-Q,https://music.youtube.com/watch?v=Sr4mvflTr-Q,Mudvayne,Under My Skin,Mudvayne,Under My Skin,L.D. 50,228,C#,major,120,4/4,8d,matched,1.0000,,GetSongBPM,BgKqX,Under My Skin,Mudvayne,https://getsongbpm.com/song/under-my-skin/BgKqX,65,1
460,Mtqd6qGnOsU,https://music.youtube.com/watch?v=Mtqd6qGnOsU,Mudvayne,Pharmaecopia,Mudvayne,Pharmaecopia,L.D. 50,335,F#,major,196,4/4,7d,matched,1.0000,,GetSongBPM,AnJpO,Pharmaecopia,Mudvayne,https://getsongbpm.com/song/pharmaecopia/AnJpO,47,1
461,3FA4Uu35IVQ,https://music.youtube.com/watch?v=3FA4Uu35IVQ,Mudvayne,Severed,Mudvayne,Severed,L.D. 50,390,B,minor,144,4/4,3m,matched,1.0000,,GetSongBPM,xGZg9,Severed,Mudvayne,https://getsongbpm.com/song/severed/xGZg9,54,1
462,gPLMmBvKVhw,https://music.youtube.com/watch?v=gPLMmBvKVhw,Mudvayne,Everything And Nothing,Mudvayne,Everything And Nothing,L.D. 50,196,G,major,200,4/4,2d,matched,1.0000,,GetSongBPM,wjY1R,Everything and Nothing,Mudvayne,https://getsongbpm.com/song/everything-and-nothing/wjY1R,48,1
463,Stw20G0sfh0,https://music.youtube.com/watch?v=Stw20G0sfh0,Mudvayne,Death Blooms,Mudvayne,Death Blooms,L.D. 50,292,F#,minor,174,4/4,4m,matched,1.0000,,GetSongBPM,oYN1j,Death Blooms,Mudvayne,https://getsongbpm.com/song/death-blooms/oYN1j,28,1
464,ueAYt6DwsuU,https://music.youtube.com/watch?v=ueAYt6DwsuU,Mudvayne,-1,Mudvayne,-1,L.D. 50,239,F,minor,100,4/4,9m,matched,1.0000,,GetSongBPM,nZM1R,-1,Mudvayne,https://getsongbpm.com/song/1/nZM1R,55,1
465,R8pj2y39_jc,https://music.youtube.com/watch?v=R8pj2y39_jc,Godsmack,Awake,Godsmack,Awake,Awake,305,G,major,112,4/4,2d,matched,1.0000,,GetSongBPM,8MYo,Awake,Godsmack,https://getsongbpm.com/song/awake/8MYo,39,1
466,0CczcnAMj5Q,https://music.youtube.com/watch?v=0CczcnAMj5Q,Marilyn Manson,SAY10,Marilyn Manson,SAY10,Heaven Upside Down,259,D,major,126,4/4,3d,matched,1.0000,,GetSongBPM,ywEj9W,SAY10,Marilyn Manson,https://getsongbpm.com/song/say10/ywEj9W,61,1
467,VbCJGCG7F-0,https://music.youtube.com/watch?v=VbCJGCG7F-0,Korn,Wake Up Hate,Korn,Wake Up Hate,Untouchables,193,C#,major,146,4/4,8d,matched,1.0000,,GetSongBPM,BPXJN,Wake Up Hate,Korn,https://getsongbpm.com/song/wake-up-hate/BPXJN,62,1
469,0RotWp2o02g,https://music.youtube.com/watch?v=0RotWp2o02g,Judas Priest,No Surrender,Judas Priest,No Surrender,Firepower,174,G,major,130,4/4,2d,matched,1.0000,,GetSongBPM,jYzKmy,No Surrender,Judas Priest,https://getsongbpm.com/song/no-surrender/jYzKmy,61,1
470,KqBZAxCfWHA,https://music.youtube.com/watch?v=KqBZAxCfWHA,Bonnie Tyler,Total Eclipse of the Heart (Radio Version),Bonnie Tyler,Total Eclipse of the Heart (Radio Version),The Very Best of Bonnie Tyler,335,G#,major,131,,,manual_entry,1.0000,,manual,,,,,,
471,QCE_0o-kmp8,https://music.youtube.com/watch?v=QCE_0o-kmp8,Avatar,Hail the Apocalypse,Avatar,Hail the Apocalypse,Hail the Apocalypse,254,F#,major,93,4/4,7d,matched,1.0000,,GetSongBPM,BNvJ9Y,Hail the Apocalypse,Avatar,https://getsongbpm.com/song/hail-the-apocalypse/BNvJ9Y,43,1
472,jfdNA_OTpBY,https://music.youtube.com/watch?v=jfdNA_OTpBY,Dope,No Way Out,Dope,No Way Out,American Apathy,208,G#,major,120,4/4,9d,matched,1.0000,,GetSongBPM,kRwk6Y,No Way Out,Dope,https://getsongbpm.com/song/no-way-out/kRwk6Y,47,1
473,UDcfUx1a0IY,https://music.youtube.com/watch?v=UDcfUx1a0IY,Static-X,Take Control,Static-X,Take Control,"Project Regeneration, Vol. 2",236,,,,,,missing,,manual_reject_broader,,,,,,,
474,JxYn6x6JzOo,https://music.youtube.com/watch?v=JxYn6x6JzOo,RoseHipRose,Blame it on me (Breakcore Version),RoseHipRose,Blame it on me (Breakcore Version),Blame it on me (Breakcore Version),194,B,minor,87,,,manual_entry,1.0000,,manual,,,,,,
475,PF9RrhR1EBY,https://music.youtube.com/watch?v=PF9RrhR1EBY,Rotting Christ,The Sixth Day,Rotting Christ,The Sixth Day,Pro Xristou,237,D,major,128,,,manual_entry,1.0000,,manual,,,,,,
476,iag9MpjSULU,https://music.youtube.com/watch?v=iag9MpjSULU,Septicflesh,Anubis,Septicflesh,Anubis,Communion,258,G,major,79,3/4,2d,matched,1.0000,,GetSongBPM,pQjXD2,Anubis,Septicflesh,https://getsongbpm.com/song/anubis/pQjXD2,37,1
477,Ao81ziiXHhs,https://music.youtube.com/watch?v=Ao81ziiXHhs,The Neighbourhood,Sweater Weather,The Neighbourhood,Sweater Weather,I'm Sorry...,241,A#,major,123,4/4,11d,matched,0.9556,,GetSongBPM,7LN80r,Sweater Weather,The Neighbourhood,https://getsongbpm.com/song/sweater-weather/7LN80r,62,5
478,wBjdVKGrHtg,https://music.youtube.com/watch?v=wBjdVKGrHtg,The Cranberries,Never Grow Old,The Cranberries,Never Grow Old,Wake Up And Smell The Coffee,156,G#,major,96,4/4,9d,matched,1.0000,,GetSongBPM,oV0PX,Never Grow Old,The Cranberries,https://getsongbpm.com/song/never-grow-old/oV0PX,53,38
479,rL1svMa518w,https://music.youtube.com/watch?v=rL1svMa518w,Toto Cutugno,L'italiano,Toto Cutugno,L'italiano,L'Italiano,237,A#,minor,121,4/4,8m,matched,1.0000,,GetSongBPM,ggJ6k,L'Italiano,Toto Cutugno,https://getsongbpm.com/song/l-italiano/ggJ6k,62,30
480,jrI9zLeuizE,https://music.youtube.com/watch?v=jrI9zLeuizE,Ricchi E Poveri,Sarà perché ti amo,Ricchi E Poveri,Sarà perché ti amo,...E Penso A Te,185,E,major,120,4/4,5d,matched,1.0000,,GetSongBPM,Qk3KxZ,Sarà perché ti amo,Ricchi e Poveri,https://getsongbpm.com/song/sara-perche-ti-amo/Qk3KxZ,83,9
481,Q8C-XdmlUXc,https://music.youtube.com/watch?v=Q8C-XdmlUXc,Tracy Huang,Woman In Love,Tracy Huang,Woman In Love,Mississippi,238,D,minor,176,,,manual_entry,1.0000,,manual,,,,,,
482,M1rCJvzbFr8,https://music.youtube.com/watch?v=M1rCJvzbFr8,Lou Monte,Lazy Mary (Luna Mezza Mare) (feat. Joe Reisman & His Orchestra),Lou Monte,Lazy Mary (Luna Mezza Mare) (feat. Joe Reisman & His Orchestra),Lou Monte Sings For You,162,A#,major,121,4/4,11d,matched,0.9904,,GetSongBPM,XDrwj8,Lazy Mary (Luna Mezza Mare),Lou Monte,https://getsongbpm.com/song/lazy-mary-luna-mezza-mare/XDrwj8,75,27
483,AGIUnZLr5T4,https://music.youtube.com/watch?v=AGIUnZLr5T4,Don McLean,Vincent,Don McLean,Vincent,The Best Of Don McLean,241,G,major,91,3/4,2d,matched,0.9413,,GetSongBPM,j5E6l,Vincent,Don McLean,https://getsongbpm.com/song/vincent/j5E6l,42,91
484,Iu65S0BNzRM,https://music.youtube.com/watch?v=Iu65S0BNzRM,Bonnie Tyler,Total Eclipse of the Heart (Re-Recorded),Bonnie Tyler,Total Eclipse of the Heart (Re-Recorded),Raised on Soft Rock,275,G#,major,132,,,manual_entry,1.0000,,manual,,,,,,
485,wawbhXQX2TQ,https://music.youtube.com/watch?v=wawbhXQX2TQ,Carpenters,Yesterday Once More,Carpenters,Yesterday Once More,Gold - Greatest Hits,240,E,major,86,4/4,5d,manual_accept,0.9413,,GetSongBPM,VQyzO,Yesterday Once More,Carpenters,https://getsongbpm.com/song/yesterday-once-more/VQyzO,26,70
487,X6QIC2wS7R8,https://music.youtube.com/watch?v=X6QIC2wS7R8,Slipknot,(sic),Slipknot,(sic),Slipknot (10th Anniversary Edition),200,G,major,192,4/4,2d,matched,0.9904,,GetSongBPM,DRXM5,(Sic),Slipknot,https://getsongbpm.com/song/sic/DRXM5,38,1
488,WVggAoXfBc4,https://music.youtube.com/watch?v=WVggAoXfBc4,Disturbed,Decadence,Disturbed,Decadence,Ten Thousand Fists,205,G#,major,92,4/4,9d,matched,1.0000,,GetSongBPM,o2RQ8z,Decadence,Disturbed,https://getsongbpm.com/song/decadence/o2RQ8z,46,1
489,xEPPQxHR1S4,https://music.youtube.com/watch?v=xEPPQxHR1S4,Frank Sinatra,Maybe You'll Be There,Frank Sinatra,Maybe You'll Be There,Where Are You? (Remastered / Expanded Edition),188,C,major,174,3/4,1d,matched,0.9904,,GetSongBPM,oQ8jA,Maybe You'll Be There,Frank Sinatra,https://getsongbpm.com/song/maybe-you-ll-be-there/oQ8jA,18,91
490,xeBoRF5tgDo,https://music.youtube.com/watch?v=xeBoRF5tgDo,Carpenters,We've Only Just Begun,Carpenters,We've Only Just Begun,Gold - Greatest Hits,186,A,major,89,4/4,4d,matched,0.9413,,GetSongBPM,9LZYP,We've Only Just Begun,Carpenters,https://getsongbpm.com/song/we-ve-only-just-begun/9LZYP,24,79
491,xcEgCjWbb3A,https://music.youtube.com/watch?v=xcEgCjWbb3A,Океан Ельзи,Не питай,Океан Ельзи,Не питай,The Best of,158,,,,,,missing,,not_found,,,,,,,
492,d6Cr1_j0rL4,https://music.youtube.com/watch?v=d6Cr1_j0rL4,Rowan Lee Hartsuiker,Jingle Bells (Mongolian Style),Rowan Lee Hartsuiker,Jingle Bells (Mongolian Style),Mongolian Throat Singing Yurt Sessions,107,C#,major,121,,,manual_entry,1.0000,,manual,,,,,,
495,xnQCKBnBDRs,https://music.youtube.com/watch?v=xnQCKBnBDRs,Steve Lawrence,Somewhere Along the Way,Steve Lawrence,Somewhere Along the Way,Songs My Friends Made Famous,169,G,major,97,,,manual_entry,1.0000,,manual,,,,,,
497,zgUyt-T36Y0,https://music.youtube.com/watch?v=zgUyt-T36Y0,Mgła,Age of Excuse I,Mgła,Age of Excuse I,Age of Excuse,450,G,minor,144,4/4,11m,matched,1.0000,,GetSongBPM,k7pR5x,Age of Excuse I,Mgła,https://getsongbpm.com/song/age-of-excuse-i/k7pR5x,30,1
498,B_aQV6Q8700,https://music.youtube.com/watch?v=B_aQV6Q8700,Grupo Soñador,El Paso Del Gigante,Grupo Soñador,El Paso Del Gigante,Los Reyes De Los Sonidos,217,D,major,88,,,manual_entry,1.0000,,manual,,,,,,
499,DN5tT7PzQyQ,https://music.youtube.com/watch?v=DN5tT7PzQyQ,Frank Sinatra,Drinking Again,Frank Sinatra,Drinking Again,The World We Knew,191,C,minor,76,3/4,10m,matched,1.0000,,GetSongBPM,yPOZZP,Drinking Again,Frank Sinatra,https://getsongbpm.com/song/drinking-again/yPOZZP,31,91
500,Zv8czIoAw5w,https://music.youtube.com/watch?v=Zv8czIoAw5w,The Rigthteous Brother,Unchained Melody,The Rigthteous Brother,Unchained Melody,Unchained Melody,214,,,,,,missing,,manual_reject_broader,,,,,,,
501,VLC9oJBHxkI,https://music.youtube.com/watch?v=VLC9oJBHxkI,André Laplante; Maurice Ravel,Jeux D'Eau,André Laplante; Maurice Ravel,Jeux D'Eau,"Ravel: Miroirs, Jeux D'Eau, Pavane Pour Une Infante Défunte",356,F#,minor,67,4/4,4m,manual_accept_broader,0.7733,,GetSongBPM,KrDmNr,Jeux D'eau,Maurice Ravel,https://getsongbpm.com/song/jeux-d-eau/KrDmNr,24,100
502,VTSgGCgpeN0,https://music.youtube.com/watch?v=VTSgGCgpeN0,Engelbert Humperdinck,Can't Take My Eyes Off You,Engelbert Humperdinck,Can't Take My Eyes Off You,A Man Without Love,222,D#,major,119,4/4,10d,matched,1.0000,,GetSongBPM,0Vp1k3,Can't Take My Eyes Off You,Engelbert Humperdinck,https://getsongbpm.com/song/can-t-take-my-eyes-off-you/0Vp1k3,54,48
503,nFy_KfFdrrk,https://music.youtube.com/watch?v=nFy_KfFdrrk,The Platters,Only You,The Platters,Only You,Heaven on Earth,160,D#,major,80,4/4,10d,manual_accept,0.9520,,GetSongBPM,0RvKny,Only You,The Platters,https://getsongbpm.com/song/only-you/0RvKny,42,94
504,H1DDqrtG7dA,https://music.youtube.com/watch?v=H1DDqrtG7dA,Paul Anka,Put Your Head On My Shoulder,Paul Anka,Put Your Head On My Shoulder,Paul Anka Sings His Big 15,159,E,minor,115,3/4,2m,manual_accept,1.0000,,GetSongBPM,824m93,Put Your Head on My Shoulder,Paul Anka,https://getsongbpm.com/song/put-your-head-on-my-shoulder/824m93,55,75
505,V0is-RpQHAg,https://music.youtube.com/watch?v=V0is-RpQHAg,Armando Trovajoli,"L'amore dice ciao Slow Take (From ""La Matriarca - The Libertine"")",Armando Trovajoli,"L'amore dice ciao Slow Take (From ""La Matriarca - The Libertine"")",The Best of Armando Trovajoli - Soundtracks & Blues - Vol. 2 (Original Film Scores),259,,,,,,missing,,manual_reject_broader,,,,,,,
506,2c0UusJoscE,https://music.youtube.com/watch?v=2c0UusJoscE,Gunter Kallmann Choir,Daydream,Gunter Kallmann Choir,Daydream,Bar Jazz by JazzEcho,202,C#,major,150,,,manual_entry,1.0000,,manual,,,,,,
507,lUEPM3jIKOs,https://music.youtube.com/watch?v=lUEPM3jIKOs,John Bayless; Giacomo Puccini,Puccini: Nessun dorma! (No man shall sleep!),John Bayless; Giacomo Puccini,Puccini: Nessun dorma! (No man shall sleep!),The Puccini Album: Arias For Piano,320,,,,,,missing,,not_found,,,,,,,
508,Qut5e3OfCvg,https://music.youtube.com/watch?v=Qut5e3OfCvg,Dvorak,New World Symphony (Full),Classical Experience,Dvorak - New World Symphony (Full),,3577,,,,,,missing,,manual_reject_broader,,,,,,,
509,SPfX9pvqKaU,https://music.youtube.com/watch?v=SPfX9pvqKaU,Владимир Спиваков; Национальный филармонический оркестр России,"Щелкунчик, соч. 71, действие II картина 3: No. 14, Pas de duex - Танец феи Драже и принца Оршада",Владимир Спиваков; Национальный филармонический оркестр России,"Щелкунчик, соч. 71, действие II картина 3: No. 14, Pas de duex - Танец феи Драже и принца Оршада",Christmas with Vladimir Spivakov,305,,,,,,missing,,not_found,,,,,,,
510,upH1x4TsGNQ,https://music.youtube.com/watch?v=upH1x4TsGNQ,Europe,Carrie,Europe,Carrie,The Final Countdown (Expanded Edition),273,G,major,68,4/4,2d,matched,0.9904,,GetSongBPM,gpVNj,Carrie,Europe,https://getsongbpm.com/song/carrie/gpVNj,46,12
511,LCaNDUcqHlQ,https://music.youtube.com/watch?v=LCaNDUcqHlQ,Cocteau Twins,Pandora (for Cindy),Cocteau Twins,Pandora (for Cindy),Treasure,336,C,major,158,3/4,1d,matched,1.0000,,GetSongBPM,pY0py,Pandora (For Cindy),Cocteau Twins,https://getsongbpm.com/song/pandora-for-cindy/pY0py,45,26
513,F3AElY9gCSM,https://music.youtube.com/watch?v=F3AElY9gCSM,Behemoth,God = Dog,Behemoth,God = Dog,I Loved You at Your Darkest,239,F#,major,130,4/4,7d,matched,1.0000,,GetSongBPM,oZGQoA,God = Dog,Behemoth,https://getsongbpm.com/song/god-dog/oZGQoA,39,1
515,VVLAnjtpXeM,https://music.youtube.com/watch?v=VVLAnjtpXeM,Disturbed,Stricken,Disturbed,Stricken,Ten Thousand Fists,246,C,minor,86,4/4,10m,matched,1.0000,,GetSongBPM,kRQZBx,Stricken,Disturbed,https://getsongbpm.com/song/stricken/kRQZBx,41,1
516,DDVjTyCc6Ag,https://music.youtube.com/watch?v=DDVjTyCc6Ag,Piano Marine Mike,Ebb Tide,Piano Marine Mike,Ebb Tide,Ebb Tide,166,C,major,68,,,manual_entry,1.0000,,manual,,,,,,
517,tcd59zMIadk,https://music.youtube.com/watch?v=tcd59zMIadk,Khusugtun,Chinggis Khaan,Khusugtun,Chinggis Khaan,Jangar,299,,,,,,missing,,manual_reject_broader,,,,,,,
518,YUdA6xcNLeA,https://music.youtube.com/watch?v=YUdA6xcNLeA,Infant Annihilator,Apocalypse Incarnate,Infant Annihilator,Apocalypse Incarnate,Mister Sister Fister: Re-Conception,239,,,,,,missing,,not_found,,,,,,,
519,pKr6xrJZB6M,https://music.youtube.com/watch?v=pKr6xrJZB6M,Powerwolf,Resurrection by Erection (Rerecorded Version),Powerwolf,Resurrection by Erection (Rerecorded Version),Best of the Blessed (Deluxe Version),243,D#,minor,160,,,manual_entry,1.0000,,manual,,,,,,
520,EKOXzF8jSsA,https://music.youtube.com/watch?v=EKOXzF8jSsA,Powerwolf,In the Name of God (Deus Vult),Powerwolf,In the Name of God (Deus Vult),Preachers of the Night,196,A#,minor,149,4/4,8m,matched,1.0000,,GetSongBPM,jZRwo5,In the Name of God (Deus Vult),Powerwolf,https://getsongbpm.com/song/in-the-name-of-god-deus-vult/jZRwo5,31,1
521,ox0KUghydNE,https://music.youtube.com/watch?v=ox0KUghydNE,Soothing Orthodox Chant (First Part of Polyeleos),Fixed,epicDev,Soothing Orthodox Chant (First Part of Polyeleos) - Fixed Audio,,1835,,,,,,missing,,manual_reject_broader,,,,,,,
522,WXIIjsCcVOA,https://music.youtube.com/watch?v=WXIIjsCcVOA,Emil De Nuit; Frederic Chopin,Op.27 Nocturne 2 Des Dur In D Flat,Emil De Nuit; Frederic Chopin,Op.27 Nocturne 2 Des Dur In D Flat,Nocturnes,333,,,,,,missing,,not_found,,,,,,,
523,wkAnau-XU80,https://music.youtube.com/watch?v=wkAnau-XU80,André Laplante; Maurice Ravel,Miroirs: III. Une barque sur l'océan,André Laplante; Maurice Ravel,Miroirs: III. Une barque sur l'océan,"Ravel: Miroirs, Jeux D'Eau, Pavane Pour Une Infante Défunte",429,B,minor,70,4/4,3m,manual_accept_broader,0.7733,,GetSongBPM,k2MvB6,Miroirs: III. Une Barque Sur L'océan,Maurice Ravel,https://getsongbpm.com/song/miroirs-iiipoint-une-barque-sur-l-ocean/k2MvB6,21,99
524,KMuJSI8WbaQ,https://music.youtube.com/watch?v=KMuJSI8WbaQ,Ólafur Järvinen,"Chopin: Waltz in C sharp minor, Op. 64 No. 2",Ólafur Järvinen,"Chopin: Waltz in C sharp minor, Op. 64 No. 2","Chopin: Waltz in C sharp minor, Op. 64 No. 2",253,,,,,,missing,,not_found,,,,,,,
525,WKU8DJzipW4,https://music.youtube.com/watch?v=WKU8DJzipW4,Claude Debussy,Clair De Lune,Claude Debussy,Clair De Lune,Classical Best,248,C#,major,67,5/4,8d,manual_accept,0.8689,,GetSongBPM,wO771,Suite Bergamasque - Clair de lune,Claude Debussy,https://getsongbpm.com/song/suite-bergamasque-clair-de-lune/wO771,35,100
526,hzeWANhdvv8,https://music.youtube.com/watch?v=hzeWANhdvv8,François Chaplin; Frédéric Chopin,"Nocturne No. 20 in C Sharp Minor, Op. Posthume 1830",François Chaplin; Frédéric Chopin,"Nocturne No. 20 in C Sharp Minor, Op. Posthume 1830",Chopin: Nocturnes,250,C#,minor,163,4/4,5m,manual_accept_broader,0.7596,,GetSongBPM,qxg0qk,"Nocturne No. 20 In C-sharp Minor, Op. Posth.",Fryderyk Chopin,https://getsongbpm.com/song/nocturne-nopoint-20-in-c-sharp-minor-oppoint-posthpoint/qxg0qk,23,100
527,r-v39GDaTR0,https://music.youtube.com/watch?v=r-v39GDaTR0,Satoru Kousaki,La Campanella,Satoru Kousaki,La Campanella,Vivy Fluorite Eye's Song Original Soundtrack,288,,,,,,missing,,manual_reject_broader,,,,,,,
528,tXqtQdGo_pU,https://music.youtube.com/watch?v=tXqtQdGo_pU,Klara Kormendi; Erik Satie,Gnossienne No. 1: Lent,Klara Kormendi; Erik Satie,Gnossienne No. 1: Lent,Satie: Piano Works (Selection),191,C,minor,95,4/4,10m,manual_accept_broader,0.6532,,GetSongBPM,n51nnY,Gnossienne No. 1,Erik Satie,https://getsongbpm.com/song/gnossienne-nopoint-1/n51nnY,38,100
529,bHbgLoDG8Ko,https://music.youtube.com/watch?v=bHbgLoDG8Ko,Maurizio Pollini; Frédéric Chopin,"Chopin: 12 Études, Op. 25: No. 11 in A Minor ""Winter Wind",Maurizio Pollini; Frédéric Chopin,"Chopin: 12 Études, Op. 25: No. 11 in A Minor ""Winter Wind""",Chopin: Etudes; Préludes; Polonaises,212,,,,,,missing,,not_found,,,,,,,
530,EJLDd-VOH1U,https://music.youtube.com/watch?v=EJLDd-VOH1U,Joe Dassin,Et si tu n'existais pas,Joe Dassin,Et si tu n'existais pas,Joe Dassin,207,B,minor,99,4/4,3m,manual_accept,0.9446,,GetSongBPM,rkG4w6,Et si tu n'existais pas,Joe Dassin,https://getsongbpm.com/song/et-si-tu-n-existais-pas/rkG4w6,59,3
531,CAj-Bw9yKhg,https://music.youtube.com/watch?v=CAj-Bw9yKhg,Entropy,A Dystopian Cyberpunk Ambient Journey - Blade Runner Ambient Music for Deep Focus,Chronoscapes,Entropy - A Dystopian Cyberpunk Ambient Journey - Blade Runner Ambient Music for Deep Focus,,7379,,,,,,missing,,not_found,,,,,,,
533,23gPkJYoaNM,https://music.youtube.com/watch?v=23gPkJYoaNM,Meshuggah,Ligature Marks,Meshuggah,Ligature Marks,Immutable,314,F#,major,150,,,manual_entry,1.0000,,manual,,,,,,
535,4UAj7-R_zas,https://music.youtube.com/watch?v=4UAj7-R_zas,Renato Carosone,Tu Vuò Fa' L'Americano,Renato Carosone,Tu Vuò Fa' L'Americano,Per sempre Renato,179,,,,,,missing,,manual_reject_broader,,,,,,,
539,nO-LzH6NPb4,https://music.youtube.com/watch?v=nO-LzH6NPb4,Memories of the Fabricated,Blade Runner Ambient Music | Cyberpunk Ambient Space,Chronoscapes,Memories of the Fabricated - Blade Runner Ambient Music | Cyberpunk Ambient Space,,7122,,,,,,missing,,manual_reject_broader,,,,,,,
540,g78_lRoomcE,https://music.youtube.com/watch?v=g78_lRoomcE,Pastel Ghost,Dark Beach,Pastel Ghost,Dark Beach,Abyss,222,G,major,130,4/4,2d,matched,1.0000,,GetSongBPM,mOKwEn,DARK BEACH,PASTEL GHOST,https://getsongbpm.com/song/dark-beach/mOKwEn,53,34
541,tvTsUs0n9zw,https://music.youtube.com/watch?v=tvTsUs0n9zw,Allan Ariza,Nightmares from the Mist - Dark Ambient Music - Immersive Lovecraftian Horror Atmosphere,Allan Ariza,Nightmares from the Mist - Dark Ambient Music - Immersive Lovecraftian Horror Atmosphere,,3660,,,,,,missing,,not_found,,,,,,,
542,1Yk9mLpaFPQ,https://music.youtube.com/watch?v=1Yk9mLpaFPQ,Oxygen,Dystopian Post Apocalyptic Ambient Music for Focus and Relaxation,Chronoscapes,Oxygen - Dystopian Post Apocalyptic Ambient Music for Focus and Relaxation,,7443,,,,,,missing,,not_found,,,,,,,
543,VPgZFgOvJDE,https://music.youtube.com/watch?v=VPgZFgOvJDE,Jeremy Soule; The Elder Scrolls,Secunda,Jeremy Soule; The Elder Scrolls,Secunda,The Elder Scrolls V: Skyrim (Original Game Soundtrack),124,G,minor,90,,,manual_entry,1.0000,,manual,,,,,,
544,AGa0kwNBLo0,https://music.youtube.com/watch?v=AGa0kwNBLo0,Trevor Something,The Ghost,Trevor Something,The Ghost,Deep Wave Data Dark Web Daemons,243,C#,major,131,4/4,8d,matched,1.0000,,GetSongBPM,162553,The Ghost,Trevor Something,https://getsongbpm.com/song/the-ghost/162553,63,15
546,eyjZUR5-tdY,https://music.youtube.com/watch?v=eyjZUR5-tdY,The Doors,The Spy,The Doors,The Spy,Morrison Hotel,256,D,major,80,4/4,3d,matched,1.0000,,GetSongBPM,yrRG5W,The Spy,The Doors,https://getsongbpm.com/song/the-spy/yrRG5W,48,22
547,rentoNxY6RA,https://music.youtube.com/watch?v=rentoNxY6RA,Factory,Post Apocalyptic Dark Ambience - Sci Fi Dark Ambient Music,Eternal Dystopia,Factory - Post Apocalyptic Dark Ambience - Sci Fi Dark Ambient Music,,3601,,,,,,missing,,not_found,,,,,,,
548,zE7PhuRxz4I,https://music.youtube.com/watch?v=zE7PhuRxz4I,"Nov 21, 2024",Secret Data Center 7 [ALONE] Dark Ambient Focus Music,"Nov 21, 2024",Secret Data Center 7 [ALONE] Dark Ambient Focus Music 4K,,7208,,,,,,missing,,not_found,,,,,,,
549,bzZbTOhoOfM,https://music.youtube.com/watch?v=bzZbTOhoOfM,Meshuggah,Obzen,Meshuggah,Obzen,ObZen,265,F,major,85,4/4,12d,matched,1.0000,,GetSongBPM,QWMkq5,obZen,Meshuggah,https://getsongbpm.com/song/obzen/QWMkq5,17,1
550,Q0kdgmRd2vw,https://music.youtube.com/watch?v=Q0kdgmRd2vw,Dope,Bitch,Dope,Bitch,American Apathy,187,F,minor,119,4/4,9m,manual_accept,0.9486,,GetSongBPM,gM82l,Bitch,Dope,https://getsongbpm.com/song/bitch/gM82l,66,1
551,b8mo2TJFIQ0,https://music.youtube.com/watch?v=b8mo2TJFIQ0,Dope,Always,Dope,Always,American Apathy,197,F#,major,99,4/4,7d,matched,1.0000,,GetSongBPM,lYvl8J,Always,Dope,https://getsongbpm.com/song/always/lYvl8J,40,1
552,ei_uE29PJmE,https://music.youtube.com/watch?v=ei_uE29PJmE,Dope,"Die, Bom, Bang, Burn, F***",Dope,"Die, Bom, Bang, Burn, F***",No Regrets,508,,,,,,missing,,not_found,,,,,,,
553,nypJgo-bBc4,https://music.youtube.com/watch?v=nypJgo-bBc4,Static-X,Follow,Static-X,Follow,"Project Regeneration, Vol. 1",189,F#,major,156,,,manual_entry,1.0000,,manual,,,,,,
554,pQZvDAyr2qw,https://music.youtube.com/watch?v=pQZvDAyr2qw,Dope,Slipping Away,Dope,Slipping Away,Life,183,G#,major,130,4/4,9d,matched,1.0000,,GetSongBPM,8M3Lr,Slipping Away,Dope,https://getsongbpm.com/song/slipping-away/8M3Lr,55,1
555,S-uzJDL7Pdc,https://music.youtube.com/watch?v=S-uzJDL7Pdc,Dope,I'm Back,Dope,I'm Back,American Apathy,206,C,major,129,4/4,1d,matched,1.0000,,GetSongBPM,gJxO7l,I'm Back,Dope,https://getsongbpm.com/song/i-m-back/gJxO7l,57,1
556,J8yTMBHkMnc,https://music.youtube.com/watch?v=J8yTMBHkMnc,Dope,F*ck tha Police [2005 Studio Version],Dope,F*ck tha Police [2005 Studio Version],American Apathy,229,,,,,,missing,,not_found,,,,,,,
557,JC9jhtuscZ4,https://music.youtube.com/watch?v=JC9jhtuscZ4,Dope,Die MF Die,Dope,Die MF Die,Life,187,,,,,,missing,,not_found,,,,,,,
558,97YZGSRJ6xE,https://music.youtube.com/watch?v=97YZGSRJ6xE,Static-X,Bring You Down (Project Regeneration),Static-X,Bring You Down (Project Regeneration),"Project Regeneration, Vol. 1",216,A#,minor,126,4/4,8m,manual_accept_broader,0.9760,,GetSongBPM,pZGmky,Bring You Down (Project Regeneration),Static‐X,https://getsongbpm.com/song/bring-you-down-project-regeneration/pZGmky,64,1
559,eoGh5WRFPGM,https://music.youtube.com/watch?v=eoGh5WRFPGM,Static-X,My Destruction,Static-X,My Destruction,"Project Regeneration, Vol. 1",210,A#,minor,148,4/4,8m,manual_accept_broader,0.9760,,GetSongBPM,qQJnly,My Destruction,Static‐X,https://getsongbpm.com/song/my-destruction/qQJnly,44,1
560,iHQnmwsV8UQ,https://music.youtube.com/watch?v=iHQnmwsV8UQ,Static-X,Accelerate,Static-X,Accelerate,"Project Regeneration, Vol. 1",169,C,minor,123,,,manual_entry,1.0000,,manual,,,,,,
561,n9DmdAwUbxc,https://music.youtube.com/watch?v=n9DmdAwUbxc,Bobby Caldwell,What You Won't Do for Love,Bobby Caldwell,What You Won't Do for Love,What You Won't Do for Love,287,F#,major,84,4/4,7d,manual_accept,0.9323,,GetSongBPM,o2qLQB,What You Won't Do for Love,Bobby Caldwell,https://getsongbpm.com/song/what-you-won-t-do-for-love/o2qLQB,65,47
562,3O0D6MvWFf4,https://music.youtube.com/watch?v=3O0D6MvWFf4,Queen,The Show Must Go On,Queen,The Show Must Go On,Greatest Hits II,264,B,minor,83,4/4,3m,matched,0.9267,,GetSongBPM,g5X4D,The Show Must Go On,Queen,https://getsongbpm.com/song/the-show-must-go-on/g5X4D,43,43
564,rqE10TnBPGM,https://music.youtube.com/watch?v=rqE10TnBPGM,Andrea Bocelli,Con te partirò (2016 Version),Andrea Bocelli,Con te partirò (2016 Version),Romanza (20th Anniversary Edition / Deluxe),255,G,major,86,,,manual_entry,1.0000,,manual,,,,,,
565,wbZ2KAuNTP8,https://music.youtube.com/watch?v=wbZ2KAuNTP8,Belle,Notre Dame de Paris French & English Lyrics Paroles Play Musical Translation Learn Songs,Learn Things,Belle - Notre Dame de Paris French & English Lyrics Paroles Play Musical Translation Learn Songs,,287,,,,,,missing,,manual_reject_broader,,,,,,,
567,MN09OQZ2ZoQ,https://music.youtube.com/watch?v=MN09OQZ2ZoQ,Pink Floyd,Hey You,Pink Floyd,Hey You,Echoes: The Best of Pink Floyd,280,E,minor,112,4/4,2m,matched,0.9287,,GetSongBPM,nZ2vED,Hey You,Celtic Pink Floyd,https://getsongbpm.com/song/hey-you/nZ2vED,52,13
568,SUeqJR3WAlg,https://music.youtube.com/watch?v=SUeqJR3WAlg,Brian Grey,Smooth Night,Brian Grey,Smooth Night,Bittersweet,280,,,,,,missing,,manual_reject_broader,,,,,,,
569,xk7f6i0CNfs,https://music.youtube.com/watch?v=xk7f6i0CNfs,The Beatles,Don't Let Me Down (Remastered 2009),The Beatles,Don't Let Me Down (Remastered 2009),The Beatles 1967 - 1970,216,E,major,76,,,manual_entry,1.0000,,manual,,,,,,
572,v8H-MXjRB2Y,https://music.youtube.com/watch?v=v8H-MXjRB2Y,Mariah Carey,Without You,Mariah Carey,Without You,Music Box,216,F#,major,62,4/4,7d,matched,1.0000,,GetSongBPM,JZ21g,Without You,Mariah Carey,https://getsongbpm.com/song/without-you/JZ21g,58,33
573,f255k51si1o,https://music.youtube.com/watch?v=f255k51si1o,Enigma,Fata Morgana,Enigma,Fata Morgana,Seven Lives Many Faces,204,F,minor,183,4/4,9m,manual_accept,1.0000,,GetSongBPM,ADBGMO,Fata Morgana,Enigma,https://getsongbpm.com/song/fata-morgana/ADBGMO,53,30
574,X_Aygw6fWpY,https://music.youtube.com/watch?v=X_Aygw6fWpY,Enigma,Invisible Love,Enigma,Invisible Love,A Posteriori,296,A,minor,95,4/4,1m,matched,1.0000,,GetSongBPM,wpgwpz,Invisible Love,Enigma,https://getsongbpm.com/song/invisible-love/wpgwpz,68,73
575,wMo_XlE0DWg,https://music.youtube.com/watch?v=wMo_XlE0DWg,Enigma,Touchness,Enigma,Touchness,Seven Lives Many Faces,216,C,minor,177,4/4,10m,manual_accept,1.0000,,GetSongBPM,yPZG97,Touchness,Enigma,https://getsongbpm.com/song/touchness/yPZG97,39,8
576,-9Teye6IHYM,https://music.youtube.com/watch?v=-9Teye6IHYM,Snowy White; The White Flames,Riding the Blues,Snowy White; The White Flames,Riding the Blues,Realistic,227,E,minor,127,4/4,2m,matched,0.9592,,GetSongBPM,1j0XrZ,Riding the Blues,Snowy White & The White Flames,https://getsongbpm.com/song/riding-the-blues/1j0XrZ,44,51
578,CCTbRbEPoB4,https://music.youtube.com/watch?v=CCTbRbEPoB4,Ulcerate,Further Opening the Wounds,Ulcerate,Further Opening the Wounds,Cutting the Throat of God,478,,,,,,missing,,not_found,,,,,,,
579,iY_uUmjJJ68,https://music.youtube.com/watch?v=iY_uUmjJJ68,Urfaust,Trail of Conscience of the Dead,Urfaust,Trail of Conscience of the Dead,The Constellatory Practice,765,,minor,,,,matched,1.0000,,GetSongBPM,QvlKqY,Trail of Conscience of the Dead,Urfaust,https://getsongbpm.com/song/trail-of-conscience-of-the-dead/QvlKqY,,
581,QLNYibN7098,https://music.youtube.com/watch?v=QLNYibN7098,Killswitch Engage,Unleashed,Killswitch Engage,Unleashed,Atonement,276,G,major,120,4/4,2d,matched,1.0000,,GetSongBPM,Rlp0wL,Unleashed,Killswitch Engage,https://getsongbpm.com/song/unleashed/Rlp0wL,54,1
582,FnPmIrdOkcU,https://music.youtube.com/watch?v=FnPmIrdOkcU,Atakan Teoman,Aria Math (Handpan Version),Atakan Teoman,Aria Math (Handpan Version),Aria Math (Handpan Version),305,,,,,,missing,,not_found,,,,,,,
583,iPKEcdIbUEE,https://music.youtube.com/watch?v=iPKEcdIbUEE,Ulcerate,Transfiguration In and Out of Worlds,Ulcerate,Transfiguration In and Out of Worlds,Cutting the Throat of God,513,,,,,,missing,,not_found,,,,,,,
584,dHU7aV-cXXE,https://music.youtube.com/watch?v=dHU7aV-cXXE,Urfaust,Hypnotisch Bevel - De Daimonische Mensch,Urfaust,Hypnotisch Bevel - De Daimonische Mensch,Compilation Of Intoxications,453,,,,,,missing,,not_found,,,,,,,
585,p1AXvGpQMq0,https://music.youtube.com/watch?v=p1AXvGpQMq0,Montserrat Caballé,Exercises in Free Love (Montserrat Vocal),Montserrat Caballé,Exercises in Free Love (Montserrat Vocal),Messenger Of The Gods: The Singles Collection,245,,,,,,missing,,not_found,,,,,,,
589,pkP4lKEonuk,https://music.youtube.com/watch?v=pkP4lKEonuk,Ulcerate,To See Death Just Once,Ulcerate,To See Death Just Once,Cutting the Throat of God,504,C#,major,120,,,manual_entry,1.0000,,manual,,,,,,
590,hO3EH6A-SEE,https://music.youtube.com/watch?v=hO3EH6A-SEE,Ulcerate,To Flow Through Ashen Hearts,Ulcerate,To Flow Through Ashen Hearts,Cutting the Throat of God,428,,,,,,missing,,not_found,,,,,,,
591,qkesWsIqP0Y,https://music.youtube.com/watch?v=qkesWsIqP0Y,Frank Sinatra; Luciano Pavarotti,My Way,Frank Sinatra; Luciano Pavarotti,My Way,My Way (50th Anniversary Edition),213,D,major,150,4/4,3d,matched,0.9904,,GetSongBPM,rPwrk,My Way,Frank Sinatra,https://getsongbpm.com/song/my-way/rPwrk,28,40
592,1KJa-8UInos,https://music.youtube.com/watch?v=1KJa-8UInos,Rotting Christ,Devadevam,Rotting Christ,Devadevam,Rituals,319,,minor,,,,matched,0.9304,,GetSongBPM,pZLj3m,देवदेवं (Devadevam),Rotting Christ,https://getsongbpm.com/song/tha-vatha-va-devadevam/pZLj3m,,
593,674H5DJ7ECQ,https://music.youtube.com/watch?v=674H5DJ7ECQ,Ulcerate,Cutting the Throat of God,Ulcerate,Cutting the Throat of God,Cutting the Throat of God,523,,,,,,missing,,not_found,,,,,,,
594,ETIXhgZWHgg,https://music.youtube.com/watch?v=ETIXhgZWHgg,Queen,A Kind Of Magic,Queen,A Kind Of Magic,A Kind Of Magic,265,A,major,129,4/4,4d,matched,1.0000,,GetSongBPM,oYJoA,A Kind of Magic,Queen,https://getsongbpm.com/song/a-kind-of-magic/oYJoA,68,3
595,Ucmo6hDZRSY,https://music.youtube.com/watch?v=Ucmo6hDZRSY,Laura Branigan,Self Control,Laura Branigan,Self Control,Self Control,247,F#,minor,108,4/4,4m,matched,1.0000,,GetSongBPM,qAo1y,Self Control,Laura Branigan,https://getsongbpm.com/song/self-control/qAo1y,82,22
596,bIIFmhtceDA,https://music.youtube.com/watch?v=bIIFmhtceDA,Korn,Twist,Korn,Twist,Life Is Peachy,50,C#,minor,83,4/4,5m,matched,1.0000,,GetSongBPM,O7gjr,Twist,Korn,https://getsongbpm.com/song/twist/O7gjr,56,40
599,Yndyk2cRjMM,https://music.youtube.com/watch?v=Yndyk2cRjMM,The HU,Black Thunder (Extended),The HU,Black Thunder (Extended),Rumble Of Thunder,540,,,,,,missing,,not_found,,,,,,,
600,FoaNhkH5rr8,https://music.youtube.com/watch?v=FoaNhkH5rr8,The HU,Sad But True,The HU,Sad But True,Sad But True,333,C#,major,178,,,manual_entry,1.0000,,manual,,,,,,
601,jpsUPdNthGY,https://music.youtube.com/watch?v=jpsUPdNthGY,The HU,Wolf Totem,The HU,Wolf Totem,The Gereg (Deluxe Edition),338,G#,major,172,4/4,9d,matched,0.9904,,GetSongBPM,08w51L,Wolf Totem,The HU,https://getsongbpm.com/song/wolf-totem/08w51L,56,9
602,WvpzhQC9ohI,https://music.youtube.com/watch?v=WvpzhQC9ohI,Gennadi Tumat,Sygyt,pansdelight,Gennadi Tumat - Sygyt,,189,F,major,113,4/4,12d,matched,1.0000,,GetSongBPM,Q0k4V9,Sygyt,Gennadi Tumat,https://getsongbpm.com/song/sygyt/Q0k4V9,35,99
606,ucrhTx1hGJQ,https://music.youtube.com/watch?v=ucrhTx1hGJQ,Tame Impala,Breathe Deeper,Tame Impala,Breathe Deeper,The Slow Rush,373,B,minor,104,4/4,3m,matched,1.0000,,GetSongBPM,J8LnJD,Breathe Deeper,Tame Impala,https://getsongbpm.com/song/breathe-deeper/J8LnJD,67,3
607,A_vgC4Rk_3A,https://music.youtube.com/watch?v=A_vgC4Rk_3A,Static-X,Z28,Static-X,Z28,Cult of Static,190,C#,major,154,3/4,8d,manual_accept_broader,0.9760,,GetSongBPM,gLqP0k,Z28,Static‐X,https://getsongbpm.com/song/z28/gLqP0k,54,1
608,eJG-mYkses4,https://music.youtube.com/watch?v=eJG-mYkses4,Static-X,Lunatic,Static-X,Lunatic,Cult of Static,216,A#,minor,103,,,manual_entry,1.0000,,manual,,,,,,
609,fMNgnnjnOsw,https://music.youtube.com/watch?v=fMNgnnjnOsw,Static-X,You Am I,Static-X,You Am I,Cult of Static,180,G,major,197,3/4,2d,manual_accept_broader,0.9760,,GetSongBPM,nrAP17,You Am I,Static‐X,https://getsongbpm.com/song/you-am-i/nrAP17,49,1
610,8qAIHFZnSws,https://music.youtube.com/watch?v=8qAIHFZnSws,Static-X,Skinned,Static-X,Skinned,Cult of Static,214,A#,minor,142,,,manual_entry,1.0000,,manual,,,,,,
612,JD-JOa17Feg,https://music.youtube.com/watch?v=JD-JOa17Feg,Foreigner,Waiting For A Girl Like You (Live),Foreigner,Waiting For A Girl Like You (Live),Renegades & Juke Box Heroes (Live),341,A#,minor,104,,,manual_entry,1.0000,,manual,,,,,,
613,Wq9dXy615jE,https://music.youtube.com/watch?v=Wq9dXy615jE,Nextime; Richmnkey,smoky,Nextime; Richmnkey,smoky,smoky,182,F,minor,160,,,manual_entry,1.0000,,manual,,,,,,
614,uTen4lcHVAo,https://music.youtube.com/watch?v=uTen4lcHVAo,Deftones,Passenger,Deftones,Passenger,White Pony,369,C,major,117,4/4,1d,matched,1.0000,,GetSongBPM,Bg1GW,Passenger,Deftones,https://getsongbpm.com/song/passenger/Bg1GW,35,1
616,5aQxOpqPyD0,https://music.youtube.com/watch?v=5aQxOpqPyD0,Behemoth,"Alas, Lord Is Upon Me",Behemoth,"Alas, Lord Is Upon Me",Evangelion,196,G#,major,130,4/4,9d,matched,1.0000,,GetSongBPM,GZR1kL,"Alas, Lord Is Upon Me",Behemoth,https://getsongbpm.com/song/alas-lord-is-upon-me/GZR1kL,45,1
618,UAbDfKUWHOw,https://music.youtube.com/watch?v=UAbDfKUWHOw,Rotting Christ,Les Litanies De Satan (Fleurs Du Mal),Rotting Christ,Les Litanies De Satan (Fleurs Du Mal),Rituals,236,E,major,177,3/4,5d,manual_accept_broader,0.9654,,GetSongBPM,k2X03K,Les Litanies De Satan (Les Fleurs Du Mal),Rotting Christ,https://getsongbpm.com/song/les-litanies-de-satan-les-fleurs-du-mal/k2X03K,34,1
621,B4yVmBdXwfw,https://music.youtube.com/watch?v=B4yVmBdXwfw,The Romantics,Talking In Your Sleep (2023 Remaster),The Romantics,Talking In Your Sleep (2023 Remaster),In Heat (2023 Remaster),237,A,minor,130,,,manual_entry,1.0000,,manual,,,,,,
622,G-r9R0-YTBo,https://music.youtube.com/watch?v=G-r9R0-YTBo,Adriano Celentano,Amore No,Adriano Celentano,Amore No,Collezione D'Oro,314,F,major,127,4/4,12d,manual_accept,0.9505,,GetSongBPM,RoV7RL,Amore no,Adriano Celentano,https://getsongbpm.com/song/amore-no/RoV7RL,55,16
623,hPXCwmZd9-o,https://music.youtube.com/watch?v=hPXCwmZd9-o,Vaya Con Dios,Nah Neh Nah,Vaya Con Dios,Nah Neh Nah,Night Owls,175,F#,major,111,4/4,7d,matched,1.0000,,GetSongBPM,O7gZp,Nah Neh Nah,Vaya Con Dios,https://getsongbpm.com/song/nah-neh-nah/O7gZp,67,47
624,NfFSl2DUojc,https://music.youtube.com/watch?v=NfFSl2DUojc,Behemoth,O Father O Satan O Sun!,Behemoth,O Father O Satan O Sun!,The Satanist,434,C#,major,83,4/4,8d,matched,1.0000,,GetSongBPM,3QORPp,O Father O Satan O Sun!,Behemoth,https://getsongbpm.com/song/o-father-o-satan-o-sunexclamation/3QORPp,16,1
625,U2qfOmKrQns,https://music.youtube.com/watch?v=U2qfOmKrQns,M8L8TH,Мужество Ведет На Небеса,Bálint88,M8L8TH - Мужество Ведет На Небеса,,328,A#,minor,130,4/4,8m,manual_accept_broader,0.7600,,GetSongBPM,NLBDjK,Мужество ведёт на небеса,М8Л8ТХ,https://getsongbpm.com/song/muzhestvo-vedet-na-nebesa/NLBDjK,76,43
626,wmSkU6R9Zi8,https://music.youtube.com/watch?v=wmSkU6R9Zi8,Daft Punk; Panda Bear,Doin' it Right (feat. Panda Bear),Daft Punk; Panda Bear,Doin' it Right (feat. Panda Bear),Random Access Memories,252,F#,major,178,4/4,7d,matched,1.0000,,GetSongBPM,L8NZ0j,Doin' It Right,Daft Punk,https://getsongbpm.com/song/doin-it-right/L8NZ0j,81,39
627,_RpUxaEI8H8,https://music.youtube.com/watch?v=_RpUxaEI8H8,Rotting Christ,"Like Father, Like Son",Rotting Christ,"Like Father, Like Son","Like Father, Like Son",276,A,major,133,,,manual_entry,1.0000,,manual,,,,,,
628,_C9rRLDimfQ,https://music.youtube.com/watch?v=_C9rRLDimfQ,Yot Club,YKWIM?,Yot Club,YKWIM?,Bipolar,213,,,,,,missing,,not_found,,,,,,,
629,BcoPKWzLjrE,https://music.youtube.com/watch?v=BcoPKWzLjrE,Ratatat,Loud Pipes,Ratatat,Loud Pipes,Classics,227,G,minor,87,4/4,11m,matched,1.0000,,GetSongBPM,qx69gy,Loud Pipes,Ratatat,https://getsongbpm.com/song/loud-pipes/qx69gy,72,11
630,WBOh416nMR0,https://music.youtube.com/watch?v=WBOh416nMR0,Thy Art Is Murder,Keres,Thy Art Is Murder,Keres,Keres,217,B,minor,103,,,manual_entry,1.0000,,manual,,,,,,
632,mvwysPNdthM,https://music.youtube.com/watch?v=mvwysPNdthM,Enya,May It Be,Enya,May It Be,The Lord of the Rings: The Fellowship of the Ring (Original Motion Picture Soundtrack),258,A,major,59,,,manual_entry,1.0000,,manual,,,,,,
633,64dNZCSAe3o,https://music.youtube.com/watch?v=64dNZCSAe3o,Tears For Fears,Everybody Wants To Rule The World,Tears For Fears,Everybody Wants To Rule The World,Classic 80's,252,D,major,112,4/4,3d,matched,0.9355,,GetSongBPM,rXL8L,Everybody Wants to Rule the World,Tears for Fears,https://getsongbpm.com/song/everybody-wants-to-rule-the-world/rXL8L,64,38
634,Zp1NTxsPJZc,https://music.youtube.com/watch?v=Zp1NTxsPJZc,Freddie Mercury; Montserrat Caballé,How Can I Go On (Single Version),Freddie Mercury; Montserrat Caballé,How Can I Go On (Single Version),Messenger Of The Gods: The Singles Collection,243,G,major,82,4/4,2d,matched,0.8646,,GetSongBPM,l8YKg,How Can I Go On,Freddie Mercury,https://getsongbpm.com/song/how-can-i-go-on/l8YKg,40,50
635,1E5zQcZzJpE,https://music.youtube.com/watch?v=1E5zQcZzJpE,Supertramp,The Logical Song,Supertramp,The Logical Song,Retrospectacle - The Supertramp Anthology,249,C,minor,119,4/4,10m,matched,0.9404,,GetSongBPM,JZ56g,The Logical Song,Supertramp,https://getsongbpm.com/song/the-logical-song/JZ56g,63,52
636,zqBCGmqgbHU,https://music.youtube.com/watch?v=zqBCGmqgbHU,The Hollies,Long Cool Woman (In a Black Dress) (1999 Remaster),The Hollies,Long Cool Woman (In a Black Dress) (1999 Remaster),Distant Light (Expanded Edition),200,A,major,136,4/4,4d,manual_accept_broader,0.9232,,GetSongBPM,lNqwl,Long Cool Woman In A Black Dress,The Hollies,https://getsongbpm.com/song/long-cool-woman-in-a-black-dress/lNqwl,76,42
638,FhgFtXESdPk,https://music.youtube.com/watch?v=FhgFtXESdPk,Fleetwood Mac,The Chain (2004 Remaster),Fleetwood Mac,The Chain (2004 Remaster),Rumours,270,A,major,152,,,manual_entry,1.0000,,manual,,,,,,
639,Jb6gcoR266U,https://music.youtube.com/watch?v=Jb6gcoR266U,Daft Punk,Around the World,Daft Punk,Around the World,Homework,430,G,major,122,4/4,2d,matched,1.0000,,GetSongBPM,j2PvW,Around the World,Daft Punk,https://getsongbpm.com/song/around-the-world/j2PvW,96,1
640,tEeK40cjmkw,https://music.youtube.com/watch?v=tEeK40cjmkw,The Weeknd,Save Your Tears,The Weeknd,Save Your Tears,After Hours,216,C,major,117,4/4,1d,matched,1.0000,,GetSongBPM,79jOOj,Save Your Tears,The Weeknd,https://getsongbpm.com/song/save-your-tears/79jOOj,68,3
641,4D7u5KF7SP8,https://music.youtube.com/watch?v=4D7u5KF7SP8,Daft Punk; Pharrell Williams; Nile Rodgers,Get Lucky (feat. Pharrell Williams and Nile Rodgers),Daft Punk; Pharrell Williams; Nile Rodgers,Get Lucky (feat. Pharrell Williams and Nile Rodgers),Random Access Memories,370,F#,minor,116,4/4,4m,matched,1.0000,,GetSongBPM,E9Dq14,Get Lucky,Daft Punk,https://getsongbpm.com/song/get-lucky/E9Dq14,80,5
643,9tFtRpqWBjY,https://music.youtube.com/watch?v=9tFtRpqWBjY,Urfaust,Bloedsacrament Voor De Geestenzieners,Urfaust,Bloedsacrament Voor De Geestenzieners,Teufelsgeist,479,,,,,,missing,,not_found,,,,,,,
644,rhBmF0JLA-A,https://music.youtube.com/watch?v=rhBmF0JLA-A,Urfaust,Scrabreusheden Uit Het Tuchtarsenaal,Urfaust,Scrabreusheden Uit Het Tuchtarsenaal,Compilation Of Intoxications,567,,,,,,missing,,not_found,,,,,,,
645,DgqaSX9hTxY,https://music.youtube.com/watch?v=DgqaSX9hTxY,Urfaust,Die Erste Levitation,Urfaust,Die Erste Levitation,Compilation Of Intoxications,308,,,,,,missing,,not_found,,,,,,,
646,p9Wayr74KTE,https://music.youtube.com/watch?v=p9Wayr74KTE,Urfaust,Zelfkastijder,Urfaust,Zelfkastijder,Compilation Of Intoxications,364,,,,,,missing,,not_found,,,,,,,
647,9fNrJMkTWEE,https://music.youtube.com/watch?v=9fNrJMkTWEE,Kansas,Dust in the Wind,Kansas,Dust in the Wind,Point Of Know Return (Expanded Edition),207,G,major,186,4/4,2d,matched,0.9904,,GetSongBPM,L8vyw,Dust in the Wind,Kansas,https://getsongbpm.com/song/dust-in-the-wind/L8vyw,48,37
649,8ONDA_KtQO0,https://music.youtube.com/watch?v=8ONDA_KtQO0,Urfaust,Verderber,Urfaust,Verderber,IX: Einsiedler,411,A,minor,95,,,manual_entry,1.0000,,manual,,,,,,
652,aBhrEv5Z7uc,https://music.youtube.com/watch?v=aBhrEv5Z7uc,Home,Resonance,Home,Resonance,Odyssey,213,G#,major,170,5/4,9d,matched,1.0000,,GetSongBPM,GRW2ny,Resonance,HOME,https://getsongbpm.com/song/resonance/GRW2ny,57,4
653,q5go1dovoeM,https://music.youtube.com/watch?v=q5go1dovoeM,The Drums,Money,The Drums,Money,Portamento,234,E,minor,103,4/4,2m,matched,1.0000,,GetSongBPM,66kroO,Money,The Drums,https://getsongbpm.com/song/money/66kroO,61,22
655,e7U1YZNgwnY,https://music.youtube.com/watch?v=e7U1YZNgwnY,Billy Idol,Eyes Without A Face,Billy Idol,Eyes Without A Face,Rebel Yell,300,G#,minor,84,4/4,6m,matched,1.0000,,GetSongBPM,mEoR3,Eyes Without a Face,Billy Idol,https://getsongbpm.com/song/eyes-without-a-face/mEoR3,40,2
656,Yl7ArRaHUQw,https://music.youtube.com/watch?v=Yl7ArRaHUQw,Macintosh Plus,海底,GhostWaveMusic,Macintosh Plus - 海底,,140,,,,,,missing,,not_found,,,,,,,
657,MFlP75lMg_0,https://music.youtube.com/watch?v=MFlP75lMg_0,lost corp.,Eyes Without A Face,lost corp.,Eyes Without A Face,Sailing Away,382,C#,major,108,,,manual_entry,1.0000,,manual,,,,,,
658,3Lhe4uYEW2g,https://music.youtube.com/watch?v=3Lhe4uYEW2g,Wolfheart,Born from Fire,Wolfheart,Born from Fire,Wolves of Karelia,313,D,major,89,4/4,3d,matched,1.0000,,GetSongBPM,NON1Vm,Born from Fire,Wolfheart,https://getsongbpm.com/song/born-from-fire/NON1Vm,18,1
659,DyMY2jbeLEI,https://music.youtube.com/watch?v=DyMY2jbeLEI,Roadman Shaq,Feel Ting Inc.,Reking Bear,Roadman Shaq - Feel Ting Inc.,,210,,,,,,missing,,not_found,,,,,,,
660,mllzzUjMezU,https://music.youtube.com/watch?v=mllzzUjMezU,Bag Raiders,Shooting Stars,Bag Raiders,Shooting Stars,Bag Raiders (Deluxe),236,G#,minor,123,4/4,6m,matched,0.9904,,GetSongBPM,VmMD91,Shooting Stars,Bag Raiders,https://getsongbpm.com/song/shooting-stars/VmMD91,64,10
661,Ww1WMaeIJks,https://music.youtube.com/watch?v=Ww1WMaeIJks,Junior Jack,E Samba,Junior Jack,E Samba,Trust It,397,G,major,124,4/4,2d,matched,1.0000,,GetSongBPM,w8GAX,E Samba,Junior Jack,https://getsongbpm.com/song/e-samba/w8GAX,64,1
662,seHlHzYpWBU,https://music.youtube.com/watch?v=seHlHzYpWBU,Billy Idol,Rebel Yell,Billy Idol,Rebel Yell,Rebel Yell,289,B,minor,166,4/4,3m,matched,1.0000,,GetSongBPM,komQv,Rebel Yell,Billy Idol,https://getsongbpm.com/song/rebel-yell/komQv,53,1
667,Hf244LCkkLc,https://music.youtube.com/watch?v=Hf244LCkkLc,Stardust,Music Sounds Better With You,Stardust,Music Sounds Better With You,Music Sounds Better With You,404,,,,,,missing,,manual_reject_broader,,,,,,,
668,Riyytm8_5TE,https://music.youtube.com/watch?v=Riyytm8_5TE,Vales,Warm The Room,Vales,Warm The Room,Warm The Room EP,199,,,,,,missing,,not_found,,,,,,,
669,MR3uP7IYz44,https://music.youtube.com/watch?v=MR3uP7IYz44,Modjo,Lady (Hear Me Tonight),Modjo,Lady (Hear Me Tonight),Modjo,308,A#,minor,126,4/4,8m,matched,1.0000,,GetSongBPM,G6vJ98,Lady (Hear Me Tonight),Modjo,https://getsongbpm.com/song/lady-hear-me-tonight/G6vJ98,74,1
670,DAf9q0mGhr0,https://music.youtube.com/watch?v=DAf9q0mGhr0,Paleface Swiss,Nail To The Tooth,Paleface Swiss,Nail To The Tooth,Fear & Dagger,220,,,,,,missing,,not_found,,,,,,,
671,8kXNJWalO14,https://music.youtube.com/watch?v=8kXNJWalO14,Beach Weather,"Sex, Drugs, Etc.",Beach Weather,"Sex, Drugs, Etc.",Chit Chat,197,,,,,,missing,,not_found,,,,,,,
672,9qnqYL0eNNI,https://music.youtube.com/watch?v=9qnqYL0eNNI,Coldplay,Yellow,Coldplay,Yellow,Parachutes,267,B,major,86,4/4,6d,matched,1.0000,,GetSongBPM,E9o7OK,Yellow,Coldplay,https://getsongbpm.com/song/yellow/E9o7OK,43,1
673,3N6YbsRxTf8,https://music.youtube.com/watch?v=3N6YbsRxTf8,Korn,Rotting In Vain,Korn,Rotting In Vain,The Serenity of Suffering,213,A,major,106,4/4,4d,matched,1.0000,,GetSongBPM,A6z2Y3,Rotting in Vain,Korn,https://getsongbpm.com/song/rotting-in-vain/A6z2Y3,47,1
674,oUC5fwFBoMk,https://music.youtube.com/watch?v=oUC5fwFBoMk,Rotting Christ,Threnody,Rotting Christ,Threnody,Theogonia,319,G,major,91,4/4,2d,matched,1.0000,,GetSongBPM,mZ6mMp,Threnody,Rotting Christ,https://getsongbpm.com/song/threnody/mZ6mMp,40,1
675,L6nGeCAIIuk,https://music.youtube.com/watch?v=L6nGeCAIIuk,Infant Annihilator,Neutered in Utero,Infant Annihilator,Neutered in Utero,The Elysian Grandeval Galèriarch,287,B,minor,117,4/4,3m,matched,1.0000,,GetSongBPM,qQqWny,Neutered in Utero,Infant Annihilator,https://getsongbpm.com/song/neutered-in-utero/qQqWny,28,1
677,TeDfgUvyKHk,https://music.youtube.com/watch?v=TeDfgUvyKHk,Frank Sinatra,It Was A Very Good Year (2008 Remastered),Frank Sinatra,It Was A Very Good Year (2008 Remastered),Nothing But The Best (2008 Remastered),267,G,minor,129,,,manual_entry,1.0000,,manual,,,,,,
678,AQzHFSYswr0,https://music.youtube.com/watch?v=AQzHFSYswr0,Silent Rhythm,Space Ambient Sleep Music,Silent Rhythm,Space Ambient Sleep Music,Space Ambient Sleep Music,1801,,,,,,missing,,not_found,,,,,,,
679,gGE0PJ0OHrQ,https://music.youtube.com/watch?v=gGE0PJ0OHrQ,Meshuggah,Behind the Sun,Meshuggah,Behind the Sun,Koloss,375,F,minor,96,4/4,9m,matched,1.0000,,GetSongBPM,Xo7vM5,Behind the Sun,Meshuggah,https://getsongbpm.com/song/behind-the-sun/Xo7vM5,18,1
680,rmiTpFO-Vis,https://music.youtube.com/watch?v=rmiTpFO-Vis,Infant Annihilator,Flayed and Consumed (feat. Lucas Mann),Infant Annihilator,Flayed and Consumed (feat. Lucas Mann),The Palpable Leprosy of Pollution,173,B,major,120,4/4,6d,matched,1.0000,,GetSongBPM,5922Xq,Flayed and Consumed,Infant Annihilator,https://getsongbpm.com/song/flayed-and-consumed/5922Xq,29,1
681,ggusizL531I,https://music.youtube.com/watch?v=ggusizL531I,Artie Shaw & His Orchestra,Stardust,Artie Shaw & His Orchestra,Stardust,Begin The Beguine,215,,,,,,missing,,manual_reject_broader,,,,,,,
682,X3r7GD0R56s,https://music.youtube.com/watch?v=X3r7GD0R56s,Frank Sinatra,My Way Of Life,Frank Sinatra,My Way Of Life,Cycles,188,A#,minor,88,4/4,8m,matched,1.0000,,GetSongBPM,APjomO,My Way of Life,Frank Sinatra,https://getsongbpm.com/song/my-way-of-life/APjomO,30,50
683,o0WWaA3oFa4,https://music.youtube.com/watch?v=o0WWaA3oFa4,Engelbert Humperdinck,A Man Without Love,Engelbert Humperdinck,A Man Without Love,A Man Without Love,204,D,major,111,4/4,3d,matched,1.0000,,GetSongBPM,9QBlwY,A Man Without Love,Engelbert Humperdinck,https://getsongbpm.com/song/a-man-without-love/9QBlwY,54,64
684,eJ4i-QbXG54,https://music.youtube.com/watch?v=eJ4i-QbXG54,Ben E. King,Stand By Me,Ben E. King,Stand By Me,The Very Best of Ben E. King,175,A,major,116,4/4,4d,matched,0.9467,,GetSongBPM,QW5qY7,Stand by Me,Ben E. King,https://getsongbpm.com/song/stand-by-me/QW5qY7,65,57
685,dthgRdTf0Ds,https://music.youtube.com/watch?v=dthgRdTf0Ds,Frank Sinatra,The World We Knew (Over And Over),Frank Sinatra,The World We Knew (Over And Over),The World We Knew,168,A#,minor,93,3/4,8m,matched,1.0000,,GetSongBPM,n5VL2E,The World We Knew (Over and Over),Frank Sinatra,https://getsongbpm.com/song/the-world-we-knew-over-and-over/n5VL2E,29,78
686,KkR6Jd0Agi4,https://music.youtube.com/watch?v=KkR6Jd0Agi4,Julee Cruise,Falling,Julee Cruise,Falling,Soundtrack From Twin Peaks,322,F,major,72,4/4,12d,matched,0.9378,,GetSongBPM,D1ADy,Falling,Julee Cruise,https://getsongbpm.com/song/falling/D1ADy,20,90
687,KAsdhAwQefk,https://music.youtube.com/watch?v=KAsdhAwQefk,Mudvayne,Skrying,Mudvayne,Skrying,The End Of All Things To Come,338,G#,major,94,4/4,9d,matched,1.0000,,GetSongBPM,LJKw4,Skrying,Mudvayne,https://getsongbpm.com/song/skrying/LJKw4,36,1
689,8SkYNUMGnRA,https://music.youtube.com/watch?v=8SkYNUMGnRA,Mythos,Brazil,Mythos,Brazil,Mythos,258,D#,major,136,4/4,10d,manual_accept,1.0000,,GetSongBPM,ovXPk,Brazil,Mythos,https://getsongbpm.com/song/brazil/ovXPk,54,6
690,wtF58gte6Zo,https://music.youtube.com/watch?v=wtF58gte6Zo,HIM,For You,HIM,For You,Greatest Love Songs Vol. 666,239,E,minor,200,4/4,2m,matched,0.9985,,GetSongBPM,ARBxB,For You,HIM,https://getsongbpm.com/song/for-you/ARBxB,19,2
691,60ZFYYqIzIQ,https://music.youtube.com/watch?v=60ZFYYqIzIQ,Rammstein,Ohne dich,Rammstein,Ohne dich,"Reise, Reise",272,D,minor,136,4/4,12m,matched,1.0000,,GetSongBPM,5kDAX,Ohne dich,Rammstein,https://getsongbpm.com/song/ohne-dich/5kDAX,41,1
693,hzRltUL5M3k,https://music.youtube.com/watch?v=hzRltUL5M3k,Deftones,Change (In the House of Flies),Deftones,Change (In the House of Flies),White Pony,300,G,minor,70,4/4,11m,matched,1.0000,,GetSongBPM,DRwK5,Change (In the House of Flies),Deftones,https://getsongbpm.com/song/change-in-the-house-of-flies/DRwK5,27,1
694,fhnfcHSPrfw,https://music.youtube.com/watch?v=fhnfcHSPrfw,Bon Jovi,I'll Be There For You,Bon Jovi,I'll Be There For You,New Jersey,347,D,major,73,4/4,3d,matched,1.0000,,GetSongBPM,xGmBl,I'll Be There for You,Bon Jovi,https://getsongbpm.com/song/i-ll-be-there-for-you/xGmBl,44,6
695,2wf-MNzSbpA,https://music.youtube.com/watch?v=2wf-MNzSbpA,Cutting Crew,(I Just) Died In Your Arms,Cutting Crew,(I Just) Died In Your Arms,Broadcast,281,B,minor,123,4/4,3m,matched,1.0000,,GetSongBPM,pRBgN,(I Just) Died in Your Arms,Cutting Crew,https://getsongbpm.com/song/i-just-died-in-your-arms/pRBgN,64,2
699,aMHhkiPPnXE,https://music.youtube.com/watch?v=aMHhkiPPnXE,HIM,Wicked game,HIM,Wicked game,Razorblade Romance,245,A,major,117,4/4,4d,matched,0.9382,,GetSongBPM,qgO93,Wicked Game,HIM,https://getsongbpm.com/song/wicked-game/qgO93,52,1
701,_7XHQ09C_6I,https://music.youtube.com/watch?v=_7XHQ09C_6I,Meshuggah,The Abysmal Eye,Meshuggah,The Abysmal Eye,Immutable,296,,,,,,missing,,not_found,,,,,,,
704,YkLLcIKhJ64,https://music.youtube.com/watch?v=YkLLcIKhJ64,ABBA,Dancing Queen,ABBA,Dancing Queen,Arrival,231,A,major,99,4/4,4d,matched,1.0000,,GetSongBPM,RoGw0E,Dancing Queen,ABBA,https://getsongbpm.com/song/dancing-queen/RoGw0E,54,39
705,SdOFadTTV_8,https://music.youtube.com/watch?v=SdOFadTTV_8,Foreigner,Cold as Ice (2008 Remaster),Foreigner,Cold as Ice (2008 Remaster),No End in Sight: The Very Best of Foreigner,201,D#,minor,131,,,manual_entry,1.0000,,manual,,,,,,
706,6_uYSLZizy0,https://music.youtube.com/watch?v=6_uYSLZizy0,Aerosmith,"I Don't Want To Miss A Thing (From ""Armageddon"" Soundtrack)",Aerosmith,"I Don't Want To Miss A Thing (From ""Armageddon"" Soundtrack)",I Don't Want To Miss A Thing,300,D,major,121,,,manual_entry,1.0000,,manual,,,,,,
709,oZHJP14BVRs,https://music.youtube.com/watch?v=oZHJP14BVRs,Journey,Don't Stop Believin,Journey,Don't Stop Believin',BBQ Classics,250,E,major,119,4/4,5d,matched,1.0000,,GetSongBPM,J8Bryl,Don't Stop Believin',Journey,https://getsongbpm.com/song/don-t-stop-believin/J8Bryl,50,25
710,a0T4nyB9k88,https://music.youtube.com/watch?v=a0T4nyB9k88,Foreigner,Cold as Ice,Foreigner,Cold as Ice,Foreigner (Expanded),204,D#,minor,129,4/4,7m,matched,0.9904,,GetSongBPM,j2wJW,Cold as Ice,Foreigner,https://getsongbpm.com/song/cold-as-ice/j2wJW,52,10
711,ldpeB6yD6r0,https://music.youtube.com/watch?v=ldpeB6yD6r0,Ghost,The Future Is A Foreign Land,Ghost,The Future Is A Foreign Land,Rite Here Rite Now (Original Motion Picture Soundtrack),226,G,minor,124,,,manual_entry,1.0000,,manual,,,,,,
714,g_HTpeC2tW4,https://music.youtube.com/watch?v=g_HTpeC2tW4,Infant Annihilator,"Baptised, Bastardised, Sodomised.",Infant Annihilator,"Baptised, Bastardised, Sodomised.",The Elysian Grandeval Galèriarch,264,,,,,,missing,,not_found,,,,,,,
719,BfDaJREgrw0,https://music.youtube.com/watch?v=BfDaJREgrw0,Gojira,Oroborus,Gojira,Oroborus,The Way of All Flesh,322,G,minor,136,4/4,11m,matched,1.0000,,GetSongBPM,n5Lq8D,Oroborus,Gojira,https://getsongbpm.com/song/oroborus/n5Lq8D,40,1
720,pqrUQrAcfo4,https://music.youtube.com/watch?v=pqrUQrAcfo4,Arctic Monkeys,Do I Wanna Know?,Arctic Monkeys,Do I Wanna Know?,AM,273,G,minor,86,4/4,11m,matched,1.0000,,GetSongBPM,yolxzE,Do I Wanna Know?,Arctic Monkeys,https://getsongbpm.com/song/do-i-wanna-knowquestion/yolxzE,55,19
724,0X0EsVa7YvY,https://music.youtube.com/watch?v=0X0EsVa7YvY,Genesis,That's All (2007 Remaster),Genesis,That's All (2007 Remaster),Genesis (2007 Remaster),265,E,minor,175,,,manual_entry,1.0000,,manual,,,,,,
725,Lc1Ll-euRSg,https://music.youtube.com/watch?v=Lc1Ll-euRSg,Men At Work,Who Can It Be Now?,Men At Work,Who Can It Be Now?,Business As Usual,202,C#,minor,129,4/4,5m,matched,1.0000,,GetSongBPM,WP13n,Who Can It Be Now?,Men at Work,https://getsongbpm.com/song/who-can-it-be-nowquestion/WP13n,81,5
726,YoBuNm8vdEs,https://music.youtube.com/watch?v=YoBuNm8vdEs,Static-X,Behemoth,Static-X,Behemoth,Cannibal,181,A#,minor,124,4/4,8m,manual_accept_broader,0.9760,,GetSongBPM,OYR90L,Behemoth,Static‐X,https://getsongbpm.com/song/behemoth/OYR90L,66,1
730,tzwXFGssmzo,https://music.youtube.com/watch?v=tzwXFGssmzo,Foster the People,Pumped Up Kicks But It's the Drake and Josh Theme Song,William Maranci Mashups,Foster the People - Pumped Up Kicks But It's the Drake and Josh Theme Song,,183,,,,,,missing,,manual_reject_broader,,,,,,,
731,xxfKbIoy2_g,https://music.youtube.com/watch?v=xxfKbIoy2_g,Yaakov Shwekey,רחם,Yaakov Shwekey,רחם,,330,,,,,,missing,,not_found,,,,,,,
732,rF2l2mtfufg,https://music.youtube.com/watch?v=rF2l2mtfufg,Shulem,Uvyom HaShabbos,Shulem,Uvyom HaShabbos - Shulem Lemmer ft. Sababa and The Shira Choir | וביום השבת - שלום למר עם סבבה ושירה,,278,,,,,,missing,,not_found,,,,,,,
733,maWHojZTnTg,https://music.youtube.com/watch?v=maWHojZTnTg,C418,Aria Math,C418,Aria Math,Minecraft - Volume Beta,310,,,,,,missing,,not_found,,,,,,,
736,6ECkuppjECg,https://music.youtube.com/watch?v=6ECkuppjECg,деформация души,дай денег,ruslan 2k13 aka sergey fedorivich,деформация души - дай денег,,91,,,,,,missing,,not_found,,,,,,,
737,Y4FC0pUHAmI,https://music.youtube.com/watch?v=Y4FC0pUHAmI,DJ Cummerbund,Animal Wonderland,DJ Cummerbund,DJ Cummerbund - Animal Wonderland,,291,,,,,,missing,,not_found,,,,,,,
739,JbKr2jRN3rQ,https://music.youtube.com/watch?v=JbKr2jRN3rQ,Tame Impala,Is It True,Tame Impala,Is It True,The Slow Rush,240,C,major,117,4/4,1d,matched,1.0000,,GetSongBPM,NOPrNL,Is It True,Tame Impala,https://getsongbpm.com/song/is-it-true/NOPrNL,74,1
741,NMRhx71bGo4,https://music.youtube.com/watch?v=NMRhx71bGo4,Tame Impala,Let It Happen,Tame Impala,Let It Happen,Currents,468,C#,minor,123,4/4,5m,matched,1.0000,,GetSongBPM,OM10qR,Let It Happen,Tame Impala,https://getsongbpm.com/song/let-it-happen/OM10qR,61,1
742,UZJFFStQemI,https://music.youtube.com/watch?v=UZJFFStQemI,The Stranglers,Golden Brown,The Stranglers,Golden Brown,La Folie,207,F#,major,93,3/4,7d,matched,1.0000,,GetSongBPM,xv4kyn,Golden Brown,The Stranglers,https://getsongbpm.com/song/golden-brown/xv4kyn,57,15
745,AJmQbz0uy_c,https://music.youtube.com/watch?v=AJmQbz0uy_c,"Slipknot and Evelyn ""Champagne"" King",Shame-ality,Bill McClintock,"Slipknot and Evelyn ""Champagne"" King - ""Shame-ality""",,216,,,,,,missing,,not_found,,,,,,,
746,A_SaCZbENZk,https://music.youtube.com/watch?v=A_SaCZbENZk,Los Disturbados,Stuparena,Bill McClintock,"Los Disturbados - ""Stuparena""",,230,,,,,,missing,,not_found,,,,,,,
747,pm08v69vG10,https://music.youtube.com/watch?v=pm08v69vG10,Bill McClintock,"Spiceknot - ""If You Wanna Breathe My Sulfur",Bill McClintock,"Spiceknot - ""If You Wanna Breathe My Sulfur""",,214,,,,,,missing,,not_found,,,,,,,
748,T_A6XC_EG4A,https://music.youtube.com/watch?v=T_A6XC_EG4A,Rick James Dio,Holy Mary Jane,Bill McClintock,"Rick James Dio - ""Holy Mary Jane""",,264,,,,,,missing,,not_found,,,,,,,
749,HJIIGpuuuYQ,https://music.youtube.com/watch?v=HJIIGpuuuYQ,Bill McClintock,"Mentallica - ""Land Down One-der",Bill McClintock,"Mentallica - ""Land Down One-der""",,263,,,,,,missing,,not_found,,,,,,,
750,XgIu2xcIJ6w,https://music.youtube.com/watch?v=XgIu2xcIJ6w,Bill McClintock,Bob Marleykorn - “Could You Be a Freak on a Leash”,Bill McClintock,Bob Marleykorn - “Could You Be a Freak on a Leash”,,238,,,,,,missing,,not_found,,,,,,,
751,jwy4_je9bdQ,https://music.youtube.com/watch?v=jwy4_je9bdQ,DJ Cummerbund,Time Marches On (For Carol The Bell Tolls),DJ Cummerbund,DJ Cummerbund - Time Marches On (For Carol The Bell Tolls),,215,,,,,,missing,,manual_reject_broader,,,,,,,
752,K4KN_KqxMOQ,https://music.youtube.com/watch?v=K4KN_KqxMOQ,DJ Cummerbund,I Believe In A Pony,DJ Cummerbund,DJ Cummerbund - I Believe In A Pony,,261,,,,,,missing,,manual_reject_broader,,,,,,,
753,KbWug0sFAJQ,https://music.youtube.com/watch?v=KbWug0sFAJQ,DJ Cummerbund,Pretty Fly For Rasputin,DJ Cummerbund,DJ Cummerbund - Pretty Fly For Rasputin,,229,,,,,,missing,,manual_reject_broader,,,,,,,
754,nfVCoD6909g,https://music.youtube.com/watch?v=nfVCoD6909g,DJ Cummerbund,That Which I Desire,DJ Cummerbund,DJ Cummerbund - That Which I Desire,,276,,,,,,missing,,manual_reject_broader,,,,,,,
755,jJnK9EhiXQw,https://music.youtube.com/watch?v=jJnK9EhiXQw,DJ Cummerbund,The Sound of Smash Mouth,DJ Cummerbund,DJ Cummerbund - The Sound of Smash Mouth,,237,,,,,,missing,,manual_reject_broader,,,,,,,
756,hK6mpUXTIGE,https://music.youtube.com/watch?v=hK6mpUXTIGE,Dreaming Cooper,Crystal Cave,Dreaming Cooper,Crystal Cave,Mysterious Places,453,F#,minor,170,4/4,4m,matched,1.0000,,GetSongBPM,z6DK5q,Crystal Cave,Dreaming Cooper,https://getsongbpm.com/song/crystal-cave/z6DK5q,47,36
757,mPhlkHaVkkg,https://music.youtube.com/watch?v=mPhlkHaVkkg,Pink Floyd,Welcome to the Machine,Pink Floyd,Welcome to the Machine,Wish You Were Here 50,451,C,major,133,4/4,1d,manual_accept,0.9904,,GetSongBPM,wKnzWg,Welcome to the Machine,Pink Floyd,https://getsongbpm.com/song/welcome-to-the-machine/wKnzWg,39,52
758,YAK-o_Sq-qA,https://music.youtube.com/watch?v=YAK-o_Sq-qA,Uriah Heep,Lady in Black (Alternate Version),Uriah Heep,Lady in Black (Alternate Version),Salisbury (Expanded Version),212,,,,,,missing,,manual_reject_broader,,,,,,,
759,y_u1eu6Lpds,https://music.youtube.com/watch?v=y_u1eu6Lpds,Cream,Sunshine Of Your Love,Cream,Sunshine Of Your Love,Disraeli Gears (Deluxe Edition),251,D,major,117,4/4,3d,matched,0.9904,,GetSongBPM,YE2Kp,Sunshine of Your Love,Cream,https://getsongbpm.com/song/sunshine-of-your-love/YE2Kp,69,48
760,McF8U-y01Wk,https://music.youtube.com/watch?v=McF8U-y01Wk,Thy Art Is Murder,Whore to a Chainsaw,Thy Art Is Murder,Whore to a Chainsaw,Infinite Death,201,,,,,,missing,,not_found,,,,,,,
761,6rTcdOeedSg,https://music.youtube.com/watch?v=6rTcdOeedSg,E-Mantra,Silence,E-Mantra,Silence,Silence,345,G,major,159,4/4,2d,matched,1.0000,,GetSongBPM,1rOBEV,Silence,e-mantra,https://getsongbpm.com/song/silence/1rOBEV,54,52
762,LDnNBmbEme0,https://music.youtube.com/watch?v=LDnNBmbEme0,Shaman's Dream; Poranguí; Eric Zang,Cedar Moon (feat. Geometrae),Shaman's Dream; Poranguí; Eric Zang,Cedar Moon (feat. Geometrae),Cedar Moon,328,D,major,124,,,manual_entry,1.0000,,manual,,,,,,
763,nrqPZFNrqCA,https://music.youtube.com/watch?v=nrqPZFNrqCA,Foreigner,That Was Yesterday,Foreigner,That Was Yesterday,Agent Provocateur,230,G#,minor,114,4/4,6m,matched,1.0000,,GetSongBPM,MQEJL3,That Was Yesterday,Foreigner,https://getsongbpm.com/song/that-was-yesterday/MQEJL3,44,5
764,xEyqEIYJnYk,https://music.youtube.com/watch?v=xEyqEIYJnYk,Dojo Cuts,I'd Rather Go Blind (feat. Roxie Ray),Dojo Cuts,I'd Rather Go Blind (feat. Roxie Ray),Take from Me (feat. Roxie Ray),187,B,minor,148,3/4,3m,matched,1.0000,,GetSongBPM,4R4xvx,I'd Rather Go Blind,Dojo Cuts,https://getsongbpm.com/song/i-d-rather-go-blind/4R4xvx,67,52
765,rbBbQ-jldvQ,https://music.youtube.com/watch?v=rbBbQ-jldvQ,Amy Winehouse,Back To Black,Amy Winehouse,Back To Black,Back To Black,241,D,minor,124,4/4,12m,matched,1.0000,,GetSongBPM,qxpOvD,Back to Black,Amy Winehouse,https://getsongbpm.com/song/back-to-black/qxpOvD,49,13
766,EOjm4SEDMu8,https://music.youtube.com/watch?v=EOjm4SEDMu8,Kings Of Leon,Sex on Fire,Kings Of Leon,Sex on Fire,Only By The Night,204,E,major,152,4/4,5d,matched,1.0000,,GetSongBPM,G6LQD3,Sex on Fire,Kings of Leon,https://getsongbpm.com/song/sex-on-fire/G6LQD3,55,1
767,Pr3g9TPPuH4,https://music.youtube.com/watch?v=Pr3g9TPPuH4,Amy Winehouse,You Know I'm No Good,Amy Winehouse,You Know I'm No Good,Back To Black,257,D,minor,103,4/4,12m,matched,1.0000,,GetSongBPM,n5mLpY,You Know I'm No Good,Amy Winehouse,https://getsongbpm.com/song/you-know-i-m-no-good/n5mLpY,71,2
769,Jc6-WXt5iKA,https://music.youtube.com/watch?v=Jc6-WXt5iKA,System Of A Down,Lonely Day,System Of A Down,Lonely Day,Lonely Day,169,G#,minor,112,3/4,6m,matched,0.9368,,GetSongBPM,280QzP,Lonely Day,System of a Down,https://getsongbpm.com/song/lonely-day/280QzP,47,37
770,tQYzBm8J4M4,https://music.youtube.com/watch?v=tQYzBm8J4M4,HIM,Enjoy the Silence,Safari Prod,HIM- Enjoy the Silence (Music Video),,257,,,,,,missing,,manual_reject_broader,,,,,,,
771,hlM8jL40xWc,https://music.youtube.com/watch?v=hlM8jL40xWc,Hideki Taniuchi,Shinigamikai B,Hideki Taniuchi,Shinigamikai B,DEATH NOTE Original Soundtrack Ⅱ,153,,,,,,missing,,not_found,,,,,,,
772,dFCz1hG6ikA,https://music.youtube.com/watch?v=dFCz1hG6ikA,Hideki Taniuchi,Melo,Hideki Taniuchi,Melo,DEATH NOTE Original Soundtrack Ⅲ,114,D,major,172,,,manual_entry,1.0000,,manual,,,,,,
773,dQSG381pNWo,https://music.youtube.com/watch?v=dQSG381pNWo,Hideki Taniuchi,L no Kako,Hideki Taniuchi,L no Kako,DEATH NOTE Original Soundtrack Ⅲ,123,,,,,,missing,,not_found,,,,,,,
774,idXL5x6RtEQ,https://music.youtube.com/watch?v=idXL5x6RtEQ,Hideki Taniuchi,Tokuso,Hideki Taniuchi,Tokuso,DEATH NOTE Original Soundtrack,186,,,,,,missing,,not_found,,,,,,,
775,joOLTDC9clo,https://music.youtube.com/watch?v=joOLTDC9clo,Hideki Taniuchi,Shinigamikai,Hideki Taniuchi,Shinigamikai,DEATH NOTE Original Soundtrack,206,,,,,,missing,,not_found,,,,,,,
776,srDmw7kSjik,https://music.youtube.com/watch?v=srDmw7kSjik,Hideki Taniuchi,Light no Theme,Hideki Taniuchi,Light no Theme,DEATH NOTE Original Soundtrack,204,,,,,,missing,,not_found,,,,,,,
777,yC83sb4PMLQ,https://music.youtube.com/watch?v=yC83sb4PMLQ,LP,Lost on You,LP,Lost on You,Lost on You,268,F,minor,174,,,manual_entry,1.0000,,manual,,,,,,
778,KHIMIa5Lzxk,https://music.youtube.com/watch?v=KHIMIa5Lzxk,A Great Big World,Say Something,A Great Big World,Say Something,Say Something,233,D,major,141,3/4,3d,manual_accept,0.9487,,GetSongBPM,NL0VX2,Say Something,A Great Big World,https://getsongbpm.com/song/say-something/NL0VX2,41,86
779,67ibXO8viXE,https://music.youtube.com/watch?v=67ibXO8viXE,Sam Smith,I'm Not The Only One,Sam Smith,I'm Not The Only One,In The Lonely Hour,240,F,major,83,4/4,12d,matched,1.0000,,GetSongBPM,OMkNWp,I'm Not the Only One,Sam Smith,https://getsongbpm.com/song/i-m-not-the-only-one/OMkNWp,46,56
780,eVRbaYq5Aw4,https://music.youtube.com/watch?v=eVRbaYq5Aw4,Cigarettes After Sex,Sunsetz,Cigarettes After Sex,Sunsetz,Cigarettes After Sex,215,A,minor,75,4/4,1m,matched,1.0000,,GetSongBPM,NOvPyp,Sunsetz,Cigarettes After Sex,https://getsongbpm.com/song/sunsetz/NOvPyp,42,6
781,znvky0Uq8qc,https://music.youtube.com/watch?v=znvky0Uq8qc,Stephen Sanchez,Until I Found You,Stephen Sanchez,Until I Found You,Easy On My Eyes,177,A#,major,101,,,manual_entry,1.0000,,manual,,,,,,
782,jyQoJZ7-iac,https://music.youtube.com/watch?v=jyQoJZ7-iac,Foreigner,Waiting for a Girl Like You,Foreigner,Waiting for a Girl Like You,Soft Summer Rock,290,A#,minor,103,4/4,8m,matched,1.0000,,GetSongBPM,z677Y,Waiting for a Girl Like You,Foreigner,https://getsongbpm.com/song/waiting-for-a-girl-like-you/z677Y,33,31
783,8wWrzr3_46Y,https://music.youtube.com/watch?v=8wWrzr3_46Y,Океан Ельзи,Обійми,Океан Ельзи,Обійми,Земля,225,,,,,,missing,,not_found,,,,,,,
784,K_IOd7IUglY,https://music.youtube.com/watch?v=K_IOd7IUglY,Twelve Titans Music,Ten Thousand Times Before,Twelve Titans Music,Ten Thousand Times Before,Ascend the Starless Sky,228,D,minor,111,4/4,12m,matched,0.9429,,GetSongBPM,jYxgRy,Ten Thousand Times Before,Twelve Titans Music,https://getsongbpm.com/song/ten-thousand-times-before/jYxgRy,17,50
785,04U4GjeuUIg,https://music.youtube.com/watch?v=04U4GjeuUIg,Bloodbath,Chainsaw Lullaby,Bloodbath,Chainsaw Lullaby,The Arrow of Satan is Drawn,200,C,major,130,4/4,1d,matched,1.0000,,GetSongBPM,qQKAqp,Chainsaw Lullaby,Bloodbath,https://getsongbpm.com/song/chainsaw-lullaby/qQKAqp,36,1
786,2pjeaFlB-Jo,https://music.youtube.com/watch?v=2pjeaFlB-Jo,Rivers of Nihil,Capricorn / Agoratopia,Rivers of Nihil,Capricorn / Agoratopia,Where Owls Know My Name,471,A,major,110,4/4,4d,matched,1.0000,,GetSongBPM,QkDQMq,Capricorn / Agoratopia,Rivers of Nihil,https://getsongbpm.com/song/capricorn-agoratopia/QkDQMq,43,1
787,BTOeRwIUnG0,https://music.youtube.com/watch?v=BTOeRwIUnG0,Frank Sinatra,Strangers In The Night,Frank Sinatra,Strangers In The Night,Strangers In The Night (Expanded Edition),158,F,major,80,4/4,12d,matched,0.9904,,GetSongBPM,NjAK8,Strangers in the Night,Frank Sinatra,https://getsongbpm.com/song/strangers-in-the-night/NjAK8,23,64
788,UmJApFVLWZ0,https://music.youtube.com/watch?v=UmJApFVLWZ0,БумБокс,Тримай мене (feat. The Gitas),БумБокс,Тримай мене (feat. The Gitas),Таємний код Рубікон Частина 1,275,,,,,,missing,,not_found,,,,,,,
789,TuF-1TbV6Mw,https://music.youtube.com/watch?v=TuF-1TbV6Mw,Pianoбой,Кохання,Pianoбой,Кохання,The Best Of,219,,,,,,missing,,not_found,,,,,,,
790,8ZsDsjO6Knc,https://music.youtube.com/watch?v=8ZsDsjO6Knc,Macintosh Plus,ライブラリ,Macintosh Plus,ライブラリ,Floral Shoppe,164,,,,,,missing,,not_found,,,,,,,
791,ZyH5EjuDLx8,https://music.youtube.com/watch?v=ZyH5EjuDLx8,Macintosh Plus,リサフランク420 - 現代のコンピュー,Macintosh Plus,リサフランク420 - 現代のコンピュー,Floral Shoppe,441,,,,,,missing,,not_found,,,,,,,
792,xDVKyHvi65s,https://music.youtube.com/watch?v=xDVKyHvi65s,Macintosh Plus,ブート,Macintosh Plus,ブート,Floral Shoppe,205,,,,,,missing,,not_found,,,,,,,
793,GxAvNgOVQNE,https://music.youtube.com/watch?v=GxAvNgOVQNE,Godsmack,Serenity,Godsmack,Serenity,Faceless,275,F#,minor,110,4/4,4m,matched,1.0000,,GetSongBPM,nGj9R,Serenity,Godsmack,https://getsongbpm.com/song/serenity/nGj9R,70,3
796,UNkwrKjYUmo,https://music.youtube.com/watch?v=UNkwrKjYUmo,Foreigner,Starrider,Foreigner,Starrider,Foreigner (Expanded),243,C,major,145,4/4,1d,matched,0.9904,,GetSongBPM,k5xMx,Starrider,Foreigner,https://getsongbpm.com/song/starrider/k5xMx,39,4
797,52vehHn8KfQ,https://music.youtube.com/watch?v=52vehHn8KfQ,Rag'n'Bone Man,Human,Rag'n'Bone Man,Human,Human,200,A#,minor,76,4/4,8m,matched,1.0000,,GetSongBPM,nR1JgR,Human,Rag'n'Bone Man,https://getsongbpm.com/song/human/nR1JgR,61,40
798,xzxK9eAEDZY,https://music.youtube.com/watch?v=xzxK9eAEDZY,Aethyrien,Árásaust,Aethyrien,Árásaust,Árásaust,220,,,,,,missing,,not_found,,,,,,,
800,Ei8UnOPJX7w,https://music.youtube.com/watch?v=Ei8UnOPJX7w,Adele,Hello,Adele,Hello,25,296,F,minor,78,4/4,9m,matched,1.0000,,GetSongBPM,Z8wOkE,Hello,Adele,https://getsongbpm.com/song/hello/Z8wOkE,49,34
801,P7TKoQ6nwiI,https://music.youtube.com/watch?v=P7TKoQ6nwiI,Conchita performs Rise Like a Phoenix,Sydney Opera House,Sydney Symphony Orchestra,Conchita performs Rise Like a Phoenix - Sydney Opera House,,272,,,,,,missing,,not_found,,,,,,,
802,dS3Y4_H87OM,https://music.youtube.com/watch?v=dS3Y4_H87OM,Conchita Wurst,Pure,Conchita Wurst,Pure,Conchita,238,D#,minor,184,3/4,7m,matched,1.0000,,GetSongBPM,RO4Enq,Pure,Conchita Wurst,https://getsongbpm.com/song/pure/RO4Enq,26,58
803,jUJ9-BUg9s4,https://music.youtube.com/watch?v=jUJ9-BUg9s4,Conchita Wurst,Firestorm,Conchita Wurst,Firestorm,Conchita,224,F#,major,122,4/4,7d,matched,1.0000,,GetSongBPM,Qn3Dml,Firestorm,Conchita Wurst,https://getsongbpm.com/song/firestorm/Qn3Dml,70,3
804,UmCiX3PsBZs,https://music.youtube.com/watch?v=UmCiX3PsBZs,Conchita Wurst,Colours of Your Love,Conchita Wurst,Colours of Your Love,Conchita,213,D,minor,125,4/4,12m,matched,1.0000,,GetSongBPM,MwYygA,Colours of Your Love,Conchita Wurst,https://getsongbpm.com/song/colours-of-your-love/MwYygA,58,31
805,Ln8dxzCkACg,https://music.youtube.com/watch?v=Ln8dxzCkACg,Clawfinger,Nigger,Clawfinger,Nigger,Deaf Dumb Blind,228,D,major,94,4/4,3d,matched,1.0000,,GetSongBPM,mQ54O,Nigger,Clawfinger,https://getsongbpm.com/song/nigger/mQ54O,58,3
807,bZdtY84zzXw,https://music.youtube.com/watch?v=bZdtY84zzXw,Ghost,It's A Sin,Ghost,It's A Sin,It's A Sin,281,C,minor,127,,,manual_entry,1.0000,,manual,,,,,,
808,yt40jLz7TeQ,https://music.youtube.com/watch?v=yt40jLz7TeQ,Ghost,Kaisarion,Ghost,Kaisarion,IMPERA,303,,,,,,missing,,not_found,,,,,,,
809,pgvelTw51AI,https://music.youtube.com/watch?v=pgvelTw51AI,"Хор "" София","П.Гончаров: "" Кресту Твоему",Yuriy Panytsia (PanyaRecords),"Хор "" София "" - П.Гончаров: "" Кресту Твоему """,,180,,,,,,missing,,not_found,,,,,,,
810,jtBmowJLc94,https://music.youtube.com/watch?v=jtBmowJLc94,Deftones,Cherry Waves,Deftones,Cherry Waves,Saturday Night Wrist,318,D,major,123,4/4,3d,matched,1.0000,,GetSongBPM,rkqnwW,Cherry Waves,Deftones,https://getsongbpm.com/song/cherry-waves/rkqnwW,47,1
811,Ya-w5Qx1tzc,https://music.youtube.com/watch?v=Ya-w5Qx1tzc,Rivers of Nihil,The Silent Life,Rivers of Nihil,The Silent Life,Where Owls Know My Name,395,C#,minor,99,4/4,5m,matched,1.0000,,GetSongBPM,GRpD0Q,The Silent Life,Rivers of Nihil,https://getsongbpm.com/song/the-silent-life/GRpD0Q,44,1
812,veEYWN5PuRw,https://music.youtube.com/watch?v=veEYWN5PuRw,Aethyrien,Valkyrja,Aethyrien,Valkyrja,Valkyrja,173,A,minor,118,,,manual_entry,1.0000,,manual,,,,,,
814,DmhdcDQt7Dk,https://music.youtube.com/watch?v=DmhdcDQt7Dk,Lil Peep; XXXTENTACION,Falling Down (Bonus Track),Lil Peep; XXXTENTACION,Falling Down (Bonus Track),"Come Over When You're Sober, Pt. 2",197,E,minor,120,,,manual_entry,1.0000,,manual,,,,,,
815,_l13E-Yb6NM,https://music.youtube.com/watch?v=_l13E-Yb6NM,Mawang,Kasih Sayang Kepada Orang Tua,Mawang,Kasih Sayang Kepada Orang Tua,,251,C,major,120,,,manual_entry,1.0000,,manual,,,,,,
816,E9vf2hjWZJE,https://music.youtube.com/watch?v=E9vf2hjWZJE,Aethyrien,Wanderer,Aethyrien,Wanderer,Wanderer,298,C,minor,80,,,manual_entry,1.0000,,manual,,,,,,
817,Jh_V2y2ioPM,https://music.youtube.com/watch?v=Jh_V2y2ioPM,Aethyrien,Open The Gates,Aethyrien,Open The Gates,Open The Gates,163,F,major,60,,,manual_entry,1.0000,,manual,,,,,,
820,BcknjjGcFOM,https://music.youtube.com/watch?v=BcknjjGcFOM,Urfaust,Meditatum IV,Urfaust,Meditatum IV,Empty Space Meditation,536,,,,,,missing,,not_found,,,,,,,
821,0hdQi2_HzAc,https://music.youtube.com/watch?v=0hdQi2_HzAc,Led Zeppelin,Heartbreaker (Remaster),Led Zeppelin,Heartbreaker (Remaster),Led Zeppelin II (Deluxe Edition),255,,,,,,missing,,not_found,,,,,,,
823,ZuWqrBaq9xE,https://music.youtube.com/watch?v=ZuWqrBaq9xE,The Doors,You're Lost Little Girl,The Doors,You're Lost Little Girl,Strange Days,181,E,minor,111,4/4,2m,matched,1.0000,,GetSongBPM,MQnN6O,You're Lost Little Girl,The Doors,https://getsongbpm.com/song/you-re-lost-little-girl/MQnN6O,51,63
824,6zrwCjjUqs0,https://music.youtube.com/watch?v=6zrwCjjUqs0,The Doors,Spanish Caravan,The Doors,Spanish Caravan,Waiting for the Sun,179,E,minor,139,4/4,2m,matched,1.0000,,GetSongBPM,oQWMz3,Spanish Caravan,The Doors,https://getsongbpm.com/song/spanish-caravan/oQWMz3,38,29
825,nbtEkZIvMAg,https://music.youtube.com/watch?v=nbtEkZIvMAg,The Doors,Alabama Song (Whisky Bar),The Doors,Alabama Song (Whisky Bar),The Doors,198,A,minor,170,4/4,1m,matched,1.0000,,GetSongBPM,ZVJ5vE,Alabama Song (Whisky Bar),The Doors,https://getsongbpm.com/song/alabama-song-whisky-bar/ZVJ5vE,57,55
826,8uWiraV_JHg,https://music.youtube.com/watch?v=8uWiraV_JHg,Aethyrien,Berserkr (The Henbane Experience),Aethyrien,Berserkr (The Henbane Experience),Berserkr (The Henbane Experience),368,,,,,,missing,,not_found,,,,,,,
827,QM3gB1n0Jhs,https://music.youtube.com/watch?v=QM3gB1n0Jhs,Foreigner,I Want to Know What Love Is,Foreigner,I Want to Know What Love Is,Feels Like The First Time,286,F#,major,81,4/4,7d,manual_accept,0.9411,,GetSongBPM,N9EYMz,I Want to Know What Love Is,Foreigner,https://getsongbpm.com/song/i-want-to-know-what-love-is/N9EYMz,48,20
828,nVL2G0alK8s,https://music.youtube.com/watch?v=nVL2G0alK8s,Ensemble Rukovet,Litany of Supplication,Ensemble Rukovet,Litany of Supplication,Agios o Theos - Ancient Orthodox Chants from Serbia,237,,,,,,missing,,not_found,,,,,,,
829,EhsrfnXU6qo,https://music.youtube.com/watch?v=EhsrfnXU6qo,Roman Hurko,Litany of Supplication - Litany for the Gifts,Roman Hurko,Litany of Supplication - Litany for the Gifts,Liturgy No. 3 - English (The Divine Liturgy of St. John Chrysostom),75,,,,,,missing,,not_found,,,,,,,
830,XRDDFyT5Ifs,https://music.youtube.com/watch?v=XRDDFyT5Ifs,St. Symeon Orthodox Church,Litany of Supplication,St. Symeon Orthodox Church,Litany of Supplication,Paraklysis,151,,,,,,missing,,not_found,,,,,,,
831,y9wWlxrt1zE,https://music.youtube.com/watch?v=y9wWlxrt1zE,Choir of the Monks of Chevetogne,Litany of Supplication,Choir of the Monks of Chevetogne,Litany of Supplication,Easter,255,,,,,,missing,,not_found,,,,,,,
832,4uZi4fx_y2A,https://music.youtube.com/watch?v=4uZi4fx_y2A,Roman Hurko,The Great Litany,Roman Hurko,The Great Litany,Vespers,240,D#,minor,86,,,manual_entry,1.0000,,manual,,,,,,
833,Qp_cxc9oXwg,https://music.youtube.com/watch?v=Qp_cxc9oXwg,Roman Hurko,Litany of Supplication,Roman Hurko,Litany of Supplication,Liturgy No. 3 - English (The Divine Liturgy of St. John Chrysostom),141,C,minor,77,,,manual_entry,1.0000,,manual,,,,,,
834,rJRkYOeTycI,https://music.youtube.com/watch?v=rJRkYOeTycI,Академічна чоловіча хорова капела ім. Л.Ревуцького,Хресту твоєму,1nn234,Хресту твоєму (Український православний піснеспів),,226,,,,,,missing,,not_found,,,,,,,
837,PrTTUGQtz-c,https://music.youtube.com/watch?v=PrTTUGQtz-c,Roy Orbison,"Oh, Pretty Woman",Roy Orbison,"Oh, Pretty Woman",The Soul of Rock And Roll,183,A,major,127,4/4,4d,manual_accept,0.9360,,GetSongBPM,Wn8j3J,"Oh, Pretty Woman",Roy Orbison,https://getsongbpm.com/song/oh-pretty-woman/Wn8j3J,61,73
838,X7usA3YouKw,https://music.youtube.com/watch?v=X7usA3YouKw,Eagles,"Hotel California (Live On MTV, 1994)",Eagles,"Hotel California (Live On MTV, 1994)",Hell Freezes Over (Remaster 2018),433,D,major,75,,,manual_entry,1.0000,,manual,,,,,,
839,C1G3jmtoOfk,https://music.youtube.com/watch?v=C1G3jmtoOfk,Adele,Rumour Has It,Adele,Rumour Has It,21,224,G,minor,117,4/4,11m,matched,1.0000,,GetSongBPM,kZWX2E,Rumour Has It,Adele,https://getsongbpm.com/song/rumour-has-it/kZWX2E,62,64
841,F_7-srWn5pc,https://music.youtube.com/watch?v=F_7-srWn5pc,Shon MC,Мы таджики (feat. Umfa Man),Shon MC,Мы таджики (feat. Umfa Man),Мы таджики,138,,,,,,missing,,not_found,,,,,,,
843,r-P1pcayiZk,https://music.youtube.com/watch?v=r-P1pcayiZk,Superheaven,Youngest Daughter,Superheaven,Youngest Daughter,Jar,250,G#,major,129,4/4,9d,matched,1.0000,,GetSongBPM,7Lv2qG,Youngest Daughter,Superheaven,https://getsongbpm.com/song/youngest-daughter/7Lv2qG,50,1
844,PfWgfUYSv8s,https://music.youtube.com/watch?v=PfWgfUYSv8s,Tracy Chapman; Luciano Pavarotti; Orchestra Sinfonica Italiana; José Molina,Baby Can I Hold You,Tracy Chapman; Luciano Pavarotti; Orchestra Sinfonica Italiana; José Molina,Baby Can I Hold You,Pavarotti & Friends for Cambodia and Tibet,212,D,major,74,4/4,3d,matched,0.9284,,GetSongBPM,VPE4GM,Baby Can I Hold You,Tracy Chapman,https://getsongbpm.com/song/baby-can-i-hold-you/VPE4GM,70,9
845,6HGwX-nk7tc,https://music.youtube.com/watch?v=6HGwX-nk7tc,Rammstein,Ich tu dir weh,Rammstein,Ich tu dir weh,Liebe ist für alle da (Special Edition),302,D,minor,82,3/4,12m,matched,0.9904,,GetSongBPM,DRYmE6,Ich tu dir weh,Rammstein,https://getsongbpm.com/song/ich-tu-dir-weh/DRYmE6,30,1
847,ITcj8mePex0,https://music.youtube.com/watch?v=ITcj8mePex0,Rammstein,Mein Teil,Rammstein,Mein Teil,"Reise, Reise",273,D,minor,89,4/4,12m,matched,1.0000,,GetSongBPM,WrGWo,Mein Teil,Rammstein,https://getsongbpm.com/song/mein-teil/WrGWo,47,1
848,jQjdEDWDeQ8,https://music.youtube.com/watch?v=jQjdEDWDeQ8,Rammstein,Engel,Rammstein,Engel,Sehnsucht,265,D,minor,96,4/4,12m,matched,1.0000,,GetSongBPM,Z6K5w,Engel,Rammstein,https://getsongbpm.com/song/engel/Z6K5w,64,1
849,ZXjNjuLOi_k,https://music.youtube.com/watch?v=ZXjNjuLOi_k,Rammstein,Sehnsucht,Rammstein,Sehnsucht,Sehnsucht,245,E,major,144,4/4,5d,matched,1.0000,,GetSongBPM,YEJ4M,Sehnsucht,Rammstein,https://getsongbpm.com/song/sehnsucht/YEJ4M,51,1
850,vJrYN-_BXws,https://music.youtube.com/watch?v=vJrYN-_BXws,Scorpions,Still Loving You (2015 - Remaster),Scorpions,Still Loving You (2015 - Remaster),Love At First Sting,389,G#,minor,109,,,manual_entry,1.0000,,manual,,,,,,
852,JmL-yXMn9Ic,https://music.youtube.com/watch?v=JmL-yXMn9Ic,Rammstein,Führe mich,Rammstein,Führe mich,Liebe ist für alle da (Special Edition),274,D,major,156,,,manual_entry,1.0000,,manual,,,,,,
853,76wVsssLA4E,https://music.youtube.com/watch?v=76wVsssLA4E,Lucie; Lenka Dusilova,Sen,Lucie; Lenka Dusilova,Sen,Cerny kocky mokry zaby,297,A,major,140,3/4,4d,matched,1.0000,,GetSongBPM,23DYz,Sen,Lucie,https://getsongbpm.com/song/sen/23DYz,63,94
854,QuAMK3lzFW8,https://music.youtube.com/watch?v=QuAMK3lzFW8,Karel Gott,Měl jsem rád a mám (Soleado),Karel Gott,Měl jsem rád a mám (Soleado),"Melodie, které nestárnou",221,E,major,137,4/4,5d,manual_accept_broader,0.9232,,GetSongBPM,83wvXL,Měl Jsem Rád A Mám,Karel Gott,https://getsongbpm.com/song/mel-jsem-rad-a-mam/83wvXL,29,55
855,4E8EWd5P804,https://music.youtube.com/watch?v=4E8EWd5P804,Freddie Mercury; Montserrat Caballé,How Can I Go On (New Orchestrated Version),Freddie Mercury; Montserrat Caballé,How Can I Go On (New Orchestrated Version),Barcelona (Special Edition),230,,,,,,missing,,manual_reject_broader,,,,,,,
856,UKtEtwqXxVo,https://music.youtube.com/watch?v=UKtEtwqXxVo,Ladislav Štaidl se svým orchestrem; Karel Gott,Je jaká je (Sereno é),Ladislav Štaidl se svým orchestrem; Karel Gott,Je jaká je (Sereno é),42 největších hitů,231,D,major,74,4/4,3d,manual_accept_broader,0.6450,,GetSongBPM,8M6DDj,Je Jaká Je,Karel Gott,https://getsongbpm.com/song/je-jaka-je/8M6DDj,44,41
857,6NXOezeuLRU,https://music.youtube.com/watch?v=6NXOezeuLRU,Rammstein,Links 2 3 4,Rammstein,Links 2 3 4,Mutter,217,A,major,129,4/4,4d,manual_accept_broader,0.9360,,GetSongBPM,Nx6V2,Links 2-3-4,Rammstein,https://getsongbpm.com/song/links-2-3-4/Nx6V2,63,1
858,3eEA6H_y1VI,https://music.youtube.com/watch?v=3eEA6H_y1VI,Rammstein,Ausländer,Rammstein,Ausländer,Rammstein,232,,,,,,missing,,manual_reject_broader,,,,,,,
859,Ag0Y8pgwYEM,https://music.youtube.com/watch?v=Ag0Y8pgwYEM,Marilyn Manson,Tattooed In Reverse,Marilyn Manson,Tattooed In Reverse,Heaven Upside Down,265,D,major,68,4/4,3d,matched,1.0000,,GetSongBPM,w0B1Kw,Tattooed In Reverse,Marilyn Manson,https://getsongbpm.com/song/tattooed-in-reverse/w0B1Kw,49,1
861,9fr5W0WAFwU,https://music.youtube.com/watch?v=9fr5W0WAFwU,HIM,Gone With The Sin,HIM,Gone With The Sin,Razorblade Romance,262,A,minor,91,4/4,1m,matched,1.0000,,GetSongBPM,VP4EOo,Gone With the Sin,HIM,https://getsongbpm.com/song/gone-with-the-sin/VP4EOo,60,24
862,BiV-t3uZZwc,https://music.youtube.com/watch?v=BiV-t3uZZwc,HIM,In Joy And Sorrow,HIM,In Joy And Sorrow,Deep Shadows And Brilliant Highlights,239,G,major,113,4/4,2d,matched,1.0000,,GetSongBPM,6RNBn,In Joy and Sorrow,HIM,https://getsongbpm.com/song/in-joy-and-sorrow/6RNBn,50,3
863,ql-op7ftTQM,https://music.youtube.com/watch?v=ql-op7ftTQM,Zeraphine,When Love And Death Embrace,Jorge Lobo The Last Czarnian,Zeraphine When Love And Death Embrace,,258,,,,,,missing,,manual_reject_broader,,,,,,,
865,tlO3lZhDukU,https://music.youtube.com/watch?v=tlO3lZhDukU,Metallica,One,Metallica,One,...And Justice For All,448,B,minor,108,3/4,3m,matched,1.0000,,GetSongBPM,nrgZmE,One,Metallica,https://getsongbpm.com/song/one/nrgZmE,44,1
869,t-NUBR2kufw,https://music.youtube.com/watch?v=t-NUBR2kufw,Rammstein,Armee der Tristen,Rammstein,Armee der Tristen,Zeit,206,,,,,,missing,,not_found,,,,,,,
870,hzZcc611C2A,https://music.youtube.com/watch?v=hzZcc611C2A,Rammstein,Mutter,Rammstein,Mutter,Mutter,269,E,major,117,4/4,5d,matched,1.0000,,GetSongBPM,RgVZV,Mutter,Rammstein,https://getsongbpm.com/song/mutter/RgVZV,47,2
872,6c2OCDBVw08,https://music.youtube.com/watch?v=6c2OCDBVw08,Ozzy Osbourne,Patient Number 9 (feat. Jeff Beck),Ozzy Osbourne,Patient Number 9 (feat. Jeff Beck),Patient Number 9,442,,,,,,missing,,not_found,,,,,,,
873,8lMkDwxuM4E,https://music.youtube.com/watch?v=8lMkDwxuM4E,AndrisMusic,Enigma,AndrisMusic,Enigma,Enigma,180,E,minor,190,,,manual_entry,1.0000,,manual,,,,,,
876,kox6DUtSdAM,https://music.youtube.com/watch?v=kox6DUtSdAM,Dire Straits,You And Your Friend,Dire Straits,You And Your Friend,On Every Street,358,G,major,83,4/4,2d,matched,1.0000,,GetSongBPM,lYVlyJ,You and Your Friend,Dire Straits,https://getsongbpm.com/song/you-and-your-friend/lYVlyJ,57,48
877,zaCbInoHK8I,https://music.youtube.com/watch?v=zaCbInoHK8I,Queen,Who Wants To Live Forever,Queen,Who Wants To Live Forever,A Kind Of Magic,316,E,minor,92,5/4,2m,matched,1.0000,,GetSongBPM,vgJyL,Who Wants to Live Forever,Queen,https://getsongbpm.com/song/who-wants-to-live-forever/vgJyL,14,58
878,IQMvqGqsZHg,https://music.youtube.com/watch?v=IQMvqGqsZHg,Pink Floyd,Keep Talking,Pink Floyd,Keep Talking,The Division Bell,371,E,minor,99,4/4,2m,matched,1.0000,,GetSongBPM,73G4A,Keep Talking,Pink Floyd,https://getsongbpm.com/song/keep-talking/73G4A,50,19
880,K9RKlz1qpQY,https://music.youtube.com/watch?v=K9RKlz1qpQY,Scorpions,Send Me An Angel,Scorpions,Send Me An Angel,Crazy World,274,D#,minor,107,4/4,7m,matched,1.0000,,GetSongBPM,wj8nr,Send Me an Angel,Scorpions,https://getsongbpm.com/song/send-me-an-angel/wj8nr,35,47
881,A9-Dsni6slE,https://music.youtube.com/watch?v=A9-Dsni6slE,HIM,Wings of a Butterfly,HIM,Wings of a Butterfly,Dark Light,212,A#,minor,131,4/4,8m,matched,0.9304,,GetSongBPM,zppjV2,Rip Out the Wings of a Butterfly,HIM,https://getsongbpm.com/song/rip-out-the-wings-of-a-butterfly/zppjV2,45,1
882,EJeEvRv1xjI,https://music.youtube.com/watch?v=EJeEvRv1xjI,Ozzy Osbourne,Ordinary Man (feat. Elton John),Ozzy Osbourne,Ordinary Man (feat. Elton John),Ordinary Man,302,E,major,125,4/4,5d,matched,1.0000,,GetSongBPM,PjREvA,Ordinary Man (feat. Elton John),Ozzy Osbourne,https://getsongbpm.com/song/ordinary-man-featpoint-elton-john/PjREvA,43,7
883,bWtYzU40N-M,https://music.youtube.com/watch?v=bWtYzU40N-M,Rammstein,Spieluhr,Rammstein,Spieluhr,Mutter,287,D,minor,129,4/4,12m,matched,1.0000,,GetSongBPM,VmV4z,Spieluhr,Rammstein,https://getsongbpm.com/song/spieluhr/VmV4z,65,1
884,ZiIc0HuJ78Q,https://music.youtube.com/watch?v=ZiIc0HuJ78Q,Metallica,Welcome Home (Sanitarium),Metallica,Welcome Home (Sanitarium),Master of Puppets,388,E,minor,104,4/4,2m,matched,1.0000,,GetSongBPM,qx0ry,Welcome Home (Sanitarium),Metallica,https://getsongbpm.com/song/welcome-home-sanitarium/qx0ry,34,1
885,G8Hq9UB8zB8,https://music.youtube.com/watch?v=G8Hq9UB8zB8,Chris Isaak,Wicked Game,Chris Isaak,Wicked Game,Heart Shaped World,290,B,minor,112,4/4,3m,matched,1.0000,,GetSongBPM,KrgjJ,Wicked Game,Chris Isaak,https://getsongbpm.com/song/wicked-game/KrgjJ,67,75
886,gQfeNSl6Xck,https://music.youtube.com/watch?v=gQfeNSl6Xck,Harry Nilsson,Without You,Harry Nilsson,Without You,Ultimate 70's Party,199,E,major,65,4/4,5d,matched,0.9333,,GetSongBPM,OM3kN,Without You,Harry Nilsson,https://getsongbpm.com/song/without-you/OM3kN,45,56
887,-yYqqSyhHhA,https://music.youtube.com/watch?v=-yYqqSyhHhA,Scorpions,No One Like You (Live) (2015 - Remaster),Scorpions,No One Like You (Live) (2015 - Remaster),World Wide Live (2015 - Remaster),250,,,,,,missing,,manual_reject_broader,,,,,,,
888,Dq6v3BGzzSk,https://music.youtube.com/watch?v=Dq6v3BGzzSk,Scorpions,When the Smoke Is Going Down (2015 - Remaster),Scorpions,When the Smoke Is Going Down (2015 - Remaster),Blackout,232,,,,,,missing,,not_found,,,,,,,
889,5X5KweDhsaI,https://music.youtube.com/watch?v=5X5KweDhsaI,Duran Duran,Come Undone,Duran Duran,Come Undone,Duran Duran,257,G#,major,86,4/4,9d,matched,1.0000,,GetSongBPM,1rArG,Come Undone,Duran Duran,https://getsongbpm.com/song/come-undone/1rArG,55,5
890,oNvWDP_GkiY,https://music.youtube.com/watch?v=oNvWDP_GkiY,U2,With Or Without You,U2,With Or Without You,The Joshua Tree (Super Deluxe),296,D,major,112,4/4,3d,matched,0.9904,,GetSongBPM,5y5lK,With or Without You,U2,https://getsongbpm.com/song/with-or-without-you/5y5lK,54,1
892,VWO3nEuWo4k,https://music.youtube.com/watch?v=VWO3nEuWo4k,The Beatles,Something (Remastered 2009),The Beatles,Something (Remastered 2009),Abbey Road,183,C,major,66,4/4,1d,matched,0.9304,,GetSongBPM,xGQ9lJ,Something,The Beatles,https://getsongbpm.com/song/something/xGQ9lJ,40,20
893,rAn-AWXtHv0,https://music.youtube.com/watch?v=rAn-AWXtHv0,John Lennon,Imagine,John Lennon,Imagine,Imagine,188,C,major,76,4/4,1d,manual_accept,1.0000,,GetSongBPM,L9LxW,Imagine,John Lennon,https://getsongbpm.com/song/imagine/L9LxW,55,91
894,znW-P7lMKjU,https://music.youtube.com/watch?v=znW-P7lMKjU,Deep Purple,Soldier Of Fortune (2009 Digital Remaster),Deep Purple,Soldier Of Fortune (2009 Digital Remaster),Stormbringer,205,,,,,,missing,,manual_reject_broader,,,,,,,
895,xKSOqLPp16I,https://music.youtube.com/watch?v=xKSOqLPp16I,Rob Zombie,Demon Speeding,Rob Zombie,Demon Speeding,The Sinister Urge,225,G#,minor,134,4/4,6m,matched,1.0000,,GetSongBPM,XJJOV,Demon Speeding,Rob Zombie,https://getsongbpm.com/song/demon-speeding/XJJOV,56,1
896,QH6i7AkdtFQ,https://music.youtube.com/watch?v=QH6i7AkdtFQ,Immortal,Sons of Northern Darkness,Immortal,Sons of Northern Darkness,Sons of Northern Darkness,286,D,major,111,4/4,3d,matched,1.0000,,GetSongBPM,3PND4,Sons of Northern Darkness,Immortal,https://getsongbpm.com/song/sons-of-northern-darkness/3PND4,22,0
897,vuHS9NI_xwY,https://music.youtube.com/watch?v=vuHS9NI_xwY,Paul Stanley,Live To Win,Paul Stanley,Live To Win,Live To Win,188,F,minor,127,4/4,9m,matched,1.0000,,GetSongBPM,jR6lvl,Live to Win,Paul Stanley,https://getsongbpm.com/song/live-to-win/jR6lvl,54,2
898,FChMHEfzOLI,https://music.youtube.com/watch?v=FChMHEfzOLI,Korn,Got the Life,Korn,Got the Life,Follow The Leader,226,B,minor,123,4/4,3m,matched,1.0000,,GetSongBPM,nrBGl,Got the Life,Korn,https://getsongbpm.com/song/got-the-life/nrBGl,51,1
899,gX9BwBWGTS8,https://music.youtube.com/watch?v=gX9BwBWGTS8,Killswitch Engage,The Arms of Sorrow,Killswitch Engage,The Arms of Sorrow,As Daylight Dies (Special Edition),225,F,minor,123,4/4,9m,matched,0.9904,,GetSongBPM,lYkLLg,The Arms of Sorrow,Killswitch Engage,https://getsongbpm.com/song/the-arms-of-sorrow/lYkLLg,50,1
900,53dtLBhPi_A,https://music.youtube.com/watch?v=53dtLBhPi_A,PATRIARKH,Tretij Czas,PATRIARKH,Tretij Czas,Hospodi,300,,,,,,missing,,not_found,,,,,,,
901,52_OmwfeVSw,https://music.youtube.com/watch?v=52_OmwfeVSw,PATRIARKH,Wieczernia,PATRIARKH,Wieczernia,Hospodi,332,,,,,,missing,,not_found,,,,,,,
902,ZKrG1IZVaCQ,https://music.youtube.com/watch?v=ZKrG1IZVaCQ,"Tchaikovsky, Pyotr I.","Symphony No. 4 in F minor Op. 36: Andante sostenuto, moderato con anima","Tchaikovsky, Pyotr I.","Symphony No. 4 in F minor Op. 36: Andante sostenuto, moderato con anima",Classical Dinner Moods (The Ultimate Classical Dinner Collection),336,,,,,,missing,,manual_reject_broader,,,,,,,
903,CNjewKOXqf8,https://music.youtube.com/watch?v=CNjewKOXqf8,Immortal,Tyrants,Immortal,Tyrants,Sons of Northern Darkness,377,D,major,90,4/4,3d,matched,1.0000,,GetSongBPM,4PO0g,Tyrants,Immortal,https://getsongbpm.com/song/tyrants/4PO0g,39,1
904,8JQDONbHBsQ,https://music.youtube.com/watch?v=8JQDONbHBsQ,Immortal,Beyond the North Waves,Immortal,Beyond the North Waves,Sons of Northern Darkness,487,G,major,126,4/4,2d,matched,1.0000,,GetSongBPM,9PWZ8,Beyond the North Waves,Immortal,https://getsongbpm.com/song/beyond-the-north-waves/9PWZ8,32,1
905,mPRfKPZHIJQ,https://music.youtube.com/watch?v=mPRfKPZHIJQ,PATRIARKH,Utrenia,PATRIARKH,Utrenia,Hospodi,327,F#,minor,120,,,manual_entry,1.0000,,manual,,,,,,
906,15v38qJPdeY,https://music.youtube.com/watch?v=15v38qJPdeY,Thy Art Is Murder,The Son of Misery,Thy Art Is Murder,The Son of Misery,Dear Desolation,259,A,major,130,4/4,4d,matched,1.0000,,GetSongBPM,2852GA,The Son of Misery,Thy Art Is Murder,https://getsongbpm.com/song/the-son-of-misery/2852GA,47,1
907,ni3IMbhLJ_k,https://music.youtube.com/watch?v=ni3IMbhLJ_k,Ghost,Griftwood,Ghost,Griftwood,IMPERA,317,,,,,,missing,,not_found,,,,,,,
908,CdylQOG3Mto,https://music.youtube.com/watch?v=CdylQOG3Mto,Randy Crenshaw,Perry the Platypus,Randy Crenshaw,Perry the Platypus,Phineas And Ferb: Across The 1st And 2nd Dimensions,174,,,,,,missing,,not_found,,,,,,,
910,VU_4qFko7NE,https://music.youtube.com/watch?v=VU_4qFko7NE,ghots,Jigolo Har Megiddo (Live) [Acoustic],ghots,Jigolo Har Megiddo (Live) [Acoustic],Jigolo Har Megiddo (Live) [Acoustic],218,,,,,,missing,,manual_reject_broader,,,,,,,
911,VgamwEi90w4,https://music.youtube.com/watch?v=VgamwEi90w4,Ghost,Ghuleh/Zombie Queen,SiriusXM Hard Rock,"Ghost ""Ghuleh/Zombie Queen"" Live @ SiriusXM // Octane",,407,,,,,,missing,,not_found,,,,,,,
912,vCFwY6ISEMs,https://music.youtube.com/watch?v=vCFwY6ISEMs,Ghost,If You Have Ghosts (Live Acoustic) | HardDrive Online,HardDrive Radio,Ghost - If You Have Ghosts (Live Acoustic) | HardDrive Online,,271,,,,,,missing,,manual_reject_broader,,,,,,,
913,xcCPp3l_1T4,https://music.youtube.com/watch?v=xcCPp3l_1T4,Ghost,Jigolo Har Megiddo (Live Acoustic) | HardDrive Online,HardDrive Radio,Ghost - Jigolo Har Megiddo (Live Acoustic) | HardDrive Online,,284,,,,,,missing,,manual_reject_broader,,,,,,,
914,NmxFxBiCrL4,https://music.youtube.com/watch?v=NmxFxBiCrL4,Ghost,Mary On A Cross (Live),Ghost,Mary On A Cross (Live),,273,,,,,,missing,,manual_reject_broader,,,,,,,
915,j1bxQW4jyro,https://music.youtube.com/watch?v=j1bxQW4jyro,Ghost,Per Aspera Ad Inferi,Ghost,Per Aspera Ad Inferi,Infestissumam,250,D#,minor,128,4/4,7m,matched,1.0000,,GetSongBPM,59mO78,Per Aspera Ad Inferi,Ghost,https://getsongbpm.com/song/per-aspera-ad-inferi/59mO78,57,1
917,4d_5R_noZas,https://music.youtube.com/watch?v=4d_5R_noZas,THY ART IS MURDER,Slaves Beyond Death - Bloodstock 2019,Bloodstockfestivals,THY ART IS MURDER - Slaves Beyond Death - Bloodstock 2019,,252,,,,,,missing,,manual_reject_broader,,,,,,,
918,mG8H7yt8lBc,https://music.youtube.com/watch?v=mG8H7yt8lBc,Disembodied Tyrant,The Divine Stigmata,Disembodied Tyrant,The Divine Stigmata,The Divine Stigmata,394,,,,,,missing,,not_found,,,,,,,
919,NqUgOFdL6Zg,https://music.youtube.com/watch?v=NqUgOFdL6Zg,Ghost B.C.,Missionary Man,Ghost B.C.,Missionary Man,Popestar,223,,,,,,missing,,manual_reject_broader,,,,,,,
920,5IaLIcuFJeE,https://music.youtube.com/watch?v=5IaLIcuFJeE,Ghost,Square Hammer,Ghost,Square Hammer,Popestar,240,,,,,,missing,,not_found,,,,,,,
921,mTdaLHyXIAk,https://music.youtube.com/watch?v=mTdaLHyXIAk,Ghost B.C.,Nocturnal Me,Ghost B.C.,Nocturnal Me,Popestar,314,,,,,,missing,,manual_reject_broader,,,,,,,
922,3AD-KR-z1x8,https://music.youtube.com/watch?v=3AD-KR-z1x8,Ghost,Darkness At The Heart Of My Love,Ghost,Darkness At The Heart Of My Love,IMPERA,299,,,,,,missing,,not_found,,,,,,,
923,seJ83vfHoIU,https://music.youtube.com/watch?v=seJ83vfHoIU,Ghost,Mary On A Cross,Ghost,Mary On A Cross,Seven Inches of Satanic Panic,245,B,major,130,,,manual_entry,1.0000,,manual,,,,,,
924,_8-GtS7PcKg,https://music.youtube.com/watch?v=_8-GtS7PcKg,Ghost,Depth Of Satan's Eyes,Ghost,Depth Of Satan's Eyes,Infestissumam,326,D,major,125,4/4,3d,matched,1.0000,,GetSongBPM,jqEoYv,Depth of Satan's Eyes,Ghost,https://getsongbpm.com/song/depth-of-satan-s-eyes/jqEoYv,56,7
925,wUu5cAFpDjI,https://music.youtube.com/watch?v=wUu5cAFpDjI,Ghost,Year Zero,Ghost,Year Zero,Infestissumam,351,G,major,122,4/4,2d,matched,1.0000,,GetSongBPM,9QqV9D,Year Zero,Ghost,https://getsongbpm.com/song/year-zero/9QqV9D,48,3
927,MwnY8aLSxqE,https://music.youtube.com/watch?v=MwnY8aLSxqE,Rob Zombie,Living Dead Girl,Rob Zombie,Living Dead Girl,Hellbilly Deluxe,202,F#,minor,103,4/4,4m,matched,1.0000,,GetSongBPM,BgVX,Living Dead Girl,Rob Zombie,https://getsongbpm.com/song/living-dead-girl/BgVX,52,1
928,T9UjRsggOGg,https://music.youtube.com/watch?v=T9UjRsggOGg,The Kovenant,The Perfect End,The Kovenant,The Perfect End,Seti,411,A,major,160,4/4,4d,matched,1.0000,,GetSongBPM,W6XRXQ,The Perfect End,The Kovenant,https://getsongbpm.com/song/the-perfect-end/W6XRXQ,44,2
929,izi7IfTDSEs,https://music.youtube.com/watch?v=izi7IfTDSEs,Ghost,Ritual,Ghost,Ritual,Opus Eponymous,269,C,minor,132,4/4,10m,matched,1.0000,,GetSongBPM,lOw1g7,Ritual,Ghost,https://getsongbpm.com/song/ritual/lOw1g7,68,9
930,OY8kAOv_Z6U,https://music.youtube.com/watch?v=OY8kAOv_Z6U,Ghost,Respite On The Spitalfields,Ghost,Respite On The Spitalfields,IMPERA,403,,,,,,missing,,not_found,,,,,,,
931,i9t1V5GPG8Q,https://music.youtube.com/watch?v=i9t1V5GPG8Q,Ghost,Kiss The Go-Goat,Ghost,Kiss The Go-Goat,Seven Inches of Satanic Panic,196,,,,,,missing,,not_found,,,,,,,
932,wwpft_uQC8Q,https://music.youtube.com/watch?v=wwpft_uQC8Q,My Dad Is Dead,Sometimes I Feel,My Dad Is Dead,Sometimes I Feel,A New Clear Route,255,D,minor,95,4/4,12m,matched,1.0000,,GetSongBPM,l55Rn1,Sometimes I Feel,My Dad Is Dead,https://getsongbpm.com/song/sometimes-i-feel/l55Rn1,52,12
933,YWzkJ1RM8Kk,https://music.youtube.com/watch?v=YWzkJ1RM8Kk,My Dad Is Dead,Nothing Special,My Dad Is Dead,Nothing Special,Shine(r),287,F#,major,107,4/4,7d,matched,0.9378,,GetSongBPM,qYYrKr,Nothing Special,My Dad Is Dead,https://getsongbpm.com/song/nothing-special/qYYrKr,52,1
934,2GhcH8pwPa0,https://music.youtube.com/watch?v=2GhcH8pwPa0,My Dad Is Dead,The Well,My Dad Is Dead,The Well,A Divided House,300,C,major,142,3/4,1d,matched,1.0000,,GetSongBPM,L9DX5D,The Well,My Dad Is Dead,https://getsongbpm.com/song/the-well/L9DX5D,45,6
935,QtvZsDrIq_0,https://music.youtube.com/watch?v=QtvZsDrIq_0,My Dad Is Dead,Novocain,My Dad Is Dead,Novocain,A Divided House,356,D,major,82,4/4,3d,matched,1.0000,,GetSongBPM,ERvN6W,Novocain,My Dad Is Dead,https://getsongbpm.com/song/novocain/ERvN6W,38,1
937,1Df28_NCk6s,https://music.youtube.com/watch?v=1Df28_NCk6s,Ghost,Call Me Little Sunshine,Ghost,Call Me Little Sunshine,IMPERA,285,F,major,88,,,manual_entry,1.0000,,manual,,,,,,
941,3-81h8r2_LQ,https://music.youtube.com/watch?v=3-81h8r2_LQ,Coal Chamber,Rowboat,Coal Chamber,Rowboat,Dark Days,290,F,minor,122,4/4,9m,matched,1.0000,,GetSongBPM,oVDoz,Rowboat,Coal Chamber,https://getsongbpm.com/song/rowboat/oVDoz,50,1
942,ezrRfEEuQ7A,https://music.youtube.com/watch?v=ezrRfEEuQ7A,Coal Chamber,Shock the Monkey,Coal Chamber,Shock the Monkey,Chamber Music,223,C,minor,148,4/4,10m,matched,1.0000,,GetSongBPM,Pzp0A,Shock the Monkey,Coal Chamber,https://getsongbpm.com/song/shock-the-monkey/Pzp0A,60,1
943,x81SMw8qUh0,https://music.youtube.com/watch?v=x81SMw8qUh0,Korn,Blind,Korn,Blind,Korn,259,D,major,92,4/4,3d,matched,1.0000,,GetSongBPM,R6m6q,Blind,Korn,https://getsongbpm.com/song/blind/R6m6q,29,1
944,KpSGd-5c27s,https://music.youtube.com/watch?v=KpSGd-5c27s,Scorpions,Rock You Like a Hurricane (2015 - Remaster),Scorpions,Rock You Like a Hurricane (2015 - Remaster),Love At First Sting,254,C,major,126,,,manual_entry,1.0000,,manual,,,,,,
948,iyFG6uA_DLI,https://music.youtube.com/watch?v=iyFG6uA_DLI,Cuckold Burger,Машина говновоз,Дмитрий Ленковский,Cuckold Burger - Машина говновоз,,217,,,,,,missing,,not_found,,,,,,,
949,xlxV4yadaZw,https://music.youtube.com/watch?v=xlxV4yadaZw,РУСЛАНА,Це - любов,РУСЛАНА,Це - любов,ДИКІ ТАНЦІ,243,,,,,,missing,,not_found,,,,,,,
950,oHVVoe2Vj8s,https://music.youtube.com/watch?v=oHVVoe2Vj8s,Harry Styles,Sign of the Times,Harry Styles,Sign of the Times,Harry Styles,341,F,major,60,4/4,12d,matched,1.0000,,GetSongBPM,K8pVMx,Sign of the Times,Harry Styles,https://getsongbpm.com/song/sign-of-the-times/K8pVMx,52,3
951,Hei1IN-XXvM,https://music.youtube.com/watch?v=Hei1IN-XXvM,Frank Sinatra,It Was A Very Good Year,Frank Sinatra,It Was A Very Good Year,September Of My Years,268,A#,major,88,4/4,11d,matched,1.0000,,GetSongBPM,GZq4Q,It Was a Very Good Year,Frank Sinatra,https://getsongbpm.com/song/it-was-a-very-good-year/GZq4Q,21,87
952,RuKR-Q_iuK4,https://music.youtube.com/watch?v=RuKR-Q_iuK4,Mgła,Age of Excuse II,Mgła,Age of Excuse II,Age of Excuse,418,G,minor,144,4/4,11m,matched,1.0000,,GetSongBPM,myrZwp,Age of Excuse II,Mgła,https://getsongbpm.com/song/age-of-excuse-ii/myrZwp,30,1
953,5JsjLEVEshM,https://music.youtube.com/watch?v=5JsjLEVEshM,Rotting Christ,The Raven,Rotting Christ,The Raven,The Heretics,324,D,major,104,4/4,3d,matched,1.0000,,GetSongBPM,MZyLXR,The Raven,Rotting Christ,https://getsongbpm.com/song/the-raven/MZyLXR,22,1
954,NY7Dj01LnuE,https://music.youtube.com/watch?v=NY7Dj01LnuE,Василь Жданкін,Чорна рілля,Василь Жданкін,Чорна рілля,Чорна рілля,154,,,,,,missing,,not_found,,,,,,,
955,Oh5DyTk5T-E,https://music.youtube.com/watch?v=Oh5DyTk5T-E,Adele,Easy On Me,Adele,Easy On Me,30,225,F,major,142,,,manual_entry,1.0000,,manual,,,,,,
956,GDdoEZL3vJg,https://music.youtube.com/watch?v=GDdoEZL3vJg,Adele,I Drink Wine,Adele,I Drink Wine,30,377,,,,,,missing,,not_found,,,,,,,
959,6569LN-Lse8,https://music.youtube.com/watch?v=6569LN-Lse8,Leo,Bodies (Acoustic Version),Leo,Bodies (Acoustic Version),Bodies (Acoustic Version),204,,,,,,missing,,not_found,,,,,,,
964,YXnQwqTI7kw,https://music.youtube.com/watch?v=YXnQwqTI7kw,Leo,Skyfall (Metal Version),Leo,Skyfall (Metal Version),"Leo Metal, Vol. 44",288,,,,,,missing,,not_found,,,,,,,
965,ZSYtacmNTmw,https://music.youtube.com/watch?v=ZSYtacmNTmw,Василь Жданкін,«Чорна рілля» / Червона рута–1989 / #RutaFEST,Ruta Fest,Василь Жданкін – «Чорна рілля» / Червона рута–1989 / #RutaFEST,,266,,,,,,missing,,not_found,,,,,,,
967,Pfa6anjthnY,https://music.youtube.com/watch?v=Pfa6anjthnY,Urfaust,Unter Töchtern der Wüste,Urfaust,Unter Töchtern der Wüste,Ritual Music for the True Clochard,403,,,,,,missing,,not_found,,,,,,,
968,X0P6mqN3Qg0,https://music.youtube.com/watch?v=X0P6mqN3Qg0,Ghost,He Is,Ghost,He Is,Meliora,254,G,major,100,4/4,2d,matched,1.0000,,GetSongBPM,zvV16r,He Is,Ghost,https://getsongbpm.com/song/he-is/zvV16r,50,1
970,-zrR2Ev_xFg,https://music.youtube.com/watch?v=-zrR2Ev_xFg,William Maranci Mashups,Paramore - Ain't it Fun But It's In Da Club By 50 Cent,William Maranci Mashups,Paramore - Ain't it Fun But It's In Da Club By 50 Cent,,227,,,,,,missing,,not_found,,,,,,,
971,3fMgPyjXCSs,https://music.youtube.com/watch?v=3fMgPyjXCSs,William Maranci Mashups,Papa Roach - Last Resort But It's Rock Your Body By Justin Timberlake,William Maranci Mashups,Papa Roach - Last Resort But It's Rock Your Body By Justin Timberlake,,233,,,,,,missing,,not_found,,,,,,,
972,ahLY3U2B_lU,https://music.youtube.com/watch?v=ahLY3U2B_lU,Ginuwine,Pony,Ginuwine,Pony,,215,C#,major,72,4/4,8d,matched,1.0000,,GetSongBPM,PNg4G6,Pony,Ginuwine,https://getsongbpm.com/song/pony/PNg4G6,75,1
977,V-yaXJYImt8,https://music.youtube.com/watch?v=V-yaXJYImt8,William Maranci Mashups,t h e f u t u r e i s n o w,William Maranci Mashups,t h e  f u t u r e  i s  n o w,,259,,,,,,missing,,not_found,,,,,,,
979,mbNkj4qa5ZI,https://music.youtube.com/watch?v=mbNkj4qa5ZI,Ghost,Ghuleh / Zombie Queen,Ghost,Ghuleh / Zombie Queen,Infestissumam,450,E,minor,157,4/4,2m,matched,1.0000,,GetSongBPM,86pR33,Ghuleh / Zombie Queen,Ghost,https://getsongbpm.com/song/ghuleh-zombie-queen/86pR33,33,1
980,6iA8MyGFgkg,https://music.youtube.com/watch?v=6iA8MyGFgkg,Enej,Bilia Topoli,Enej,Bilia Topoli,Paparanoja,412,A,minor,124,4/4,1m,matched,1.0000,,GetSongBPM,OggPAp,Bilia Topoli,Enej,https://getsongbpm.com/song/bilia-topoli/OggPAp,61,52
983,OacloJi50lA,https://music.youtube.com/watch?v=OacloJi50lA,Ваиль Жданкін,Чорна рілля ізорана,unisonlI,Чорна рілля ізорана (Ukrainian folk song),,214,,,,,,missing,,not_found,,,,,,,
985,R7JRPh7mpF4,https://music.youtube.com/watch?v=R7JRPh7mpF4,Aethyrien,Allfather,Aethyrien,Allfather,Allfather,210,A#,minor,73,,,manual_entry,1.0000,,manual,,,,,,
986,ryWtOu454VE,https://music.youtube.com/watch?v=ryWtOu454VE,Валентин Стрыкало,"Знаешь, Таня",Валентин Стрыкало,"Знаешь, Таня",Часть чего-то большего,274,,,,,,missing,,not_found,,,,,,,
987,HjJCWQdoyNU,https://music.youtube.com/watch?v=HjJCWQdoyNU,Jan J. Močnik,Land of the Gods,Jan J. Močnik,Land of the Gods,Pagania,269,C#,major,139,,,manual_entry,1.0000,,manual,,,,,,
988,DyPJkqkdkY0,https://music.youtube.com/watch?v=DyPJkqkdkY0,Pawl D Beats,Viking Music: Rurik,Pawl D Beats,Viking Music: Rurik,Viking Music: Rurik,191,,,,,,missing,,not_found,,,,,,,
989,FyANB_pq6oY,https://music.youtube.com/watch?v=FyANB_pq6oY,Rotting Christ,Hallowed Be Thy Name,Rotting Christ,Hallowed Be Thy Name,The Heretics,307,B,major,112,4/4,6d,matched,1.0000,,GetSongBPM,Dqmyx5,Hallowed Be Thy Name,Rotting Christ,https://getsongbpm.com/song/hallowed-be-thy-name/Dqmyx5,48,1
990,pitt7D8jv-Y,https://music.youtube.com/watch?v=pitt7D8jv-Y,Батюшка,Песнь 3,Батюшка,Песнь 3,Панихида,276,,minor,,,,matched,0.9413,,GetSongBPM,Ogm1NL,Песнь 3,Батюшка,https://getsongbpm.com/song/pesn-3/Ogm1NL,,
991,2VrAp-jhJh8,https://music.youtube.com/watch?v=2VrAp-jhJh8,ZODIVK,Devil Eyes,ZODIVK,Devil Eyes,Devil Eyes,137,D,major,102,,,manual_entry,1.0000,,manual,,,,,,
993,N_T6bPWvplA,https://music.youtube.com/watch?v=N_T6bPWvplA,FindMyName,Show Me Your Back,FindMyName,Show Me Your Back,Show Me Your Back,195,D,major,100,,,manual_entry,1.0000,,manual,,,,,,
994,W1rYElNKY50,https://music.youtube.com/watch?v=W1rYElNKY50,KSLV Noh,Lunatic,KSLV Noh,Lunatic,Lunatic,223,C#,major,112,,,manual_entry,1.0000,,manual,,,,,,
995,6RIrderkpVw,https://music.youtube.com/watch?v=6RIrderkpVw,VISXGE,BOROS,VISXGE,BOROS,BOROS,182,D,major,124,,,manual_entry,1.0000,,manual,,,,,,
998,OgmMJGEhwxw,https://music.youtube.com/watch?v=OgmMJGEhwxw,líue,Suffer With Me,líue,Suffer With Me,Suffer With Me,208,,,,,,missing,,not_found,,,,,,,
1000,gsmECgCO4O0,https://music.youtube.com/watch?v=gsmECgCO4O0,PHXXSPHOR; zanudda,BANKAI,PHXXSPHOR; zanudda,BANKAI,BANKAI,282,D,major,180,,,manual_entry,1.0000,,manual,,,,,,
1002,bCOpgZLAwmE,https://music.youtube.com/watch?v=bCOpgZLAwmE,Wardruna,Skugge,Wardruna,Skugge,Kvitravn,399,C,major,100,4/4,1d,matched,1.0000,,GetSongBPM,46E9mx,Skugge,Wardruna,https://getsongbpm.com/song/skugge/46E9mx,23,10
1003,G5KLFdwSNog,https://music.youtube.com/watch?v=G5KLFdwSNog,Munknörr,Thurisaz,Munknörr,Thurisaz,Futharuna,238,G,major,66,4/4,2d,matched,1.0000,,GetSongBPM,283pPJ,Thurisaz,Munknörr,https://getsongbpm.com/song/thurisaz/283pPJ,15,15
1004,o_UHeqTe1nQ,https://music.youtube.com/watch?v=o_UHeqTe1nQ,Bjorth,Midgard Rising,Bjorth,Midgard Rising,Midgard Rising,261,,,,,,missing,,not_found,,,,,,,
1005,WtgKTT-G6do,https://music.youtube.com/watch?v=WtgKTT-G6do,Estas Tonne,The Song of the Golden Dragon,Estas Tonne,The Song of the Golden Dragon,Bohemian Skies,346,E,minor,89,4/4,2m,matched,1.0000,,GetSongBPM,28k1pM,The Song of the Golden Dragon,Estas Tonne,https://getsongbpm.com/song/the-song-of-the-golden-dragon/28k1pM,24,68
1006,3UfR5HZaMKU,https://music.youtube.com/watch?v=3UfR5HZaMKU,Lil Peep; Lil Tracy,witchblades,Lil Peep; Lil Tracy,witchblades,CASTLES II,150,G#,major,143,4/4,9d,matched,0.9406,,GetSongBPM,Vv4Yj9,witchblades,LiL PEEP,https://getsongbpm.com/song/witchblades/Vv4Yj9,65,3
1007,Pe7_APPZgoE,https://music.youtube.com/watch?v=Pe7_APPZgoE,Sound Healing Center,"Zen Garden (Music for Deep Sleep, Meditation, Spa, Healing, Relaxation)",Sound Healing Center,"Zen Garden (Music for Deep Sleep, Meditation, Spa, Healing, Relaxation)","Zen Garden (Music for Deep Sleep, Meditation, Spa, Healing, Relaxation)",3625,A#,major,76,,,manual_entry,1.0000,,manual,,,,,,
1008,8C0SUdGItRA,https://music.youtube.com/watch?v=8C0SUdGItRA,Lil Peep,Kiss,Lil Peep,Kiss,Kiss,251,E,major,151,,,manual_entry,1.0000,,manual,,,,,,
1009,ye8wheuwVFs,https://music.youtube.com/watch?v=ye8wheuwVFs,Lil Peep,Problems,Lil Peep,Problems,"Come Over When You're Sober, Pt. 1",210,C#,major,115,4/4,8d,manual_accept,1.0000,,GetSongBPM,28KZpK,Problems,LiL PEEP,https://getsongbpm.com/song/problems/28KZpK,64,1
1010,QFUbS7PbI3g,https://music.youtube.com/watch?v=QFUbS7PbI3g,Lil Peep,Save That Shit,Lil Peep,Save That Shit,"Come Over When You're Sober, Pt. 1",232,F#,major,108,4/4,7d,manual_accept,1.0000,,GetSongBPM,Og3xvp,Save That Shit,LiL PEEP,https://getsongbpm.com/song/save-that-shit/Og3xvp,54,3
1011,S1JitGiWeFY,https://music.youtube.com/watch?v=S1JitGiWeFY,Lil Peep,U Said,Lil Peep,U Said,"Come Over When You're Sober, Pt. 1",225,G,major,82,4/4,2d,manual_accept,1.0000,,GetSongBPM,Vv3GDM,U Said,LiL PEEP,https://getsongbpm.com/song/u-said/Vv3GDM,27,5
1012,Mq7kcHnASz0,https://music.youtube.com/watch?v=Mq7kcHnASz0,Frédéric Chopin,"Nocturne for Piano, No. 8 in D flat Major, Op. 27,2",Frédéric Chopin,"Nocturne for Piano, No. 8 in D flat Major, Op. 27,2",Chopin,334,,,,,,missing,,not_found,,,,,,,
1013,4qKqM0-VBc0,https://music.youtube.com/watch?v=4qKqM0-VBc0,David Bell; Berliner Philharmoniker; Herbert von Karajan; Johann Sebastian Bach,"J.S. Bach: Orchestral Suite No. 3 in D Major, BWV 1068: II. Air ""on the G String",David Bell; Berliner Philharmoniker; Herbert von Karajan; Johann Sebastian Bach,"J.S. Bach: Orchestral Suite No. 3 in D Major, BWV 1068: II. Air ""on the G String""",Karajan & Berliner Philharmoniker - Bach,365,,,,,,missing,,not_found,,,,,,,
1014,8wIluSCpTaY,https://music.youtube.com/watch?v=8wIluSCpTaY,Franz Liszt,Liebesträume No. 3,Franz Liszt,Liebesträume No. 3,Classical Piano Chillout,306,G#,major,64,3/4,9d,manual_accept,0.8567,,GetSongBPM,gLVgm3,"Liebesträume no. 3, S. 541/3",Franz Liszt,https://getsongbpm.com/song/liebestraeume-nopoint-3-spoint-541-3/gLVgm3,16,100
1016,DduyDUpzj3Y,https://music.youtube.com/watch?v=DduyDUpzj3Y,Urfaust,The Healer,Urfaust,The Healer,Apparitions,449,,,,,,missing,,manual_reject_broader,,,,,,,
1017,NabkPanTpC0,https://music.youtube.com/watch?v=NabkPanTpC0,M8,AzovStahl,M8,AzovStahl,AzovStahl,395,,,,,,missing,,not_found,,,,,,,
1018,ZHXU_TUJq9M,https://music.youtube.com/watch?v=ZHXU_TUJq9M,Евгений Вольнов,Неудобно говорить,Евгений Вольнов,Неудобно говорить,Лучшие звонки с Коллекторами,85,,,,,,missing,,not_found,,,,,,,
1019,3PfJbM9P8CA,https://music.youtube.com/watch?v=3PfJbM9P8CA,Marduk,As We Are,Marduk,As We Are,Memento Mori,336,A,major,100,,,manual_entry,1.0000,,manual,,,,,,
1020,qWluEv5pzyU,https://music.youtube.com/watch?v=qWluEv5pzyU,Rotting Christ,Ze Nigmar,Rotting Christ,Ze Nigmar,Rituals,284,,minor,,,,matched,0.9304,,GetSongBPM,gpM93D,זה נגמר (Ze Nigmar),Rotting Christ,https://getsongbpm.com/song/ze-nigmar/gpM93D,,
1021,Qxbqka6bO2Q,https://music.youtube.com/watch?v=Qxbqka6bO2Q,Rotting Christ,In the Name of God,Rotting Christ,In the Name of God,The Heretics,254,F,major,173,3/4,12d,matched,1.0000,,GetSongBPM,z6LWAO,In the Name of God,Rotting Christ,https://getsongbpm.com/song/in-the-name-of-god/z6LWAO,37,3
1022,-ZENtivAi6I,https://music.youtube.com/watch?v=-ZENtivAi6I,Burzum,Dunkelheit,Burzum,Dunkelheit,Filosofem,426,E,minor,54,4/4,2m,matched,1.0000,,GetSongBPM,R1NqyY,Dunkelheit,Burzum,https://getsongbpm.com/song/dunkelheit/R1NqyY,30,1
1023,ZVtpax8gJGU,https://music.youtube.com/watch?v=ZVtpax8gJGU,Death,Symbolic,Death,Symbolic,Symbolic,393,F#,minor,226,4/4,4m,matched,1.0000,,GetSongBPM,q2xKp,Symbolic,Death,https://getsongbpm.com/song/symbolic/q2xKp,37,1
1024,rFMqrVNpw9U,https://music.youtube.com/watch?v=rFMqrVNpw9U,Immortal,One by One,Immortal,One by One,Sons of Northern Darkness,299,G,major,80,4/4,2d,matched,1.0000,,GetSongBPM,2QMBj,One by One,Immortal,https://getsongbpm.com/song/one-by-one/2QMBj,11,0
1025,ZgQAhGwbeiE,https://music.youtube.com/watch?v=ZgQAhGwbeiE,Urfaust,Behind the Veil of Trance,Urfaust,Behind the Veil of Trance,The Constellatory Practice,468,,minor,,,,matched,1.0000,,GetSongBPM,NpgKnz,Behind the Veil of Trance,Urfaust,https://getsongbpm.com/song/behind-the-veil-of-trance/NpgKnz,,
1027,JfM7h9u1VP0,https://music.youtube.com/watch?v=JfM7h9u1VP0,Urfaust,Offerschaal Der Astrologische Mengvormen,Urfaust,Offerschaal Der Astrologische Mengvormen,Teufelsgeist,635,,,,,,missing,,not_found,,,,,,,
1028,kEXJeYispmQ,https://music.youtube.com/watch?v=kEXJeYispmQ,Urfaust,IX: Der Einsiedler,Urfaust,IX: Der Einsiedler,IX: Einsiedler,728,,,,,,missing,,not_found,,,,,,,
1029,F_IN6anCEJk,https://music.youtube.com/watch?v=F_IN6anCEJk,Urfaust,Die kalte Teufelsfaust,Urfaust,Die kalte Teufelsfaust,Geist ist Teufel,395,,,,,,missing,,not_found,,,,,,,
1030,UqWpJ3x_0uE,https://music.youtube.com/watch?v=UqWpJ3x_0uE,M8,And Still It Will Be So,M8,And Still It Will Be So,Unbreakable Faith,290,,,,,,missing,,manual_reject_broader,,,,,,,
1031,HzEQkij96hg,https://music.youtube.com/watch?v=HzEQkij96hg,Luciano Pavarotti; National Philharmonic Orchestra; Giuseppe Patanè; Ruggero Leoncavallo,"Leoncavallo: Pagliacci, Act I: Recitar! – Vesti la giubba",Luciano Pavarotti; National Philharmonic Orchestra; Giuseppe Patanè; Ruggero Leoncavallo,"Leoncavallo: Pagliacci, Act I: Recitar! – Vesti la giubba",Leoncavallo: Pagliacci,249,,,,,,missing,,not_found,,,,,,,
1032,vF2crB_RcLc,https://music.youtube.com/watch?v=vF2crB_RcLc,Andrea Bocelli,Con Te Partirò,Andrea Bocelli,Con Te Partirò,Bocelli,251,G,major,135,5/4,2d,matched,1.0000,,GetSongBPM,gLlvKG,Con te partirò,Andrea Bocelli,https://getsongbpm.com/song/con-te-partiro/gLlvKG,25,85
1033,pTYIf2pkxzQ,https://music.youtube.com/watch?v=pTYIf2pkxzQ,Metallica,Nothing Else Matters,Metallica,Nothing Else Matters,Metallica,389,E,minor,46,3/4,2m,matched,1.0000,,GetSongBPM,pYAZm,Nothing Else Matters,Metallica,https://getsongbpm.com/song/nothing-else-matters/pYAZm,56,6
1034,Qf1FHLjoRRc,https://music.youtube.com/watch?v=Qf1FHLjoRRc,Korn,Coming Undone,Korn,Coming Undone,See You On the Other Side,200,D,major,75,4/4,3d,matched,1.0000,,GetSongBPM,lY5yvM,Coming Undone,Korn,https://getsongbpm.com/song/coming-undone/lY5yvM,69,1
1035,SMPdzrrb6Bk,https://music.youtube.com/watch?v=SMPdzrrb6Bk,Biba,ЯШАРЮ,Biba,ЯШАРЮ,ЯШАРЮ,107,,,,,,missing,,not_found,,,,,,,
1036,YMHKxCnl4k4,https://music.youtube.com/watch?v=YMHKxCnl4k4,Marilyn Manson,The Fight Song,Marilyn Manson,The Fight Song,Holy Wood,176,C#,minor,130,4/4,5m,matched,0.9904,,GetSongBPM,gqgWj,The Fight Song,Marilyn Manson,https://getsongbpm.com/song/the-fight-song/gqgWj,46,1
1037,B2-QlpI_B5U,https://music.youtube.com/watch?v=B2-QlpI_B5U,Dope,Violence,Dope,Violence,No Regrets,172,C#,minor,120,4/4,5m,matched,1.0000,,GetSongBPM,zKgBB7,Violence,Dope,https://getsongbpm.com/song/violence/zKgBB7,48,1
1038,Fhuc_F_K8nk,https://music.youtube.com/watch?v=Fhuc_F_K8nk,Dope,No Regrets,Dope,No Regrets,No Regrets,211,C#,major,169,4/4,8d,matched,1.0000,,GetSongBPM,rRWEEk,No Regrets,Dope,https://getsongbpm.com/song/no-regrets/rRWEEk,41,1
1040,u823XXTBZt4,https://music.youtube.com/watch?v=u823XXTBZt4,Dope,Sick,Dope,Sick,Felons And Revolutionaries,189,C#,minor,116,4/4,5m,matched,1.0000,,GetSongBPM,nO6JD,Sick,Dope,https://getsongbpm.com/song/sick/nO6JD,51,1
1042,g10qKRsi28U,https://music.youtube.com/watch?v=g10qKRsi28U,Falling In Reverse,"Watch The World Burn"" LIVE! The Popular Monstour",CaliberTV,"Falling In Reverse - ""Watch The World Burn"" LIVE! The Popular Monstour",,340,,,,,,missing,,manual_reject_broader,,,,,,,
1043,fm4A4htlTZ8,https://music.youtube.com/watch?v=fm4A4htlTZ8,Marilyn Manson,PAINT YOU WITH MY LOVE,Marilyn Manson,PAINT YOU WITH MY LOVE,WE ARE CHAOS,270,G,major,130,4/4,2d,matched,1.0000,,GetSongBPM,6B8L5N,PAINT YOU WITH MY LOVE,Marilyn Manson,https://getsongbpm.com/song/paint-you-with-my-love/6B8L5N,47,2
1044,AzGqz21BNkM,https://music.youtube.com/watch?v=AzGqz21BNkM,Marilyn Manson,DON'T CHASE THE DEAD,Marilyn Manson,DON'T CHASE THE DEAD,WE ARE CHAOS,258,E,minor,114,4/4,2m,matched,1.0000,,GetSongBPM,5RyJ5X,DON'T CHASE THE DEAD,Marilyn Manson,https://getsongbpm.com/song/don-t-chase-the-dead/5RyJ5X,51,1
1045,qW4T5tEOq_E,https://music.youtube.com/watch?v=qW4T5tEOq_E,Mudvayne,Live Dosage 50,InfraStudio,Mudvayne - Live Dosage 50,,3996,,,,,,missing,,not_found,,,,,,,
1047,Uv_BzHMtT8E,https://music.youtube.com/watch?v=Uv_BzHMtT8E,Marilyn Manson,Coma White,Marilyn Manson,Coma White,Mechanical Animals,339,C,major,161,4/4,1d,matched,1.0000,,GetSongBPM,Wngv6v,Coma White,Marilyn Manson,https://getsongbpm.com/song/coma-white/Wngv6v,35,1
1048,cK3hggLUc2g,https://music.youtube.com/watch?v=cK3hggLUc2g,Marilyn Manson,Cry Little Sister,Marilyn Manson,Cry Little Sister,Cry Little Sister,275,D,minor,146,,,manual_entry,1.0000,,manual,,,,,,
1049,wIVmZt0sSjM,https://music.youtube.com/watch?v=wIVmZt0sSjM,Marilyn Manson,WE ARE CHAOS,Marilyn Manson,WE ARE CHAOS,WE ARE CHAOS,241,C,major,137,4/4,1d,matched,1.0000,,GetSongBPM,4zxE7J,WE ARE CHAOS,Marilyn Manson,https://getsongbpm.com/song/we-are-chaos/4zxE7J,38,1
1050,8IH1JFoiGqU,https://music.youtube.com/watch?v=8IH1JFoiGqU,System Of A Down,Sad Statue,System Of A Down,Sad Statue,Mezmerize,206,F#,minor,167,4/4,4m,matched,1.0000,,GetSongBPM,jXNWB,Sad Statue,System of a Down,https://getsongbpm.com/song/sad-statue/jXNWB,26,1
1051,qDCN1MQeGh0,https://music.youtube.com/watch?v=qDCN1MQeGh0,Mgła,With Hearts Toward None II,Mgła,With Hearts Toward None II,With Hearts Toward None,275,F,major,100,4/4,12d,manual_accept,1.0000,,GetSongBPM,g2484l,With Hearts Toward None II,Mgła,https://getsongbpm.com/song/with-hearts-toward-none-ii/g2484l,29,1
1053,WOjFhKg4h3s,https://music.youtube.com/watch?v=WOjFhKg4h3s,Gnarls Barkley,Crazy - From the Basement,scottybeans,Gnarls Barkley - Crazy - From the Basement,,294,,,,,,missing,,not_found,,,,,,,
1057,0o7BwblazjQ,https://music.youtube.com/watch?v=0o7BwblazjQ,Gary Moore,"Live Blues (1993) #8 ""Still Got The Blues",OfteN [cp],"Gary Moore - Live Blues (1993) #8 ""Still Got The Blues""",,416,,,,,,missing,,not_found,,,,,,,
1059,Zgdk16PQstY,https://music.youtube.com/watch?v=Zgdk16PQstY,Buster Benton,Money Is the Name of the Game,Buster Benton,Money Is the Name of the Game,Blues & Trouble (Blues Reference 1983-1985),365,,,,,,missing,,manual_reject_broader,,,,,,,
1060,XvHgs4mBz9w,https://music.youtube.com/watch?v=XvHgs4mBz9w,Steve Vai,For the Love of God,Steve Vai,For the Love of God,Passion And Warfare,364,A,minor,95,4/4,1m,matched,1.0000,,GetSongBPM,8qpGm,For the Love of God,Steve Vai,https://getsongbpm.com/song/for-the-love-of-god/8qpGm,16,1
1061,JmsUkutNnI0,https://music.youtube.com/watch?v=JmsUkutNnI0,Gary Moore,Still Got The Blues,Gary Moore,Still Got The Blues,Still Got The Blues,371,A,minor,84,3/4,1m,matched,1.0000,,GetSongBPM,58xoX,Still Got the Blues,Gary Moore,https://getsongbpm.com/song/still-got-the-blues/58xoX,19,26
1062,9_2FrmeV_Yg,https://music.youtube.com/watch?v=9_2FrmeV_Yg,Blues Delight,If I Had Money,Blues Delight,If I Had Money,Open All Night,407,E,minor,144,3/4,2m,matched,1.0000,,GetSongBPM,rmm3y4,If I Had Money,Blues Delight,https://getsongbpm.com/song/if-i-had-money/rmm3y4,46,77
1064,98eIW6CN62k,https://music.youtube.com/watch?v=98eIW6CN62k,Gary Moore,Parisienne Walkways (Best Version),MHZ,Gary Moore - Parisienne Walkways (Best Version),,409,A,minor,87,4/4,1m,manual_accept_broader,0.9232,,GetSongBPM,6P4ml,Parisienne Walkways,Gary Moore,https://getsongbpm.com/song/parisienne-walkways/6P4ml,37,67
1067,NI02FUXj0VU,https://music.youtube.com/watch?v=NI02FUXj0VU,Mgła,Exercises in Futility II,Mgła,Exercises in Futility II,Exercises in Futility,469,A,minor,142,3/4,1m,manual_accept,1.0000,,GetSongBPM,V7WzBW,Exercises in Futility II,Mgła,https://getsongbpm.com/song/exercises-in-futility-ii/V7WzBW,27,1
1069,o9wSLUuZh8U,https://music.youtube.com/watch?v=o9wSLUuZh8U,Wardruna,Kvitravn,Wardruna,Kvitravn,Kvitravn,378,C#,major,62,4/4,8d,matched,1.0000,,GetSongBPM,36B9RR,Kvitravn,Wardruna,https://getsongbpm.com/song/kvitravn/36B9RR,39,7
1070,bf0XwX0Bc-0,https://music.youtube.com/watch?v=bf0XwX0Bc-0,Iron Maiden,Wasting Love,Iron Maiden,Wasting Love,Fear of the Dark,352,E,minor,71,4/4,2m,matched,1.0000,,GetSongBPM,p81mr,Wasting Love,Iron Maiden,https://getsongbpm.com/song/wasting-love/p81mr,32,1
1071,G-oRhCHID_4,https://music.youtube.com/watch?v=G-oRhCHID_4,Guns N' Roses,Don't Cry,Guns N' Roses,Don't Cry,Use Your Illusion I,284,G#,minor,124,4/4,6m,matched,1.0000,,GetSongBPM,mZxRp,Don't Cry,Guns N' Roses,https://getsongbpm.com/song/don-t-cry/mZxRp,46,1
1072,ddhGKqFpPY4,https://music.youtube.com/watch?v=ddhGKqFpPY4,Егор Летов,СПАНЧ БОБ | Кто проживает на дне океана,mashuphk,Егор Летов - СПАНЧ БОБ | Кто проживает на дне океана,,42,,,,,,missing,,not_found,,,,,,,
1073,QpxN2VXPMLc,https://music.youtube.com/watch?v=QpxN2VXPMLc,The Oldest Known Melody (Hurrian Hymn no.6,c.1400 B.C.),DamianMusicChannel4,The Oldest Known Melody (Hurrian Hymn no.6 - c.1400 B.C.),,343,,,,,,missing,,not_found,,,,,,,
1074,62pa9YAf6f8,https://music.youtube.com/watch?v=62pa9YAf6f8,The epic of Gilgamesh,Ancient Sumerian Song by Peter Pringle,Kutwor,"""The epic of Gilgamesh' - Ancient Sumerian Song by Peter Pringle",,219,,,,,,missing,,not_found,,,,,,,
1075,5M652yX6ecE,https://music.youtube.com/watch?v=5M652yX6ecE,Metallica,Carpe Diem Baby,Metallica,Carpe Diem Baby,Reload,373,D#,minor,142,4/4,7m,matched,1.0000,,GetSongBPM,PNyz2,Carpe Diem Baby,Metallica,https://getsongbpm.com/song/carpe-diem-baby/PNyz2,39,1
1076,TpohVYomw2o,https://music.youtube.com/watch?v=TpohVYomw2o,Metallica,Sad But True,Metallica,Sad But True,Metallica (Remastered Deluxe Box Set),325,D,major,86,4/4,3d,matched,0.9904,,GetSongBPM,jRrYB,Sad but True,Metallica,https://getsongbpm.com/song/sad-but-true/jRrYB,64,1
1077,VuDcPZl-SY0,https://music.youtube.com/watch?v=VuDcPZl-SY0,Grizzly Bear,Two Weeks,Grizzly Bear,Two Weeks,Veckatimest,247,F,major,159,4/4,12d,matched,1.0000,,GetSongBPM,MjjvN5,Two Weeks,Grizzly Bear,https://getsongbpm.com/song/two-weeks/MjjvN5,54,29
1079,jDXqEMB2v2g,https://music.youtube.com/watch?v=jDXqEMB2v2g,Metallica,Fixxxer,Metallica,Fixxxer,Reload,495,C#,major,132,4/4,8d,matched,1.0000,,GetSongBPM,YEL5W,Fixxxer,Metallica,https://getsongbpm.com/song/fixxxer/YEL5W,48,1
1080,Kl_ToFZQv2Q,https://music.youtube.com/watch?v=Kl_ToFZQv2Q,Metallica,Slither,Metallica,Slither,Reload,314,G#,major,110,4/4,9d,matched,1.0000,,GetSongBPM,OYxPQ,Slither,Metallica,https://getsongbpm.com/song/slither/OYxPQ,51,1
1081,zjy5sq26hTc,https://music.youtube.com/watch?v=zjy5sq26hTc,Metallica,The Unforgiven II,Metallica,The Unforgiven II,Reload,397,G#,minor,132,4/4,6m,matched,1.0000,,GetSongBPM,M8vJR,The Unforgiven II,Metallica,https://getsongbpm.com/song/the-unforgiven-ii/M8vJR,49,1
1082,r-tKBorVGbg,https://music.youtube.com/watch?v=r-tKBorVGbg,Metallica,The Memory Remains (feat. Marianne Faithfull),Metallica,The Memory Remains (feat. Marianne Faithfull),Reload,280,A#,minor,144,4/4,8m,matched,1.0000,,GetSongBPM,KrqLJ,The Memory Remains,Metallica,https://getsongbpm.com/song/the-memory-remains/KrqLJ,44,1
1083,ttNSr4Ecdzo,https://music.youtube.com/watch?v=ttNSr4Ecdzo,Metallica,Fuel,Metallica,Fuel,Reload,270,C#,major,212,4/4,8d,matched,1.0000,,GetSongBPM,J6pNv,Fuel,Metallica,https://getsongbpm.com/song/fuel/J6pNv,50,1
1084,msTVnawtLVw,https://music.youtube.com/watch?v=msTVnawtLVw,Korn,Twisted Transistor,Korn,Twisted Transistor,See You On the Other Side,189,F,minor,110,4/4,9m,matched,1.0000,,GetSongBPM,68RwmR,Twisted Transistor,Korn,https://getsongbpm.com/song/twisted-transistor/68RwmR,58,1
1085,ipWabqtjmkM,https://music.youtube.com/watch?v=ipWabqtjmkM,Alcest,"Ecailles de lune, Pt. 1",Alcest,"Ecailles de lune, Pt. 1",Écailles de lune,593,G,major,127,,,manual_entry,1.0000,,manual,,,,,,
1086,8GDK0tcnlk0,https://music.youtube.com/watch?v=8GDK0tcnlk0,Wolves in the Throne Room,Thuja Magus Imperium,Wolves in the Throne Room,Thuja Magus Imperium,Celestial Lineage,702,,,,,,missing,,not_found,,,,,,,
1087,OfbqkzRMMMc,https://music.youtube.com/watch?v=OfbqkzRMMMc,Mgła,With Hearts Toward None VII,Mgła,With Hearts Toward None VII,With Hearts Toward None,602,A#,major,149,4/4,11d,manual_accept,1.0000,,GetSongBPM,wr42Lm,With Hearts Toward None VII,Mgła,https://getsongbpm.com/song/with-hearts-toward-none-vii/wr42Lm,21,1
1088,AURCaf4T00A,https://music.youtube.com/watch?v=AURCaf4T00A,Enigma,From East To West,Enigma,From East To West,Voyageur,252,G,minor,121,4/4,11m,matched,1.0000,,GetSongBPM,0D0y3,From East to West,Enigma,https://getsongbpm.com/song/from-east-to-west/0D0y3,66,31
1090,OYRy9Lv9jPs,https://music.youtube.com/watch?v=OYRy9Lv9jPs,ХОР БРАТИИ ВАЛААМСКОГО МОНАСТЫРЯ,"МАРИЕ, ДЕВО ЧИСТАЯ",Valaam monastery,"МАРИЕ, ДЕВО ЧИСТАЯ | AGNI PARTHENE | ХОР БРАТИИ ВАЛААМСКОГО МОНАСТЫРЯ",,412,,,,,,missing,,not_found,,,,,,,
1091,JpGVFxG8UkA,https://music.youtube.com/watch?v=JpGVFxG8UkA,Enigma,Silent Warrior,Enigma,Silent Warrior,The Cross Of Changes,370,D#,minor,170,4/4,7m,matched,1.0000,,GetSongBPM,9QZrYz,Silent Warrior,Enigma,https://getsongbpm.com/song/silent-warrior/9QZrYz,54,10
1094,MExoMS5uHnk,https://music.youtube.com/watch?v=MExoMS5uHnk,Enigma,Gravity Of Love,Enigma,Gravity Of Love,The Screen Behind The Mirror,239,C#,minor,140,4/4,5m,matched,1.0000,,GetSongBPM,pY5n6,Gravity of Love,Enigma,https://getsongbpm.com/song/gravity-of-love/pY5n6,58,14
1096,ismW4H9ceSk,https://music.youtube.com/watch?v=ismW4H9ceSk,Глад Валакас,Бери шинель(Like a rolling stone),Матвей Щуков,Глад Валакас - Бери шинель(Like a rolling stone),,110,,,,,,missing,,not_found,,,,,,,
1097,xpqFGZMBnlk,https://music.youtube.com/watch?v=xpqFGZMBnlk,Enigma,Why!...,Enigma,Why!...,"Le Roi Est Mort, Vive Le Roi!",300,,,,,,missing,,not_found,,,,,,,
1098,p_5yt5IX38I,https://music.youtube.com/watch?v=p_5yt5IX38I,Batzorig Vaanchig,Chinggis khaanii Magtaal (Live),Batzorig Vaanchig,Chinggis khaanii Magtaal (Live),,234,,,,,,missing,,manual_reject_broader,,,,,,,
1100,J1z3DAr_rpQ,https://music.youtube.com/watch?v=J1z3DAr_rpQ,Moby,New Dawn Fades,Moby,New Dawn Fades,Feeling so Real,336,,,,,,missing,,manual_reject_broader,,,,,,,
1101,eUJGFv7AgdI,https://music.youtube.com/watch?v=eUJGFv7AgdI,Moby,One of These Mornings,Moby,One of These Mornings,18,193,B,minor,91,4/4,3m,matched,1.0000,,GetSongBPM,w027r,One of These Mornings,Moby,https://getsongbpm.com/song/one-of-these-mornings/w027r,44,17
1102,Vd_nkokQwnQ,https://music.youtube.com/watch?v=Vd_nkokQwnQ,Depeche Mode,Enjoy the Silence,Depeche Mode,Enjoy the Silence,Violator (Deluxe),373,C,minor,112,4/4,10m,matched,0.9904,,GetSongBPM,DkD1n,Enjoy the Silence,Depeche Mode,https://getsongbpm.com/song/enjoy-the-silence/DkD1n,65,16
1103,Mw3LlFb0rRA,https://music.youtube.com/watch?v=Mw3LlFb0rRA,Moby,Porcelain,Moby,Porcelain,Play,242,A#,major,96,4/4,11d,matched,1.0000,,GetSongBPM,OYDGE,Porcelain,Moby,https://getsongbpm.com/song/porcelain/OYDGE,30,1
1104,L1iGXe5bQ2M,https://music.youtube.com/watch?v=L1iGXe5bQ2M,Enigma,Almost Full Moon,Enigma,Almost Full Moon,"Le Roi Est Mort, Vive Le Roi!",207,E,minor,62,4/4,2m,matched,1.0000,,GetSongBPM,86Z2Yj,Almost Full Moon,Enigma,https://getsongbpm.com/song/almost-full-moon/86Z2Yj,40,8
1105,qQI3Zs6-fRY,https://music.youtube.com/watch?v=qQI3Zs6-fRY,Enigma,The Screen Behind The Mirror,Enigma,The Screen Behind The Mirror,The Screen Behind The Mirror,239,C#,minor,187,4/4,5m,matched,1.0000,,GetSongBPM,wp4xw,The Screen Behind the Mirror,Enigma,https://getsongbpm.com/song/the-screen-behind-the-mirror/wp4xw,53,2
1106,x-KbNstmJKc,https://music.youtube.com/watch?v=x-KbNstmJKc,Enigma,Voyageur,Enigma,Voyageur,Voyageur,277,A,minor,106,4/4,1m,matched,1.0000,,GetSongBPM,gMnVD,Voyageur,Enigma,https://getsongbpm.com/song/voyageur/gMnVD,73,31
1107,tBOm6Een0sw,https://music.youtube.com/watch?v=tBOm6Een0sw,Enigma,T.N.T. For The Brain,Enigma,T.N.T. For The Brain,"Le Roi Est Mort, Vive Le Roi!",267,E,minor,110,4/4,2m,matched,1.0000,,GetSongBPM,7LZ3JQ,T.N.T. for the Brain,Enigma,https://getsongbpm.com/song/tpointnpointtpoint-for-the-brain/7LZ3JQ,56,1
1108,ZjXj_tLHJ78,https://music.youtube.com/watch?v=ZjXj_tLHJ78,Enigma,Déjà Vu,Enigma,Déjà Vu,Seven Lives Many Faces,177,G,major,95,4/4,2d,manual_accept,1.0000,,GetSongBPM,J6OgN2,Déjà vu,Enigma,https://getsongbpm.com/song/deja-vu/J6OgN2,48,74
1109,tCUran3CDFg,https://music.youtube.com/watch?v=tCUran3CDFg,Enigma,Silence Must Be Heard,Enigma,Silence Must Be Heard,The Screen Behind The Mirror,320,E,minor,102,4/4,2m,matched,1.0000,,GetSongBPM,lY40l,Silence Must Be Heard,Enigma,https://getsongbpm.com/song/silence-must-be-heard/lY40l,58,1
1110,7ZGlPBkXOHI,https://music.youtube.com/watch?v=7ZGlPBkXOHI,Enigma,Prism Of Life,Enigma,Prism Of Life,"Le Roi Est Mort, Vive Le Roi!",296,G,major,113,4/4,2d,matched,1.0000,,GetSongBPM,0VZR35,Prism of Life,Enigma,https://getsongbpm.com/song/prism-of-life/0VZR35,51,78
1112,mSZXWdKSQNM,https://music.youtube.com/watch?v=mSZXWdKSQNM,America,A Horse with No Name,America,A Horse with No Name,America,253,B,minor,122,4/4,3m,matched,0.9453,,GetSongBPM,5yrWAY,A Horse With No Name,America,https://getsongbpm.com/song/a-horse-with-no-name/5yrWAY,66,69
1113,OjiOTDqYYo0,https://music.youtube.com/watch?v=OjiOTDqYYo0,Elvis Presley,Can ́t Help Falling In Love,Elvis Presley,Can´t Help Falling In Love,"Milestones of a Legend - Elvis Presley, Vol. 7",181,,,,,,missing,,not_found,,,,,,,
1114,SrGSt5eDt9o,https://music.youtube.com/watch?v=SrGSt5eDt9o,Jefferson Airplane,Somebody to Love (Mono Single Version),Jefferson Airplane,Somebody to Love (Mono Single Version),Surrealistic Pillow,179,E,major,131,,,manual_entry,1.0000,,manual,,,,,,
1116,nbCOAPR33ME,https://music.youtube.com/watch?v=nbCOAPR33ME,Radiohead,Karma Police,Radiohead,Karma Police,OK Computer OKNOTOK 1997 2017,262,G,major,74,4/4,2d,matched,0.9904,,GetSongBPM,3lGgx,Karma Police,Radiohead,https://getsongbpm.com/song/karma-police/3lGgx,36,7
1117,lt4Z1dvlERc,https://music.youtube.com/watch?v=lt4Z1dvlERc,Wardruna,Voluspá (Skaldic Version),Wardruna,Voluspá (Skaldic Version),Skald,381,,,,,,missing,,not_found,,,,,,,
1118,g1RJv-27i6Q,https://music.youtube.com/watch?v=g1RJv-27i6Q,Wardruna,Helvegen,Wardruna,Helvegen,Runaljod – Yggdrasil,432,F,major,100,4/4,12d,matched,1.0000,,GetSongBPM,1rXQRV,Helvegen,Wardruna,https://getsongbpm.com/song/helvegen/1rXQRV,24,66
1119,FGr0GbAbloU,https://music.youtube.com/watch?v=FGr0GbAbloU,Enigma,20.000 Miles Over The Sea,Enigma,20.000 Miles Over The Sea,A Posteriori,264,E,minor,148,4/4,2m,matched,1.0000,,GetSongBPM,zplzpO,20.000 Miles Over the Sea,Enigma,https://getsongbpm.com/song/20point000-miles-over-the-sea/zplzpO,59,88
1121,958SSCqRUo8,https://music.youtube.com/watch?v=958SSCqRUo8,Enigma,I Love You... I'll Kill You,Enigma,I Love You... I'll Kill You,The Cross Of Changes,533,G#,major,116,,,manual_entry,1.0000,,manual,,,,,,
1123,YhQ5zYxmCzo,https://music.youtube.com/watch?v=YhQ5zYxmCzo,Enigma,Push The Limits,Enigma,Push The Limits,The Screen Behind The Mirror,387,D,major,98,4/4,3d,matched,1.0000,,GetSongBPM,o24mK,Push the Limits,Enigma,https://getsongbpm.com/song/push-the-limits/o24mK,57,2
1124,wz8-1K9Zw_Q,https://music.youtube.com/watch?v=wz8-1K9Zw_Q,Lucio Dalla,Caruso (Remastered in 192 KHz),Lucio Dalla,Caruso (Remastered in 192 KHz),duvudubà,313,,,,,,missing,,manual_reject_broader,,,,,,,
1125,kjvSAaRgt5I,https://music.youtube.com/watch?v=kjvSAaRgt5I,Umberto Tozzi,Ti Amo,Umberto Tozzi,Ti Amo,E' nell' aria…ti amo,246,A,major,185,3/4,4d,matched,0.9953,,GetSongBPM,Dm076,Ti amo,Umberto Tozzi,https://getsongbpm.com/song/ti-amo/Dm076,29,62
1127,WHzo3c6_nQk,https://music.youtube.com/watch?v=WHzo3c6_nQk,Mireille Mathieu,Pardonne-moi ce caprice d'enfant,Mireille Mathieu,Pardonne-moi ce caprice d'enfant,Une vie d'amour (Best Of),202,B,minor,177,,,manual_entry,1.0000,,manual,,,,,,
1128,Ffp0FrCsbb8,https://music.youtube.com/watch?v=Ffp0FrCsbb8,St. Symeon Orthodox Church Choir,God Is With Us,St. Symeon Orthodox Church Choir,God Is With Us,Hymns of the Nativity of Christ,196,A,major,79,,,manual_entry,1.0000,,manual,,,,,,
1129,VM1YDxh2Hww,https://music.youtube.com/watch?v=VM1YDxh2Hww,Aethyrien,"Varðlokkur, Caller of Spirits",Aethyrien,"Varðlokkur, Caller of Spirits","Varðlokkur, Caller of Spirits",278,,,,,,missing,,not_found,,,,,,,
1130,jQRO_jM4HWQ,https://music.youtube.com/watch?v=jQRO_jM4HWQ,Divna Ljubojevic,Blessed art Thou O Lord: teach me Thy statutes,Divna Ljubojevic,Blessed art Thou  O Lord: teach me Thy statutes,Doxology,284,D,minor,129,,,manual_entry,1.0000,,manual,,,,,,
1131,kNwRebsKfB8,https://music.youtube.com/watch?v=kNwRebsKfB8,Wardruna,Solringen (First Flight of the White Raven LIVE),Wardruna,Solringen (First Flight of the White Raven LIVE),Kvitravn - First Flight of the White Raven,286,,,,,,missing,,not_found,,,,,,,
1132,kAKTQ6t7pzE,https://music.youtube.com/watch?v=kAKTQ6t7pzE,Wardruna,Solringen,Wardruna,Solringen,Runaljod – Yggdrasil,391,C,minor,124,4/4,10m,matched,1.0000,,GetSongBPM,Yv10gM,Solringen,Wardruna,https://getsongbpm.com/song/solringen/Yv10gM,37,43
1134,lTbtPCx1UTE,https://music.youtube.com/watch?v=lTbtPCx1UTE,Valaam Singing Culture Institute Men's Choir,Vo tsarstvii Tvoem (The Beatitudes): The Beatitudes,Valaam Singing Culture Institute Men's Choir,Vo tsarstvii Tvoem (The Beatitudes): The Beatitudes,Russian Eastern,231,,,,,,missing,,not_found,,,,,,,
1135,mpwGhAD2rrQ,https://music.youtube.com/watch?v=mpwGhAD2rrQ,Valaam Singing Culture Institute Men's Choir,"Psalm 136, ""By the waters of Babylon"" (arr. N. Uspensky)",Valaam Singing Culture Institute Men's Choir,"Psalm 136, ""By the waters of Babylon"" (arr. N. Uspensky)",Hymns of Great Lent and Holy Week,302,,,,,,missing,,not_found,,,,,,,
1136,gvHAqjODCcI,https://music.youtube.com/watch?v=gvHAqjODCcI,Chesnokov Op. 24-6,Let My Prayer Arise,VitaliyGR,"Chesnokov Op. 24-6 - ""Let My Prayer Arise""",,326,,,,,,missing,,manual_reject_broader,,,,,,,
1137,Y56UcWkJ1Bk,https://music.youtube.com/watch?v=Y56UcWkJ1Bk,Kabarnos,Agni Parthene (Live Lebanon 2017),Kabarnos,Agni Parthene (Live Lebanon 2017),Agni Parthene (Live Lebanon 2017),268,,,,,,missing,,not_found,,,,,,,
1138,e4iDsbd1fzc,https://music.youtube.com/watch?v=e4iDsbd1fzc,Wardruna,Lyfjaberg,Wardruna,Lyfjaberg,Lyfjaberg,507,,,,,,missing,,not_found,,,,,,,
1139,Nt9gpQsKgEg,https://music.youtube.com/watch?v=Nt9gpQsKgEg,Aethyrien,"Völuspá, Visions of the Prophecy",Aethyrien,"Völuspá, Visions of the Prophecy",Era,294,,,,,,missing,,not_found,,,,,,,
1140,h8T8iby670s,https://music.youtube.com/watch?v=h8T8iby670s,Seraphim Bit-Kharibi,Psalm 53,Seraphim Bit-Kharibi,Psalm 53,Chanting in the Language of Christ,258,,,,,,missing,,manual_reject_broader,,,,,,,
1141,CFzGM3x-vbA,https://music.youtube.com/watch?v=CFzGM3x-vbA,Der Weg Einer Freiheit,Immortal,Der Weg Einer Freiheit,Immortal,Immortal,411,B,minor,157,,,manual_entry,1.0000,,manual,,,,,,
1142,94ByPx0G6fA,https://music.youtube.com/watch?v=94ByPx0G6fA,Seraphim Bit-Kharibi,Psalm 50,Seraphim Bit-Kharibi,Psalm 50,Chanting in the Language of Christ,303,E,major,89,,,manual_entry,1.0000,,manual,,,,,,
1143,AmZMPUQUFNk,https://music.youtube.com/watch?v=AmZMPUQUFNk,Patrick Lenk,Lo Boier,Patrick Lenk,Lo Boier,Lo Boier,527,G,minor,108,,,manual_entry,1.0000,,manual,,,,,,
1145,IBEQN4Ru6es,https://music.youtube.com/watch?v=IBEQN4Ru6es,Rousseau,Liebestraum No. 3 - Love Dream (Liszt),Rousseau,Liebestraum No. 3 - Love Dream (Liszt),Liebestraum No. 3 - Love Dream (Liszt),290,,,,,,missing,,not_found,,,,,,,
1146,0EnsQvXw3u0,https://music.youtube.com/watch?v=0EnsQvXw3u0,Alexandr Misko,Smooth Criminal,Alexandr Misko,Smooth Criminal,Smooth Criminal,175,,,,,,missing,,manual_reject_broader,,,,,,,
1147,yxXdQWcsh8o,https://music.youtube.com/watch?v=yxXdQWcsh8o,РУСЛАНА,Wild Energy,РУСЛАНА,Wild Energy,Wild Energy,243,C#,major,150,4/4,8d,matched,1.0000,,GetSongBPM,Q0BO1L,Wild Energy,Руслана,https://getsongbpm.com/song/wild-energy/Q0BO1L,73,28
1148,-k6Bgm8pqho,https://music.youtube.com/watch?v=-k6Bgm8pqho,РУСЛАНА,Дика енергія,РУСЛАНА,Дика енергія,АМАЗОНКА,302,,,,,,missing,,not_found,,,,,,,
1149,hRFCbEI9j3U,https://music.youtube.com/watch?v=hRFCbEI9j3U,Ruslana,Miy Brat!,Ruslana,Miy Brat!,Miy Brat! (Razom!),220,,,,,,missing,,not_found,,,,,,,
1150,LfXsj2H8i9Y,https://music.youtube.com/watch?v=LfXsj2H8i9Y,Ruslana,Rachmaninov (DJ Small’s Remake),Ruslana,Rachmaninov (DJ Small’s Remake),Miy Brat! (Razom!),202,,,,,,missing,,not_found,,,,,,,
1151,ekG3q8wPaW4,https://music.youtube.com/watch?v=ekG3q8wPaW4,Holy Transfiguration Monastery,Blessed Is the Man,Holy Transfiguration Monastery,Blessed Is the Man,O Give Thanks Unto the Lord,464,D,major,82,,,manual_entry,1.0000,,manual,,,,,,
1152,oQfuvcerLTQ,https://music.youtube.com/watch?v=oQfuvcerLTQ,Alexander,Christ Has Risen,Alexander,Christ Has Risen,Christ Has Risen,93,A,minor,76,,,manual_entry,1.0000,,manual,,,,,,
1153,mLnOpbV4tPU,https://music.youtube.com/watch?v=mLnOpbV4tPU,Lévon Minassian,Siretzi Yares Daran (They Have Taken the One I Love),Lévon Minassian,Siretzi Yares Daran (They Have Taken the One I Love),The Doudouk - Beyond Borders,420,,,,,,missing,,not_found,,,,,,,
1156,fC0OFbhLeqk,https://music.youtube.com/watch?v=fC0OFbhLeqk,Agalloch,Limbs (2016 - Remaster),Agalloch,Limbs (2016 - Remaster),Ashes Against The Grain,592,,,,,,missing,,not_found,,,,,,,
1157,9Ic3vl_Zdsc,https://music.youtube.com/watch?v=9Ic3vl_Zdsc,Shinnobu,The Man,Shinnobu,The Man,The Enigma V (Masterminds),564,F#,minor,95,,,manual_entry,1.0000,,manual,,,,,,
1158,ECYLHiXvrBQ,https://music.youtube.com/watch?v=ECYLHiXvrBQ,Vangelis,Blade Runner Blues,Vangelis,Blade Runner Blues,Blade Runner (Music From The Original Soundtrack),535,D,major,107,,,manual_entry,1.0000,,manual,,,,,,
1159,P-c78Ol5VPk,https://music.youtube.com/watch?v=P-c78Ol5VPk,Funeral Mist,Metamorphosis,Funeral Mist,Metamorphosis,Hekatomb,455,A,major,45,4/4,4d,matched,1.0000,,GetSongBPM,Qk4y39,Metamorphosis,Funeral Mist,https://getsongbpm.com/song/metamorphosis/Qk4y39,13,1
1160,dMhXymfudvA,https://music.youtube.com/watch?v=dMhXymfudvA,niteboi,we should try,niteboi,we should try,we should try,236,,,,,,missing,,not_found,,,,,,,
1161,-9DXT82_25k,https://music.youtube.com/watch?v=-9DXT82_25k,PATRIARKH,IRMOS I,PATRIARKH,IRMOS I,"""RASKOL""",290,,,,,,missing,,not_found,,,,,,,
1162,6rPN7NMzd8Y,https://music.youtube.com/watch?v=6rPN7NMzd8Y,Elton John; Luciano Pavarotti; Orchestra Filarmonica Di Torino; Marco Armiliato,Live Like Horses (Live Finale Version),Elton John; Luciano Pavarotti; Orchestra Filarmonica Di Torino; Marco Armiliato,Live Like Horses (Live Finale Version),Pavarotti & Friends for War Child,300,C#,major,132,,,manual_entry,1.0000,,manual,,,,,,
1163,-WiBhW7re-Y,https://music.youtube.com/watch?v=-WiBhW7re-Y,Іво Бобул,Болить душа,Іво Бобул,Болить душа,Осінній сад,269,,,,,,missing,,not_found,,,,,,,
1164,mHW8VFxPO3M,https://music.youtube.com/watch?v=mHW8VFxPO3M,РуханкоМен,Скоро перемога,РуханкоМен,Скоро перемога,Скоро перемога,186,,,,,,missing,,not_found,,,,,,,
1165,olDS9TONsSM,https://music.youtube.com/watch?v=olDS9TONsSM,Ðóñëàíà,Òè ùå â3äêðèoø î÷3,Ðóñëàíà,Òè ùå â³äêðèºø î÷³,Òè ùå â³äêðèºø î÷³,213,,,,,,missing,,not_found,,,,,,,
1166,5xMzABwELqA,https://music.youtube.com/watch?v=5xMzABwELqA,Alisa Sova,Чорнобривці,Alisa Sova,Чорнобривці,Чорнобривці,187,,,,,,missing,,not_found,,,,,,,
1167,C7kkj5qsayA,https://music.youtube.com/watch?v=C7kkj5qsayA,Kvitka Cisyk,I Will Go to the Distant Hills,Kvitka Cisyk,I Will Go to the Distant Hills,Kvitka Two Colors,379,B,minor,89,,,manual_entry,1.0000,,manual,,,,,,
1168,jVO6sY_CVYc,https://music.youtube.com/watch?v=jVO6sY_CVYc,Батюшка,Песнь 1,Батюшка,Песнь 1,Панихида,249,,minor,,,,matched,0.8717,,GetSongBPM,MZkYL5,Песнь 1 (Молитва),Батюшка,https://getsongbpm.com/song/pesn-1-molitva/MZkYL5,,
1169,QAmvQeyTAOI,https://music.youtube.com/watch?v=QAmvQeyTAOI,Sidewalks and Skeletons,White Light,Sidewalks and Skeletons,White Light,White Light,265,C,major,124,4/4,1d,matched,1.0000,,GetSongBPM,1WgB5q,White Light,Sidewalks and Skeletons,https://getsongbpm.com/song/white-light/1WgB5q,22,1
1170,Fds3Z7TBjlQ,https://music.youtube.com/watch?v=Fds3Z7TBjlQ,Nuages,Closer,Nuages,Closer,Closer,308,F#,minor,89,,,manual_entry,1.0000,,manual,,,,,,
1171,WkCeY4HK1xk,https://music.youtube.com/watch?v=WkCeY4HK1xk,System Of A Down,Streamline,System Of A Down,Streamline,Steal This Album!,218,C,major,130,3/4,1d,matched,1.0000,,GetSongBPM,09RnG,Streamline,System of a Down,https://getsongbpm.com/song/streamline/09RnG,40,1
1176,dPZSApUiQuU,https://music.youtube.com/watch?v=dPZSApUiQuU,The HU,The Great Chinggis Khaan,The HU,The Great Chinggis Khaan,The Gereg (Deluxe Edition),273,G#,major,177,3/4,9d,matched,0.9904,,GetSongBPM,gpRArk,The Great Chinggis Khaan,The HU,https://getsongbpm.com/song/the-great-chinggis-khaan/gpRArk,43,5
1178,vfmvwFL7iaw,https://music.youtube.com/watch?v=vfmvwFL7iaw,Mr.Kitty,Hold Me Down,Mr.Kitty,Hold Me Down,Time,237,D#,major,134,4/4,10d,matched,1.0000,,GetSongBPM,mO5qzr,Hold Me Down,Mr.Kitty,https://getsongbpm.com/song/hold-me-down/mO5qzr,47,1
1179,X5oVGVbbwfI,https://music.youtube.com/watch?v=X5oVGVbbwfI,Batzorig Vaanchig; Auli,Hunnu Guren,Batzorig Vaanchig; Auli,Hunnu Guren,Hunnu Guren,238,,,,,,missing,,not_found,,,,,,,
1180,SJxAX4MDwNU,https://music.youtube.com/watch?v=SJxAX4MDwNU,Ihor Cymbrows'kyj,Przyjdź aniele [FULL ALBUM] 1996,cartografia,Ihor Cymbrows'kyj - Przyjdź aniele [FULL ALBUM] 1996,,3508,,,,,,missing,,not_found,,,,,,,
1181,gSS2IgnnBo8,https://music.youtube.com/watch?v=gSS2IgnnBo8,Johnny Cash,Hurt,Johnny Cash,Hurt,American IV: The Man Comes Around,217,A,minor,92,4/4,1m,matched,1.0000,,GetSongBPM,l7G45,Hurt,Johnny Cash,https://getsongbpm.com/song/hurt/l7G45,55,72
1183,HN7-DmTtNdM,https://music.youtube.com/watch?v=HN7-DmTtNdM,Mgła,Exercises in Futility IV,Mgła,Exercises in Futility IV,Exercises in Futility,286,G,minor,150,4/4,11m,matched,1.0000,,GetSongBPM,XrPBEA,Exercises in Futility IV,Mgła,https://getsongbpm.com/song/exercises-in-futility-iv/XrPBEA,28,1
1184,uRQPpzE1U9s,https://music.youtube.com/watch?v=uRQPpzE1U9s,Mgła,Exercises in Futility I,Mgła,Exercises in Futility I,Exercises in Futility,479,G,major,159,4/4,2d,manual_accept,1.0000,,GetSongBPM,Q6XrwL,Exercises in Futility I,Mgła,https://getsongbpm.com/song/exercises-in-futility-i/Q6XrwL,27,1
1185,Qr4azoVLqL0,https://music.youtube.com/watch?v=Qr4azoVLqL0,Erik Satie,Gnossiennes 1-5 (3 hour loop),ThatClassicalVibe,Erik Satie - Gnossiennes 1-5 (3 hour loop),,11332,,,,,,missing,,not_found,,,,,,,
1186,q_QNLSwMOi4,https://music.youtube.com/watch?v=q_QNLSwMOi4,Mgła,With Hearts Toward None I,Mgła,With Hearts Toward None I,With Hearts Toward None,308,A#,major,180,4/4,11d,manual_accept,1.0000,,GetSongBPM,j8454z,With Hearts Toward None I,Mgła,https://getsongbpm.com/song/with-hearts-toward-none-i/j8454z,11,1
1188,tAy3vB2xCSo,https://music.youtube.com/watch?v=tAy3vB2xCSo,Kvitka Cisyk,Two Colors,Kvitka Cisyk,Two Colors,Kvitka Two Colors,312,A,minor,140,,,manual_entry,1.0000,,manual,,,,,,
1190,7t3a_wk904E,https://music.youtube.com/watch?v=7t3a_wk904E,Stevie T ft. Jim Carrey,You Don't Bring Me Flowers,Steve Terreberry,Stevie T ft. Jim Carrey - You Don't Bring Me Flowers (MUSIC VIDEO),,164,,,,,,missing,,manual_reject_broader,,,,,,,
1193,jwtVa5R8qAE,https://music.youtube.com/watch?v=jwtVa5R8qAE,Kvitka Cisyk,Dearest Mother Of Mine,Kvitka Cisyk,Dearest Mother Of Mine,Kvitka,323,A,minor,141,,,manual_entry,1.0000,,manual,,,,,,
1194,f6Zk4Lx0cJ4,https://music.youtube.com/watch?v=f6Zk4Lx0cJ4,Electro-Light,Symbolism,Electro-Light,Symbolism,Symbolism,294,E,major,170,,,manual_entry,1.0000,,manual,,,,,,
1196,RrCAHoI8N7c,https://music.youtube.com/watch?v=RrCAHoI8N7c,Василь Жданкін,"Думи мої, думи мої",Василь Жданкін,"Думи мої, думи мої","Думи мої, думи мої",260,,,,,,missing,,not_found,,,,,,,
1199,asts8js-GNk,https://music.youtube.com/watch?v=asts8js-GNk,ДахаБраха,Пливе човен,ДахаБраха,Пливе човен,Пливе човен,289,,,,,,missing,,not_found,,,,,,,
1200,nqng93Gpw4A,https://music.youtube.com/watch?v=nqng93Gpw4A,DakhaBrakha,Nad Dunaem,DakhaBrakha,Nad Dunaem,Bitter Harvest (Original Motion Picture Soundtrack),518,,,,,,missing,,not_found,,,,,,,
1201,h7wB8qWdmcA,https://music.youtube.com/watch?v=h7wB8qWdmcA,DakhaBrakha,Baby,DakhaBrakha,Baby,Light,444,G,major,130,4/4,2d,matched,1.0000,,GetSongBPM,r01Qj4,Baby,DakhaBrakha,https://getsongbpm.com/song/baby/r01Qj4,38,58
1202,xSXzw1XiDVw,https://music.youtube.com/watch?v=xSXzw1XiDVw,Jordan Critz,Starry Night,Jordan Critz,Starry Night,Starry Night,299,D,minor,144,,,manual_entry,1.0000,,manual,,,,,,
1204,TwSC-nH_td8,https://music.youtube.com/watch?v=TwSC-nH_td8,All Angels,Barber: Agnus Dei,All Angels,Barber: Agnus Dei,All Angels (EU Version - e-album),385,,,,,,missing,,not_found,,,,,,,
1205,1oTbyENpX58,https://music.youtube.com/watch?v=1oTbyENpX58,Aurora,Hans Zimmer,xNarsil,Aurora - Hans Zimmer,,517,,,,,,missing,,not_found,,,,,,,
1206,fr3QRSw-UN0,https://music.youtube.com/watch?v=fr3QRSw-UN0,Yoshihisa Hirano,Kyrie II,Yoshihisa Hirano,Kyrie Ⅱ,DEATH NOTE Original Soundtrack Ⅱ,141,,,,,,missing,,manual_reject_broader,,,,,,,
1207,s6zv8Oth5GQ,https://music.youtube.com/watch?v=s6zv8Oth5GQ,Чернобривцы,Несе Галя воду,Faraon2400,Чернобривцы - Несе Галя воду,,216,,,,,,missing,,not_found,,,,,,,
1209,Rvb20s1Ozek,https://music.youtube.com/watch?v=Rvb20s1Ozek,Kordhell,Killa,Kordhell,Killa,Beat Tape 2,210,,,,,,missing,,manual_reject_broader,,,,,,,
1210,HtfsDrGEnXk,https://music.youtube.com/watch?v=HtfsDrGEnXk,FindMyName,Hide N Seek,FindMyName,Hide N Seek,Hide N Seek,168,G,major,110,,,manual_entry,1.0000,,manual,,,,,,
1212,bhwEhBRbe4s,https://music.youtube.com/watch?v=bhwEhBRbe4s,KUTE; Kordhell,Dead on Arrival,KUTE; Kordhell,Dead on Arrival,Dead on Arrival,173,C,major,100,,,manual_entry,1.0000,,manual,,,,,,
1213,-My3J4qmlWU,https://music.youtube.com/watch?v=-My3J4qmlWU,KUTE; RAIZHELL,ANUBIS,KUTE; RAIZHELL,ANUBIS,ANUBIS,132,,,,,,missing,,manual_reject_broader,,,,,,,
1215,En7TsomfE5A,https://music.youtube.com/watch?v=En7TsomfE5A,Борис Гмиря,Ніч яка мiсячна,levushka kublanov,Борис Гмыря Нич яка мiсячна,,196,,,,,,missing,,not_found,,,,,,,
1216,RzZHYHO0Pjw,https://music.youtube.com/watch?v=RzZHYHO0Pjw,Володимир Івасюк,Пісня буде поміж нас (Live),Володимир Івасюк,Пісня буде поміж нас (Live),Пісня буде поміж нас (Live),207,,,,,,missing,,not_found,,,,,,,
1217,odnBC05XrnI,https://music.youtube.com/watch?v=odnBC05XrnI,London Festival Orchestra; Henry Adolph; Pyotr Ilyich Tchaikovsky,Ballet Suite from Swan Lake Op. 20: Dance of the Swans,London Festival Orchestra; Henry Adolph; Pyotr Ilyich Tchaikovsky,Ballet Suite from  Swan Lake  Op. 20: Dance of the Swans,Nutcracker * Swan Lake,196,,,,,,missing,,not_found,,,,,,,
1218,TMfCkeobZ4E,https://music.youtube.com/watch?v=TMfCkeobZ4E,Jonas Kaufmann; Prague Philharmonic Orchestra; Marco Armiliato; Giacomo Puccini,"Puccini: Tosca, SC 69 / Act 3: ""E lucevan le stelle",Jonas Kaufmann; Prague Philharmonic Orchestra; Marco Armiliato; Giacomo Puccini,"Puccini: Tosca, SC 69 / Act 3: ""E lucevan le stelle""",Romantic Arias,202,,,,,,missing,,not_found,,,,,,,
1219,b2dhl0xPFLU,https://music.youtube.com/watch?v=b2dhl0xPFLU,Mario Lanza,Na sera 'e maggio (Remastered 1995),Mario Lanza,'Na sera 'e maggio (Remastered 1995),Mario! Lanza At His Best,202,,,,,,missing,,not_found,,,,,,,
1220,V1T5sewxgYk,https://music.youtube.com/watch?v=V1T5sewxgYk,Joe Dassin,L'été indien,Joe Dassin,L'été indien,Taka Takata,271,G,minor,121,4/4,11m,matched,1.0000,,GetSongBPM,pg0R51,L'été indien,Joe Dassin,https://getsongbpm.com/song/l-ete-indien/pg0R51,48,17
1221,H_HNvWkO8T0,https://music.youtube.com/watch?v=H_HNvWkO8T0,Ricchi e Poveri,Sarà perchè ti amo,Ricchi e Poveri,Sarà perchè ti amo,Le 120 piu' belle di sempre,215,E,major,120,4/4,5d,manual_accept,0.9455,,GetSongBPM,oVzVMN,Sarà perché ti amo,Ricchi e Poveri,https://getsongbpm.com/song/sara-perche-ti-amo/oVzVMN,83,9
1222,CtjmTns3ZsA,https://music.youtube.com/watch?v=CtjmTns3ZsA,Al Bano,Ci sarà,Al Bano,Ci sarà,Di rose e di spine,205,D,major,114,4/4,3d,manual_accept,0.9078,,GetSongBPM,gJ3MEY,Ci sarà,Al Bano & Romina Power,https://getsongbpm.com/song/ci-sara/gJ3MEY,48,47
1223,uSDWUx7S8dw,https://music.youtube.com/watch?v=uSDWUx7S8dw,Beach House,Space Song,Beach House,Space Song,Depression Cherry,321,C,minor,73,4/4,10m,matched,1.0000,,GetSongBPM,VAgGwz,Space Song,Beach House,https://getsongbpm.com/song/space-song/VAgGwz,51,22
1224,oalkbgRJAW8,https://music.youtube.com/watch?v=oalkbgRJAW8,Ghostface Playa; fkbambam,KILLKA,Ghostface Playa; fkbambam,KILLKA,FROM THE NORTH,143,,,,,,missing,,not_found,,,,,,,
1225,7Ua_ilBIx9A,https://music.youtube.com/watch?v=7Ua_ilBIx9A,KSLV Noh,Disaster,KSLV Noh,Disaster,Disaster,85,C,major,117,,,manual_entry,1.0000,,manual,,,,,,
1226,7uyX3xMc0Do,https://music.youtube.com/watch?v=7uyX3xMc0Do,Adriano Celentano,Confessa,Adriano Celentano,Confessa,Per Sempre,311,B,minor,119,4/4,3m,matched,1.0000,,GetSongBPM,7Xl3G,Confessa,Adriano Celentano,https://getsongbpm.com/song/confessa/7Xl3G,59,7
1227,5BG6o53cJj0,https://music.youtube.com/watch?v=5BG6o53cJj0,PlayaPhonk,IMMORTAL,PlayaPhonk,IMMORTAL,IMMORTAL,136,G#,major,170,,,manual_entry,1.0000,,manual,,,,,,
1228,w1JjPvLAzRE,https://music.youtube.com/watch?v=w1JjPvLAzRE,Kordhell,MURDER PLOT,Kordhell,MURDER PLOT,MURDER PLOT,127,,,,,,missing,,manual_reject_broader,,,,,,,
1229,cZfb2HU7c9o,https://music.youtube.com/watch?v=cZfb2HU7c9o,Ghostface Playa,I Don't Give a Fuck (feat. Pharmacist),Ghostface Playa,I Don't Give a Fuck (feat. Pharmacist),Cruisin' Down Da Block,122,A#,minor,105,,,manual_entry,1.0000,,manual,,,,,,
1230,UumS0KEZdH0,https://music.youtube.com/watch?v=UumS0KEZdH0,Ariis,Chupki V Krusta Phonk,Ariis,Chupki V Krusta Phonk,Chupki V Krusta Phonk,122,,,,,,missing,,not_found,,,,,,,
1231,sKCYFO1hY_U,https://music.youtube.com/watch?v=sKCYFO1hY_U,Adriano Celentano,IL RAGAZZO DELLA VIA GLUCK,Adriano Celentano,IL RAGAZZO DELLA VIA GLUCK,Adriano Live,290,D,major,109,4/4,3d,manual_accept,0.9480,,GetSongBPM,6xwO7,Il ragazzo della via Gluck,Adriano Celentano,https://getsongbpm.com/song/il-ragazzo-della-via-gluck/6xwO7,55,70
1232,_jz7Csk0fCs,https://music.youtube.com/watch?v=_jz7Csk0fCs,Adriano Celentano,Susanna,Adriano Celentano,Susanna,I Miei Americani (Tre Puntini),288,A,minor,93,4/4,1m,matched,1.0000,,GetSongBPM,gp70XZ,Susanna,Adriano Celentano,https://getsongbpm.com/song/susanna/gp70XZ,66,72
1233,-rkOJfHMmsY,https://music.youtube.com/watch?v=-rkOJfHMmsY,Adriano Celentano,Il Tempo Se Ne Va,Adriano Celentano,Il Tempo Se Ne Va,Collezione D'Oro,231,B,minor,121,4/4,3m,manual_accept,0.9505,,GetSongBPM,2vwE3J,Il tempo se ne va,Adriano Celentano,https://getsongbpm.com/song/il-tempo-se-ne-va/2vwE3J,56,38
1235,-VmaTdnL0ek,https://music.youtube.com/watch?v=-VmaTdnL0ek,Igorrr,Himalaya Massive Ritual,Igorrr,Himalaya Massive Ritual,Spirituality and Distortion,427,,minor,,,,matched,1.0000,,GetSongBPM,jYxvkR,Himalaya Massive Ritual,Igorrr,https://getsongbpm.com/song/himalaya-massive-ritual/jYxvkR,,
1236,2r7rQKe3gt4,https://music.youtube.com/watch?v=2r7rQKe3gt4,Adriano Celentano,Soli,Adriano Celentano,Soli,Unicamentecelentano,249,G,minor,115,4/4,11m,manual_accept,0.9443,,GetSongBPM,N96RNL,Soli,Adriano Celentano,https://getsongbpm.com/song/soli/N96RNL,57,22
1237,3fHkPX7U91g,https://music.youtube.com/watch?v=3fHkPX7U91g,Chris Norman; Suzi Quatro,Stumblin' In,Chris Norman; Suzi Quatro,Stumblin' In,The Montreux Album (New Extended Version),237,G,major,129,,,manual_entry,1.0000,,manual,,,,,,
1239,R5C4shkDVRo,https://music.youtube.com/watch?v=R5C4shkDVRo,Al Bano & Romina Power,Ci sarà,Al Bano & Romina Power,Ci sarà,Romantica,208,D,minor,114,4/4,12m,manual_accept,0.9482,,GetSongBPM,31WDPr,Ci sarà,Al Bano & Romina Power,https://getsongbpm.com/song/ci-sara/31WDPr,48,47
1240,9jdzcUGJvpo,https://music.youtube.com/watch?v=9jdzcUGJvpo,Julio Iglesias,Nostalgie (Nathalie),Julio Iglesias,Nostalgie (Nathalie),Et L' Amour Crea La Femme,237,,,,,,missing,,not_found,,,,,,,
1241,s9keQh_dcnU,https://music.youtube.com/watch?v=s9keQh_dcnU,Al Bano & Romina Power,Libertà,Al Bano & Romina Power,Libertà,Liberta,267,G,minor,186,4/4,11m,matched,1.0000,,GetSongBPM,DkMrPx,Libertà!,Al Bano & Romina Power,https://getsongbpm.com/song/libertaexclamation/DkMrPx,35,42
1243,1SeoYxmpwUs,https://music.youtube.com/watch?v=1SeoYxmpwUs,Albano Carrisi,Ti Amo (Version 2010),Albano Carrisi,Ti Amo (Version 2010),The Great Italian Songbook,227,,,,,,missing,,manual_reject_broader,,,,,,,
1244,hk_OfhPTd28,https://music.youtube.com/watch?v=hk_OfhPTd28,Al Bano,Felicità,Al Bano,Felicità,Di rose e di spine,232,C,major,108,4/4,1d,manual_accept,0.9014,,GetSongBPM,G566YK,Felicità,Al Bano & Romina Power,https://getsongbpm.com/song/felicita/G566YK,73,36
1245,4WJoY2aZuVk,https://music.youtube.com/watch?v=4WJoY2aZuVk,I Monster,Who Is She ?,I Monster,Who Is She ?,Neveroddoreven,214,C#,minor,152,4/4,5m,matched,1.0000,,GetSongBPM,j0AK64,Who Is She ?,I Monster,https://getsongbpm.com/song/who-is-she-question/j0AK64,40,8
1246,rwDUWnOVf0c,https://music.youtube.com/watch?v=rwDUWnOVf0c,Sheryl Crow,Tomorrow Never Dies,Sheryl Crow,Tomorrow Never Dies,Tomorrow Never Dies,292,F,minor,109,,,manual_entry,1.0000,,manual,,,,,,
1247,PF4mPa6MBKw,https://music.youtube.com/watch?v=PF4mPa6MBKw,Mr.Kitty,XIII,Mr.Kitty,XIII,Time,217,B,minor,130,3/4,3m,matched,1.0000,,GetSongBPM,3QN6qx,XIII,Mr.Kitty,https://getsongbpm.com/song/xiii/3QN6qx,48,1
1248,1LGEOYF_b0Y,https://music.youtube.com/watch?v=1LGEOYF_b0Y,Sergio Velesky,MAIAJI MAIAJUUU,Sergio Velesky,MAIAJI MAIAJUUU,,213,,,,,,missing,,not_found,,,,,,,
1249,Nng0aSsq_XE,https://music.youtube.com/watch?v=Nng0aSsq_XE,Radiohead,House Of Cards,Radiohead,House Of Cards,In Rainbows,329,F,major,111,4/4,12d,matched,1.0000,,GetSongBPM,NkgBR8,House of Cards,Radiohead,https://getsongbpm.com/song/house-of-cards/NkgBR8,71,28
1250,7374CZQoS2Y,https://music.youtube.com/watch?v=7374CZQoS2Y,Radiohead,No Surprises,Radiohead,No Surprises,OK Computer OKNOTOK 1997 2017,229,F,major,74,4/4,12d,matched,0.9904,,GetSongBPM,76kmr,No Surprises,Radiohead,https://getsongbpm.com/song/no-surprises/76kmr,26,6
1252,LCQ_1RyoD5Y,https://music.youtube.com/watch?v=LCQ_1RyoD5Y,Lana Del Rey,Lust For Life (feat. The Weeknd),Lana Del Rey,Lust For Life (feat. The Weeknd),Lust For Life,265,C,minor,99,4/4,10m,matched,0.9304,,GetSongBPM,GRj9QL,Lust For Life (with The Weeknd),Lana Del Rey,https://getsongbpm.com/song/lust-for-life-with-the-weeknd/GRj9QL,51,61
1254,mhr4YecSV_Y,https://music.youtube.com/watch?v=mhr4YecSV_Y,Lana Del Rey,Video Games,Lana Del Rey,Video Games,Born To Die - The Paradise Edition (Special Version),282,F#,minor,41,5/4,4m,matched,0.9208,,GetSongBPM,MQ612R,Video Games (remastered),Lana Del Rey,https://getsongbpm.com/song/video-games-remastered/MQ612R,26,82
1255,pOm2JieAuCA,https://music.youtube.com/watch?v=pOm2JieAuCA,Lana Del Rey,Born To Die,Lana Del Rey,Born To Die,Born To Die - The Paradise Edition,286,E,minor,86,4/4,2m,matched,0.9904,,GetSongBPM,JqRQ2v,Born to Die,Lana Del Rey,https://getsongbpm.com/song/born-to-die/JqRQ2v,43,23
1256,EYVDSxpbIWA,https://music.youtube.com/watch?v=EYVDSxpbIWA,Batushka,Yekteniya VII,Batushka,Yekteniya VII,Litourgiya,335,,,,,,missing,,not_found,,,,,,,
1257,8KIRX9K9vH0,https://music.youtube.com/watch?v=8KIRX9K9vH0,паліндром; Юрій Бондарчук,З букетом троянд,паліндром; Юрій Бондарчук,З букетом троянд,З букетом троянд,174,,,,,,missing,,not_found,,,,,,,
1261,mRNcPbCJNJ8,https://music.youtube.com/watch?v=mRNcPbCJNJ8,Sade,Smooth Operator (Single Version),Sade,Smooth Operator (Single Version),The Best of Sade,259,A,minor,119,4/4,1m,matched,0.8675,,GetSongBPM,P1njP1,Smooth Operator,Sade,https://getsongbpm.com/song/smooth-operator/P1njP1,69,8
1263,WiDj69ik9Qs,https://music.youtube.com/watch?v=WiDj69ik9Qs,Luciano Pavarotti; Orchestra del Teatro Comunale di Bologna; Giancarlo Chiaramello,Cardillo: Core 'ngrato (Arr. Chiaramello),Luciano Pavarotti; Orchestra del Teatro Comunale di Bologna; Giancarlo Chiaramello,Cardillo: Core 'ngrato (Arr. Chiaramello),Luciano Pavarotti - Passione,296,,,,,,missing,,not_found,,,,,,,
1277,9px_038-bYI,https://music.youtube.com/watch?v=9px_038-bYI,Garou,Autour du feu (Medley: L'été indien / Et si tu n'existais pas / Ça va pas changer le monde / Les yeux d'Émilie),Garou,Autour du feu (Medley: L'été indien / Et si tu n'existais pas / Ça va pas changer le monde / Les yeux d'Émilie),Garou joue Dassin,290,,,,,,missing,,not_found,,,,,,,
1278,bVeOdm-29pU,https://music.youtube.com/watch?v=bVeOdm-29pU,Frédéric Chopin,"Nocturne No. 2 in E flat Major, Op. 9,2",Frédéric Chopin,"Nocturne No. 2 in E flat Major, Op. 9,2",Chopin,284,C#,major,68,4/4,8d,manual_accept_broader,0.8512,,GetSongBPM,ZYlAAE,Nocturne No. 2,Fryderyk Chopin,https://getsongbpm.com/song/nocturne-nopoint-2/ZYlAAE,27,100
1279,m_OrlxQaKlA,https://music.youtube.com/watch?v=m_OrlxQaKlA,Garou,Gitan,Garou,Gitan,Seul,246,B,minor,158,4/4,3m,matched,1.0000,,GetSongBPM,0VjKP3,Gitan,Garou,https://getsongbpm.com/song/gitan/0VjKP3,49,5
1280,dSa0Z0Yd0J0,https://music.youtube.com/watch?v=dSa0Z0Yd0J0,BrunoPelletier1,Notre Dame de Paris Le Temps des Cathédrales,BrunoPelletier1,Notre Dame de Paris Le Temps des Cathédrales,,192,,,,,,missing,,manual_reject_broader,,,,,,,
1281,mzv3hfcTGCU,https://music.youtube.com/watch?v=mzv3hfcTGCU,Igorrr,Problème d'émotion,Igorrr,Problème d'émotion,Savage Sinusoid,279,G#,minor,76,3/4,6m,matched,1.0000,,GetSongBPM,k2mQZK,Problème d'émotion,Igorrr,https://getsongbpm.com/song/probleme-d-emotion/k2mQZK,22,15
1282,1GXY4tSgCp0,https://music.youtube.com/watch?v=1GXY4tSgCp0,Satyricon,Black Crow on a Tombstone,Satyricon,Black Crow on a Tombstone,The Age Of Nero,233,G,major,119,4/4,2d,matched,1.0000,,GetSongBPM,ADyoEz,Black Crow on a Tombstone,Satyricon,https://getsongbpm.com/song/black-crow-on-a-tombstone/ADyoEz,63,1
1283,XVBkYi7FoPs,https://music.youtube.com/watch?v=XVBkYi7FoPs,Батюшка,Песнь 5,Батюшка,Песнь 5,Панихида,334,,minor,,,,matched,0.9413,,GetSongBPM,Qko3PL,Песнь 5,Батюшка,https://getsongbpm.com/song/pesn-5/Qko3PL,,
1286,EgAOqt8I5ac,https://music.youtube.com/watch?v=EgAOqt8I5ac,Ilmari Hakkola,Bad Piggies Theme,Ilmari Hakkola,Bad Piggies Theme,Bad Piggies (Original Game Soundtrack) (Extended Edition),161,,,,,,missing,,not_found,,,,,,,
1287,FmHxcFkajw0,https://music.youtube.com/watch?v=FmHxcFkajw0,Moby,Extreme Ways,Moby,Extreme Ways,18,238,A,minor,99,4/4,1m,matched,1.0000,,GetSongBPM,z6QYq,Extreme Ways,Moby,https://getsongbpm.com/song/extreme-ways/z6QYq,52,1
1288,UkhHY7U3LwU,https://music.youtube.com/watch?v=UkhHY7U3LwU,Patrick Carney,BoJack's Theme (Full Length) (feat. Ralph Carney),Patrick Carney,BoJack's Theme (Full Length) (feat. Ralph Carney),BoJack Horseman (Music from the Netflix Original Series),264,,,,,,missing,,not_found,,,,,,,
1289,aYAoeYE9CLs,https://music.youtube.com/watch?v=aYAoeYE9CLs,Moby,"Extreme Ways (From The ""Bourne"" Film Series)",Moby,"Extreme Ways (From The ""Bourne"" Film Series)","Extreme Ways (From The ""Bourne"" Film Series)",298,A,minor,99,4/4,1m,manual_accept_broader,0.9232,,GetSongBPM,z6QYq,Extreme Ways,Moby,https://getsongbpm.com/song/extreme-ways/z6QYq,52,1
1291,2o9KfyPqQzY,https://music.youtube.com/watch?v=2o9KfyPqQzY,Hans Zimmer,No Time for Caution,Hans Zimmer,No Time for Caution,Interstellar (Original Motion Picture Soundtrack) [Expanded Edition],247,,,,,,missing,,manual_reject_broader,,,,,,,
1292,XMgMOYKZ96g,https://music.youtube.com/watch?v=XMgMOYKZ96g,Hans Zimmer,Wheel of Fortune,Hans Zimmer,Wheel of Fortune,Pirates of the Caribbean:  Dead Man's Chest (Original Motion Picture Soundtrack),406,A,minor,181,,,manual_entry,1.0000,,manual,,,,,,
1293,Cc3qZ1HtwsM,https://music.youtube.com/watch?v=Cc3qZ1HtwsM,Hans Zimmer,Tia Dalma,Hans Zimmer,Tia Dalma,Pirates of the Caribbean:  Dead Man's Chest (Original Motion Picture Soundtrack),238,,,,,,missing,,not_found,,,,,,,
1294,z9vs_UCmfdA,https://music.youtube.com/watch?v=z9vs_UCmfdA,Hans Zimmer,Dinner Is Served,Hans Zimmer,Dinner Is Served,Pirates of the Caribbean:  Dead Man's Chest (Original Motion Picture Soundtrack),91,G#,major,124,,,manual_entry,1.0000,,manual,,,,,,
1295,h0eEsdYOCRE,https://music.youtube.com/watch?v=h0eEsdYOCRE,Михаил Елизаров,ДЕТИ И ГАШИШ,Михаил Елизаров,Михаил Елизаров —ДЕТИ И ГАШИШ,,181,,,,,,missing,,not_found,,,,,,,
1296,iRyaB8RgU4c,https://music.youtube.com/watch?v=iRyaB8RgU4c,Shaman's Harvest,Broken Dreams [Drew McIntyre | HQ + full intro + Lyrics],ChrisRyot,Shaman's Harvest - Broken Dreams [Drew McIntyre  | HQ + full intro + Lyrics],,301,,,,,,missing,,manual_reject_broader,,,,,,,
1299,BaT6qUGKLbg,https://music.youtube.com/watch?v=BaT6qUGKLbg,Rivers of Nihil,Sand Baptism,Rivers of Nihil,Sand Baptism,Monarchy,290,C#,major,120,4/4,8d,matched,1.0000,,GetSongBPM,QkWWR0,Sand Baptism,Rivers of Nihil,https://getsongbpm.com/song/sand-baptism/QkWWR0,43,1
1301,trDOwHzEqMY,https://music.youtube.com/watch?v=trDOwHzEqMY,19 Most Romantic Waltzes,Chopin Complete Waltzes,Traum Piano,19 Most Romantic Waltzes - Chopin Complete Waltzes,,3769,,,,,,missing,,not_found,,,,,,,
1302,MygSbWoX-Ys,https://music.youtube.com/watch?v=MygSbWoX-Ys,Liszt,"Liebestraum"" (Dream of love)",Traum Piano,"Liszt - ""Liebestraum"" (Dream of love)",,327,,,,,,missing,,not_found,,,,,,,
1303,Vn99MTfNBOA,https://music.youtube.com/watch?v=Vn99MTfNBOA,Мандри,Дорога,Sergiy Fomenko,"Mandry ""Doroga"" (Мандри ""Дорога"")",,211,,,,,,missing,,not_found,,,,,,,
1304,dG-SLTnN9go,https://music.youtube.com/watch?v=dG-SLTnN9go,TRAUM,"Grandes études de Paganini, S. 141: No. 3 in G-Sharp Minor (Allegretto) ""La campanella",TRAUM,"Grandes études de Paganini, S. 141: No. 3 in G-Sharp Minor (Allegretto) ""La campanella""",Chopin & Liszt Complete Etudes Vol.1,265,,,,,,missing,,manual_reject_broader,,,,,,,
1305,jDFtgMHiPAM,https://music.youtube.com/watch?v=jDFtgMHiPAM,Geoff Castellucci,Far over the Misty Mountains Cold,Geoff Castellucci,Far over the Misty Mountains Cold,Far over the Misty Mountains Cold,253,G,minor,106,,,manual_entry,1.0000,,manual,,,,,,
1306,bbdEIzfeDSs,https://music.youtube.com/watch?v=bbdEIzfeDSs,Miracle Of Sound; Peyton Parrish,Valhalla Calling - Duet Version,Miracle Of Sound; Peyton Parrish,Valhalla Calling - Duet Version,Valhalla Calling (Duet Version),241,C#,minor,76,,,manual_entry,1.0000,,manual,,,,,,
1307,KS0Tk8UDRno,https://music.youtube.com/watch?v=KS0Tk8UDRno,Motörhead,Enter Sandman,Motörhead,Enter Sandman,Enter Sandman EP,313,A,major,123,,,manual_entry,1.0000,,manual,,,,,,
1308,y6yMdWwyWM0,https://music.youtube.com/watch?v=y6yMdWwyWM0,Russian Orthodox Male Choir of Australia,"Trisagion (I. Haritonov, arr. N. Kotlaroff)",Russian Orthodox Male Choir of Australia,"Trisagion (I. Haritonov, arr. N. Kotlaroff)",The Divine Liturgy of St. John Chrysostom,182,,,,,,missing,,not_found,,,,,,,
1309,tGSDVrnjDqI,https://music.youtube.com/watch?v=tGSDVrnjDqI,Mozart,"Twinkle Twinkle Little Star"" (12 Variations on ""Ah vous dirai-je, Maman"")",Traum Piano,"Mozart - ""Twinkle Twinkle Little Star"" (12 Variations on ""Ah vous dirai-je, Maman"")",,566,,,,,,missing,,not_found,,,,,,,
1311,_nlqxtsuDus,https://music.youtube.com/watch?v=_nlqxtsuDus,Kassia,Chopin: Nocturne Op. 55 No. 1,Kassia,Chopin: Nocturne Op. 55 No. 1,Chopin: Nocturne Op. 55 No. 1,335,,,,,,missing,,not_found,,,,,,,
1312,EHTz19-brHY,https://music.youtube.com/watch?v=EHTz19-brHY,Rousseau,Etude Op. 25 No. 9 - Butterfly (Chopin),Rousseau,Etude Op. 25 No. 9 - Butterfly (Chopin),Etude Op. 25 No. 9 - Butterfly (Chopin),84,,,,,,missing,,not_found,,,,,,,
1313,WCLCRglJvw4,https://music.youtube.com/watch?v=WCLCRglJvw4,Kassia; Edvard Grieg,Grieg: In the Hall of the Mountain King,Kassia; Edvard Grieg,Grieg: In the Hall of the Mountain King,Grieg: In the Hall of the Mountain King,134,,,,,,missing,,not_found,,,,,,,
1314,RJTekJw7vIY,https://music.youtube.com/watch?v=RJTekJw7vIY,Kassia,Shostakovich: Waltz No. 2,Kassia,Shostakovich: Waltz No. 2,Shostakovich: Waltz No. 2,212,,,,,,missing,,not_found,,,,,,,
1315,vEicbIksD-I,https://music.youtube.com/watch?v=vEicbIksD-I,Rousseau,Revolutionary Etude - Op. 10 No. 12 (Chopin),Rousseau,Revolutionary Etude - Op. 10 No. 12 (Chopin),Revolutionary Etude - Op. 10 No. 12 (Chopin),182,,,,,,missing,,not_found,,,,,,,
1316,H1Dvg2MxQn8,https://music.youtube.com/watch?v=H1Dvg2MxQn8,Liszt,"La Campanella (100,000 special)",Rousseau,"Liszt - La Campanella (100,000 special)",,318,,,,,,missing,,not_found,,,,,,,
1317,yRAzxe9wRaQ,https://music.youtube.com/watch?v=yRAzxe9wRaQ,Kassia,Chopin: Etude Op. 25 No. 11 “Winter Wind”,Kassia,Chopin: Etude Op. 25 No. 11 “Winter Wind”,Chopin: Etude Op. 25 No. 11 “Winter Wind”,217,,,,,,missing,,not_found,,,,,,,
1318,8CEjcuYbtIg,https://music.youtube.com/watch?v=8CEjcuYbtIg,Rousseau,Etude Op. 8 No. 12 (Scriabin),Rousseau,Etude Op. 8 No. 12 (Scriabin),Etude Op. 8 No. 12 (Scriabin),181,,,,,,missing,,not_found,,,,,,,
1320,aDo38jxxBkw,https://music.youtube.com/watch?v=aDo38jxxBkw,Воплі Відоплясова,Halya Is Carrying,Воплі Відоплясова,Halya Is Carrying,Halya Is Carrying,184,,,,,,missing,,not_found,,,,,,,
1321,fPKR8Uv7Rxo,https://music.youtube.com/watch?v=fPKR8Uv7Rxo,Vopli Vidopliasova,We Were in the Village,Vopli Vidopliasova,We Were in the Village,Хвилі амура,210,,,,,,missing,,manual_reject_broader,,,,,,,
1322,iDvEIJtuDYw,https://music.youtube.com/watch?v=iDvEIJtuDYw,Воплі Відоплясова,Land of Dream,Воплі Відоплясова,Land of Dream,Країна Мрій,307,,,,,,missing,,manual_reject_broader,,,,,,,
1323,pqIbm7H6E1w,https://music.youtube.com/watch?v=pqIbm7H6E1w,БумБокс,Вахтерам,БумБокс,Вахтерам,Family бізнес,241,,,,,,missing,,not_found,,,,,,,
1324,dbq3tILUPmg,https://music.youtube.com/watch?v=dbq3tILUPmg,Океан Ельзи,911,Океан Ельзи,911,Модель,210,C,minor,120,4/4,10m,matched,1.0000,,GetSongBPM,5KD58,911,Океан Ельзи,https://getsongbpm.com/song/911/5KD58,79,19
1325,kTiiUw2HjjM,https://music.youtube.com/watch?v=kTiiUw2HjjM,Океан Ельзи,"Там, де нас нема",Океан Ельзи,"Там, де нас нема","Там, де нас нема",213,,,,,,missing,,not_found,,,,,,,
1326,DLQoFcEF6Ws,https://music.youtube.com/watch?v=DLQoFcEF6Ws,Moby,Why Does My Heart Feel So Bad?,Moby,Why Does My Heart Feel So Bad?,Play,265,G,major,98,4/4,2d,matched,1.0000,,GetSongBPM,PNEG6,Why Does My Heart Feel So Bad?,Moby,https://getsongbpm.com/song/why-does-my-heart-feel-so-badquestion/PNEG6,60,1
1327,aLq0gHTvt8w,https://music.youtube.com/watch?v=aLq0gHTvt8w,Воплі Відоплясова,Весна,Воплі Відоплясова,Весна,Найкраще,304,,,,,,missing,,not_found,,,,,,,
1328,gmp_J2Si_BU,https://music.youtube.com/watch?v=gmp_J2Si_BU,Vopli Vidopliasova,Ye-Ye,Vopli Vidopliasova,Ye-Ye,Хвилі амура,212,,,,,,missing,,manual_reject_broader,,,,,,,
1329,52VL7jBq1pc,https://music.youtube.com/watch?v=52VL7jBq1pc,Михаил Елизаров,СТОМАТОЛОГ,Михаил Елизаров,Михаил Елизаров — СТОМАТОЛОГ,,206,,,,,,missing,,not_found,,,,,,,
1330,gWBbtwdvw4A,https://music.youtube.com/watch?v=gWBbtwdvw4A,Dying Fetus,Second Skin,Dying Fetus,Second Skin,Reign Supreme (Deluxe Version),283,C#,major,109,4/4,8d,matched,0.9904,,GetSongBPM,L8WEvw,Second Skin,Dying Fetus,https://getsongbpm.com/song/second-skin/L8WEvw,31,1
1331,KpvGI-JmV-c,https://music.youtube.com/watch?v=KpvGI-JmV-c,Satyricon,To Your Brethren in the Dark,Satyricon,To Your Brethren in the Dark,Deep Calleth Upon Deep,368,G,minor,109,4/4,11m,matched,1.0000,,GetSongBPM,WPD0PJ,To Your Brethren In The Dark,Satyricon,https://getsongbpm.com/song/to-your-brethren-in-the-dark/WPD0PJ,43,1
1332,gyvRlCmjM2A,https://music.youtube.com/watch?v=gyvRlCmjM2A,Mgła,Exercises in Futility V,Mgła,Exercises in Futility V,Exercises in Futility,496,G,major,82,4/4,2d,manual_accept,1.0000,,GetSongBPM,PzGqvW,Exercises in Futility V,Mgła,https://getsongbpm.com/song/exercises-in-futility-v/PzGqvW,20,1
1333,XAJ47jr3h0U,https://music.youtube.com/watch?v=XAJ47jr3h0U,Егор Летов,Всё как у людей,Егор Летов,Всё как у людей,Вершки и корешки,257,,,,,,missing,,not_found,,,,,,,
1334,GY8hbWW8Cfg,https://music.youtube.com/watch?v=GY8hbWW8Cfg,Егор Летов,Колыбельная,Егор Летов,Колыбельная,Вершки и корешки,88,,,,,,missing,,not_found,,,,,,,
1335,UdgAHSGvIAg,https://music.youtube.com/watch?v=UdgAHSGvIAg,Егор Летов,Иуда будет в раю,Егор Летов,Иуда будет в раю,Вершки и корешки,108,,,,,,missing,,not_found,,,,,,,
1336,T0dUUXaM0Xk,https://music.youtube.com/watch?v=T0dUUXaM0Xk,Егор Летов,Как листовка,Егор Летов,Как листовка,Вершки и корешки,173,,,,,,missing,,not_found,,,,,,,
1337,1riHV-aLO8Q,https://music.youtube.com/watch?v=1riHV-aLO8Q,Егор Летов,Философская песня о пуле,Егор Летов,Философская песня о пуле,Вершки и корешки,161,,,,,,missing,,not_found,,,,,,,
1340,vBdiuFMScc4,https://music.youtube.com/watch?v=vBdiuFMScc4,Егор Летов,Государство,Егор Летов,Государство,Вершки и корешки,112,,,,,,missing,,not_found,,,,,,,
1341,7hhV4nrs7gk,https://music.youtube.com/watch?v=7hhV4nrs7gk,Loreena McKennitt,The Mystic's Dream,Loreena McKennitt,The Mystic's Dream,The Mask and Mirror,464,G,major,112,4/4,2d,matched,1.0000,,GetSongBPM,ADMmzB,The Mystic's Dream,Loreena McKennitt,https://getsongbpm.com/song/the-mystic-s-dream/ADMmzB,30,67
1342,FiApCJWwgOs,https://music.youtube.com/watch?v=FiApCJWwgOs,Sting,Desert Rose (feat. Cheb Mami),Sting,Desert Rose (feat. Cheb Mami),Brand New Day,286,C,minor,111,4/4,10m,matched,1.0000,,GetSongBPM,KOR5z,Desert Rose,Sting,https://getsongbpm.com/song/desert-rose/KOR5z,59,2
1343,KP_fR-Uh4OI,https://music.youtube.com/watch?v=KP_fR-Uh4OI,System Of A Down,Violent Pornography,System Of A Down,Violent Pornography,Mezmerize,212,F#,major,144,4/4,7d,matched,1.0000,,GetSongBPM,wov6g,Violent Pornography,System of a Down,https://getsongbpm.com/song/violent-pornography/wov6g,46,3
1345,Ph8Qt3DHVwo,https://music.youtube.com/watch?v=Ph8Qt3DHVwo,System Of A Down,ATWA,System Of A Down,ATWA,Toxicity,177,F,minor,87,4/4,9m,matched,1.0000,,GetSongBPM,RwPyO,ATWA,System of a Down,https://getsongbpm.com/song/atwa/RwPyO,38,1
1350,-W0aJf5rjEk,https://music.youtube.com/watch?v=-W0aJf5rjEk,Батюшка,Песнь 2,Батюшка,Песнь 2,Панихида,461,,minor,,,,matched,0.9413,,GetSongBPM,NOlZMp,Песнь 2,Батюшка,https://getsongbpm.com/song/pesn-2/NOlZMp,,
1351,pqfZIDFi6Bc,https://music.youtube.com/watch?v=pqfZIDFi6Bc,Mgła,Exercises in Futility VI,Mgła,Exercises in Futility VI,Exercises in Futility,530,G,minor,150,4/4,11m,manual_accept,1.0000,,GetSongBPM,RPXvxK,Exercises in Futility VI,Mgła,https://getsongbpm.com/song/exercises-in-futility-vi/RPXvxK,31,1
1352,0sHvlvEJls0,https://music.youtube.com/watch?v=0sHvlvEJls0,System Of A Down,Question! live【Rock In Rio 2011 | 60fpsHD】,ObeyYourSysteM,System Of A Down - Question! live【Rock In Rio 2011 | 60fpsᴴᴰ】,,261,,,,,,missing,,not_found,,,,,,,
1353,P_zvs5Si1ZE,https://music.youtube.com/watch?v=P_zvs5Si1ZE,System Of A Down,Question! - live @ Rock am Ring 2011,Sebo8919,System Of A Down - Question! - live @ Rock am Ring 2011 HD,,256,,,,,,missing,,not_found,,,,,,,
1354,MWzeCcQqFyM,https://music.youtube.com/watch?v=MWzeCcQqFyM,Michael Thomas Connolly,Hallelujah,Michael Thomas Connolly,Hallelujah,Hallelujah,169,,,,,,missing,,manual_reject_broader,,,,,,,
1356,d7lbzUUXj0k,https://music.youtube.com/watch?v=d7lbzUUXj0k,Radiohead,Black Star,Radiohead,Black Star,The Bends,248,G,major,158,4/4,2d,matched,1.0000,,GetSongBPM,AD0R1,Black Star,Radiohead,https://getsongbpm.com/song/black-star/AD0R1,29,1
1357,2y6kop0VTXY,https://music.youtube.com/watch?v=2y6kop0VTXY,Radiohead,Street Spirit (Fade Out),Radiohead,Street Spirit (Fade Out),The Bends,254,A,minor,69,4/4,1m,matched,1.0000,,GetSongBPM,DkmXY,Street Spirit (Fade Out),Radiohead,https://getsongbpm.com/song/street-spirit-fade-out/DkmXY,49,32
1359,e0YW5ZpQWsM,https://music.youtube.com/watch?v=e0YW5ZpQWsM,System Of A Down,Lost In Hollywood live (HD/DVD Quality),ObeyYourSysteM,System Of A Down - Lost In Hollywood live (HD/DVD Quality),,351,,,,,,missing,,manual_reject_broader,,,,,,,
1360,8wObL_vXmk0,https://music.youtube.com/watch?v=8wObL_vXmk0,System Of A Down,Lost In Hollywood LIVE【Rock In Rio 2015 | 60fpsHD】,ObeyYourSysteM,System Of A Down - Lost In Hollywood LIVE【Rock In Rio 2015 | 60fpsᴴᴰ】,,332,,,,,,missing,,not_found,,,,,,,
1361,QevMTQTPhjg,https://music.youtube.com/watch?v=QevMTQTPhjg,Океан Ельзи,Мить,Океан Ельзи,Мить,Без меж,313,,,,,,missing,,not_found,,,,,,,
1362,NCt5LqvZKbM,https://music.youtube.com/watch?v=NCt5LqvZKbM,Fear Factory,Linchpin,Fear Factory,Linchpin,Digimortal,205,C,major,111,4/4,1d,matched,1.0000,,GetSongBPM,28M4z,Linchpin,Fear Factory,https://getsongbpm.com/song/linchpin/28M4z,70,1
1364,DLi25fgVuRs,https://music.youtube.com/watch?v=DLi25fgVuRs,Renée Fleming; London Philharmonic Orchestra; Sir Charles Mackerras; Giacomo Puccini,Puccini: Gianni Schicchi: O mio babbino caro,Renée Fleming; London Philharmonic Orchestra; Sir Charles Mackerras; Giacomo Puccini,Puccini: Gianni Schicchi: O mio babbino caro,Renée Fleming,173,,,,,,missing,,not_found,,,,,,,
1365,70qPvCKU_m4,https://music.youtube.com/watch?v=70qPvCKU_m4,Rotting christ,Χ Ξ Σ (666),Rotting christ,Χ Ξ Σ (666),Kata Ton Daimona Eaytoy (Do What Thou Wilt),349,,,,,,missing,,not_found,,,,,,,
1366,yEeXq5Rn320,https://music.youtube.com/watch?v=yEeXq5Rn320,Advent Sorrow,Pestilence Shall Come,Advent Sorrow,Pestilence Shall Come,Pestilence Shall Come,354,C#,minor,149,4/4,5m,matched,0.9422,,GetSongBPM,r2joR6,Pestilence Shall Come,Advent Sorrow,https://getsongbpm.com/song/pestilence-shall-come/r2joR6,12,1
1367,RlBVgsZ6Y-w,https://music.youtube.com/watch?v=RlBVgsZ6Y-w,Mastodon,Steambreather,Mastodon,Steambreather,Emperor of Sand,304,D,major,165,4/4,3d,matched,1.0000,,GetSongBPM,PjL9Bn,Steambreather,Mastodon,https://getsongbpm.com/song/steambreather/PjL9Bn,36,1
1369,cvV2cWyQ9ls,https://music.youtube.com/watch?v=cvV2cWyQ9ls,Дмитро Гнатюк,Два Кольори (1966),Дмитро Гнатюк,Два Кольори (1966),"Шедеври Української Естради: Два Кольори, Vol. 2",256,,,,,,missing,,not_found,,,,,,,
1371,Oy39gZzS2m8,https://music.youtube.com/watch?v=Oy39gZzS2m8,The Minions,I Swear,The Minions,I Swear,Despicable Me 2 (Original Motion Picture Soundtrack),99,G,major,85,,,manual_entry,1.0000,,manual,,,,,,
1372,XTEMDTVGiKE,https://music.youtube.com/watch?v=XTEMDTVGiKE,Дмитро Гнатюк,Рідна мати моя (Пісня про рушник),Українська естрада,Дмитро Гнатюк - Рідна мати моя (Пісня про рушник),,288,,,,,,missing,,not_found,,,,,,,
1373,2whmcxjH-k8,https://music.youtube.com/watch?v=2whmcxjH-k8,Blackhelm,One Thousand Years,Blackhelm,One Thousand Years,Dark Clouds of the Inferno,151,B,major,180,,,manual_entry,1.0000,,manual,,,,,,
1374,XT-4NaqJTb8,https://music.youtube.com/watch?v=XT-4NaqJTb8,Dimmu Borgir,Interdimensional Summit,Dimmu Borgir,Interdimensional Summit,Eonian,280,F#,major,141,3/4,7d,matched,1.0000,,GetSongBPM,VvLkjX,Interdimensional Summit,Dimmu Borgir,https://getsongbpm.com/song/interdimensional-summit/VvLkjX,44,1
1375,hdbHnKoEzUc,https://music.youtube.com/watch?v=hdbHnKoEzUc,PATRIARKH,Pierwyj Czas,PATRIARKH,Pierwyj Czas,Hospodi,278,,,,,,missing,,not_found,,,,,,,
1377,JM0VKVa_aRo,https://music.youtube.com/watch?v=JM0VKVa_aRo,Urfaust,Meditatum II,Urfaust,Meditatum II,Empty Space Meditation,598,,,,,,missing,,not_found,,,,,,,
1378,MY2DF1KVatM,https://music.youtube.com/watch?v=MY2DF1KVatM,PATRIARKH,Liturgiya,PATRIARKH,Liturgiya,Hospodi,393,,,,,,missing,,not_found,,,,,,,
1379,5uu8HewYlMA,https://music.youtube.com/watch?v=5uu8HewYlMA,Batushka,Yekteniya VIII,Batushka,Yekteniya VIII,Litourgiya,310,,,,,,missing,,not_found,,,,,,,
1380,IeJeAB-F0Rw,https://music.youtube.com/watch?v=IeJeAB-F0Rw,Batushka,Yekteniya VI,Batushka,Yekteniya VI,Litourgiya,254,,,,,,missing,,not_found,,,,,,,
1381,XCMNqKuuFC4,https://music.youtube.com/watch?v=XCMNqKuuFC4,Batushka,Yekteniya I,Batushka,Yekteniya I,Litourgiya,346,,,,,,missing,,not_found,,,,,,,
1382,6lZUwd7rmOE,https://music.youtube.com/watch?v=6lZUwd7rmOE,Batushka,Yekteníya 5,Batushka,Yekteníya 5,Litourgiya,361,,minor,,,,matched,1.0000,,GetSongBPM,vQD8JV,Yekteníya 5,Batushka,https://getsongbpm.com/song/yekteniya-5/vQD8JV,,
1383,o_rKSTh6ViE,https://music.youtube.com/watch?v=o_rKSTh6ViE,Batushka,Yekteniya IV,Batushka,Yekteniya IV,Litourgiya,320,,,,,,missing,,not_found,,,,,,,
1384,xxdzwpoIZPA,https://music.youtube.com/watch?v=xxdzwpoIZPA,Batushka,Yekteniya II,Batushka,Yekteniya II,Litourgiya,263,,,,,,missing,,not_found,,,,,,,
1385,DHmZ88ybPtI,https://music.youtube.com/watch?v=DHmZ88ybPtI,Batushka,Yekteniya III,Batushka,Yekteniya III,Litourgiya,292,,,,,,missing,,not_found,,,,,,,
1386,Xe-O-ExvIfs,https://music.youtube.com/watch?v=Xe-O-ExvIfs,Tatiana Serjan; Pyotr Ilyich Tchaikovsky,"Pique dame, Op. 68, TH 10, Act III: Act III Scene 6: Uzh polnoch blizitsya - Akh! Istomilas ya gorem (Lisa)",Tatiana Serjan; Pyotr Ilyich Tchaikovsky,"Pique dame, Op. 68, TH 10, Act III: Act III Scene 6: Uzh polnoch blizitsya - Akh! Istomilas ya gorem (Lisa)","Tchaikovsky: Pique dame, Op. 68 (Live)",350,,,,,,missing,,not_found,,,,,,,
1387,hzE5XBoVpJc,https://music.youtube.com/watch?v=hzE5XBoVpJc,Jennifer Larmore; René Jacobs; Concerto Köln; George Frideric Handel,"Giulio Cesare in Egitto, HWV 17, Atto III, Scena 4: ""Dall' ondoso"" & ""Aure, deh, per pietà",Jennifer Larmore; René Jacobs; Concerto Köln; George Frideric Handel,"Giulio Cesare in Egitto, HWV 17, Atto III, Scena 4: ""Dall' ondoso"" & ""Aure, deh, per pietà""",Handel: Giulio Cesare in Egitto,725,,,,,,missing,,not_found,,,,,,,
1388,JR6DH8Msf-w,https://music.youtube.com/watch?v=JR6DH8Msf-w,Rafael Frühbeck de Burgos; Georges Bizet,"Carmen, Act 1: ""Quand je vous aimerai ?"" - Habanera. ""L'amour est un oiseau rebelle"" (Carmen, Chœur) (feat. Choeur du Théâtre National de l'Opéra de Paris & Grace Bumbry)",Rafael Frühbeck de Burgos; Georges Bizet,"Carmen, Act 1: ""Quand je vous aimerai ?"" - Habanera. ""L'amour est un oiseau rebelle"" (Carmen, Chœur) (feat. Choeur du Théâtre National de l'Opéra de Paris & Grace Bumbry)",Bizet: Carmen (Highlights),295,,,,,,missing,,not_found,,,,,,,
1389,A4ud4WxXTEk,https://music.youtube.com/watch?v=A4ud4WxXTEk,Христина Соловій,Тримай,Христина Соловій,Тримай,Жива вода,209,,,,,,missing,,not_found,,,,,,,
1390,NqxhVhvHdX8,https://music.youtube.com/watch?v=NqxhVhvHdX8,William Maranci Mashups,Pizza Balloon Vol. II (FULL MIXTAPE),William Maranci Mashups,William Maranci - Pizza Balloon Vol. II (FULL MIXTAPE),,2970,,,,,,missing,,not_found,,,,,,,
1392,PwXBA6XTAUY,https://music.youtube.com/watch?v=PwXBA6XTAUY,Andrea Bocelli; Jennifer Lopez,"Quizás, Quizás, Quizás",Andrea Bocelli; Jennifer Lopez,"Quizás, Quizás, Quizás",Passione,198,E,minor,112,4/4,2m,matched,1.0000,,GetSongBPM,l53A5V,"Quizás, quizás, quizás",Andrea Bocelli,https://getsongbpm.com/song/quizas-quizas-quizas/l53A5V,61,88
1394,Z5pjO907UG0,https://music.youtube.com/watch?v=Z5pjO907UG0,Luciano Pavarotti; National Philharmonic Orchestra; Giancarlo Chiaramello,De Curtis: Torna a Surriento (Arr. Chiaramello),Luciano Pavarotti; National Philharmonic Orchestra; Giancarlo Chiaramello,De Curtis: Torna a Surriento (Arr. Chiaramello),Pavarotti - The Greatest Hits,265,,,,,,missing,,not_found,,,,,,,
1395,1SevF1IlHCI,https://music.youtube.com/watch?v=1SevF1IlHCI,Luciano Pavarotti; Giacomo Puccini,"Tosca: Tosca, Act III: E lucevan le stelle",Luciano Pavarotti; Giacomo Puccini,"Tosca: Tosca, Act III: E lucevan le stelle",Verdi: Rigoletto (Live),174,,,,,,missing,,manual_reject_broader,,,,,,,
1396,13yJ1ZdxHAk,https://music.youtube.com/watch?v=13yJ1ZdxHAk,"Plácido Domingo, Bebu Silvetti, & The VVC Symphonic Orchestra",La malagueña,"Plácido Domingo, Bebu Silvetti, & The VVC Symphonic Orchestra",La malagueña,Plácido Domingo - The Latin Album Collection,231,D,minor,100,3/4,12m,matched,0.9283,,GetSongBPM,Q6gJq,La malagueña,Plácido Domingo,https://getsongbpm.com/song/la-malaguena/Q6gJq,46,84
1397,lHoYk2mRuSQ,https://music.youtube.com/watch?v=lHoYk2mRuSQ,Luciano Pavarotti; Tom Krause; Pier Francesco Poli; Piero de Palma,"Puccini: Turandot, Act III: Nessun dorma – Tu che guardi le stelle",Luciano Pavarotti; Tom Krause; Pier Francesco Poli; Piero de Palma,"Puccini: Turandot, Act III: Nessun dorma – Tu che guardi le stelle",Puccini: Turandot,403,,,,,,missing,,not_found,,,,,,,
1398,t3s-r18MLDI,https://music.youtube.com/watch?v=t3s-r18MLDI,Luciano Pavarotti; Mariah Carey,Hero,Luciano Pavarotti; Mariah Carey,Hero,Pavarotti - The Greatest Hits,261,,,,,,missing,,manual_reject_broader,,,,,,,
1399,R2xPqfD54F4,https://music.youtube.com/watch?v=R2xPqfD54F4,Luciano Pavarotti; National Philharmonic Orchestra; Giancarlo Chiaramello,"Di Capua, Mazzucchi: 'O sole mio (Orch. Chiaramello)",Luciano Pavarotti; National Philharmonic Orchestra; Giancarlo Chiaramello,"Di Capua, Mazzucchi: 'O sole mio (Orch. Chiaramello)",Luciano Pavarotti - O Sole Mio - Favourite Neapolitan Songs,205,,,,,,missing,,not_found,,,,,,,
1400,5ZQtRCcBy4A,https://music.youtube.com/watch?v=5ZQtRCcBy4A,Luciano Pavarotti,"Nel blu, dipinto di blu (Volare)",Luciano Pavarotti,"Nel blu, dipinto di blu (Volare)",Pavarotti - The Greatest Hits,208,,,,,,missing,,manual_reject_broader,,,,,,,
1404,TM87DMK-q4o,https://music.youtube.com/watch?v=TM87DMK-q4o,Meshuggah,They Move Below,Meshuggah,They Move Below,Immutable,576,,,,,,missing,,not_found,,,,,,,
1405,uDtgnYZsw7A,https://music.youtube.com/watch?v=uDtgnYZsw7A,Dio,Holy Diver,Dio,Holy Diver,Holy Diver (Deluxe Edition),351,C,minor,92,4/4,10m,matched,0.9904,,GetSongBPM,JqvOD,Holy Diver,Dio,https://getsongbpm.com/song/holy-diver/JqvOD,48,7
1406,_YOhKnPq4lU,https://music.youtube.com/watch?v=_YOhKnPq4lU,Meshuggah,Dancers to a Discordant System,Meshuggah,Dancers to a Discordant System,ObZen,577,G,minor,88,3/4,11m,matched,1.0000,,GetSongBPM,XDWQAV,Dancers to a Discordant System,Meshuggah,https://getsongbpm.com/song/dancers-to-a-discordant-system/XDWQAV,17,1
1407,NDstOkt5ibo,https://music.youtube.com/watch?v=NDstOkt5ibo,Meshuggah,Do Not Look Down,Meshuggah,Do Not Look Down,Koloss,284,C#,major,161,4/4,8d,matched,1.0000,,GetSongBPM,W7wr8Q,Do Not Look Down,Meshuggah,https://getsongbpm.com/song/do-not-look-down/W7wr8Q,47,1
1408,_It_k1Ftj1I,https://music.youtube.com/watch?v=_It_k1Ftj1I,Queensrÿche,I Don't Believe In Love (Remastered 2003),Queensrÿche,I Don't Believe In Love (Remastered 2003),Operation: Mindcrime (Deluxe Edition),264,G,major,118,4/4,2d,matched,0.9208,,GetSongBPM,D6w3K,I Don't Believe in Love,Queensrÿche,https://getsongbpm.com/song/i-don-t-believe-in-love/D6w3K,57,4
1409,ZeB4e87tkw4,https://music.youtube.com/watch?v=ZeB4e87tkw4,Anima Tempo,Deceitful Idols,Anima Tempo,Deceitful Idols,Deceitful Idols,332,,,,,,missing,,not_found,,,,,,,
1410,_Ebo0ngI4Qk,https://music.youtube.com/watch?v=_Ebo0ngI4Qk,Gojira,Born For One Thing,Gojira,Born For One Thing,Fortitude,261,A,major,146,,,manual_entry,1.0000,,manual,,,,,,
1412,75XGMVRDj_A,https://music.youtube.com/watch?v=75XGMVRDj_A,ТІК,Олені,ТІК,Олені,Літерадура,173,,,,,,missing,,not_found,,,,,,,
1414,UKmbZb2Yxcc,https://music.youtube.com/watch?v=UKmbZb2Yxcc,Океан Ельзи,Квітка,Океан Ельзи,Квітка,Модель,255,,,,,,missing,,not_found,,,,,,,
1415,85-6op3kt_g,https://music.youtube.com/watch?v=85-6op3kt_g,The Platters,Only You (And You Alone),The Platters,Only You (And You Alone),Highlights From The Soundtrack Of American Graffiti,162,D#,major,80,,,manual_entry,1.0000,,manual,,,,,,
1416,xt8XQLvKBUs,https://music.youtube.com/watch?v=xt8XQLvKBUs,Elvis Presley,Suspicious Minds,Elvis Presley,Suspicious Minds,Elvis 30 #1 Hits,273,G,major,117,4/4,2d,manual_accept,0.9576,,GetSongBPM,r2JJWp,Suspicious Minds,Elvis Presley,https://getsongbpm.com/song/suspicious-minds/r2JJWp,49,5
1418,4jA-_g_iSY0,https://music.youtube.com/watch?v=4jA-_g_iSY0,Foreigner,I Want to Know What Love Is (1999 Remaster),Foreigner,I Want to Know What Love Is (1999 Remaster),Agent Provocateur,305,F#,major,81,,,manual_entry,1.0000,,manual,,,,,,
1419,BHCkSIQQ0K4,https://music.youtube.com/watch?v=BHCkSIQQ0K4,Brian Eno; Bono; The Edge; Luciano Pavarotti,Miss Sarajevo (Live),Brian Eno; Bono; The Edge; Luciano Pavarotti,Miss Sarajevo (Live),Pavarotti & Friends Together For The Children Of Bosnia,383,,,,,,missing,,not_found,,,,,,,
1420,gd1l4Bj4WlA,https://music.youtube.com/watch?v=gd1l4Bj4WlA,Il Volo,Ti voglio tanto bene,Il Volo,Ti voglio tanto bene,,181,,,,,,missing,,manual_reject_broader,,,,,,,
1421,68bBh9zhD_8,https://music.youtube.com/watch?v=68bBh9zhD_8,Andrea Bocelli; Orchestra Sinfonica di Milano Giuseppe Verdi; Steven Mercurio,Ti Voglio Tanto Bene,Andrea Bocelli; Orchestra Sinfonica di Milano Giuseppe Verdi; Steven Mercurio,Ti Voglio Tanto Bene,Rarities,229,,,,,,missing,,manual_reject_broader,,,,,,,
1422,3TOzkCIaXjI,https://music.youtube.com/watch?v=3TOzkCIaXjI,Davy Jones Theme Suite,Hans Zimmer,Murat Kebir Toplar,Davy Jones Theme Suite - Hans Zimmer,,259,,,,,,missing,,not_found,,,,,,,
1423,QKx3bqrg4a4,https://music.youtube.com/watch?v=QKx3bqrg4a4,Mario Lanza; MGM Studio Orchestra,"Serenade (featured in ""The Student Prince"")",Mario Lanza; MGM Studio Orchestra,"Serenade (featured in ""The Student Prince"")",The Very Best of Mario Lanza,227,,,,,,missing,,manual_reject_broader,,,,,,,
1424,o21YLdIvlUs,https://music.youtube.com/watch?v=o21YLdIvlUs,Сплин,Выхода нет,Сплин,Выхода нет,Гранатовый альбом,228,,,,,,missing,,not_found,,,,,,,
1425,-L6RtIEUqGE,https://music.youtube.com/watch?v=-L6RtIEUqGE,Andrea Bocelli,Vivo Per Lei (feat. Giorgia),Andrea Bocelli,Vivo Per Lei (feat. Giorgia),The Best of Andrea Bocelli - 'Vivere',267,E,major,138,4/4,5d,matched,0.9208,,GetSongBPM,oQwEKB,Vivo per lei - Ich lebe für sie,Andrea Bocelli,https://getsongbpm.com/song/vivo-per-lei-ich-lebe-fuer-sie/oQwEKB,59,40
1426,V5QukAC-jqE,https://music.youtube.com/watch?v=V5QukAC-jqE,Rainbow,Catch The Rainbow,Rainbow,Catch The Rainbow,Ritchie Blackmore's Rainbow,397,E,minor,66,4/4,2m,matched,1.0000,,GetSongBPM,lxoy5,Catch the Rainbow,Rainbow,https://getsongbpm.com/song/catch-the-rainbow/lxoy5,32,19
1428,JKlYOUfviXM,https://music.youtube.com/watch?v=JKlYOUfviXM,Hozier,Take Me To Church,Hozier,Take Me To Church,Hozier,242,E,minor,128,4/4,2m,matched,1.0000,,GetSongBPM,wVvqLX,Take Me to Church,Hozier,https://getsongbpm.com/song/take-me-to-church/wVvqLX,57,64
1429,JEB6jiJ_RBI,https://music.youtube.com/watch?v=JEB6jiJ_RBI,Lorna Shore,Into the Earth,Lorna Shore,Into the Earth,Into the Earth,312,D#,major,145,,,manual_entry,1.0000,,manual,,,,,,
1430,BAV_wBzMqR4,https://music.youtube.com/watch?v=BAV_wBzMqR4,Александр Гум,Она ушла,Александр Гум,Она ушла,Она ушла,231,,,,,,missing,,not_found,,,,,,,
1431,5VxBq8BkYk8,https://music.youtube.com/watch?v=5VxBq8BkYk8,Violet Cold,Space Funeral,Violet Cold,Space Funeral,Kosmik,328,,minor,,,,matched,1.0000,,GetSongBPM,MoPPAm,Space Funeral,Violet Cold,https://getsongbpm.com/song/space-funeral/MoPPAm,,
1432,ZeMCX7Bgzkk,https://music.youtube.com/watch?v=ZeMCX7Bgzkk,"Günter Wehinger, Karin Nakagawa, Urs Wiesner, and Andrè Buser",Gnossienne 1,"Günter Wehinger, Karin Nakagawa, Urs Wiesner, and Andrè Buser",Gnossienne 1,Debussy…,260,,,,,,missing,,manual_reject_broader,,,,,,,
1433,cqc4uhlJ66E,https://music.youtube.com/watch?v=cqc4uhlJ66E,The Paris Musette,D'accord,The Paris Musette,D'accord,The Music Of France,154,F,major,98,,,manual_entry,1.0000,,manual,,,,,,
1434,LtrxncFfJdU,https://music.youtube.com/watch?v=LtrxncFfJdU,Al Marconi,Redemption,Al Marconi,Redemption,Insomnia,362,B,minor,160,,,manual_entry,1.0000,,manual,,,,,,
1435,AFoQ-wA7VBI,https://music.youtube.com/watch?v=AFoQ-wA7VBI,Luciano Pavarotti; Sting,When We Dance (Live),Luciano Pavarotti; Sting,When We Dance (Live),Pavarotti - The Greatest Hits,304,,,,,,missing,,manual_reject_broader,,,,,,,
1436,9Kr8Q454gv8,https://music.youtube.com/watch?v=9Kr8Q454gv8,Luciano Pavarotti; Orchestra del Teatro Comunale di Bologna,Caruso,Luciano Pavarotti; Orchestra del Teatro Comunale di Bologna,Caruso,Pavarotti - The Greatest Hits,321,G,minor,80,3/4,11m,manual_accept,0.9579,,GetSongBPM,6R8EzQ,Caruso,Luciano Pavarotti,https://getsongbpm.com/song/caruso/6R8EzQ,27,83
1437,m7XTePLCMHA,https://music.youtube.com/watch?v=m7XTePLCMHA,Вахид Аюбов,Опустилась ночь над Ленинградом,AlezTV,Вахид Аюбов  - Опустилась ночь над Ленинградом,,155,,,,,,missing,,not_found,,,,,,,
1439,eXILq9_rM7I,https://music.youtube.com/watch?v=eXILq9_rM7I,Blackhelm,Of Serpent and Stone,Blackhelm,Of Serpent and Stone,Dark Clouds of the Inferno,337,,,,,,missing,,not_found,,,,,,,
1440,k2mwbQj_wTc,https://music.youtube.com/watch?v=k2mwbQj_wTc,Luciano Pavarotti; Coro del Teatro Comunale di Bologna; Henry Mancini,De Curtis: Ti voglio tanto bene (Arr. Mancini),Luciano Pavarotti; Coro del Teatro Comunale di Bologna; Henry Mancini,De Curtis: Ti voglio tanto bene (Arr. Mancini),Volare,183,,,,,,missing,,not_found,,,,,,,
1441,rYe-d5wSgt8,https://music.youtube.com/watch?v=rYe-d5wSgt8,Тимерболат,Галерея памяти - Шахиды в судный день,Тимерболат,Галерея памяти - Шахиды в судный день,Инша Аллах1 сады нас ждут! 2001,460,,,,,,missing,,not_found,,,,,,,
1442,AqfwEGUuvrA,https://music.youtube.com/watch?v=AqfwEGUuvrA,Егор и Опизденевшие,Вечная весна,Егор и Опизденевшие,Вечная весна,Сто лет одиночества,412,,,,,,missing,,not_found,,,,,,,
1443,Rj_NUS9hwxA,https://music.youtube.com/watch?v=Rj_NUS9hwxA,Stevie Ray Vaughan & Double Trouble,Little Wing,Stevie Ray Vaughan & Double Trouble,Little Wing,Couldn't Stand The Weather (Legacy Edition),409,,,,,,missing,,manual_reject_broader,,,,,,,
1444,4K6cvc27_CE,https://music.youtube.com/watch?v=4K6cvc27_CE,Pink Floyd,Wish You Were Here,Pink Floyd,Wish You Were Here,Wish You Were Here,335,G,major,122,4/4,2d,manual_accept,1.0000,,GetSongBPM,l28lGV,Wish You Were Here,Pink Floyd,https://getsongbpm.com/song/wish-you-were-here/l28lGV,49,74
1445,0C58ttB2-Qg,https://music.youtube.com/watch?v=0C58ttB2-Qg,The Beatles,With A Little Help From My Friends (Remastered 2009),The Beatles,With A Little Help From My Friends (Remastered 2009),Sgt. Pepper's Lonely Hearts Club Band,165,E,major,112,4/4,5d,matched,0.9304,,GetSongBPM,W7DNZW,With a Little Help From My Friends,The Beatles,https://getsongbpm.com/song/with-a-little-help-from-my-friends/W7DNZW,71,37
1446,TRt4hQs3nH0,https://music.youtube.com/watch?v=TRt4hQs3nH0,Led Zeppelin,The Rain Song (Remaster),Led Zeppelin,The Rain Song (Remaster),Houses of the Holy (Deluxe Edition),460,C,major,80,,,manual_entry,1.0000,,manual,,,,,,
1447,nOJSmXSFCWk,https://music.youtube.com/watch?v=nOJSmXSFCWk,The Doors,When the Music's Over,The Doors,When the Music's Over,Strange Days,660,A,major,98,4/4,4d,matched,1.0000,,GetSongBPM,XoBq25,When the Music's Over,The Doors,https://getsongbpm.com/song/when-the-music-s-over/XoBq25,54,18
1448,DhMv5WVOli4,https://music.youtube.com/watch?v=DhMv5WVOli4,TOOL,Sober,TOOL,Sober,Undertow,307,D,minor,152,4/4,12m,matched,1.0000,,GetSongBPM,D9o23y,Sober,Tool,https://getsongbpm.com/song/sober/D9o23y,72,1
1449,nl0ax7LNNmk,https://music.youtube.com/watch?v=nl0ax7LNNmk,Друга Ріка,Три хвилини,Друга Ріка,Три хвилини,Денніч,224,,,,,,missing,,not_found,,,,,,,
1450,pQcLGG74N6E,https://music.youtube.com/watch?v=pQcLGG74N6E,Paul Anka,Fly Me to the Moon,Paul Anka,Fly Me to the Moon,Sings His Favorites,221,F,major,64,,,manual_entry,1.0000,,manual,,,,,,
1451,hK97cdbbsQw,https://music.youtube.com/watch?v=hK97cdbbsQw,James Brown & The Famous Flames,"It's A Man's, Man's, Man's World",James Brown & The Famous Flames,"It's A Man's, Man's, Man's World",It's A Man's Man's Man's World,168,G#,minor,80,3/4,6m,manual_accept_broader,0.9568,,GetSongBPM,n4V25,"It's A Man's, Man's, Man's World",James Brown,https://getsongbpm.com/song/it-s-a-man-s-man-s-man-s-world/n4V25,65,67
1453,gbSaNYCGoHI,https://music.youtube.com/watch?v=gbSaNYCGoHI,Константин Ступин,Когда я умер (Акустика 2014-2015),Константин Ступин,Когда я умер (Акустика 2014-2015),Не ваше дело в чём мне гулять,236,,,,,,missing,,not_found,,,,,,,
1456,orL-w2QBiN8,https://music.youtube.com/watch?v=orL-w2QBiN8,André Rieu,The Lonely Shepherd,André Rieu,André Rieu ft. Gheorghe Zamfir - The Lonely Shepherd,,340,,,,,,missing,,manual_reject_broader,,,,,,,
1457,I8A61eY1Efg,https://music.youtube.com/watch?v=I8A61eY1Efg,Pavarotti,Сaruso,noé èon,"Pavarotti ""caruso""",,319,,,,,,missing,,not_found,,,,,,,
1459,MPhq3C4friw,https://music.youtube.com/watch?v=MPhq3C4friw,Igorrr,Absolute Psalm,Igorrr,Absolute Psalm,Hallelujah,232,E,minor,159,4/4,2m,matched,1.0000,,GetSongBPM,KZDOoz,Absolute Psalm,Igorrr,https://getsongbpm.com/song/absolute-psalm/KZDOoz,29,1
1460,xDc26K8NmnA,https://music.youtube.com/watch?v=xDc26K8NmnA,Igorrr,Unpleasant Sonata,Igorrr,Unpleasant Sonata,Nostril,133,C#,major,112,3/4,8d,matched,1.0000,,GetSongBPM,48O0kx,Unpleasant Sonata,Igorrr,https://getsongbpm.com/song/unpleasant-sonata/48O0kx,59,1
1461,g-ZEqNKOC3Q,https://music.youtube.com/watch?v=g-ZEqNKOC3Q,Igorrr,Overweight Poesy,Igorrr,Overweight Poesy,Spirituality and Distortion,351,,minor,,,,matched,1.0000,,GetSongBPM,lRzvm5,Overweight Poesy,Igorrr,https://getsongbpm.com/song/overweight-poesy/lRzvm5,,
1462,XDHROtG2sXE,https://music.youtube.com/watch?v=XDHROtG2sXE,Igorrr,Very Noise,Igorrr,Very Noise,Spirituality and Distortion,108,C#,major,178,3/4,8d,matched,1.0000,,GetSongBPM,79jn7j,Very Noise,Igorrr,https://getsongbpm.com/song/very-noise/79jn7j,35,1
1463,AUPm-1FKLd8,https://music.youtube.com/watch?v=AUPm-1FKLd8,Igorrr,Viande,Igorrr,Viande,Savage Sinusoid,116,C#,major,74,3/4,8d,matched,1.0000,,GetSongBPM,vQAqoL,Viande,Igorrr,https://getsongbpm.com/song/viande/vQAqoL,46,1
1464,SLhFOMywgIc,https://music.youtube.com/watch?v=SLhFOMywgIc,Igorrr,Houmous,Igorrr,Houmous,Savage Sinusoid,212,F#,major,114,4/4,7d,matched,1.0000,,GetSongBPM,gpgYLD,Houmous,Igorrr,https://getsongbpm.com/song/houmous/gpgYLD,66,2
1465,Wu2nfnbF9wA,https://music.youtube.com/watch?v=Wu2nfnbF9wA,Igorrr,ieuD,Igorrr,ieuD,ieuD,236,D,major,89,4/4,3d,matched,0.9453,,GetSongBPM,w0B9mg,ieuD,Igorrr,https://getsongbpm.com/song/ieud/w0B9mg,44,1
1466,jYI1smPTq9A,https://music.youtube.com/watch?v=jYI1smPTq9A,Igorrr,Cheval,Igorrr,Cheval,Cheval,187,F,major,105,3/4,12d,matched,0.9352,,GetSongBPM,mqoRQn,Cheval,Igorrr,https://getsongbpm.com/song/cheval/mqoRQn,61,3
1467,kNafgdJ5K6g,https://music.youtube.com/watch?v=kNafgdJ5K6g,Igorrr,Downgrade Desert,Igorrr,Downgrade Desert,Spirituality and Distortion,264,,minor,,,,matched,1.0000,,GetSongBPM,576lEB,Downgrade Desert,Igorrr,https://getsongbpm.com/song/downgrade-desert/576lEB,,
1470,1U-1h0_ifOc,https://music.youtube.com/watch?v=1U-1h0_ifOc,Igorrr,Houmous recording,toinimilio,Igorrr - Houmous recording,,215,,,,,,missing,,not_found,,,,,,,
1471,0JqKAXeM88w,https://music.youtube.com/watch?v=0JqKAXeM88w,Helloween,Hold Me in Your Arms,Helloween,Hold Me in Your Arms,Straight out of Hell,313,A,minor,109,4/4,1m,matched,1.0000,,GetSongBPM,voP2qr,Hold Me in Your Arms,Helloween,https://getsongbpm.com/song/hold-me-in-your-arms/voP2qr,47,4
1472,b0_usJ7ghww,https://music.youtube.com/watch?v=b0_usJ7ghww,Helloween,Best Time,Helloween,Best Time,Helloween,216,E,minor,170,,,manual_entry,1.0000,,manual,,,,,,
1474,YmJIccPWnEk,https://music.youtube.com/watch?v=YmJIccPWnEk,Rainbow,Stargazer,Rainbow,Stargazer,Rising,507,G,major,178,4/4,2d,manual_accept,0.9304,,GetSongBPM,oZ5lLY,Stargazer - New York Mix,Rainbow,https://getsongbpm.com/song/stargazer-new-york-mix/oZ5lLY,16,18
1475,iDpAahKUNB4,https://music.youtube.com/watch?v=iDpAahKUNB4,Helloween,Keeper of the Seven Keys,Helloween,Keeper of the Seven Keys,"Keeper of the Seven Keys, Pt. 2 (Expanded Edition)",818,A,minor,126,4/4,1m,matched,0.9794,,GetSongBPM,1jkrR,Keeper of the Seven Keys,Helloween,https://getsongbpm.com/song/keeper-of-the-seven-keys/1jkrR,29,1
1477,QDYfEBY9NM4,https://music.youtube.com/watch?v=QDYfEBY9NM4,The Beatles,Let It Be (Remastered 2009),The Beatles,Let It Be (Remastered 2009),Let It Be,244,C,major,72,4/4,1d,matched,0.9304,,GetSongBPM,mwB9mO,Let It Be,The Beatles,https://getsongbpm.com/song/let-it-be/mwB9mO,45,64
1478,5wth9BScmGY,https://music.youtube.com/watch?v=5wth9BScmGY,Pink Floyd,Us and Them,Pink Floyd,Us and Them,The Dark Side of the Moon,470,D,major,72,4/4,3d,matched,1.0000,,GetSongBPM,661jz,Us and Them,Pink Floyd,https://getsongbpm.com/song/us-and-them/661jz,36,87
1479,5BUOdyGcJ8U,https://music.youtube.com/watch?v=5BUOdyGcJ8U,Nirvana,Come As You Are (Live),Nirvana,Come As You Are (Live),MTV Unplugged In New York,254,F,minor,119,,,manual_entry,1.0000,,manual,,,,,,
1480,pXBvuBSYaxc,https://music.youtube.com/watch?v=pXBvuBSYaxc,Nirvana,The Man Who Sold The World (Live),Nirvana,The Man Who Sold The World (Live),MTV Unplugged In New York,262,C#,minor,115,,,manual_entry,1.0000,,manual,,,,,,
1481,XvfImv9NseY,https://music.youtube.com/watch?v=XvfImv9NseY,Frank Sinatra,That's Life,Frank Sinatra,That's Life,That's Life,188,G,major,56,4/4,2d,matched,1.0000,,GetSongBPM,1V17R,That's Life,Frank Sinatra,https://getsongbpm.com/song/that-s-life/1V17R,46,46
1482,0bjB-IWEYI0,https://music.youtube.com/watch?v=0bjB-IWEYI0,Schubert,Serenade,Sergei Egorov,Schubert - Serenade,,382,C,major,91,4/4,1d,manual_accept,0.9568,,GetSongBPM,VPKmBo,Serenade,Franz Schubert,https://getsongbpm.com/song/serenade/VPKmBo,11,95
1483,ZK3_7nDmUh4,https://music.youtube.com/watch?v=ZK3_7nDmUh4,Mario Del Monaco,Un Amore Cosi Grande,Mario Del Monaco,Un Amore Cosi Grande,Le Canzoni Dei Ricordi Anni 50  Vol. 2 (Cd 2),269,E,major,116,,,manual_entry,1.0000,,manual,,,,,,
1484,a0jPTlUwqzE,https://music.youtube.com/watch?v=a0jPTlUwqzE,Mario Lanza; Franco Ferrara,Na sera 'e maggio (Redbook Stereo),Mario Lanza; Franco Ferrara,'Na sera 'e maggio (Redbook Stereo),Mario! Lanza At His Best + Vagabond King Highlights,203,,,,,,missing,,not_found,,,,,,,
1486,Z1rpgvxWPtQ,https://music.youtube.com/watch?v=Z1rpgvxWPtQ,"Luciano Pavarotti; Orchestra of the Royal Opera House, Covent Garden; Edward Downes; Giacomo Puccini","Puccini: Tosca, SC 69 / Act 3: ""E lucevan le stelle","Luciano Pavarotti; Orchestra of the Royal Opera House, Covent Garden; Edward Downes; Giacomo Puccini","Puccini: Tosca, SC 69 / Act 3: ""E lucevan le stelle""",Pavarotti - The Greatest Hits,175,,,,,,missing,,not_found,,,,,,,
1487,iD8WFIA5IaI,https://music.youtube.com/watch?v=iD8WFIA5IaI,Luciano Pavarotti; Wiener Volksopernorchester; Leone Magiera; Ruggero Leoncavallo,"Leoncavallo: Pagliacci / Act 1: ""Vesti la giubba",Luciano Pavarotti; Wiener Volksopernorchester; Leone Magiera; Ruggero Leoncavallo,"Leoncavallo: Pagliacci / Act 1: ""Vesti la giubba""",Pavarotti - The Greatest Hits,171,,,,,,missing,,manual_reject_broader,,,,,,,
1488,_wn-TsHJ5x4,https://music.youtube.com/watch?v=_wn-TsHJ5x4,Mudvayne,TV Radio,Mudvayne,TV Radio,Lost and Found,207,G#,major,176,4/4,9d,matched,1.0000,,GetSongBPM,74mQr,TV Radio,Mudvayne,https://getsongbpm.com/song/tv-radio/74mQr,42,1
1489,a1IuJLebHgM,https://music.youtube.com/watch?v=a1IuJLebHgM,Adele,When We Were Young,Adele,When We Were Young,25,291,D#,major,72,4/4,10d,matched,1.0000,,GetSongBPM,36jRkn,When We Were Young,Adele,https://getsongbpm.com/song/when-we-were-young/36jRkn,39,35
1490,BB42Xx3IP88,https://music.youtube.com/watch?v=BB42Xx3IP88,Kassia; Ludwig van Beethoven,Beethoven: Sonata No. 17 Tempest 3rd Movement,Kassia; Ludwig van Beethoven,Beethoven: Sonata No. 17 Tempest 3rd Movement,Beethoven: Sonata No. 17 Tempest 3rd Movement,415,,,,,,missing,,not_found,,,,,,,
1491,xxsvTvDQKMY,https://music.youtube.com/watch?v=xxsvTvDQKMY,Joe Hisaishi,Merry-Go-Round of Life (from 'Howl's Moving Castle'),Joe Hisaishi,Merry-Go-Round of Life (from 'Howl's Moving Castle'),FREEDOM PIANO STORIES 4,312,G,minor,72,,,manual_entry,1.0000,,manual,,,,,,
1492,Qxxum5ungsA,https://music.youtube.com/watch?v=Qxxum5ungsA,System Of A Down,Tentative,System Of A Down,Tentative,Hypnotize,217,C#,minor,158,4/4,5m,matched,1.0000,,GetSongBPM,WPGXkX,Tentative,System of a Down,https://getsongbpm.com/song/tentative/WPGXkX,31,5
1493,8gDJglYeCDU,https://music.youtube.com/watch?v=8gDJglYeCDU,System Of A Down,Stealing Society,System Of A Down,Stealing Society,Hypnotize,178,D,major,93,4/4,3d,matched,0.9304,,GetSongBPM,VvEKg9,Stealing Society - Explicit Album Version,System of a Down,https://getsongbpm.com/song/stealing-society-explicit-album-version/VvEKg9,28,1
1494,JXFtLaWXIY0,https://music.youtube.com/watch?v=JXFtLaWXIY0,System Of A Down,Soldier Side,System Of A Down,Soldier Side,Hypnotize,221,C#,minor,153,4/4,5m,matched,1.0000,,GetSongBPM,36APBn,Soldier Side,System of a Down,https://getsongbpm.com/song/soldier-side/36APBn,29,27
1495,N-oERBst8L0,https://music.youtube.com/watch?v=N-oERBst8L0,Sibylle Baier,I Lost Something in the Hills,Sibylle Baier,I Lost Something in the Hills,Colour Green,209,G#,major,117,3/4,9d,matched,1.0000,,GetSongBPM,0RLMB7,I Lost Something in the Hills,Sibylle Baier,https://getsongbpm.com/song/i-lost-something-in-the-hills/0RLMB7,64,97
1496,2e-YhPmLfMI,https://music.youtube.com/watch?v=2e-YhPmLfMI,Kassia,Chopin: Waltz Op. 64 No. 2,Kassia,Chopin: Waltz Op. 64 No. 2,Chopin: Waltz Op. 64 No. 2,232,,,,,,missing,,manual_reject_broader,,,,,,,
1497,r0EGDymiDms,https://music.youtube.com/watch?v=r0EGDymiDms,Kassia,Chopin: Nocturne Op. 27 No. 2,Kassia,Chopin: Nocturne Op. 27 No. 2,Chopin: Nocturne Op. 27 No. 2,353,,,,,,missing,,not_found,,,,,,,
1498,fRQg_9ulGuI,https://music.youtube.com/watch?v=fRQg_9ulGuI,Lana Del Rey,Summertime Sadness,Lana Del Rey,Summertime Sadness,Born To Die - The Paradise Edition (Special Version),265,C#,minor,61,4/4,5m,matched,0.9904,,GetSongBPM,W7RqRn,Summertime Sadness,Lana Del Rey,https://getsongbpm.com/song/summertime-sadness/W7RqRn,57,2
1499,hqQeRUg6U3w,https://music.youtube.com/watch?v=hqQeRUg6U3w,Lana Del Rey,Blue Jeans,Lana Del Rey,Blue Jeans,Born To Die - The Paradise Edition,210,D#,major,117,4/4,10d,matched,0.9208,,GetSongBPM,L8RJ2j,Blue Jeans (remastered),Lana Del Rey,https://getsongbpm.com/song/blue-jeans-remastered/L8RJ2j,56,44
1500,pvP_YJTpt44,https://music.youtube.com/watch?v=pvP_YJTpt44,System Of A Down,Hypnotize,System Of A Down,Hypnotize,Hypnotize,190,F#,major,153,4/4,7d,matched,1.0000,,GetSongBPM,RlzD20,Hypnotize,System of a Down,https://getsongbpm.com/song/hypnotize/RlzD20,28,4
1501,Ej66mw0rmuY,https://music.youtube.com/watch?v=Ej66mw0rmuY,Beware Of Darkness,Muthafucka,Beware Of Darkness,Muthafucka,Are You Real?,213,A,major,139,4/4,4d,matched,1.0000,,GetSongBPM,6WwqmV,Muthafucka,Beware of Darkness,https://getsongbpm.com/song/muthafucka/6WwqmV,36,1
1502,2MgEIaqZanM,https://music.youtube.com/watch?v=2MgEIaqZanM,Beware Of Darkness,Howl,Beware Of Darkness,Howl,Orthodox,244,D,major,90,4/4,3d,matched,1.0000,,GetSongBPM,PZPn2z,Howl,Beware of Darkness,https://getsongbpm.com/song/howl/PZPn2z,24,1
1503,GL_SEtGA1ag,https://music.youtube.com/watch?v=GL_SEtGA1ag,Ozzy Osbourne,"Mama, I'm Coming Home",Ozzy Osbourne,"Mama, I'm Coming Home",No More Tears (Expanded Edition),252,D#,major,72,4/4,10d,matched,0.9904,,GetSongBPM,voNGr,"Mama, I'm Coming Home",Ozzy Osbourne,https://getsongbpm.com/song/mama-i-m-coming-home/voNGr,29,2
1504,otaO29ug5tA,https://music.youtube.com/watch?v=otaO29ug5tA,Blackhelm,The Infinite Void,Blackhelm,The Infinite Void,The Infinite Void,213,G#,minor,95,,,manual_entry,1.0000,,manual,,,,,,
1506,tckx3AM44dk,https://music.youtube.com/watch?v=tckx3AM44dk,Grim Cat Piano,After Dark (Piano Version),Grim Cat Piano,After Dark (Piano Version),After Dark (Piano Version),233,G,minor,128,,,manual_entry,1.0000,,manual,,,,,,
1507,tevtn3KCNc8,https://music.youtube.com/watch?v=tevtn3KCNc8,Behemoth,Messe Noire,Behemoth,Messe Noire,The Satanist,245,G#,major,125,4/4,9d,matched,1.0000,,GetSongBPM,WLmOXo,Messe Noire,Behemoth,https://getsongbpm.com/song/messe-noire/WLmOXo,18,1
1508,jsM0Gtdfj7U,https://music.youtube.com/watch?v=jsM0Gtdfj7U,Static-X,Hypure,Static-X,Hypure,Cult of Static,256,F,major,141,4/4,12d,manual_accept_broader,0.9760,,GetSongBPM,kZxP16,Hypure,Static‐X,https://getsongbpm.com/song/hypure/kZxP16,75,1
1509,d0fuPEOkKRQ,https://music.youtube.com/watch?v=d0fuPEOkKRQ,Adele,To Be Loved,Adele,To Be Loved,30,404,G#,major,170,,,manual_entry,1.0000,,manual,,,,,,
1510,jb5g4UFHmfQ,https://music.youtube.com/watch?v=jb5g4UFHmfQ,Adele,All I Ask,Adele,All I Ask,25,272,E,major,70,4/4,5d,matched,1.0000,,GetSongBPM,99p6q4,All I Ask,Adele,https://getsongbpm.com/song/all-i-ask/99p6q4,59,89
1512,6_mdXb6JDLI,https://music.youtube.com/watch?v=6_mdXb6JDLI,Adele,Oh My God,Adele,Oh My God,30,226,C#,major,88,,,manual_entry,1.0000,,manual,,,,,,
1513,XqoanTj5pNY,https://music.youtube.com/watch?v=XqoanTj5pNY,Adele,Someone Like You,Adele,Someone Like You,21,286,A,major,67,4/4,4d,matched,1.0000,,GetSongBPM,wm670M,Someone Like You,Adele,https://getsongbpm.com/song/someone-like-you/wm670M,56,90
1514,bv0tiE3-YlA,https://music.youtube.com/watch?v=bv0tiE3-YlA,Static-X,Just in Case,Static-X,Just in Case,Start a War,265,F,minor,160,4/4,9m,manual_accept_broader,0.9760,,GetSongBPM,05jQ3,Just In Case,Static‐X,https://getsongbpm.com/song/just-in-case/05jQ3,55,1
1515,JwovnullOQ0,https://music.youtube.com/watch?v=JwovnullOQ0,Static-X,Terminal,Static-X,Terminal,Cult of Static,218,,,,,,missing,,manual_reject_broader,,,,,,,
1516,8w2hfi-ANGw,https://music.youtube.com/watch?v=8w2hfi-ANGw,Static-X,Invincible,Static-X,Invincible,Shadow Zone,246,C#,major,119,4/4,8d,manual_accept_broader,0.9760,,GetSongBPM,pLvZQ,Invincible,Static‐X,https://getsongbpm.com/song/invincible/pLvZQ,61,1
1517,z4TSyDavOqI,https://music.youtube.com/watch?v=z4TSyDavOqI,Static-X,Dead Souls,Static-X,Dead Souls,"Project Regeneration, Vol. 1",285,,,,,,missing,,manual_reject_broader,,,,,,,
1518,bwtuLUBj1Ec,https://music.youtube.com/watch?v=bwtuLUBj1Ec,Static-X,I Am,Static-X,I Am,Wisconsin Death Trip,168,A#,minor,145,4/4,8m,manual_accept_broader,0.9760,,GetSongBPM,BgW3o,I Am,Static‐X,https://getsongbpm.com/song/i-am/BgW3o,61,1
1519,Uuxihau-x2s,https://music.youtube.com/watch?v=Uuxihau-x2s,Static-X,This Is Not,Static-X,This Is Not,Machine,178,E,minor,159,4/4,2m,manual_accept_broader,0.9760,,GetSongBPM,ywlxW,This Is Not,Static‐X,https://getsongbpm.com/song/this-is-not/ywlxW,41,1
1520,Xdm1k2RjO4g,https://music.youtube.com/watch?v=Xdm1k2RjO4g,Static-X,Destroyer,Static-X,Destroyer,Cannibal,166,D#,major,134,,,manual_entry,1.0000,,manual,,,,,,
1522,duEzMp0ZhEA,https://music.youtube.com/watch?v=duEzMp0ZhEA,Dope,You Spin Me Round (Like a Record),Dope,You Spin Me Round (Like a Record),Felons And Revolutionaries,164,,,,,,missing,,manual_reject_broader,,,,,,,
1524,O-5DOjAoq3k,https://music.youtube.com/watch?v=O-5DOjAoq3k,"Пьеха Стас, Григорий Лепс",Она не твоя,"Пьеха Стас, Григорий Лепс",Она не твоя,Лепс Г. Водопад,219,,,,,,missing,,not_found,,,,,,,
1526,oSyDuBGRa3w,https://music.youtube.com/watch?v=oSyDuBGRa3w,Lana Del Rey,Ride,Lana Del Rey,Ride,Born To Die - The Paradise Edition,290,,,,,,missing,,manual_reject_broader,,,,,,,
1527,pB8Yrt2x9KA,https://music.youtube.com/watch?v=pB8Yrt2x9KA,Lana Del Rey,Dealer,Lana Del Rey,Dealer,Blue Banisters,275,C,minor,130,,,manual_entry,1.0000,,manual,,,,,,
1530,FY34b96b6Qo,https://music.youtube.com/watch?v=FY34b96b6Qo,Mudvayne,Prod,Mudvayne,Prod,L.D. 50,365,C#,major,159,4/4,8d,matched,1.0000,,GetSongBPM,zm2kY,Prod,Mudvayne,https://getsongbpm.com/song/prod/zm2kY,38,1
1532,tzVJPgCn-Z8,https://music.youtube.com/watch?v=tzVJPgCn-Z8,Led Zeppelin,Kashmir (Remaster),Led Zeppelin,Kashmir (Remaster),Mothership,518,,,,,,missing,,not_found,,,,,,,
1533,RVfGFmBFgoc,https://music.youtube.com/watch?v=RVfGFmBFgoc,Sting,Shape Of My Heart,Sting,Shape Of My Heart,Ten Summoner's Tales (Expanded Edition),280,F#,minor,83,4/4,4m,matched,0.9904,,GetSongBPM,BgR4o,Shape of My Heart,Sting,https://getsongbpm.com/song/shape-of-my-heart/BgR4o,53,73
1534,F1ZyommhrVo,https://music.youtube.com/watch?v=F1ZyommhrVo,Ed Sheeran,Perfect Symphony (feat. Andrea Bocelli),Ed Sheeran,Perfect Symphony (feat. Andrea Bocelli),Perfect Symphony,266,G#,major,95,,,manual_entry,1.0000,,manual,,,,,,
1535,CczcMarUoVk,https://music.youtube.com/watch?v=CczcMarUoVk,Queen,Don't Stop Me Now,Queen,Don't Stop Me Now,Jazz,210,F,major,80,4/4,12d,matched,1.0000,,GetSongBPM,5Lxjq,Don't Stop Me Now,Queen,https://getsongbpm.com/song/don-t-stop-me-now/5Lxjq,56,5
1536,rj5wZqReXQE,https://music.youtube.com/watch?v=rj5wZqReXQE,Oasis,Wonderwall,Oasis,Wonderwall,(What's The Story) Morning Glory? (Remastered),259,F#,minor,87,4/4,4m,matched,0.9904,,GetSongBPM,Jqn3VJ,Wonderwall,Oasis,https://getsongbpm.com/song/wonderwall/Jqn3VJ,38,1
1538,OO6rx2YTAyk,https://music.youtube.com/watch?v=OO6rx2YTAyk,Céline Dion,All By Myself,Céline Dion,All By Myself,Falling into You,313,B,minor,120,4/4,3m,matched,1.0000,,GetSongBPM,mw34E,All by Myself,Céline Dion,https://getsongbpm.com/song/all-by-myself/mw34E,35,35
1539,WaFDFP89Sd0,https://music.youtube.com/watch?v=WaFDFP89Sd0,Adele,Woman Like Me,Adele,Woman Like Me,30,301,E,minor,146,,,manual_entry,1.0000,,manual,,,,,,
1540,TyZfupZvA3k,https://music.youtube.com/watch?v=TyZfupZvA3k,Adele,Love Is A Game,Adele,Love Is A Game,30,404,A#,minor,184,,,manual_entry,1.0000,,manual,,,,,,
1541,k-mDroLvfEo,https://music.youtube.com/watch?v=k-mDroLvfEo,Adele,My Little Love,Adele,My Little Love,30,390,C#,major,152,,,manual_entry,1.0000,,manual,,,,,,
1543,ll9j1bJPwjg,https://music.youtube.com/watch?v=ll9j1bJPwjg,Behemoth,Ora Pro Nobis Lucifer,Behemoth,Ora Pro Nobis Lucifer,The Satanist,336,C#,major,175,4/4,8d,matched,1.0000,,GetSongBPM,XLnx2V,Ora Pro Nobis Lucifer,Behemoth,https://getsongbpm.com/song/ora-pro-nobis-lucifer/XLnx2V,11,1
1544,oOTpQpoHHaw,https://music.youtube.com/watch?v=oOTpQpoHHaw,ERIK SATIE Gnossienne 1,"Alessio Nanni, piano",Alessio Nanni,"ERIK SATIE Gnossienne 1 - Alessio Nanni, piano",,252,,,,,,missing,,not_found,,,,,,,
1545,vCHREyE5GzQ,https://music.youtube.com/watch?v=vCHREyE5GzQ,Beethoven,"Symphony No.7 in A major op.92 - II, Allegretto",neuIlaryRheinKlange,"Beethoven - Symphony No.7 in A major op.92 - II, Allegretto",,527,,,,,,missing,,manual_reject_broader,,,,,,,
1547,axAKt_taYHk,https://music.youtube.com/watch?v=axAKt_taYHk,БумБокс,Тримай мене (Acoustic Version) (feat. The Gitas),БумБокс,Тримай мене (Acoustic Version) (feat. The Gitas),Тримай мене (Acoustic Version),242,,,,,,missing,,not_found,,,,,,,
1548,hLPe_jGmxq0,https://music.youtube.com/watch?v=hLPe_jGmxq0,Okean Elzy,І я на небі,Okean Elzy,І я на небі,,286,,,,,,missing,,not_found,,,,,,,
1549,-vqoUmQgT1M,https://music.youtube.com/watch?v=-vqoUmQgT1M,Скрябін,Мам,Radial by The Orchard,Скрябін - Мам,,227,,,,,,missing,,not_found,,,,,,,
1550,R_mi9O6JuTk,https://music.youtube.com/watch?v=R_mi9O6JuTk,Океан Ельзи,Стріляй,Океан Ельзи,Стріляй,Земля,289,,,,,,missing,,not_found,,,,,,,
1551,FWH7lRJ6mPw,https://music.youtube.com/watch?v=FWH7lRJ6mPw,Скрябін,"Люди, як кораблі",Скрябін,"Люди, як кораблі",,258,,,,,,missing,,not_found,,,,,,,
1552,QVi8Z6jFEwI,https://music.youtube.com/watch?v=QVi8Z6jFEwI,Townes Van Zandt,St. John the Gambler,Townes Van Zandt,St. John the Gambler,Our Mother the Mountain,186,C#,minor,87,5/4,5m,matched,1.0000,,GetSongBPM,KYYMJ,St. John the Gambler,Townes Van Zandt,https://getsongbpm.com/song/stpoint-john-the-gambler/KYYMJ,25,81
1553,xg9bgO-koPo,https://music.youtube.com/watch?v=xg9bgO-koPo,Josef Sakonov; London Festival Orchestra; Pyotr Ilyich Tchaikovsky,"Tchaikovsky: Valse sentimentale, Op. 51, No. 6",Josef Sakonov; London Festival Orchestra; Pyotr Ilyich Tchaikovsky,"Tchaikovsky: Valse sentimentale, Op. 51, No. 6",Violinissimo: Great Violin Encores,284,,,,,,missing,,not_found,,,,,,,
1555,rIRQ5ze9goo,https://music.youtube.com/watch?v=rIRQ5ze9goo,Luciano Pavarotti; Ida Bormida; Piero Cappuccilli; Julia Varady,"Mascagni: Cavalleria rusticana: ""Mamma, quel vino è generoso...Turiddu?! Che vuoi dire?",Luciano Pavarotti; Ida Bormida; Piero Cappuccilli; Julia Varady,"Mascagni: Cavalleria rusticana: ""Mamma, quel vino è generoso...Turiddu?! Che vuoi dire?""",Mascagni: Cavalleria Rusticana/Leoncavallo: Pagliacci,312,,,,,,missing,,not_found,,,,,,,
1557,Z0PMq4XGtZ4,https://music.youtube.com/watch?v=Z0PMq4XGtZ4,Pavarotti,Vesti La Giubba,Brother Cron,Pavarotti - Vesti La Giubba,,239,E,minor,60,5/4,2m,manual_accept,0.9568,,GetSongBPM,0B1OX,Vesti la giubba,Luciano Pavarotti,https://getsongbpm.com/song/vesti-la-giubba/0B1OX,26,96
1558,Zj_psrTUW_w,https://music.youtube.com/watch?v=Zj_psrTUW_w,Chopin,Ballade No. 1 in G Minor (1M special),Rousseau,Chopin - Ballade No. 1 in G Minor (1M special),,586,G,minor,66,4/4,11m,manual_accept_broader,0.8800,,GetSongBPM,MQwAwR,Ballade No. 1,Fryderyk Chopin,https://getsongbpm.com/song/ballade-nopoint-1/MQwAwR,28,99
1560,b9WKC5sT9Z4,https://music.youtube.com/watch?v=b9WKC5sT9Z4,Erik Satie,Once Upon A Time In Paris,logansaan,Erik Satie ~ Once Upon A Time In Paris (Artwork by Edouard Leon Cortes),,945,,,,,,missing,,manual_reject_broader,,,,,,,
1561,KpOtuoHL45Y,https://music.youtube.com/watch?v=KpOtuoHL45Y,Franz Liszt,Liebestraum - Love Dream,The Wicked North,Franz Liszt - Liebestraum - Love Dream,,351,,,,,,missing,,not_found,,,,,,,
1562,XxepL6rzvW4,https://music.youtube.com/watch?v=XxepL6rzvW4,The USSR Ministry of Culture Chamber Choir,Hymn of the Cherubim (Excerpt),The USSR Ministry of Culture Chamber Choir,Hymn of the Cherubim (Excerpt),Sacred Treasures: Choral Masterworks from Russia,462,,,,,,missing,,not_found,,,,,,,
1563,SEbAlcSRs5U,https://music.youtube.com/watch?v=SEbAlcSRs5U,"The Orthodox Singers"" Male Choir, Choirmaster: Georgiy Smirnov",Do Not Reject In My Old Age,"""The Orthodox Singers"" Male Choir, Choirmaster: Georgiy Smirnov",Do Not Reject In My Old Age,Basso Profondo From Old Russia. Popular And Sacred Russian Songs,422,,,,,,missing,,not_found,,,,,,,
1564,ac8V-dY7n6U,https://music.youtube.com/watch?v=ac8V-dY7n6U,"The Orthodox Singers"" Male Choir, Choirmaster: Georgiy Smirnov",The Litany Of Supplication,"""The Orthodox Singers"" Male Choir, Choirmaster: Georgiy Smirnov",The Litany Of Supplication,Basso Profondo From Old Russia. Popular And Sacred Russian Songs,351,,,,,,missing,,not_found,,,,,,,
1566,TkiyWhETiJw,https://music.youtube.com/watch?v=TkiyWhETiJw,Radiohead,Daydreaming,Radiohead,Daydreaming,A Moon Shaped Pool,385,A,minor,68,3/4,1m,matched,1.0000,,GetSongBPM,Z8Nqqw,Daydreaming,Radiohead,https://getsongbpm.com/song/daydreaming/Z8Nqqw,30,97
1567,sq7DG1NFXAw,https://music.youtube.com/watch?v=sq7DG1NFXAw,Jinjer,Pisces,Jinjer,Pisces,King of Everything,306,A,minor,140,1/4,1m,matched,1.0000,,GetSongBPM,57DVXY,Pisces,Jinjer,https://getsongbpm.com/song/pisces/57DVXY,60,2
1568,BNMKGYiJpvg,https://music.youtube.com/watch?v=BNMKGYiJpvg,Nina Simone,Feeling Good,Nina Simone,Feeling Good,I Put A Spell On You,174,G,minor,78,4/4,11m,manual_accept,1.0000,,GetSongBPM,ADABP7,Feeling Good,Nina Simone,https://getsongbpm.com/song/feeling-good/ADABP7,32,86
1570,srjdij3qzks,https://music.youtube.com/watch?v=srjdij3qzks,Static-X,Grind 2 Halt,Static-X,Grind 2 Halt,Cult of Static,296,C,minor,99,4/4,10m,manual_accept_broader,0.9760,,GetSongBPM,rRG61p,Grind 2 Halt,Static‐X,https://getsongbpm.com/song/grind-2-halt/rRG61p,67,3
1571,eMnxjdGTK4w,https://music.youtube.com/watch?v=eMnxjdGTK4w,Erik Satie,Gymnopédie No. 1,Erik Satie,Gymnopédie No. 1,Gymnopédies,238,E,minor,133,4/4,2m,manual_accept,0.9400,,GetSongBPM,JywQo,Gymnopédie no. 1,Erik Satie,https://getsongbpm.com/song/gymnopedie-nopoint-1/JywQo,53,100
1574,LooOkvPQQ2Y,https://music.youtube.com/watch?v=LooOkvPQQ2Y,Yoshihisa Hirano,Kingdom of Predators,Yoshihisa Hirano,Kingdom of Predators,HUNTER x HUNTER Original Soundtrack 3,180,,,,,,missing,,not_found,,,,,,,
1575,kvSFwkgZu8c,https://music.youtube.com/watch?v=kvSFwkgZu8c,Константин Ступин,Лёд и ветер (Акустика 2014-2015),Константин Ступин,Лёд и ветер (Акустика 2014-2015),Не ваше дело в чём мне гулять,172,,,,,,missing,,not_found,,,,,,,
1576,J3XnZyz__oU,https://music.youtube.com/watch?v=J3XnZyz__oU,System Of A Down,Mr. Jack,System Of A Down,Mr. Jack,Steal This Album!,250,C,major,154,4/4,1d,matched,1.0000,,GetSongBPM,19woo,Mr. Jack,System of a Down,https://getsongbpm.com/song/mrpoint-jack/19woo,31,1
1577,-n90NojU8O0,https://music.youtube.com/watch?v=-n90NojU8O0,System Of A Down,Psycho,System Of A Down,Psycho,Toxicity,226,G,major,146,4/4,2d,matched,1.0000,,GetSongBPM,Y0yJM,Psycho,System of a Down,https://getsongbpm.com/song/psycho/Y0yJM,47,1
1578,DJMA1IXTWj0,https://music.youtube.com/watch?v=DJMA1IXTWj0,Тимерболат,"Мама приезжай, ты меня забери",Тимерболат,"Мама приезжай, ты меня забери","Мама приезжай, ты меня забери",230,,,,,,missing,,not_found,,,,,,,
1579,vIGF-sTBsHU,https://music.youtube.com/watch?v=vIGF-sTBsHU,Веня Д'ркин,Нибелунг,Сергей «CMak»,Веня Д'ркин - Нибелунг,,222,,,,,,missing,,not_found,,,,,,,
1580,PSuLP1wUFmM,https://music.youtube.com/watch?v=PSuLP1wUFmM,The Cranberries,Animal Instinct,The Cranberries,Animal Instinct,Bury The Hatchet,212,E,minor,132,4/4,2m,matched,1.0000,,GetSongBPM,xvl9Qz,Animal Instinct,The Cranberries,https://getsongbpm.com/song/animal-instinct/xvl9Qz,63,10
1581,1_Aq5rQdPso,https://music.youtube.com/watch?v=1_Aq5rQdPso,Tina Turner,Goldeneye (2003 Remaster),Tina Turner,Goldeneye (2003 Remaster),Tina!,284,,,,,,missing,,not_found,,,,,,,
1582,-hzFTJDJGkQ,https://music.youtube.com/watch?v=-hzFTJDJGkQ,Adele,Love In The Dark,Adele,Love In The Dark,25,286,A,minor,109,4/4,1m,matched,1.0000,,GetSongBPM,79n8oG,Love in the Dark,Adele,https://getsongbpm.com/song/love-in-the-dark/79n8oG,34,54
1583,a2giXO6eyuI,https://music.youtube.com/watch?v=a2giXO6eyuI,Adele,Set Fire to the Rain,Adele,Set Fire to the Rain,21,243,D,minor,108,4/4,12m,matched,1.0000,,GetSongBPM,nrW6RE,Set Fire to the Rain,Adele,https://getsongbpm.com/song/set-fire-to-the-rain/nrW6RE,61,1
1584,6LASz6HAL7E,https://music.youtube.com/watch?v=6LASz6HAL7E,Ramin Djawadi,Light of the Seven,Ramin Djawadi,Light of the Seven,Game of Thrones (Music from the HBO® Series - Season 6),590,C,minor,120,,,manual_entry,1.0000,,manual,,,,,,
1585,zO_532nbu0c,https://music.youtube.com/watch?v=zO_532nbu0c,Shiro SAGISU,never meant to belong,Shiro SAGISU,never meant to belong,TV Animation BLEACH Original Soundtrack 1,327,A,minor,135,,,manual_entry,1.0000,,manual,,,,,,
1588,LJzp_mDxaT0,https://music.youtube.com/watch?v=LJzp_mDxaT0,Adele,Skyfall,Adele,Skyfall,Skyfall,287,C,minor,76,,,manual_entry,1.0000,,manual,,,,,,
1589,y1dbbrfekAM,https://music.youtube.com/watch?v=y1dbbrfekAM,Chopin,Relaxing Classical Music,HALIDONMUSIC,Chopin - Relaxing Classical Music,,9660,,,,,,missing,,not_found,,,,,,,
1590,63OT3_Lfy50,https://music.youtube.com/watch?v=63OT3_Lfy50,Grissini Project,Howl's Moving Castle - Merry Go Round of Life,Grissini Project,Howl's Moving Castle - Merry Go Round of Life,,363,,,,,,missing,,not_found,,,,,,,
1591,sN0Cn1MTNU8,https://music.youtube.com/watch?v=sN0Cn1MTNU8,Grissini Project,Merry Go Round of Life (From Howl's Moving Castle Original Motion Picture Soundtrack),Grissini Project,Merry Go Round of Life (From Howl's Moving Castle Original Motion Picture Soundtrack),Merry Go Round of Life (From Howl's Moving Castle Original Motion Picture Soundtrack),343,,,,,,missing,,not_found,,,,,,,
1592,kKbuv7NAMTc,https://music.youtube.com/watch?v=kKbuv7NAMTc,Океан Ельзи,Я так хочу...,Океан Ельзи,Я так хочу...,Dolce vita,282,,,,,,missing,,not_found,,,,,,,
1593,cr14ZwD2Moo,https://music.youtube.com/watch?v=cr14ZwD2Moo,"Victor Borba, Nick Totton, Patrick Russell, Cody Johnstone, and Eric Groot",This Fire Burns,"Victor Borba, Nick Totton, Patrick Russell, Cody Johnstone, and Eric Groot",This Fire Burns,This Fire Burns,180,,,,,,missing,,not_found,,,,,,,
1594,MkQK83Tf9so,https://music.youtube.com/watch?v=MkQK83Tf9so,Queen,Under Pressure (feat. David Bowie),Queen,Under Pressure (feat. David Bowie),Hot Space (Deluxe Edition 2011 Remaster),249,D,major,112,4/4,3d,matched,0.9904,,GetSongBPM,qYgO3p,Under Pressure,Queen,https://getsongbpm.com/song/under-pressure/qYgO3p,67,45
1596,ELiZUxuZWyI,https://music.youtube.com/watch?v=ELiZUxuZWyI,Andrea Bocelli,E chiove,Andrea Bocelli,E chiove,,283,F#,major,143,4/4,7d,matched,1.0000,,GetSongBPM,l5qALg,E chiove,Andrea Bocelli,https://getsongbpm.com/song/e-chiove/l5qALg,43,56
1597,AStZ34JUqNA,https://music.youtube.com/watch?v=AStZ34JUqNA,Pearl Django,Under Paris Skies,Pearl Django,Under Paris Skies,Under Paris Skies,194,G,minor,121,,,manual_entry,1.0000,,manual,,,,,,
1603,k1Xhi57xE5o,https://music.youtube.com/watch?v=k1Xhi57xE5o,Abruptum,De Profundis Mors Vas Cousumet,Abruptum,De Profundis Mors Vas Cousumet,Evil Genius,338,F,major,119,,,manual_entry,1.0000,,manual,,,,,,
1606,pucT5R6AV5o,https://music.youtube.com/watch?v=pucT5R6AV5o,Yoshihisa Hirano,In The Palace,Ank Sun Amunn,Hunter x Hunter OST | In The Palace~Lamentoso/In The Palace~Agitato,,208,,,,,,missing,,not_found,,,,,,,
1608,Jz1gvBluvc8,https://music.youtube.com/watch?v=Jz1gvBluvc8,Vadim Chaimovich,"Frédéric Chopin: Nocturne in E-Flat Major, Op. 9, No. 2",Vadim Chaimovich,"Frédéric Chopin: Nocturne in E-Flat Major, Op. 9, No. 2","Frédéric Chopin: Nocturne in E-Flat Major, Op. 9, No. 2",271,,,,,,missing,,not_found,,,,,,,
1610,3PY6APTq43s,https://music.youtube.com/watch?v=3PY6APTq43s,George Michael,They Won't Go When I Go,George Michael,They Won't Go When I Go,Listen Without Prejudice / MTV Unplugged (Deluxe),307,F,minor,122,3/4,9m,matched,0.9815,,GetSongBPM,mw61O,They Won't Go When I Go,George Michael,https://getsongbpm.com/song/they-won-t-go-when-i-go/mw61O,34,93
1614,3SQoWq4yevY,https://music.youtube.com/watch?v=3SQoWq4yevY,HIM,When Love and Death Embrace,HIM,When Love and Death Embrace,Greatest Love Songs Vol. 666,368,G,major,160,4/4,2d,matched,0.9985,,GetSongBPM,xpYmJ,When Love and Death Embrace,HIM,https://getsongbpm.com/song/when-love-and-death-embrace/xpYmJ,32,1
1615,CdnEtmhtcMY,https://music.youtube.com/watch?v=CdnEtmhtcMY,Deutschland Orchestra,The Soldiers,Deutschland Orchestra,The Soldiers,German Patriotic Music,122,,,,,,missing,,manual_reject_broader,,,,,,,
1616,RpWaE6vW8tc,https://music.youtube.com/watch?v=RpWaE6vW8tc,Element Eighty,Broken Promises,Element Eighty,Broken Promises,Element Eighty,198,C#,minor,173,4/4,5m,matched,1.0000,,GetSongBPM,QX3Ll,Broken Promises,Element Eighty,https://getsongbpm.com/song/broken-promises/QX3Ll,45,1
1618,sjkrrmBnpGE,https://music.youtube.com/watch?v=sjkrrmBnpGE,Ambient Study Music To Concentrate,"4 Hours of Music for Studying, Concentration and Memory",Quiet Quest - Study Music,"Ambient Study Music To Concentrate - 4 Hours of Music for Studying, Concentration and Memory",,14272,,,,,,missing,,not_found,,,,,,,
1619,DMdqsS0a9tY,https://music.youtube.com/watch?v=DMdqsS0a9tY,Killswitch Engage,This Fire,Killswitch Engage,This Fire,As Daylight Dies (Special Edition),190,G,major,140,,,manual_entry,1.0000,,manual,,,,,,
1620,B4vTwppAfDg,https://music.youtube.com/watch?v=B4vTwppAfDg,Killswitch Engage,My Curse,Killswitch Engage,My Curse,As Daylight Dies (Special Edition),245,A#,minor,176,3/4,8m,matched,0.9904,,GetSongBPM,n5mXXW,My Curse,Killswitch Engage,https://getsongbpm.com/song/my-curse/n5mXXW,20,1
1621,zgychWIo6UA,https://music.youtube.com/watch?v=zgychWIo6UA,Gojira,Stranded,Gojira,Stranded,Magma,270,G,minor,92,4/4,11m,matched,1.0000,,GetSongBPM,8306m2,Stranded,Gojira,https://getsongbpm.com/song/stranded/8306m2,52,1
1622,n7oAPPKtka4,https://music.youtube.com/watch?v=n7oAPPKtka4,Rivers of Nihil,Where Owls Know My Name,Rivers of Nihil,Where Owls Know My Name,Where Owls Know My Name,403,D,major,159,4/4,3d,matched,1.0000,,GetSongBPM,PjBPLl,Where Owls Know My Name,Rivers of Nihil,https://getsongbpm.com/song/where-owls-know-my-name/PjBPLl,40,1
1625,ilWMxOA9bd8,https://music.youtube.com/watch?v=ilWMxOA9bd8,Gojira,Amazonia,Gojira,Amazonia,Fortitude,301,A,major,182,,,manual_entry,1.0000,,manual,,,,,,
1626,xsH3tZ338DA,https://music.youtube.com/watch?v=xsH3tZ338DA,CharlesBerthoud,When SYSTEM OF A DOWN only give you 60 seconds to audition,CharlesBerthoud,When SYSTEM OF A DOWN only give you 60 seconds to audition,,65,,,,,,missing,,not_found,,,,,,,
1627,xLW422XCCIs,https://music.youtube.com/watch?v=xLW422XCCIs,Machine Head,Locust,Machine Head,Locust,Unto the Locust,457,G,major,122,4/4,2d,matched,1.0000,,GetSongBPM,RlWZjq,Locust,Machine Head,https://getsongbpm.com/song/locust/RlWZjq,36,1
1628,QkjKyr5PqsU,https://music.youtube.com/watch?v=QkjKyr5PqsU,Gojira,Magma,Gojira,Magma,Magma,403,C,major,66,4/4,1d,matched,1.0000,,GetSongBPM,08PV4V,Magma,Gojira,https://getsongbpm.com/song/magma/08PV4V,38,1
1629,-y9THpbYZfQ,https://music.youtube.com/watch?v=-y9THpbYZfQ,Shadow of Intent,Barren and Breathless Macrocosm,Shadow of Intent,Barren and Breathless Macrocosm,Barren and Breathless Macrocosm,297,D,major,109,4/4,3d,matched,0.9395,,GetSongBPM,jYXrOv,Barren and Breathless Macrocosm,Shadow of Intent,https://getsongbpm.com/song/barren-and-breathless-macrocosm/jYXrOv,26,1
1630,_3_nu2aVsOs,https://music.youtube.com/watch?v=_3_nu2aVsOs,Mastodon,The Motherload,Mastodon,The Motherload,Once More 'Round the Sun,300,F,minor,148,4/4,9m,matched,1.0000,,GetSongBPM,vl50O0,The Motherload,Mastodon,https://getsongbpm.com/song/the-motherload/vl50O0,37,1
1631,jATkgqJ4BHI,https://music.youtube.com/watch?v=jATkgqJ4BHI,Behemoth,Bartzabel,Behemoth,Bartzabel,I Loved You at Your Darkest,302,F#,major,109,4/4,7d,matched,1.0000,,GetSongBPM,qQKYqD,Bartzabel,Behemoth,https://getsongbpm.com/song/bartzabel/qQKYqD,47,3
1633,bAJ1WTGNISk,https://music.youtube.com/watch?v=bAJ1WTGNISk,Meshuggah,Bleed - Tomas Haake - Wincent Drumsticks,Wincent Drumsticks AB,Meshuggah - Bleed - Tomas Haake - Wincent Drumsticks,,455,,,,,,missing,,not_found,,,,,,,
1634,-ABqhtOH7TM,https://music.youtube.com/watch?v=-ABqhtOH7TM,Gojira,Silvera,Gojira,Silvera,Magma,213,D,major,136,4/4,3d,matched,1.0000,,GetSongBPM,6W4RgL,Silvera,Gojira,https://getsongbpm.com/song/silvera/6W4RgL,34,1
1635,oqHunVqNaJA,https://music.youtube.com/watch?v=oqHunVqNaJA,Meshuggah,Break Those Bones Whose Sinews Gave It Motion,Meshuggah,Break Those Bones Whose Sinews Gave It Motion,Koloss,416,F#,major,136,4/4,7d,matched,1.0000,,GetSongBPM,1rYO9V,Break Those Bones Whose Sinews Gave It Motion,Meshuggah,https://getsongbpm.com/song/break-those-bones-whose-sinews-gave-it-motion/1rYO9V,52,1
1637,SsaFBNvhceA,https://music.youtube.com/watch?v=SsaFBNvhceA,Led Zeppelin,Kashmir (1990 Remaster),Led Zeppelin,Kashmir (1990 Remaster),Physical Graffiti (1994 Remaster),509,,,,,,missing,,not_found,,,,,,,
1638,cXeP210nwwo,https://music.youtube.com/watch?v=cXeP210nwwo,Mudvayne,Dig,Mudvayne,Dig,L.D. 50,163,B,minor,134,4/4,3m,matched,1.0000,,GetSongBPM,lOK15,Dig,Mudvayne,https://getsongbpm.com/song/dig/lOK15,63,1
1639,xK68DAzD0eM,https://music.youtube.com/watch?v=xK68DAzD0eM,Led Zeppelin,"Kashmir (Live: O2 Arena, London - December 10, 2007)",Led Zeppelin,"Kashmir (Live: O2 Arena, London - December 10, 2007)",Celebration Day,547,,,,,,missing,,not_found,,,,,,,
1640,Qi3ZsefSo0o,https://music.youtube.com/watch?v=Qi3ZsefSo0o,Asking Alexandria,The Final Episode (Let's Change the Channel),Asking Alexandria,The Final Episode (Let's Change the Channel),Stand Up And Scream,243,D#,major,196,,,manual_entry,1.0000,,manual,,,,,,
1641,wdqDmJbm2eY,https://music.youtube.com/watch?v=wdqDmJbm2eY,Led Zeppelin,No Quarter (Remaster),Led Zeppelin,No Quarter (Remaster),Houses of the Holy (Deluxe Edition),423,,,,,,missing,,not_found,,,,,,,
1644,gu0yb9r7CtU,https://music.youtube.com/watch?v=gu0yb9r7CtU,Infant Annihilator,Blasphemian,Infant Annihilator,Blasphemian,The Elysian Grandeval Galèriarch,445,A#,minor,160,4/4,8m,matched,1.0000,,GetSongBPM,vQy6vn,Blasphemian,Infant Annihilator,https://getsongbpm.com/song/blasphemian/vQy6vn,18,1
1645,H8Wx8GV1Oiw,https://music.youtube.com/watch?v=H8Wx8GV1Oiw,Bring Me The Horizon,Can You Feel My Heart,Bring Me The Horizon,Can You Feel My Heart,Sempiternal (Expanded Edition),229,E,minor,128,4/4,2m,matched,0.9904,,GetSongBPM,qYO3v0,Can You Feel My Heart,Bring Me the Horizon,https://getsongbpm.com/song/can-you-feel-my-heart/qYO3v0,24,1
1650,t3NYBr_QaEU,https://music.youtube.com/watch?v=t3NYBr_QaEU,Леонид Агутин; Therr Maitz,Что происходит? (LAB с Антоном Беляевым),Леонид Агутин; Therr Maitz,Что происходит? (LAB с Антоном Беляевым),Что происходит? (LAB с Антоном Беляевым),296,,,,,,missing,,not_found,,,,,,,
1652,-QR0gAFDOHo,https://music.youtube.com/watch?v=-QR0gAFDOHo,Thy Art Is Murder,Child of Sorrow,Thy Art Is Murder,Child of Sorrow,Holy War,214,D,major,131,4/4,3d,matched,1.0000,,GetSongBPM,RO4YBY,Child of Sorrow,Thy Art Is Murder,https://getsongbpm.com/song/child-of-sorrow/RO4YBY,29,1
1653,EZaQyYgAGfQ,https://music.youtube.com/watch?v=EZaQyYgAGfQ,The Doors,Touch Me,The Doors,Touch Me,The Soft Parade,191,C#,major,108,4/4,8d,matched,1.0000,,GetSongBPM,l5WJ35,Touch Me,The Doors,https://getsongbpm.com/song/touch-me/l5WJ35,43,41
1654,sO6ouK39mf8,https://music.youtube.com/watch?v=sO6ouK39mf8,The Doors,End of the Night,The Doors,End of the Night,The Doors,171,B,minor,72,4/4,3m,matched,1.0000,,GetSongBPM,4R7gV0,End of the Night,The Doors,https://getsongbpm.com/song/end-of-the-night/4R7gV0,41,91
1656,JWEzmKysWA0,https://music.youtube.com/watch?v=JWEzmKysWA0,Ken Tamplin Vocal Academy,Since I've Been Loving You,Ken Tamplin Vocal Academy,Since I've Been Loving You,Ken Tamplin Vocal Academy Rock,367,F,minor,117,,,manual_entry,1.0000,,manual,,,,,,
1657,I46-R1wBW84,https://music.youtube.com/watch?v=I46-R1wBW84,Михаил Елизаров,Pro Testo,Михаил Елизаров,Михаил Елизаров — Pro Testo,,177,,,,,,missing,,not_found,,,,,,,
1658,PDIz4talyQk,https://music.youtube.com/watch?v=PDIz4talyQk,Led Zeppelin,Going to California (Remaster),Led Zeppelin,Going to California (Remaster),Led Zeppelin IV (Deluxe Edition),213,D,major,78,,,manual_entry,1.0000,,manual,,,,,,
1659,Dgy9hal5I7Y,https://music.youtube.com/watch?v=Dgy9hal5I7Y,Михаил Елизаров,Селигер,Михаил Елизаров,Михаил Елизаров — Селигер,,211,,,,,,missing,,not_found,,,,,,,
1660,gQn2xzLLSyo,https://music.youtube.com/watch?v=gQn2xzLLSyo,George Michael,One More Try,George Michael,One More Try,Faith,351,F,major,70,4/4,12d,matched,1.0000,,GetSongBPM,NkVJ66,One More Try,George Michael,https://getsongbpm.com/song/one-more-try/NkVJ66,24,61
1662,SOctyXxCm-4,https://music.youtube.com/watch?v=SOctyXxCm-4,Rob Zombie,Dragula,Rob Zombie,Dragula,Hellbilly Deluxe,223,C,minor,123,4/4,10m,matched,1.0000,,GetSongBPM,AnRO,Dragula,Rob Zombie,https://getsongbpm.com/song/dragula/AnRO,57,1
1663,yYDh7lyqwms,https://music.youtube.com/watch?v=yYDh7lyqwms,Led Zeppelin,All My Love (1990 Remaster),Led Zeppelin,All My Love (1990 Remaster),In Through the out Door (1994 Remaster),352,,,,,,missing,,manual_reject_broader,,,,,,,
1665,roz_LD70HII,https://music.youtube.com/watch?v=roz_LD70HII,Михаил Елизаров,Пидарасы Одиночества,Михаил Елизаров,Михаил Елизаров — Пидарасы Одиночества,,183,,,,,,missing,,not_found,,,,,,,
1666,6yFYHqkgvI0,https://music.youtube.com/watch?v=6yFYHqkgvI0,Static-X,Isolaytore,Static-X,Isolaytore,Cult of Static,166,G#,minor,142,4/4,6m,manual_accept_broader,0.9760,,GetSongBPM,oQBP1X,Isolaytore,Static‐X,https://getsongbpm.com/song/isolaytore/oQBP1X,68,1
1667,TPps3E0Teys,https://music.youtube.com/watch?v=TPps3E0Teys,Static-X,Cannibal,Static-X,Cannibal,Cannibal,194,,,,,,missing,,manual_reject_broader,,,,,,,
1669,BXmEJL1mnuU,https://music.youtube.com/watch?v=BXmEJL1mnuU,Frank Sinatra,It Had To Be You,Frank Sinatra,It Had To Be You,"Trilogy: Past, Present & Future",235,C,minor,101,4/4,10m,matched,0.9945,,GetSongBPM,LZMPpX,It Had To Be You,Frank Sinatra,https://getsongbpm.com/song/it-had-to-be-you/LZMPpX,24,86
1671,AX067jOUFHo,https://music.youtube.com/watch?v=AX067jOUFHo,Static-X,Nocturnally,Static-X,Nocturnally,Cult of Static,230,C,minor,172,4/4,10m,manual_accept_broader,0.9760,,GetSongBPM,pQDP1V,Nocturnally,Static‐X,https://getsongbpm.com/song/nocturnally/pQDP1V,53,1
1672,RvbjcIQNZJ8,https://music.youtube.com/watch?v=RvbjcIQNZJ8,Elton John,Sacrifice,Elton John,Sacrifice,Sleeping With The Past,305,B,minor,112,4/4,3m,matched,1.0000,,GetSongBPM,7L33A,Sacrifice,Elton John,https://getsongbpm.com/song/sacrifice/7L33A,76,2
1673,Hat1Hc9SNwE,https://music.youtube.com/watch?v=Hat1Hc9SNwE,Mariah Carey,Without You (Official HD Music Video),Mariah Carey,Without You (Official HD Music Video),,256,F#,major,62,4/4,7d,manual_accept_broader,0.9232,,GetSongBPM,JZ21g,Without You,Mariah Carey,https://getsongbpm.com/song/without-you/JZ21g,58,33
1674,dqjP5rTOQFc,https://music.youtube.com/watch?v=dqjP5rTOQFc,Michael Jackson,Give In to Me,Michael Jackson,Give In to Me,Dangerous,329,B,minor,86,4/4,3m,matched,1.0000,,GetSongBPM,q7Xx3,Give In to Me,Michael Jackson,https://getsongbpm.com/song/give-in-to-me/q7Xx3,51,16
1675,pKnRHLqh4PY,https://music.youtube.com/watch?v=pKnRHLqh4PY,Whitney Houston,I Have Nothing,Whitney Houston,I Have Nothing,Whitney The Greatest Hits,288,,,,,,missing,,manual_reject_broader,,,,,,,
1677,Bmgb90jDSCQ,https://music.youtube.com/watch?v=Bmgb90jDSCQ,Static-X,Stingwray,Static-X,Stingwray,Cult of Static,253,F,major,137,4/4,12d,manual_accept_broader,0.9760,,GetSongBPM,mQzP5G,Stingwray,Static‐X,https://getsongbpm.com/song/stingwray/mQzP5G,58,4
1679,B2mmDEv0OEk,https://music.youtube.com/watch?v=B2mmDEv0OEk,"Earth, Wind & Fire",September,"Earth, Wind & Fire",September,Feel Good Friday,218,A,major,125,4/4,4d,manual_accept,0.9076,,GetSongBPM,k2WBqX,September,"Earth, Wind & Fire",https://getsongbpm.com/song/september/k2WBqX,70,17
1681,Je44HN1OrnI,https://music.youtube.com/watch?v=Je44HN1OrnI,Михаил Елизаров,"Отель ""Лето",Михаил Елизаров,"Михаил Елизаров — Отель ""Лето""",,165,,,,,,missing,,not_found,,,,,,,
1682,02dMNQxwy48,https://music.youtube.com/watch?v=02dMNQxwy48,Michael Jackson,You Are Not Alone,Michael Jackson,You Are Not Alone,"HIStory: PAST, PRESENT AND FUTURE, BOOK I",346,F#,major,100,4/4,7d,matched,0.8643,,GetSongBPM,Pjnyml,You Are Not Alone / I Just Can't Stop Loving You - Immortal Version,Michael Jackson,https://getsongbpm.com/song/you-are-not-alone-i-just-can-t-stop-loving-you-immortal-version/Pjnyml,38,41
1684,xwgvEOY0vaA,https://music.youtube.com/watch?v=xwgvEOY0vaA,Erik Satie,Trois Gnossiennes,Foivos Loxias,Erik Satie - Trois Gnossiennes,,627,G,major,77,3/4,2d,manual_accept,0.9232,,GetSongBPM,XoMpA,Trois Gnossiennes : I. Lent,Erik Satie,https://getsongbpm.com/song/trois-gnossiennes-ipoint-lent/XoMpA,38,100
1685,tfT2iUZ9UP0,https://music.youtube.com/watch?v=tfT2iUZ9UP0,Luciano Pavarotti; Giacomo Puccini,"Turandot, Act 3: ""Nessun dorma"" (Live)",Luciano Pavarotti; Giacomo Puccini,"Turandot, Act 3: ""Nessun dorma"" (Live)","The Three Tenors in Concert, 1994 (Live)",205,D,major,164,,,manual_entry,1.0000,,manual,,,,,,
1686,CfzEIe7dlRs,https://music.youtube.com/watch?v=CfzEIe7dlRs,Luciano Pavarotti; Mariah Carey; Orchestra Sinfonica Italiana; José Molina,Hero (Live),Luciano Pavarotti; Mariah Carey; Orchestra Sinfonica Italiana; José Molina,Hero (Live),Pavarotti & Friends For The Children Of Guatemala And Kosovo (Live),281,,,,,,missing,,not_found,,,,,,,
1687,hVdk756394U,https://music.youtube.com/watch?v=hVdk756394U,Luciano Pavarotti; Bryan Adams; Orchestra del Teatro Comunale di Bologna; Leone Magiera,O Sole Mio,Luciano Pavarotti; Bryan Adams; Orchestra del Teatro Comunale di Bologna; Leone Magiera,'O Sole Mio,Best Of Pavarotti & Friends - The Duets,177,A,major,67,3/4,4d,manual_accept,0.9586,,GetSongBPM,r6JX6,O sole mio,Luciano Pavarotti,https://getsongbpm.com/song/o-sole-mio/r6JX6,29,93
1688,6BkbHk0iKZc,https://music.youtube.com/watch?v=6BkbHk0iKZc,Rammstein,Ich will,Rammstein,Ich will,Mutter,218,D,major,129,4/4,3d,matched,1.0000,,GetSongBPM,P1V0A,Ich will,Rammstein,https://getsongbpm.com/song/ich-will/P1V0A,65,1
1690,iDEdZfnULIg,https://music.youtube.com/watch?v=iDEdZfnULIg,Pavarotti,Caruso (english subtitles),Mr J.C,Pavarotti - Caruso (english subtitles),,335,,,,,,missing,,not_found,,,,,,,
1691,UzvzjIvH2ig,https://music.youtube.com/watch?v=UzvzjIvH2ig,Marilyn Manson,Third Day Of A Seven Day Binge,Marilyn Manson,Third Day Of A Seven Day Binge,The Pale Emperor,267,C,major,110,4/4,1d,matched,1.0000,,GetSongBPM,NLJ8Ym,Third Day of a Seven Day Binge,Marilyn Manson,https://getsongbpm.com/song/third-day-of-a-seven-day-binge/NLJ8Ym,61,1
1692,UFwmWF0bbQs,https://music.youtube.com/watch?v=UFwmWF0bbQs,Static-X,Terminator Oscillator,Static-X,Terminator Oscillator,"Project Regeneration, Vol. 1",194,F,major,139,4/4,12d,manual_accept_broader,0.9760,,GetSongBPM,mqBjY3,Terminator Oscillator,Static‐X,https://getsongbpm.com/song/terminator-oscillator/mqBjY3,51,1
1693,FEiq21N7bdY,https://music.youtube.com/watch?v=FEiq21N7bdY,Static-X,Otsego Placebo,Static-X,Otsego Placebo,"Project Regeneration, Vol. 1",261,C#,major,166,4/4,8d,manual_accept_broader,0.9760,,GetSongBPM,vQOv8n,Otsego Placebo,Static‐X,https://getsongbpm.com/song/otsego-placebo/vQOv8n,44,1
1694,NzXR9Ug6jUg,https://music.youtube.com/watch?v=NzXR9Ug6jUg,Static-X,Get to the Gone,Static-X,Get to the Gone,Machine,170,G,major,160,4/4,2d,manual_accept_broader,0.9760,,GetSongBPM,vQqrr,Get To The Gone,Static‐X,https://getsongbpm.com/song/get-to-the-gone/vQqrr,40,1
1695,MpqQX0dmWGQ,https://music.youtube.com/watch?v=MpqQX0dmWGQ,Static-X,Fix,Static-X,Fix,Wisconsin Death Trip,170,F,major,130,4/4,12d,manual_accept_broader,0.9760,,GetSongBPM,JZo3y,Fix,Static‐X,https://getsongbpm.com/song/fix/JZo3y,64,1
1696,ghNcDH9QDTg,https://music.youtube.com/watch?v=ghNcDH9QDTg,Static-X,Otsego Undead,Static-X,Otsego Undead,Machine,210,G#,major,130,4/4,9d,manual_accept_broader,0.9760,,GetSongBPM,z6Py8,Otsego Undead,Static‐X,https://getsongbpm.com/song/otsego-undead/z6Py8,50,1
1700,yaApysXYjyo,https://music.youtube.com/watch?v=yaApysXYjyo,Static-X,Dirthouse,Static-X,Dirthouse,Start a War,184,D,minor,126,4/4,12m,manual_accept_broader,0.9760,,GetSongBPM,8pr4W,Dirthouse,Static‐X,https://getsongbpm.com/song/dirthouse/8pr4W,61,1
1704,F48mtaFOccg,https://music.youtube.com/watch?v=F48mtaFOccg,Enigma,Modern Crusaders,Enigma,Modern Crusaders,The Screen Behind The Mirror,231,B,minor,114,4/4,3m,matched,1.0000,,GetSongBPM,rk4p6,Modern Crusaders,Enigma,https://getsongbpm.com/song/modern-crusaders/rk4p6,62,1
1705,bpXChQtGFIs,https://music.youtube.com/watch?v=bpXChQtGFIs,Static-X,Tera-Fied,Static-X,Tera-Fied,Cult of Static,320,A#,minor,154,3/4,8m,manual_accept_broader,0.9760,,GetSongBPM,l5yP1M,Tera-Fied,Static‐X,https://getsongbpm.com/song/tera-fied/l5yP1M,67,6
1706,33tfXEi9x18,https://music.youtube.com/watch?v=33tfXEi9x18,George Michael,Mothers Pride,George Michael,Mothers Pride,Listen Without Prejudice / MTV Unplugged (Deluxe),240,B,major,158,4/4,6d,matched,0.9815,,GetSongBPM,qj5g2,Mothers Pride,George Michael,https://getsongbpm.com/song/mothers-pride/qj5g2,36,97
1709,XFyjdUTUMBQ,https://music.youtube.com/watch?v=XFyjdUTUMBQ,Eiro Nareth,Bandoleros (Fast&Furious Theme),Eiro Nareth,Bandoleros (Fast&Furious Theme),"Acoustic Covers, Vol. 6",103,,,,,,missing,,not_found,,,,,,,
1710,H_ezAF1ZvUw,https://music.youtube.com/watch?v=H_ezAF1ZvUw,Михаил Елизаров,Пар-голова,Михаил Елизаров,Михаил Елизаров — Пар-голова,,195,,,,,,missing,,not_found,,,,,,,
1711,Jnpr-Rohu7U,https://music.youtube.com/watch?v=Jnpr-Rohu7U,Отава Ё,"Ой, Дуся, ой, Маруся (казачья лезгинка)",Отава Ё,"Ой, Дуся, ой, Маруся (казачья лезгинка)","Ой, Дуся, ой, Маруся",303,,,,,,missing,,not_found,,,,,,,
1712,UyOg0mt2R2k,https://music.youtube.com/watch?v=UyOg0mt2R2k,Led Zeppelin,Babe I'm Gonna Leave You (Remaster),Led Zeppelin,Babe I'm Gonna Leave You (Remaster),Led Zeppelin (Remaster),403,E,minor,136,,,manual_entry,1.0000,,manual,,,,,,
1713,ZTJQhSea6xU,https://music.youtube.com/watch?v=ZTJQhSea6xU,Валерий Меладзе,Иностранец,Валерий Меладзе,Иностранец,Океан,246,,,,,,missing,,not_found,,,,,,,
1714,0JhlT8CrRTs,https://music.youtube.com/watch?v=0JhlT8CrRTs,Валерий Меладзе,The Best - Лучшее 2020,МЕЛОМАН THE BEST,Валерий Меладзе - The Best - Лучшее 2020,,7203,,,,,,missing,,not_found,,,,,,,
1715,90uinveF_sM,https://music.youtube.com/watch?v=90uinveF_sM,Михаил Елизаров,"Ариозо Чикатило ""Фенечка, здравствуй!..",Михаил Елизаров,"Михаил Елизаров — Ариозо Чикатило ""Фенечка, здравствуй!..""",,286,,,,,,missing,,not_found,,,,,,,
1716,7xIF-8LiJAo,https://music.youtube.com/watch?v=7xIF-8LiJAo,Thy Art Is Murder,The Purest Strain Of Hate,Thy Art Is Murder,The Purest Strain Of Hate,Hate,206,B,major,135,4/4,6d,matched,1.0000,,GetSongBPM,oQBlk3,The Purest Strain of Hate,Thy Art Is Murder,https://getsongbpm.com/song/the-purest-strain-of-hate/oQBlk3,47,1
1717,s47eNxE9Lts,https://music.youtube.com/watch?v=s47eNxE9Lts,Михаил Елизаров,Мама-Гуантанама,Михаил Елизаров,Михаил Елизаров — Мама-Гуантанама,,194,,,,,,missing,,not_found,,,,,,,
1718,tnrSHPi-HP8,https://music.youtube.com/watch?v=tnrSHPi-HP8,Михаил Елизаров,Инициатическая,Михаил Елизаров,Михаил Елизаров — Инициатическая,,202,,,,,,missing,,not_found,,,,,,,
1720,DziNa-XGB-E,https://music.youtube.com/watch?v=DziNa-XGB-E,рома майк,Босоніж,рома майк,Босоніж,Босоніж,176,,,,,,missing,,not_found,,,,,,,
1721,ex79NyYece8,https://music.youtube.com/watch?v=ex79NyYece8,Ghost B.C.,Bible,Ghost B.C.,Bible,Meliora (Deluxe Edition),395,D,major,145,,,manual_entry,1.0000,,manual,,,,,,
1722,k1sDdx8UOI4,https://music.youtube.com/watch?v=k1sDdx8UOI4,Ghost B.C.,I Believe,Ghost B.C.,I Believe,Meliora (Deluxe Edition),247,F#,major,90,,,manual_entry,1.0000,,manual,,,,,,
1725,jFhsMAQJLIs,https://music.youtube.com/watch?v=jFhsMAQJLIs,Infant Annihilator,A Rape of Sirens (feat. Alex Terrible),Infant Annihilator,A Rape of Sirens (feat. Alex Terrible),The Battle of Yaldabaoth,280,D#,major,110,4/4,10d,matched,1.0000,,GetSongBPM,k2YyrX,A Rape of Sirens,Infant Annihilator,https://getsongbpm.com/song/a-rape-of-sirens/k2YyrX,29,1
1726,6RE0wVAO1Rs,https://music.youtube.com/watch?v=6RE0wVAO1Rs,Infant Annihilator,Empusa: Queen of the Damned,Infant Annihilator,Empusa: Queen of the Damned,The Battle of Yaldabaoth,307,C,major,124,4/4,1d,matched,1.0000,,GetSongBPM,lRZz26,Empusa: Queen of the Damned,Infant Annihilator,https://getsongbpm.com/song/empusa-queen-of-the-damned/lRZz26,31,1
1728,qDQIon7SrOg,https://music.youtube.com/watch?v=qDQIon7SrOg,Just Do It,Tender Acoustic Version!,The Gregory Brothers,Just Do It - Tender Acoustic Version!,,112,,,,,,missing,,not_found,,,,,,,
1729,1De0_7XJk1c,https://music.youtube.com/watch?v=1De0_7XJk1c,Daniel Paterok,Serenity,Daniel Paterok,Serenity,Serenity,154,C,minor,113,,,manual_entry,1.0000,,manual,,,,,,
1732,-pk5miFbS5s,https://music.youtube.com/watch?v=-pk5miFbS5s,Infant Annihilator,Three Bastards,Infant Annihilator,Three Bastards,The Battle of Yaldabaoth,258,D,major,140,4/4,3d,matched,1.0000,,GetSongBPM,79EjpA,Three Bastards,Infant Annihilator,https://getsongbpm.com/song/three-bastards/79EjpA,46,1
1733,eR11sbtmisM,https://music.youtube.com/watch?v=eR11sbtmisM,Infant Annihilator,Decapitation Fornication,Infant Annihilator,Decapitation Fornication,The Palpable Leprosy of Pollution,208,A#,minor,136,4/4,8m,matched,1.0000,,GetSongBPM,86jjN2,Decapitation Fornication,Infant Annihilator,https://getsongbpm.com/song/decapitation-fornication/86jjN2,20,1
1734,67wlg_NlxWw,https://music.youtube.com/watch?v=67wlg_NlxWw,Infant Annihilator,Pelt of Innocent Flesh,Infant Annihilator,Pelt of Innocent Flesh,The Elysian Grandeval Galèriarch,425,B,major,119,4/4,6d,matched,1.0000,,GetSongBPM,r2rWoL,Pelt of Innocent Flesh,Infant Annihilator,https://getsongbpm.com/song/pelt-of-innocent-flesh/r2rWoL,28,1
1735,WjOZiRlCFCU,https://music.youtube.com/watch?v=WjOZiRlCFCU,Infant Annihilator,Cuntcrusher,Infant Annihilator,Cuntcrusher,The Palpable Leprosy of Pollution (Instrumental),299,A#,minor,236,4/4,8m,matched,0.9904,,GetSongBPM,32ZZP4,Cuntcrusher,Infant Annihilator,https://getsongbpm.com/song/cuntcrusher/32ZZP4,28,1
1737,oBni1QiQNVs,https://music.youtube.com/watch?v=oBni1QiQNVs,Infant Annihilator,Paedophilic Supremacy,Infant Annihilator,Paedophilic Supremacy,The Palpable Leprosy of Pollution,56,,,,,,missing,,not_found,,,,,,,
1738,Es5arL6M_bQ,https://music.youtube.com/watch?v=Es5arL6M_bQ,Infant Annihilator,Immeasurable Foetal Mutilation,Infant Annihilator,Immeasurable Foetal Mutilation,The Palpable Leprosy of Pollution,218,F,major,81,4/4,12d,matched,1.0000,,GetSongBPM,1rXXP0,Immeasurable Foetal Mutilation,Infant Annihilator,https://getsongbpm.com/song/immeasurable-foetal-mutilation/1rXXP0,37,1
1739,mKKht5gM8cs,https://music.youtube.com/watch?v=mKKht5gM8cs,Paul Anka,You Are My Destiny,Paul Anka,You Are My Destiny,A Table For Two,168,G#,major,79,4/4,9d,manual_accept,0.9421,,GetSongBPM,W6DZ0W,You Are My Destiny,Paul Anka,https://getsongbpm.com/song/you-are-my-destiny/W6DZ0W,38,68
1740,cb-lRR9DWtw,https://music.youtube.com/watch?v=cb-lRR9DWtw,Егор Летов,Никто не хотел умирать,Егор Летов,Никто не хотел умирать,Всё как у людей,199,,,,,,missing,,not_found,,,,,,,
1741,ChOk4g5v_SI,https://music.youtube.com/watch?v=ChOk4g5v_SI,Infant Annihilator,The Battle of Yaldabaoth (feat. Alex Teyen),Infant Annihilator,The Battle of Yaldabaoth (feat. Alex Teyen),The Battle of Yaldabaoth,366,F#,major,130,4/4,7d,matched,1.0000,,GetSongBPM,oZ3DjK,The Battle of Yaldabaoth,Infant Annihilator,https://getsongbpm.com/song/the-battle-of-yaldabaoth/oZ3DjK,46,1
1742,gyL6a0m9Q6Y,https://music.youtube.com/watch?v=gyL6a0m9Q6Y,Михаил Елизаров,Ебанутое счастье,Михаил Елизаров,Михаил Елизаров — Ебанутое счастье,,227,,,,,,missing,,not_found,,,,,,,
1743,pxu3NRhQzFA,https://music.youtube.com/watch?v=pxu3NRhQzFA,Егор Летов,Кайф или больше,Егор Летов,Кайф или больше,Вершки и корешки,131,,,,,,missing,,not_found,,,,,,,
1744,oU6uUEwZ8FM,https://music.youtube.com/watch?v=oU6uUEwZ8FM,The Mamas & The Papas,California Dreamin' (Single Version),The Mamas & The Papas,California Dreamin' (Single Version),If You Can Believe Your Eyes & Ears,163,C#,minor,112,4/4,5m,matched,0.9304,,GetSongBPM,L8LQ0X,California Dreamin',The Mamas & the Papas,https://getsongbpm.com/song/california-dreamin/L8LQ0X,56,36
1746,N_tJBqa-EQ0,https://music.youtube.com/watch?v=N_tJBqa-EQ0,Flaer Smin,Wish You Were Here,Flaer Smin,Wish You Were Here,Collapse,530,,,,,,missing,,manual_reject_broader,,,,,,,
1747,HhhprPW_iZo,https://music.youtube.com/watch?v=HhhprPW_iZo,Enigma,Principles Of Lust,Enigma,Principles Of Lust,Love Sensuality Devotion: The Greatest Hits,189,G,major,95,4/4,2d,matched,0.8608,,GetSongBPM,z7WY0y,Principles Of Lust: Sadeness / Find Love / Sadeness (Reprise),Enigma,https://getsongbpm.com/song/principles-of-lust-sadeness-find-love-sadeness-reprise/z7WY0y,62,13
1748,3h-JYx76QNM,https://music.youtube.com/watch?v=3h-JYx76QNM,Massive Attack,Teardrop (feat. Elizabeth Fraser),Massive Attack,Teardrop (feat. Elizabeth Fraser),Mezzanine,331,B,minor,76,4/4,3m,matched,1.0000,,GetSongBPM,5Nq,Teardrop,Massive Attack,https://getsongbpm.com/song/teardrop/5Nq,62,2
1749,u9P2rlQkmMs,https://music.youtube.com/watch?v=u9P2rlQkmMs,Enigma,Back To The Rivers Of Belief: Way To Eternity / Hallelujah / The Rivers Of Belief,Enigma,Back To The Rivers Of Belief: Way To Eternity / Hallelujah / The Rivers Of Belief,MCMXC a.D.,637,F,minor,84,1/4,9m,manual_accept,1.0000,,GetSongBPM,GMBWGJ,Back To The Rivers Of Belief: Way To Eternity / Hallelujah / The Rivers Of Belief,Enigma,https://getsongbpm.com/song/back-to-the-rivers-of-belief-way-to-eternity-hallelujah-the-rivers-of-belief/GMBWGJ,34,3
1750,YArQ641o8V8,https://music.youtube.com/watch?v=YArQ641o8V8,Enya,Only Time,Enya,Only Time,A Day Without Rain,219,D#,major,82,4/4,10d,matched,1.0000,,GetSongBPM,BLR3J,Only Time,Enya,https://getsongbpm.com/song/only-time/BLR3J,42,85
1751,Dl7hwzQ6YoA,https://music.youtube.com/watch?v=Dl7hwzQ6YoA,Karunesh,Solitude,Karunesh,Solitude,Global Spirit,435,C,minor,135,4/4,10m,matched,1.0000,,GetSongBPM,wRA4J,Solitude,Karunesh,https://getsongbpm.com/song/solitude/wRA4J,62,1
1752,s8s2Ocqd6Kk,https://music.youtube.com/watch?v=s8s2Ocqd6Kk,Enigma,The Alchemist (The Alchemist's Vision By Ralf Hildenbeutel),Enigma,The Alchemist (The Alchemist's Vision By Ralf Hildenbeutel),A Posteriori (Private Lounge Remix),437,F,minor,110,,,manual_entry,1.0000,,manual,,,,,,
1753,oI5QPk-PZUU,https://music.youtube.com/watch?v=oI5QPk-PZUU,Enigma,Endless Quest,Enigma,Endless Quest,The Screen Behind The Mirror,187,G#,minor,129,4/4,6m,matched,1.0000,,GetSongBPM,gJ4y9,Endless Quest,Enigma,https://getsongbpm.com/song/endless-quest/gJ4y9,61,29
1754,bD11cJp2usM,https://music.youtube.com/watch?v=bD11cJp2usM,Dying Fetus,From Womb to Waste,Dying Fetus,From Womb to Waste,Reign Supreme (Deluxe Version),297,G#,major,109,4/4,9d,matched,0.9904,,GetSongBPM,MQWGJA,From Womb to Waste,Dying Fetus,https://getsongbpm.com/song/from-womb-to-waste/MQWGJA,30,1
1755,ZvQcX5yfTD8,https://music.youtube.com/watch?v=ZvQcX5yfTD8,Enigma,Principles Of Lust: Sadeness / Find Love / Sadeness (Reprise),Enigma,Principles Of Lust: Sadeness / Find Love / Sadeness (Reprise),MCMXC a.D.,704,G,major,95,4/4,2d,matched,1.0000,,GetSongBPM,z7WY0y,Principles Of Lust: Sadeness / Find Love / Sadeness (Reprise),Enigma,https://getsongbpm.com/song/principles-of-lust-sadeness-find-love-sadeness-reprise/z7WY0y,62,13
1756,U1FgauwrXDc,https://music.youtube.com/watch?v=U1FgauwrXDc,Михаил Елизаров,КОНДУКТОР,Михаил Елизаров,Михаил Елизаров — КОНДУКТОР,,96,,,,,,missing,,not_found,,,,,,,
1757,DS4JGToewj8,https://music.youtube.com/watch?v=DS4JGToewj8,Михаил Елизаров,МЫ ЕДЕМ JEDEM DAS SEINE,Михаил Елизаров,Михаил Елизаров — МЫ ЕДЕМ   JEDEM DAS SEINE,,136,,,,,,missing,,not_found,,,,,,,
1758,7QnTiJHexUI,https://music.youtube.com/watch?v=7QnTiJHexUI,Михаил Елизаров,ХОЛОДИЛЬНИК-ХОЛОДЕЦ,Михаил Елизаров,Михаил Елизаров — ХОЛОДИЛЬНИК-ХОЛОДЕЦ,,103,,,,,,missing,,not_found,,,,,,,
1759,ycBNZEZafAs,https://music.youtube.com/watch?v=ycBNZEZafAs,Егор Летов,Мне насрать на моё лицо (2021 Remastered Version),Егор Летов,Мне насрать на моё лицо (2021 Remastered Version),Концерт в городе-герое Ленинграде (2021 Remastered Version),172,,,,,,missing,,not_found,,,,,,,
1760,M3fbg2rAe-I,https://music.youtube.com/watch?v=M3fbg2rAe-I,Михаил Елизаров,МАТРИЦА,Михаил Елизаров,Михаил Елизаров — МАТРИЦА,,208,,,,,,missing,,not_found,,,,,,,
1761,wWBqfoQkJ9Y,https://music.youtube.com/watch?v=wWBqfoQkJ9Y,Михаил Елизаров,Летчик-потребитель,Михаил Елизаров,Михаил Елизаров — Летчик-потребитель,,163,,,,,,missing,,not_found,,,,,,,
1762,vIZSwFI_ugw,https://music.youtube.com/watch?v=vIZSwFI_ugw,Михаил Елизаров,Комендант,Михаил Елизаров,Михаил Елизаров — Комендант,,258,,,,,,missing,,not_found,,,,,,,
1763,UtLh8aoko24,https://music.youtube.com/watch?v=UtLh8aoko24,Константин Ступин,Ночью всякое бывает (Акустика 2014-2015),Константин Ступин,Ночью всякое бывает (Акустика 2014-2015),Не ваше дело в чём мне гулять,135,,,,,,missing,,not_found,,,,,,,
1764,pbozVGDYEmo,https://music.youtube.com/watch?v=pbozVGDYEmo,Михаил Елизаров,Солдатский Гранж,Михаил Елизаров,Михаил Елизаров — Солдатский Гранж,,152,,,,,,missing,,not_found,,,,,,,
1765,yHC1oncZ8B4,https://music.youtube.com/watch?v=yHC1oncZ8B4,Константин Ступин,Пушистый хвост лисицы (Акустика 2014-2015),Константин Ступин,Пушистый хвост лисицы (Акустика 2014-2015),Не ваше дело в чём мне гулять,142,,,,,,missing,,not_found,,,,,,,
1766,_iUQk2ulUgk,https://music.youtube.com/watch?v=_iUQk2ulUgk,Jacek Kaczmarski,Kara Barabasza,Jacek Kaczmarski,Kara Barabasza,Glupi Jasio,185,F,minor,93,4/4,9m,matched,0.9927,,GetSongBPM,n51RY4,Kara Barabasza,Jacek Kaczmarski,https://getsongbpm.com/song/kara-barabasza/n51RY4,43,76
1767,gx6faweC5g4,https://music.youtube.com/watch?v=gx6faweC5g4,Ночная трость; Константин Ступин,Ганс (14.08.2016),Ночная трость; Константин Ступин,Константин Ступин - Ганс (14.08.2016),,179,,,,,,missing,,not_found,,,,,,,
1768,evbvxnecO0Q,https://music.youtube.com/watch?v=evbvxnecO0Q,Михаил Елизаров,Тональ и Нагваль,Михаил Елизаров,Михаил Елизаров — Тональ и Нагваль,,203,,,,,,missing,,not_found,,,,,,,
1769,yDZnx4sFrHM,https://music.youtube.com/watch?v=yDZnx4sFrHM,Михаил Елизаров,КВАРТИРА НА ПР. МИРА(2010),Михаил Елизаров,Михаил Елизаров —  КВАРТИРА НА ПР. МИРА(2010),,210,,,,,,missing,,not_found,,,,,,,
1770,i-WxpWM6twY,https://music.youtube.com/watch?v=i-WxpWM6twY,Back to The Rivers Of Belief (Complete),Enigma,Isaías Roldán D,Back to The Rivers Of Belief (Complete) - Enigma,,863,,,,,,missing,,not_found,,,,,,,
1771,BuYZ-Mc8iTQ,https://music.youtube.com/watch?v=BuYZ-Mc8iTQ,Enigma,Mea Culpa,Enigma,Mea Culpa,MCMXC a.D.,302,B,minor,109,4/4,3m,manual_accept,1.0000,,GetSongBPM,y9V2Rn,Mea Culpa,Enigma,https://getsongbpm.com/song/mea-culpa/y9V2Rn,56,3
1772,RV1j5_91OgU,https://music.youtube.com/watch?v=RV1j5_91OgU,Михаил Елизаров,АНТИФАШИСТСКАЯ ПЕСНЯ,Михаил Елизаров,Михаил Елизаров  — АНТИФАШИСТСКАЯ ПЕСНЯ,,202,,,,,,missing,,not_found,,,,,,,
1774,OySiCE_bsR4,https://music.youtube.com/watch?v=OySiCE_bsR4,Михаил Елизаров,Некрономикон,Михаил Елизаров,Михаил Елизаров — Некрономикон,,212,,,,,,missing,,not_found,,,,,,,
1775,X_kSwAjkkgw,https://music.youtube.com/watch?v=X_kSwAjkkgw,Михаил Елизаров,ТЮРЕМНАЯ,Михаил Елизаров,Михаил Елизаров — ТЮРЕМНАЯ,,263,,,,,,missing,,not_found,,,,,,,
1776,qGHKIw6jxHE,https://music.youtube.com/watch?v=qGHKIw6jxHE,Егор Летов,Мне насрать на моё лицо,Егор Летов,Мне насрать на моё лицо,Всё как у людей,175,,,,,,missing,,not_found,,,,,,,
1783,1GL9l1DXTsQ,https://music.youtube.com/watch?v=1GL9l1DXTsQ,Death Grips,No Love,Death Grips,No Love,No Love Deep Web,304,G#,major,146,3/4,9d,matched,1.0000,,GetSongBPM,mQ9950,No Love,Death Grips,https://getsongbpm.com/song/no-love/mQ9950,55,3
1784,-8B2Ok16gzs,https://music.youtube.com/watch?v=-8B2Ok16gzs,Infant Annihilator,Soil the Stillborn,Infant Annihilator,Soil the Stillborn,The Elysian Grandeval Galèriarch,240,F#,major,160,4/4,7d,matched,1.0000,,GetSongBPM,oZoWlL,Soil the Stillborn,Infant Annihilator,https://getsongbpm.com/song/soil-the-stillborn/oZoWlL,24,1
1785,TdSpZF36OHg,https://music.youtube.com/watch?v=TdSpZF36OHg,Михаил Елизаров,СОВЕТСКАЯ,Михаил Елизаров,Михаил Елизаров СОВЕТСКАЯ,,173,,,,,,missing,,not_found,,,,,,,
1786,tAe2Q_LhY8g,https://music.youtube.com/watch?v=tAe2Q_LhY8g,The Beatles,I Want You (She's So Heavy) (Remastered 2009),The Beatles,I Want You (She's So Heavy) (Remastered 2009),Abbey Road,468,D,minor,117,4/4,12m,matched,0.9304,,GetSongBPM,BgzQnx,I Want You (She's So Heavy),The Beatles,https://getsongbpm.com/song/i-want-you-she-s-so-heavy/BgzQnx,37,3
1787,vvhJXgYfgy8,https://music.youtube.com/watch?v=vvhJXgYfgy8,Pantera,5 Minutes Alone,Pantera,5 Minutes Alone,Far Beyond Driven,348,G,major,96,4/4,2d,matched,1.0000,,GetSongBPM,ADZO3,5 Minutes Alone,Pantera,https://getsongbpm.com/song/5-minutes-alone/ADZO3,51,1
1788,2o9aoL0NWpw,https://music.youtube.com/watch?v=2o9aoL0NWpw,Rage Against The Machine,Killing In the Name,Rage Against The Machine,Killing In the Name,Rage Against The Machine,314,G,major,88,4/4,2d,matched,1.0000,,GetSongBPM,kZ3wyJ,Killing in the Name,Rage Against the Machine,https://getsongbpm.com/song/killing-in-the-name/kZ3wyJ,47,3
1789,PIF4So6xcU8,https://music.youtube.com/watch?v=PIF4So6xcU8,Deftones,My Own Summer (Shove It),Deftones,My Own Summer (Shove It),Around the Fur,215,C#,major,71,4/4,8d,matched,1.0000,,GetSongBPM,wKPDM,My Own Summer (Shove It),Deftones,https://getsongbpm.com/song/my-own-summer-shove-it/wKPDM,45,1
1790,N_lSJ-0Gl7Q,https://music.youtube.com/watch?v=N_lSJ-0Gl7Q,Led Zeppelin,Since I've Been Loving You (Remaster),Led Zeppelin,Since I've Been Loving You (Remaster),Led Zeppelin III (Remaster),445,F,minor,119,,,manual_entry,1.0000,,manual,,,,,,
1791,5NYYv_x3jmQ,https://music.youtube.com/watch?v=5NYYv_x3jmQ,Frank Sinatra,There's No You,Frank Sinatra,There's No You,Where Are You? (Remastered / Expanded Edition),228,A,major,83,4/4,4d,matched,0.9904,,GetSongBPM,jq50B,There's No You,Frank Sinatra,https://getsongbpm.com/song/there-s-no-you/jq50B,20,82
1794,x06MOwnE6P0,https://music.youtube.com/watch?v=x06MOwnE6P0,Егор Летов,Харакири (2021 Remastered Version),Егор Летов,Харакири (2021 Remastered Version),Концерт в городе-герое Ленинграде (2021 Remastered Version),139,,,,,,missing,,not_found,,,,,,,
1795,sySlY1XKlhM,https://music.youtube.com/watch?v=sySlY1XKlhM,B.J. Thomas,Raindrops Keep Falling on my Head,B.J. Thomas,Raindrops Keep Falling on my Head,The Very Best of B.J. Thomas,177,F,major,110,,,manual_entry,1.0000,,manual,,,,,,
1796,wV9OcYhk4CU,https://music.youtube.com/watch?v=wV9OcYhk4CU,Frank Sinatra,I'm A Fool To Want You (Remastered 1999),Frank Sinatra,I'm A Fool To Want You (Remastered 1999),Where Are You? (Remastered / Expanded Edition),292,D#,minor,85,5/4,7m,matched,0.9208,,GetSongBPM,voR8L,I'm a Fool to Want You,Frank Sinatra,https://getsongbpm.com/song/i-m-a-fool-to-want-you/voR8L,16,93
1799,HDzHhqWZMD0,https://music.youtube.com/watch?v=HDzHhqWZMD0,Neil Young,Harvest Moon,Neil Young,Harvest Moon,Harvest Moon,304,D,major,56,4/4,3d,matched,1.0000,,GetSongBPM,J6Oko,Harvest Moon,Neil Young,https://getsongbpm.com/song/harvest-moon/J6Oko,65,53
1801,EgRWaldVG2E,https://music.youtube.com/watch?v=EgRWaldVG2E,Ирина Аллегрова,Императрица,Елена С.,"Ирина Аллегрова - ""Императрица""",,258,,,,,,missing,,not_found,,,,,,,
1802,3sNdqNJnhhM,https://music.youtube.com/watch?v=3sNdqNJnhhM,Король и Шут,Воспоминания о былой любви,Король и Шут,Воспоминания о былой любви,Как в старой сказке,296,,,,,,missing,,not_found,,,,,,,
1803,ZP1lSYV5ENs,https://music.youtube.com/watch?v=ZP1lSYV5ENs,Infant Annihilator,I. Infant Annihilator,Infant Annihilator,I. Infant Annihilator,The Palpable Leprosy of Pollution,174,B,major,138,3/4,6d,matched,1.0000,,GetSongBPM,VPXXKB,I. Infant Annihilator,Infant Annihilator,https://getsongbpm.com/song/ipoint-infant-annihilator/VPXXKB,30,1
1806,qHgLyODFCQE,https://music.youtube.com/watch?v=qHgLyODFCQE,MORGENSHTERN ft. OBEME,ДУЛО (prod. checkoff),checkoff,MORGENSHTERN ft. OBEME - ДУЛО (prod. checkoff),,124,,,,,,missing,,not_found,,,,,,,
1811,3kxXOnbHI08,https://music.youtube.com/watch?v=3kxXOnbHI08,William Maranci Mashups,supermassive bottom jeans (muse x flo rida),William Maranci Mashups,supermassive bottom jeans (muse x flo rida),,243,,,,,,missing,,not_found,,,,,,,
1812,rcPJgpZVCcM,https://music.youtube.com/watch?v=rcPJgpZVCcM,Ti voglio tanto bene,Italian Song | Piano Accompaniment 伴奏用,Nana Morimoto Classical Piano & Voice,Ti voglio tanto bene – Italian Song | Piano Accompaniment 伴奏用,,161,,,,,,missing,,manual_reject_broader,,,,,,,
1813,_wGxcRg2W2w,https://music.youtube.com/watch?v=_wGxcRg2W2w,ЕвГЕНИЙ Понасенков поёт Rammstein,Ich Will,oselish,ЕвГЕНИЙ Понасенков поёт Rammstein - Ich Will,,16,D,major,129,4/4,3d,matched,0.9568,,GetSongBPM,P1V0A,Ich will,Rammstein,https://getsongbpm.com/song/ich-will/P1V0A,65,1
1814,2nKHr_TBSuU,https://music.youtube.com/watch?v=2nKHr_TBSuU,Jonas Kaufmann; Jochen Rieder; Rundfunk-Sinfonieorchester Berlin,Ti voglio tanto bene,Jonas Kaufmann; Jochen Rieder; Rundfunk-Sinfonieorchester Berlin,Ti voglio tanto bene,Ti voglio tanto bene,183,,,,,,missing,,not_found,,,,,,,
1817,qQzdAsjWGPg,https://music.youtube.com/watch?v=qQzdAsjWGPg,Frank Sinatra,My Way (2008 Remastered),Frank Sinatra,My Way (2008 Remastered),Nothing But The Best (2008 Remastered),277,D,major,151,,,manual_entry,1.0000,,manual,,,,,,
1818,te51eVrFWEc,https://music.youtube.com/watch?v=te51eVrFWEc,The Righteous Brothers,Unchained Melody,The Righteous Brothers,Unchained Melody,The Very Best Of The Righteous Brothers - Unchained Melody,217,C,major,98,3/4,1d,matched,0.9904,,GetSongBPM,GRGOyL,Unchained Melody,The Righteous Brothers,https://getsongbpm.com/song/unchained-melody/GRGOyL,37,57
1819,QbD5tGj3KW4,https://music.youtube.com/watch?v=QbD5tGj3KW4,Tanita Tikaram,Twist in My Sobriety,Tanita Tikaram,Twist in My Sobriety,Ancient Heart,293,A#,minor,114,4/4,8m,matched,1.0000,,GetSongBPM,8107l,Twist in My Sobriety,Tanita Tikaram,https://getsongbpm.com/song/twist-in-my-sobriety/8107l,78,7
1822,bI8P6ZSHSvE,https://music.youtube.com/watch?v=bI8P6ZSHSvE,The Beatles,While My Guitar Gently Weeps (Remastered 2009),The Beatles,While My Guitar Gently Weeps (Remastered 2009),The Beatles,285,A,minor,116,4/4,1m,matched,0.9304,,GetSongBPM,mQo4Ap,While My Guitar Gently Weeps,The Beatles,https://getsongbpm.com/song/while-my-guitar-gently-weeps/mQo4Ap,46,3
1823,reD1JDyvdvg,https://music.youtube.com/watch?v=reD1JDyvdvg,TILL LINDEMANN,Любимый город,TILL LINDEMANN,Любимый город,Любимый город,153,,,,,,missing,,not_found,,,,,,,
1825,9RfVp-GhKfs,https://music.youtube.com/watch?v=9RfVp-GhKfs,Radiohead,Creep,Radiohead,Creep,Creep,239,G,major,92,4/4,2d,matched,0.9300,,GetSongBPM,KZE3Vr,Creep,Radiohead,https://getsongbpm.com/song/creep/KZE3Vr,52,2
1826,ozllPih3hOk,https://music.youtube.com/watch?v=ozllPih3hOk,Limp Bizkit,Behind Blue Eyes,Limp Bizkit,Behind Blue Eyes,Results May Vary,270,A,minor,58,4/4,1m,matched,1.0000,,GetSongBPM,AKKjj,Behind Blue Eyes,Limp Bizkit,https://getsongbpm.com/song/behind-blue-eyes/AKKjj,59,50
1827,RNDWIh3Z_zo,https://music.youtube.com/watch?v=RNDWIh3Z_zo,Staind,It's Been Awhile,Staind,It's Been Awhile,Break the Cycle,265,F#,major,117,4/4,7d,matched,1.0000,,GetSongBPM,yX6O6,It's Been Awhile,Staind,https://getsongbpm.com/song/it-s-been-awhile/yX6O6,51,1
1828,2j8SyixzzQY,https://music.youtube.com/watch?v=2j8SyixzzQY,Staind,Outside,Staind,Outside,Break the Cycle,294,C#,major,144,4/4,8d,matched,1.0000,,GetSongBPM,JQYjK,Outside,Staind,https://getsongbpm.com/song/outside/JQYjK,52,1
1829,Cl5Vkd4N03Q,https://music.youtube.com/watch?v=Cl5Vkd4N03Q,Mr.Kitty,After Dark,Mr.Kitty,After Dark,Time,260,G,minor,144,4/4,11m,matched,1.0000,,GetSongBPM,gZ0pq3,After Dark,Mr.Kitty,https://getsongbpm.com/song/after-dark/gZ0pq3,59,7
1831,LfgNorryffc,https://music.youtube.com/watch?v=LfgNorryffc,Kavinsky,Nightcall,Kavinsky,Nightcall,OutRun,258,F,minor,92,4/4,9m,matched,1.0000,,GetSongBPM,kZqm5J,Nightcall,Kavinsky,https://getsongbpm.com/song/nightcall/kZqm5J,54,2
1832,HGe0giPi8vQ,https://music.youtube.com/watch?v=HGe0giPi8vQ,Devin Townsend Project,Supercrush!,Devin Townsend Project,Supercrush!,Addicted,312,G,major,120,4/4,2d,matched,1.0000,,GetSongBPM,JZ73Xg,Supercrush!,Devin Townsend Project,https://getsongbpm.com/song/supercrushexclamation/JZ73Xg,49,1
1833,Ukh1zoiV304,https://music.youtube.com/watch?v=Ukh1zoiV304,Scorpions,Wind Of Change,Scorpions,Wind Of Change,Crazy World,313,C,major,75,4/4,1d,matched,1.0000,,GetSongBPM,mwV7R,Wind of Change,Scorpions,https://getsongbpm.com/song/wind-of-change/mwV7R,48,38
1835,PnR5-ctMXqw,https://music.youtube.com/watch?v=PnR5-ctMXqw,Abominable Iron Sloth,Hats Made Of Veal and That New Car Scent,Abominable Iron Sloth,Hats Made Of Veal and That New Car Scent,Abominable Iron Sloth,196,G,major,62,4/4,2d,matched,1.0000,,GetSongBPM,ADXY5P,Hats Made of Veal and That New Car Scent,The Abominable Iron Sloth,https://getsongbpm.com/song/hats-made-of-veal-and-that-new-car-scent/ADXY5P,33,85
1836,iVusUjyby18,https://music.youtube.com/watch?v=iVusUjyby18,The Moody Blues,Nights In White Satin (Single Version / Mono),The Moody Blues,Nights In White Satin (Single Version / Mono),Days Of Future Passed (Deluxe Version),270,E,minor,84,4/4,2m,matched,0.9388,,GetSongBPM,Og1kor,Nights In White Satin - Single Version / Mono Mix,The Moody Blues,https://getsongbpm.com/song/nights-in-white-satin-single-version-mono-mix/Og1kor,20,47
1837,gnrSpwb2Ax4,https://music.youtube.com/watch?v=gnrSpwb2Ax4,Jim Croce,Time in a Bottle,Jim Croce,Time in a Bottle,You Don't Mess Around With Jim,149,D,major,136,3/4,3d,matched,1.0000,,GetSongBPM,gLXBND,Time in a Bottle,Jim Croce,https://getsongbpm.com/song/time-in-a-bottle/gLXBND,55,86
1838,iZnEl3AD2TY,https://music.youtube.com/watch?v=iZnEl3AD2TY,MORGENSHTERN ft. OBEME,Володя быдло! (prod. checkoff),checkoff,MORGENSHTERN ft. OBEME - Володя быдло! (prod. checkoff),,78,,,,,,missing,,not_found,,,,,,,
1839,B6d0mZTClfc,https://music.youtube.com/watch?v=B6d0mZTClfc,MORGENSHTERN ft. OBEME,Vodka & ПИВО (prod. checkoff),checkoff,MORGENSHTERN ft. OBEME - Vodka & ПИВО (prod. checkoff),,138,,,,,,missing,,not_found,,,,,,,
1840,Z1lIl9ZVXdQ,https://music.youtube.com/watch?v=Z1lIl9ZVXdQ,Crazy Obeme,Axel F (prod. checkoff),checkoff,Crazy Obeme - Axel F (prod. checkoff),,170,,,,,,missing,,manual_reject_broader,,,,,,,
1841,LO8K29YeaNI,https://music.youtube.com/watch?v=LO8K29YeaNI,Tsutomu Torii,Sous Le Ciel De Paris,Tsutomu Torii,Sous Le Ciel De Paris,Accordion No Miryoku Les Champs-Elysees,237,,,,,,missing,,manual_reject_broader,,,,,,,
1842,D_2bluVPsb0,https://music.youtube.com/watch?v=D_2bluVPsb0,John Williams; London Symphony Orchestra,Duel of the Fates,John Williams; London Symphony Orchestra,Duel of the Fates,Star Wars: The Phantom Menace (Original Motion Picture Soundtrack),255,D,major,79,4/4,3d,manual_accept,0.9429,,GetSongBPM,2k983P,Duel of the Fates,John Williams,https://getsongbpm.com/song/duel-of-the-fates/2k983P,48,74
1843,GFY7i7pJAXg,https://music.youtube.com/watch?v=GFY7i7pJAXg,Hans Zimmer,The Kraken,Hans Zimmer,The Kraken,Pirates of the Caribbean:  Dead Man's Chest (Original Motion Picture Soundtrack),414,D,major,180,,,manual_entry,1.0000,,manual,,,,,,
1844,8t9eL-5wMFc,https://music.youtube.com/watch?v=8t9eL-5wMFc,Howard Shore,The Battle of the Pelennor Fields,Howard Shore,The Battle of the Pelennor Fields,The Lord of the Rings - The Return of the King - The Complete Recordings (Limited Edition),251,E,minor,121,,,manual_entry,1.0000,,manual,,,,,,
1845,VixdIglCZXk,https://music.youtube.com/watch?v=VixdIglCZXk,The Animals,House of the Rising Sun,The Animals,House of the Rising Sun,Most of the Animals,270,A,minor,116,3/4,1m,manual_accept,0.9904,,GetSongBPM,X9wz8,The House of the Rising Sun,The Animals,https://getsongbpm.com/song/the-house-of-the-rising-sun/X9wz8,30,1
1846,h497OPVQYYA,https://music.youtube.com/watch?v=h497OPVQYYA,The Paris Musette,C'est Tout,The Paris Musette,C'est Tout,The Music Of France,153,G#,major,105,,,manual_entry,1.0000,,manual,,,,,,
1849,RVMQSZ3sAno,https://music.youtube.com/watch?v=RVMQSZ3sAno,Thy Art Is Murder,Light Bearer,Thy Art Is Murder,Light Bearer,Holy War,236,F#,major,139,4/4,7d,matched,1.0000,,GetSongBPM,K1WX9J,Light Bearer,Thy Art Is Murder,https://getsongbpm.com/song/light-bearer/K1WX9J,45,1
1850,0VtjYeVJ-mc,https://music.youtube.com/watch?v=0VtjYeVJ-mc,Carnifex,Die Without Hope,Carnifex,Die Without Hope,Die Without Hope,324,E,major,114,4/4,5d,matched,1.0000,,GetSongBPM,k8OBxx,Die Without Hope,Carnifex,https://getsongbpm.com/song/die-without-hope/k8OBxx,48,1
1851,0FUo6EWDB2E,https://music.youtube.com/watch?v=0FUo6EWDB2E,Conchita Wurst,Rise Like a Phoenix,Conchita Wurst,Rise Like a Phoenix,Conchita,183,D,minor,82,4/4,12m,matched,1.0000,,GetSongBPM,WLgMvJ,Rise Like a Phoenix,Conchita Wurst,https://getsongbpm.com/song/rise-like-a-phoenix/WLgMvJ,43,8
1852,03Kf4tbSnGo,https://music.youtube.com/watch?v=03Kf4tbSnGo,Rousseau,Hungarian Rhapsody No. 2 (Liszt),Rousseau,Hungarian Rhapsody No. 2 (Liszt),Hungarian Rhapsody No. 2 (Liszt),775,,,,,,missing,,not_found,,,,,,,
1853,LLbew85exp0,https://music.youtube.com/watch?v=LLbew85exp0,Billy Joel,Piano Man,Billy Joel,Piano Man,Piano Man (Legacy Edition),339,C,major,176,3/4,1d,matched,0.9904,,GetSongBPM,nZVlR,Piano Man,Billy Joel,https://getsongbpm.com/song/piano-man/nZVlR,34,60
1854,6wHBsMoHFWs,https://music.youtube.com/watch?v=6wHBsMoHFWs,George Harrison,My Sweet Lord,George Harrison,My Sweet Lord,All Things Must Pass,282,,,,,,missing,,manual_reject_broader,,,,,,,
1857,3uRznLJnsuw,https://music.youtube.com/watch?v=3uRznLJnsuw,Deathwhite,Funeral Ground,Deathwhite,Funeral Ground,Funeral Ground,305,,,,,,missing,,not_found,,,,,,,
1859,1GWsdqCYvgw,https://music.youtube.com/watch?v=1GWsdqCYvgw,Nick Cave,Higgs Boson Blues,Nick Cave,Higgs Boson Blues,,555,B,minor,123,4/4,3m,matched,0.9568,,GetSongBPM,XoND1l,Higgs Boson Blues,Nick Cave & The Bad Seeds,https://getsongbpm.com/song/higgs-boson-blues/XoND1l,40,84
1860,YHXWRoFCyS8,https://music.youtube.com/watch?v=YHXWRoFCyS8,The Cure,Pictures Of You,The Cure,Pictures Of You,Valentine Disaster (International Version),289,A,major,86,4/4,4d,matched,0.9585,,GetSongBPM,NkgQ2,Pictures of You,The Cure,https://getsongbpm.com/song/pictures-of-you/NkgQ2,49,1
1864,N5IlSG49xa4,https://music.youtube.com/watch?v=N5IlSG49xa4,azotnyturbopascal,Солнце над Твин Пиксом,_morris_,azotnyturbopascal - Солнце над Твин Пиксом,,181,,,,,,missing,,not_found,,,,,,,
1865,h4QGc06KnBE,https://music.youtube.com/watch?v=h4QGc06KnBE,Killswitch Engage,The End of Heartache,Killswitch Engage,The End of Heartache,The End of Heartache,299,C,minor,124,4/4,10m,matched,1.0000,,GetSongBPM,jk3gv,The End of Heartache,Killswitch Engage,https://getsongbpm.com/song/the-end-of-heartache/jk3gv,47,1
1868,LaHQyRXmlIg,https://music.youtube.com/watch?v=LaHQyRXmlIg,Godsmack,Awake (Official Acapella),Cringe Lord,Godsmack - Awake (Official Acapella),,302,,,,,,missing,,not_found,,,,,,,
1876,6g1nqamb31M,https://music.youtube.com/watch?v=6g1nqamb31M,Hello Relatives!,Bohemian Rhapsody (in G minor),Hello Relatives!,Hello Relatives! - Bohemian Rhapsody (in G minor),,260,,,,,,missing,,manual_reject_broader,,,,,,,
1877,vur5tnt5QAc,https://music.youtube.com/watch?v=vur5tnt5QAc,Blackhelm,Dark Clouds of the Inferno,Blackhelm,Dark Clouds of the Inferno,Dark Clouds of the Inferno,607,F,major,110,,,manual_entry,1.0000,,manual,,,,,,
1879,Fz-ABmyvyVY,https://music.youtube.com/watch?v=Fz-ABmyvyVY,DJ Cummerbund,It's Raining Bloody Bodies,DJ Cummerbund,DJ Cummerbund - It's Raining Bloody Bodies,,177,,,,,,missing,,manual_reject_broader,,,,,,,
1880,7PuITsSoLN4,https://music.youtube.com/watch?v=7PuITsSoLN4,William Maranci Mashups,hall of the soulja king,William Maranci Mashups,hall of the soulja king,,149,,,,,,missing,,not_found,,,,,,,
1881,g-mWTPQj48A,https://music.youtube.com/watch?v=g-mWTPQj48A,avbbav,Михаил Елизаров 29.03.14 — Лучший,avbbav,Михаил Елизаров 29.03.14 — Лучший,,188,,,,,,missing,,not_found,,,,,,,
1882,_2IkG2OebIQ,https://music.youtube.com/watch?v=_2IkG2OebIQ,avbbav,Летела речка,avbbav,Летела речка,,153,,,,,,missing,,not_found,,,,,,,
1883,BDFmUz0Njio,https://music.youtube.com/watch?v=BDFmUz0Njio,DJ Cummerbund,King Nobody,DJ Cummerbund,DJ Cummerbund - King Nobody,,289,,,,,,missing,,not_found,,,,,,,
1884,QgAiN5NYlB4,https://music.youtube.com/watch?v=QgAiN5NYlB4,DJ Cummerbund,A Thousand Rapes,DJ Cummerbund,DJ Cummerbund - A Thousand Rapes,,310,,,,,,missing,,not_found,,,,,,,
1885,0e5sPNm71fM,https://music.youtube.com/watch?v=0e5sPNm71fM,DJ Cummerbund,Long Train Culting,DJ Cummerbund,DJ Cummerbund - Long Train Culting,,207,,,,,,missing,,not_found,,,,,,,
1886,d6R8YpIC78Y,https://music.youtube.com/watch?v=d6R8YpIC78Y,DJ Cummerbund,"Earth, Sand & Fire",DJ Cummerbund,"DJ Cummerbund - Earth, Sand & Fire",,242,,,,,,missing,,not_found,,,,,,,
1887,xTKlizBS9eA,https://music.youtube.com/watch?v=xTKlizBS9eA,DJ Cummerbund,Old Staind Road,DJ Cummerbund,DJ Cummerbund - Old Staind Road,,278,,,,,,missing,,not_found,,,,,,,
1891,DorEhjyK_eA,https://music.youtube.com/watch?v=DorEhjyK_eA,avbbav,"Ледокол ""Красин",avbbav,"Ледокол ""Красин""",,212,,,,,,missing,,not_found,,,,,,,
1892,MlAuHoRXLes,https://music.youtube.com/watch?v=MlAuHoRXLes,Реквием Моцарта (Requiem de Mozart,Lacrimosa - Karl Böhm - Sinfónica de Viena),Nijat Namazly,Реквием Моцарта (Requiem de Mozart - Lacrimosa - Karl Böhm - Sinfónica de Viena),,284,,,,,,missing,,not_found,,,,,,,
1893,v0TWuQVUKLk,https://music.youtube.com/watch?v=v0TWuQVUKLk,Infernum,Royal Noises from Dead Kingdoms: The Music of Double King #06 - Felix Colgrave,Misc. Music Vault,Infernum - Royal Noises from Dead Kingdoms: The Music of Double King #06 - Felix Colgrave,,171,,,,,,missing,,not_found,,,,,,,
1895,ej2BBjPqu0Q,https://music.youtube.com/watch?v=ej2BBjPqu0Q,Staind,Epiphany,Staind,Epiphany,Break the Cycle,257,F#,major,149,4/4,7d,matched,1.0000,,GetSongBPM,B687Q,Epiphany,Staind,https://getsongbpm.com/song/epiphany/B687Q,56,4
1896,QK-boYW3CfA,https://music.youtube.com/watch?v=QK-boYW3CfA,Journey,Don't Stop Believin' But It's Dig by Mudvayne,William Maranci Mashups,Journey - Don't Stop Believin' But It's Dig by Mudvayne,,221,,,,,,missing,,not_found,,,,,,,
1899,G7LNWX3pU74,https://music.youtube.com/watch?v=G7LNWX3pU74,Mudvayne,Dig live ozzfest,peptobizmol,Mudvayne - Dig live ozzfest,,173,,,,,,missing,,not_found,,,,,,,
1910,3moq63pisjQ,https://music.youtube.com/watch?v=3moq63pisjQ,Mudvayne,Dig [CHIPMUNK Version],Nazrif,Mudvayne - Dig [CHIPMUNK Version],,169,,,,,,missing,,not_found,,,,,,,
1911,KQggDNA7Jfw,https://music.youtube.com/watch?v=KQggDNA7Jfw,Mudvayne,Cradle,Mudvayne,Cradle,L.D. 50,316,E,minor,159,4/4,2m,matched,1.0000,,GetSongBPM,qjP12,Cradle,Mudvayne,https://getsongbpm.com/song/cradle/qjP12,35,1
1912,_hsYarRL1sY,https://music.youtube.com/watch?v=_hsYarRL1sY,Mudvayne,Internal Primates Forever,Mudvayne,Internal Primates Forever,L.D. 50,266,C#,major,194,4/4,8d,matched,1.0000,,GetSongBPM,mwL5O,Internal Primates Forever,Mudvayne,https://getsongbpm.com/song/internal-primates-forever/mwL5O,47,1
1916,o-vHiR-GCzs,https://music.youtube.com/watch?v=o-vHiR-GCzs,Slipknot,Psychosocial But It's Sexyback by Justin Timberlake,William Maranci Mashups,Slipknot - Psychosocial But It's Sexyback by Justin Timberlake,,247,,,,,,missing,,not_found,,,,,,,
1919,kIaMS8i-2L0,https://music.youtube.com/watch?v=kIaMS8i-2L0,ВИА ГРА,Поцелуи,ВИА ГРА,Поцелуи,Поцелуи,258,,,,,,missing,,not_found,,,,,,,
1920,Md2r0Fmpps0,https://music.youtube.com/watch?v=Md2r0Fmpps0,Gipsy Kings,No Volvere ( Amor Mio) / Un Amor,Hülya Ünalmış Video Creations,Gipsy Kings - No Volvere ( Amor Mio) / Un Amor,,447,,,,,,missing,,manual_reject_broader,,,,,,,
1921,R41pROiE1hQ,https://music.youtube.com/watch?v=R41pROiE1hQ,Richard Clayderman,Nostalgy,Richard Clayderman,Nostalgy,Lettre à ma mère,180,G,minor,127,4/4,11m,manual_accept,0.9444,,GetSongBPM,QnzjYY,Nostalgy,Richard Clayderman,https://getsongbpm.com/song/nostalgy/QnzjYY,58,9
1923,cj64226m_LU,https://music.youtube.com/watch?v=cj64226m_LU,Justin Bieber and Rob Zombie,Dragula Baby,William Maranci Mashups,Justin Bieber and Rob Zombie - Dragula Baby,,225,,,,,,missing,,not_found,,,,,,,
1926,EkwqPJZe8ms,https://music.youtube.com/watch?v=EkwqPJZe8ms,London Symphony Orchestra,Stravinsky The Rite of Spring // London Symphony Orchestra/Sir Simon Rattle,London Symphony Orchestra,Stravinsky The Rite of Spring // London Symphony Orchestra/Sir Simon Rattle,,2159,,,,,,missing,,not_found,,,,,,,
1928,3EPyLF6Cakc,https://music.youtube.com/watch?v=3EPyLF6Cakc,Пахомушки International,Кирпичи-герои,E777,Пахомушки International - Кирпичи-герои,,163,,,,,,missing,,not_found,,,,,,,
1929,NbEy5C3AeU0,https://music.youtube.com/watch?v=NbEy5C3AeU0,Хлебные жуки,Зелёная батарейка (Неизданное 2014),E777,Хлебные жуки - Зелёная батарейка (Неизданное 2014),,86,,,,,,missing,,not_found,,,,,,,
1933,VhrT7gxlxfE,https://music.youtube.com/watch?v=VhrT7gxlxfE,Зелёный слоник,Where Is My Mind,[donozavr],Зелёный слоник - Where Is My Mind,,229,,,,,,missing,,not_found,,,,,,,
1935,OUttzDsNk_4,https://music.youtube.com/watch?v=OUttzDsNk_4,Open Wound,Stranglehold EP,Hullefu,Open Wound - Stranglehold EP,,688,,,,,,missing,,not_found,,,,,,,
1938,FfQe1TZOImQ,https://music.youtube.com/watch?v=FfQe1TZOImQ,STRAPPING YOUNG LAD,All Hail The New Flesh (Album Track),Century Media Records,STRAPPING YOUNG LAD - All Hail The New Flesh (Album Track),,334,F,minor,98,4/4,9m,matched,0.9232,,GetSongBPM,xvQJq,All Hail the New Flesh,Strapping Young Lad,https://getsongbpm.com/song/all-hail-the-new-flesh/xvQJq,30,1
1940,oMTp-iAHNFk,https://music.youtube.com/watch?v=oMTp-iAHNFk,Rousseau,Minecraft (C418),Rousseau,Minecraft (C418),Minecraft (C418),239,,,,,,missing,,not_found,,,,,,,
1942,PUmOAm9lG4A,https://music.youtube.com/watch?v=PUmOAm9lG4A,Kassia; Ludwig van Beethoven,Beethoven: Moonlight Sonata 3rd Movement,Kassia; Ludwig van Beethoven,Beethoven: Moonlight Sonata 3rd Movement,Beethoven: Moonlight Sonata 3rd Movement,408,,,,,,missing,,not_found,,,,,,,
1943,mtQ0A5Gak5A,https://music.youtube.com/watch?v=mtQ0A5Gak5A,Claude Debussy; Kassia,Debussy: Clair de Lune,Claude Debussy; Kassia,Debussy: Clair de Lune,Debussy: Clair de Lune,301,,,,,,missing,,not_found,,,,,,,
1944,h6sKSgiKD2g,https://music.youtube.com/watch?v=h6sKSgiKD2g,Kassia; Pyotr Ilyich Tchaikovsky,Tchaikovsky: Piano Concerto No. 1,Kassia; Pyotr Ilyich Tchaikovsky,Tchaikovsky: Piano Concerto No. 1,Tchaikovsky: Piano Concerto No. 1,208,,,,,,missing,,not_found,,,,,,,
1945,ph7nsCIqcgI,https://music.youtube.com/watch?v=ph7nsCIqcgI,Kassia; Frédéric Chopin,Chopin: Nocturne Op. 9 No. 1,Kassia; Frédéric Chopin,Chopin: Nocturne Op. 9 No. 1,Chopin: Nocturne Op. 9 No. 1,400,,,,,,missing,,not_found,,,,,,,
1946,4z6apjs0DLk,https://music.youtube.com/watch?v=4z6apjs0DLk,Kassia,Beethoven: Sonata No. 21 Waldstein 1st Movement,Kassia,Beethoven: Sonata No. 21 Waldstein 1st Movement,Beethoven: Sonata No. 21 Waldstein 1st Movement,637,,,,,,missing,,not_found,,,,,,,
1947,klogkmrXAYc,https://music.youtube.com/watch?v=klogkmrXAYc,Kassia,Glinka/Balakirev: The Lark,Kassia,Glinka/Balakirev: The Lark,Glinka/Balakirev: The Lark,325,,,,,,missing,,not_found,,,,,,,
1949,7OIZQgXU8Ag,https://music.youtube.com/watch?v=7OIZQgXU8Ag,Benighted,Forgive Me Father (feat. Trevor Strnad),Benighted,Forgive Me Father (feat. Trevor Strnad),Forgive Me Father,257,D,minor,109,4/4,12m,matched,0.9437,,GetSongBPM,08xAv7,Forgive Me Father (feat. Trevor Strnad),Benighted,https://getsongbpm.com/song/forgive-me-father-featpoint-trevor-strnad/08xAv7,39,1
1951,1aR92yQUS7s,https://music.youtube.com/watch?v=1aR92yQUS7s,Tchaikovsky,Waltz of the Flowers (The Nutcracker Suite),Rousseau,Tchaikovsky - Waltz of the Flowers (The Nutcracker Suite),,483,,,,,,missing,,not_found,,,,,,,
1952,u30LsgDAcKs,https://music.youtube.com/watch?v=u30LsgDAcKs,Rousseau,Moonlight Sonata - 3rd Movement (Beethoven),Rousseau,Moonlight Sonata - 3rd Movement (Beethoven),Moonlight Sonata - 3rd Movement (Beethoven),455,,,,,,missing,,not_found,,,,,,,
1955,6ho9T2RmMJ8,https://music.youtube.com/watch?v=6ho9T2RmMJ8,XAVLEGBMAOFFFASSSSITIMIWOAMNDUTROABCWAPWAEIIPPOHFFFX,GORE [OFFICIAL EP STREAM] (2016) SW EXCLUSIVE,SLAM WORLDWIDE,XAVLEGBMAOFFFASSSSITIMIWOAMNDUTROABCWAPWAEIIPPOHFFFX - GORE [OFFICIAL EP STREAM] (2016) SW EXCLUSIVE,,735,,,,,,missing,,not_found,,,,,,,
1957,sJES-d1Qriw,https://music.youtube.com/watch?v=sJES-d1Qriw,Thy Art Is Murder,Slaves Beyond Death,Thy Art Is Murder,Slaves Beyond Death,Dear Desolation,225,E,major,99,4/4,5d,matched,1.0000,,GetSongBPM,168EVq,Slaves Beyond Death,Thy Art Is Murder,https://getsongbpm.com/song/slaves-beyond-death/168EVq,30,1
1959,rQqgjVAklHQ,https://music.youtube.com/watch?v=rQqgjVAklHQ,Whitechapel,The Saw Is the Law,Whitechapel,The Saw Is the Law,Our Endless War,268,B,minor,115,4/4,3m,matched,1.0000,,GetSongBPM,oVX0EA,The Saw Is the Law,Whitechapel,https://getsongbpm.com/song/the-saw-is-the-law/oVX0EA,48,1
1960,-ls-UC6OQBM,https://music.youtube.com/watch?v=-ls-UC6OQBM,Lorna Shore,King Ov Deception,Lorna Shore,King Ov Deception,Immortal,234,D#,minor,130,4/4,7m,matched,1.0000,,GetSongBPM,k2G9gY,King Ov Deception,Lorna Shore,https://getsongbpm.com/song/king-ov-deception/k2G9gY,43,1
1961,Ab9fN1XEFDE,https://music.youtube.com/watch?v=Ab9fN1XEFDE,Dawn of Demise,Juggernaut,Dawn of Demise,Juggernaut,Dawn of Demise,187,G#,major,155,4/4,9d,matched,0.9394,,GetSongBPM,MjmJBQ,Juggernaut,Dawn of Demise,https://getsongbpm.com/song/juggernaut/MjmJBQ,59,1
1972,JApegyYlvyY,https://music.youtube.com/watch?v=JApegyYlvyY,Powfu; beabadoobee,death bed (coffee for your head),Powfu; beabadoobee,death bed (coffee for your head),poems of the past,174,,,,,,missing,,not_found,,,,,,,
1973,Lefbtf5jjbg,https://music.youtube.com/watch?v=Lefbtf5jjbg,Notre Dame de Paris,Belle Subtitled English,Frollo1906,Notre Dame de Paris - Belle Subtitled English HD,,300,,,,,,missing,,not_found,,,,,,,
1974,Fd_3EkGr0-4,https://music.youtube.com/watch?v=Fd_3EkGr0-4,Frank Sinatra,Strangers In The Night (2008 Remastered),Frank Sinatra,Strangers In The Night (2008 Remastered),Nothing But The Best (2008 Remastered),165,,,,,,missing,,not_found,,,,,,,
1975,M7S_5qUHd28,https://music.youtube.com/watch?v=M7S_5qUHd28,Infant Annihilator,Feast Ov Goreglutton,Infant Annihilator,Feast Ov Goreglutton,The Battle of Yaldabaoth,143,C#,major,175,4/4,8d,matched,1.0000,,GetSongBPM,08w10X,Feast Ov Goreglutton,Infant Annihilator,https://getsongbpm.com/song/feast-ov-goreglutton/08w10X,43,1
1976,gfL2mV94F-0,https://music.youtube.com/watch?v=gfL2mV94F-0,Infant Annihilator,The Kingdom Sitteth Lonely Beneath Thine Hollowed Heavens (feat. Trevor Strnad),Infant Annihilator,The Kingdom Sitteth Lonely Beneath Thine Hollowed Heavens (feat. Trevor Strnad),The Battle of Yaldabaoth,427,F#,major,99,4/4,7d,matched,1.0000,,GetSongBPM,83GkMo,The Kingdom Sitteth Lonely Beneath Thine Hollowed Heavens,Infant Annihilator,https://getsongbpm.com/song/the-kingdom-sitteth-lonely-beneath-thine-hollowed-heavens/83GkMo,29,1
1977,opzf1ZGeda8,https://music.youtube.com/watch?v=opzf1ZGeda8,Hayaino Daisuki,Blood,The Grind Show,Hayaino Daisuki - Blood,,141,,,,,,missing,,manual_reject_broader,,,,,,,
1979,Ht3JrykyW74,https://music.youtube.com/watch?v=Ht3JrykyW74,Michael Bolton; Seal,When a Man Loves a Woman / It's a Man's Man's Man's World,Michael Bolton; Seal,When a Man Loves a Woman / It's a Man's Man's Man's World,GEMS: The Duets Collection,336,,,,,,missing,,not_found,,,,,,,
1980,qhtsnFhtIxg,https://music.youtube.com/watch?v=qhtsnFhtIxg,Luciano Pavarotti; James Brown,It's A Man's World (Live),Luciano Pavarotti; James Brown,It's A Man's World (Live),Pavarotti - The Greatest Hits,257,,,,,,missing,,manual_reject_broader,,,,,,,
1981,uygFRMVQroI,https://music.youtube.com/watch?v=uygFRMVQroI,Acrania,Servants of Hypocrisy,Acrania,Servants of Hypocrisy,Totalitarian Dystopia,223,G#,major,145,4/4,9d,matched,1.0000,,GetSongBPM,GvGKoJ,Servants of Hypocrisy,Acrania,https://getsongbpm.com/song/servants-of-hypocrisy/GvGKoJ,44,1
1982,V3HibSBlqbw,https://music.youtube.com/watch?v=V3HibSBlqbw,Silencer,Death - Pierce Me,Silencer,Death - Pierce Me,"Death, Pierce Me",631,,,,,,missing,,not_found,,,,,,,
1983,4Wp71PHqcPo,https://music.youtube.com/watch?v=4Wp71PHqcPo,Mudvayne,(Per)Version of a Truth,Mudvayne,(Per)Version of a Truth,The End Of All Things To Come,280,F,minor,114,5/4,9m,matched,1.0000,,GetSongBPM,Exzmk,(Per)Version of a Truth,Mudvayne,https://getsongbpm.com/song/per-version-of-a-truth/Exzmk,34,1
1984,fB8nGDkYdR4,https://music.youtube.com/watch?v=fB8nGDkYdR4,Mudvayne,Trapped In the Wake of a Dream,Mudvayne,Trapped In the Wake of a Dream,The End Of All Things To Come,282,C#,major,182,4/4,8d,matched,1.0000,,GetSongBPM,B6wjJ,Trapped in the Wake of a Dream,Mudvayne,https://getsongbpm.com/song/trapped-in-the-wake-of-a-dream/B6wjJ,63,1
1989,m02CCAkR-Mk,https://music.youtube.com/watch?v=m02CCAkR-Mk,Tame Impala,The Less I Know the Better But It's Crawling by Linkin Park,William Maranci Mashups,Tame Impala - The Less I Know the Better But It's Crawling by Linkin Park,,227,,,,,,missing,,manual_reject_broader,,,,,,,
1990,JnyMegOMDdM,https://music.youtube.com/watch?v=JnyMegOMDdM,Linkin Park,Numb But It's Party Rock Anthem By LMFAO,William Maranci Mashups,Linkin Park - Numb But It's Party Rock Anthem By LMFAO,,185,,,,,,missing,,not_found,,,,,,,
1991,7oZuk_n-QmY,https://music.youtube.com/watch?v=7oZuk_n-QmY,Настасья Самбурская,фраер (Михаил Круг),Л Р,Настасья Самбурская - фраер (Михаил Круг),,120,,,,,,missing,,not_found,,,,,,,
1992,5iMowRINf-E,https://music.youtube.com/watch?v=5iMowRINf-E,Napalm Death,Short-Lived,Napalm Death,Short-Lived,Smear Campaign,187,A,major,118,4/4,4d,matched,1.0000,,GetSongBPM,73Y5BA,Short-Lived,Napalm Death,https://getsongbpm.com/song/short-lived/73Y5BA,21,1
1995,WDaqeJqgD7M,https://music.youtube.com/watch?v=WDaqeJqgD7M,Serj Tankian,Sky Is Over (Live) (feat. Auckland Philharmonia Orchestra & John Psathas),Serj Tankian,Sky Is Over (Live) (feat. Auckland Philharmonia Orchestra & John Psathas),Elect the Dead Symphony (Live),189,,,,,,missing,,manual_reject_broader,,,,,,,
1997,dBfAN20t-m0,https://music.youtube.com/watch?v=dBfAN20t-m0,System of a Down,Toxicity But It's Bad Day By Daniel Powter,William Maranci Mashups,System of a Down - Toxicity But It's Bad Day By Daniel Powter,,234,,,,,,missing,,not_found,,,,,,,
2000,fWjjZ1WgKfs,https://music.youtube.com/watch?v=fWjjZ1WgKfs,Oleg Skoblja,Golgofa,Oleg Skoblja,Golgofa,Krylatyy lev,319,,,,,,missing,,not_found,,,,,,,
2002,ld4Hd_zyJa4,https://music.youtube.com/watch?v=ld4Hd_zyJa4,D̲e̲a̲t̲h̲,S̲y̲m̲b̲o̲l̲i̲c̲ (1995),Sound Of Storm,D̲e̲a̲t̲h̲ - S̲y̲m̲b̲o̲l̲i̲c̲ (1995),,3041,,,,,,missing,,not_found,,,,,,,
2003,j0lN0w5HVT8,https://music.youtube.com/watch?v=j0lN0w5HVT8,OblivionFall | AD,Welcome To The Cum Zone,OblivionFall | AD,Welcome To The Cum Zone | Official Music Video,,158,,,,,,missing,,not_found,,,,,,,
2004,SocOo_N40PA,https://music.youtube.com/watch?v=SocOo_N40PA,Alexandr Misko,Careless Whisper,Alexandr Misko,Careless Whisper,Beyond the Box,250,E,minor,77,4/4,2m,matched,1.0000,,GetSongBPM,XQy30o,Careless Whisper,Alexandr Misko,https://getsongbpm.com/song/careless-whisper/XQy30o,61,57
2005,0aYAVB0g2BE,https://music.youtube.com/watch?v=0aYAVB0g2BE,Rousseau,Dance of the Sugar Plum Fairy - The Nutcracker Suite (Tchaikovsky),Rousseau,Dance of the Sugar Plum Fairy - The Nutcracker Suite (Tchaikovsky),Dance of the Sugar Plum Fairy - The Nutcracker Suite (Tchaikovsky),148,,,,,,missing,,not_found,,,,,,,
2006,Ds2X0QPtxm4,https://music.youtube.com/watch?v=Ds2X0QPtxm4,Rousseau,Marche Funèbre - Funeral March (Chopin),Rousseau,Marche Funèbre - Funeral March (Chopin),Marche Funèbre - Funeral March (Chopin),552,,,,,,missing,,not_found,,,,,,,
2007,PQ02jz-UgeA,https://music.youtube.com/watch?v=PQ02jz-UgeA,Михаил Шуфутинский,Третье сентября (3-е сентября),Alexey Dubodelov,Михаил Шуфутинский - Третье сентября (3-е сентября),,371,,,,,,missing,,manual_reject,,,,,,,
2008,PjnaciNT-wQ,https://music.youtube.com/watch?v=PjnaciNT-wQ,Grégoire Blanc,Debussy - « Clair de Lune » on the theremin,Grégoire Blanc,Debussy - « Clair de Lune » on the theremin,,221,,,,,,missing,,not_found,,,,,,,
2009,MvBSI2JE6tA,https://music.youtube.com/watch?v=MvBSI2JE6tA,Devin Townsend; Devin Townsend Project,Deadhead (Live),Devin Townsend; Devin Townsend Project,Deadhead (Live),,491,,,,,,missing,,not_found,,,,,,,
2010,FjDm4U2RmDQ,https://music.youtube.com/watch?v=FjDm4U2RmDQ,Devin Townsend Project,Stormbending,Devin Townsend Project,Stormbending,Transcendence (Deluxe Edition),323,G,major,113,4/4,2d,matched,0.9904,,GetSongBPM,mqp33R,Stormbending,Devin Townsend Project,https://getsongbpm.com/song/stormbending/mqp33R,42,1
2011,uI2mUctUIuQ,https://music.youtube.com/watch?v=uI2mUctUIuQ,Estas Tonne,Internal Flight,Estas Tonne,Internal Flight,Internal Flight,3877,,minor,,,,matched,0.9304,,GetSongBPM,LnpJ8g,Internal Flight - Remastered,Estas Tonne,https://getsongbpm.com/song/internal-flight-remastered/LnpJ8g,,
2012,52-tLxhYpHs,https://music.youtube.com/watch?v=52-tLxhYpHs,Soften the Glare,Turn Around,Soften the Glare,Turn Around,Making Faces,320,A,major,101,,,manual_entry,1.0000,,manual,,,,,,
2015,LbsUzqBGLLE,https://music.youtube.com/watch?v=LbsUzqBGLLE,Eminem,"Lose Yourself But It's 4'33"" by John Cage",William Maranci Mashups,"Eminem - Lose Yourself But It's 4'33"" by John Cage",,274,,,,,,missing,,manual_reject_broader,,,,,,,
2016,JZeNYaTmVP4,https://music.youtube.com/watch?v=JZeNYaTmVP4,Hans Zimmer,Jack Sparrow,Hans Zimmer,Jack Sparrow,Pirates of the Caribbean:  Dead Man's Chest (Original Motion Picture Soundtrack),366,A,minor,92,,,manual_entry,1.0000,,manual,,,,,,
2017,jp7euLdd3is,https://music.youtube.com/watch?v=jp7euLdd3is,Rousseau,Nocturne in E Flat Major - Op. 9 No. 2 (Chopin),Rousseau,Nocturne in E Flat Major - Op. 9 No. 2 (Chopin),Nocturne in E Flat Major - Op. 9 No. 2 (Chopin),297,,,,,,missing,,manual_reject_broader,,,,,,,
2018,YxPTb0I3SrU,https://music.youtube.com/watch?v=YxPTb0I3SrU,Itzhak Perlman,"24 Caprices, Op. 1: No. 24 in A Minor",Itzhak Perlman,"24 Caprices, Op. 1: No. 24 in A Minor",Paganini: 24 Caprices,269,,,,,,missing,,not_found,,,,,,,
2020,_AITvKVqeLE,https://music.youtube.com/watch?v=_AITvKVqeLE,Alexander Markov,"24 Caprices, Op. 1: No. 24 in A Minor",Alexander Markov,"24 Caprices, Op. 1: No. 24 in A Minor","Paganini : Violin Concertos 1, 2 & 24 Caprices (- APEX)",305,,,,,,missing,,not_found,,,,,,,
2024,XH6NGA3Ig6o,https://music.youtube.com/watch?v=XH6NGA3Ig6o,Михаил Елизаров,ХУЁВОЕ МЕСТО,Михаил Елизаров,Михаил Елизаров — ХУЁВОЕ МЕСТО,,117,,,,,,missing,,not_found,,,,,,,
2025,1aewOPHU4D8,https://music.youtube.com/watch?v=1aewOPHU4D8,Михаил Елизаров,ЮРКА,Михаил Елизаров,Михаил Елизаров — ЮРКА,,66,,,,,,missing,,not_found,,,,,,,
2026,OnZFyphLodk,https://music.youtube.com/watch?v=OnZFyphLodk,Михаил Елизаров,БЕРРИМОР,Михаил Елизаров,Михаил Елизаров — БЕРРИМОР,,112,,,,,,missing,,not_found,,,,,,,
2029,8nHBXtvAJVQ,https://music.youtube.com/watch?v=8nHBXtvAJVQ,Devin Townsend Project,Failure,Devin Townsend Project,Failure,Transcendence (Deluxe Edition),363,G,minor,128,3/4,11m,matched,0.9904,,GetSongBPM,nRq335,Failure,Devin Townsend Project,https://getsongbpm.com/song/failure/nRq335,58,1
2032,wp8VG_5rvkU,https://music.youtube.com/watch?v=wp8VG_5rvkU,John Kalligan,20000 Лет (MuzClass LIVE),John Kalligan,John Kalligan – 20000 Лет (MuzClass LIVE),,243,,,,,,missing,,not_found,,,,,,,
2034,FHjyotbglSY,https://music.youtube.com/watch?v=FHjyotbglSY,Михаил Елизаров,ДОБРЫЙ МАНЬЯК ТИХОН,Михаил Елизаров,Михаил Елизаров — ДОБРЫЙ  МАНЬЯК ТИХОН,,182,,,,,,missing,,not_found,,,,,,,
2035,VNtmO1fy03M,https://music.youtube.com/watch?v=VNtmO1fy03M,Валерий Меладзе,Сэра,Валерий Меладзе,Сэра,Сэра,233,,,,,,missing,,not_found,,,,,,,
2036,gdcv7Shi9rM,https://music.youtube.com/watch?v=gdcv7Shi9rM,Vacuum,"I Breathe"" (1997 год)",Alexander Bard,"Vacuum - ""I Breathe"" (1997 год)",,237,,,,,,missing,,not_found,,,,,,,
2038,Y7n5JX0zxSw,https://music.youtube.com/watch?v=Y7n5JX0zxSw,PSY,GENTLEMAN,PSY,GENTLEMAN,GENTLEMAN,234,,,,,,missing,,manual_reject,,,,,,,
2039,uO3R2IBRcIc,https://music.youtube.com/watch?v=uO3R2IBRcIc,Ислам Итляшев,Салам алейкум братьям,Ислам Итляшев,Салам алейкум братьям,Салам алейкум братьям,178,,,,,,missing,,not_found,,,,,,,
2040,RbrkbUv66xk,https://music.youtube.com/watch?v=RbrkbUv66xk,Ляпис Трубецкой,Капитал,Ляпис Трубецкой,Капитал,Капитал,196,,,,,,missing,,not_found,,,,,,,
2041,g_5djgZTsro,https://music.youtube.com/watch?v=g_5djgZTsro,ВИА ГРА,Попытка No 5,ВИА ГРА,Попытка № 5,Попытка №5,204,,,,,,missing,,not_found,,,,,,,
2043,0JTZ4kbe8Wg,https://music.youtube.com/watch?v=0JTZ4kbe8Wg,Brushy One String,Brushy One String | Grey In My Blue,Brushy One String,Brushy One String | Grey In My Blue,,255,,,,,,missing,,not_found,,,,,,,
2045,UHFLmNZKL_s,https://music.youtube.com/watch?v=UHFLmNZKL_s,Brushy One String,Home Away from Home,Brushy One String,Home Away from Home,"All You Need Is One, Vol. 1",248,C#,major,78,,,manual_entry,1.0000,,manual,,,,,,
2047,MfAqRlP8kkk,https://music.youtube.com/watch?v=MfAqRlP8kkk,Brushy One String,Brushy One String | Just Want To Be Me,Brushy One String,Brushy One String | Just Want To Be Me,,274,,,,,,missing,,not_found,,,,,,,
2048,EqZ1fi-M6RM,https://music.youtube.com/watch?v=EqZ1fi-M6RM,Brushy One String,Chicken In The Corn,Brushy One String,Chicken In The Corn,The King of One String (Acoustic),172,F,major,128,4/4,12d,matched,0.9304,,GetSongBPM,2vmZPP,Chicken in the Corn (RiseUp original version),Brushy One String,https://getsongbpm.com/song/chicken-in-the-corn-riseup-original-version/2vmZPP,80,85
2058,BaFJpIFKjmE,https://music.youtube.com/watch?v=BaFJpIFKjmE,Korn,Here to Stay,Korn,Here to Stay,Untouchables,271,D,major,100,4/4,3d,matched,1.0000,,GetSongBPM,ngm0E,Here to Stay,Korn,https://getsongbpm.com/song/here-to-stay/ngm0E,57,1
2059,VkNt-7xdquQ,https://music.youtube.com/watch?v=VkNt-7xdquQ,Korn,Did My Time,Korn,Did My Time,Take A Look In The Mirror,245,C#,major,92,4/4,8d,matched,1.0000,,GetSongBPM,L76zgw,Did My Time,Korn,https://getsongbpm.com/song/did-my-time/L76zgw,55,1
2062,FEnvCrvAPt0,https://music.youtube.com/watch?v=FEnvCrvAPt0,Static-X,I'm With Stupid,Static-X,I'm With Stupid,Wisconsin Death Trip,205,G,major,138,4/4,2d,manual_accept_broader,0.9760,,GetSongBPM,y83YR,I'm With Stupid,Static‐X,https://getsongbpm.com/song/i-m-with-stupid/y83YR,56,1
2063,LmuiYJ1pFks,https://music.youtube.com/watch?v=LmuiYJ1pFks,Static-X,Brainfog,Static-X,Brainfog,Start a War,141,F#,minor,151,,,manual_entry,1.0000,,manual,,,,,,
2064,izWx8XB2CRg,https://music.youtube.com/watch?v=izWx8XB2CRg,Static-X,Love Dump,Static-X,Love Dump,Wisconsin Death Trip,260,C,minor,130,4/4,10m,manual_accept_broader,0.9760,,GetSongBPM,AnV4j,Love Dump,Static‐X,https://getsongbpm.com/song/love-dump/AnV4j,58,1
2066,ylAF0WNvLx0,https://music.youtube.com/watch?v=ylAF0WNvLx0,Static-X,Cold,Static-X,Cold,Machine,223,C,major,150,,,manual_entry,1.0000,,manual,,,,,,
2068,xdeK2Ixr1h8,https://music.youtube.com/watch?v=xdeK2Ixr1h8,Static-X,Bled for Days,Static-X,Bled for Days,Cyberpunk,226,A#,major,125,4/4,11d,manual_accept_broader,0.9760,,GetSongBPM,zm3Z2,Bled For Days,Static‐X,https://getsongbpm.com/song/bled-for-days/zm3Z2,62,1
2070,t5OSfEo7LKQ,https://music.youtube.com/watch?v=t5OSfEo7LKQ,Static-X,S.O.M.,Static-X,S.O.M.,Beneath...Between...Beyond...,203,,,,,,missing,,manual_reject_broader,,,,,,,
2071,UK4V3Js4weo,https://music.youtube.com/watch?v=UK4V3Js4weo,Static-X,Anything but This,Static-X,Anything but This,Beneath...Between...Beyond...,244,G#,minor,137,,,manual_entry,1.0000,,manual,,,,,,
2075,STWs7d8sli8,https://music.youtube.com/watch?v=STWs7d8sli8,Static-X,So Real,Static-X,So Real,Beneath...Between...Beyond...,342,G,major,140,,,manual_entry,1.0000,,manual,,,,,,
2076,Clrck8pj7Ig,https://music.youtube.com/watch?v=Clrck8pj7Ig,Static-X,The Trance Is the Motion,Static-X,The Trance Is the Motion,Wisconsin Death Trip,291,C,major,160,4/4,1d,manual_accept_broader,0.9760,,GetSongBPM,Lgq3v,The Trance Is The Motion,Static‐X,https://getsongbpm.com/song/the-trance-is-the-motion/Lgq3v,50,1
2078,v6trccLcDIA,https://music.youtube.com/watch?v=v6trccLcDIA,Static-X,Push It (Vocals Only + Backing Vocals),Eduardo Culpi,Static-X - Push It (Vocals Only + Backing Vocals),,160,,,,,,missing,,manual_reject_broader,,,,,,,
2079,tcUB-3lud60,https://music.youtube.com/watch?v=tcUB-3lud60,DJ Cummerbund,Play That Funky Music Rammstein,DJ Cummerbund,DJ Cummerbund - Play That Funky Music Rammstein,,217,,,,,,missing,,not_found,,,,,,,
2080,KmXCdPSDsmg,https://music.youtube.com/watch?v=KmXCdPSDsmg,DJ Cummerbund,Mundian To Bach Nu,DJ Cummerbund,DJ Cummerbund - Mundian To Bach Nu,,335,,,,,,missing,,not_found,,,,,,,
2085,-Ljv-XVwqTA,https://music.youtube.com/watch?v=-Ljv-XVwqTA,Godsmack,Sick Of Life,Godsmack,Sick Of Life,Awake,233,E,minor,91,4/4,2m,matched,1.0000,,GetSongBPM,7pJA,Sick of Life,Godsmack,https://getsongbpm.com/song/sick-of-life/7pJA,54,1
2086,wVO7zmHfedw,https://music.youtube.com/watch?v=wVO7zmHfedw,System Of A Down,Dreaming,System Of A Down,Dreaming,Hypnotize,240,F,minor,181,4/4,9m,matched,1.0000,,GetSongBPM,PjxAXl,Dreaming,System of a Down,https://getsongbpm.com/song/dreaming/PjxAXl,19,1
2088,h2cd5JyPR5o,https://music.youtube.com/watch?v=h2cd5JyPR5o,Static-X,The Only,Static-X,The Only,Shadow Zone,172,C#,major,104,4/4,8d,manual_accept_broader,0.9760,,GetSongBPM,j6mZy,The Only,Static‐X,https://getsongbpm.com/song/the-only/j6mZy,43,1
2090,8ydY8-Uzah8,https://music.youtube.com/watch?v=8ydY8-Uzah8,Queen,Bohemian Rhapsody Performed in 42 Styles,Anthony Vincent,Queen - Bohemian Rhapsody Performed in 42 Styles,,501,,,,,,missing,,manual_reject_broader,,,,,,,
2091,zdohpTAFQqE,https://music.youtube.com/watch?v=zdohpTAFQqE,William Maranci Mashups,"System of a Down - B.Y.O.B. But it's Take Me Home, Country Roads",William Maranci Mashups,"System of a Down - B.Y.O.B. But it's Take Me Home, Country Roads",,129,,,,,,missing,,not_found,,,,,,,
2092,h7FzLX0Ql8M,https://music.youtube.com/watch?v=h7FzLX0Ql8M,M'siou Rigolitch,Major Scaled # 01 : 'Nothing Else Majeur' (Metallica's Famous Ballad with Major Scale),M'siou Rigolitch,Major Scaled # 01 : 'Nothing Else Majeur' (Metallica's Famous Ballad with Major Scale),,381,,,,,,missing,,not_found,,,,,,,
2093,s6GIT4RhFv0,https://music.youtube.com/watch?v=s6GIT4RhFv0,Red Hot Chili Peppers,Snow (Hey Oh),Red Hot Chili Peppers,Snow (Hey Oh),Stadium Arcadium,335,B,major,105,,,manual_entry,1.0000,,manual,,,,,,
2096,8IlRPs975Ew,https://music.youtube.com/watch?v=8IlRPs975Ew,HOMIE,Безумно можно быть первым,HOMIE,Безумно можно быть первым,Безумно можно быть первым,233,,,,,,missing,,not_found,,,,,,,
2102,xd8eCAh0oNw,https://music.youtube.com/watch?v=xd8eCAh0oNw,Devin Townsend,Stormbending ! Live Plovdiv (Blu-Ray),Devin Townsend,Devin Townsend Project - Stormbending ! Live Plovdiv (Blu-Ray),,285,,,,,,missing,,not_found,,,,,,,
2104,ysRy9_yrcZw,https://music.youtube.com/watch?v=ysRy9_yrcZw,Devin Townsend Project,Bastard (Live),Devin Townsend Project,Bastard (Live),Devin Townsend Presents: Ziltoid Live at the Royal Albert Hall,646,,,,,,missing,,not_found,,,,,,,
2105,oVaseuH2aUA,https://music.youtube.com/watch?v=oVaseuH2aUA,Devin Townsend Project,Higher,Devin Townsend Project,Higher,Transcendence (Deluxe Edition),581,C,major,137,4/4,1d,matched,0.9904,,GetSongBPM,pZv33Q,Higher,Devin Townsend Project,https://getsongbpm.com/song/higher/pZv33Q,25,1
2106,f1nMhSP6VAE,https://music.youtube.com/watch?v=f1nMhSP6VAE,Radio Tapok,Атака мертвецов,Radio Tapok,Атака мертвецов,Атака мертвецов,237,,,,,,missing,,not_found,,,,,,,
2108,oiIDauWWH94,https://music.youtube.com/watch?v=oiIDauWWH94,RADIO TAPOK,Square Hammer,RADIO TAPOK,Square Hammer,Square Hammer,238,,,,,,missing,,not_found,,,,,,,
2111,VBK2oMr4Z3c,https://music.youtube.com/watch?v=VBK2oMr4Z3c,Slaughter To Prevail,Demolisher,Slaughter To Prevail,Demolisher,Kostolom,216,C#,major,200,,,manual_entry,1.0000,,manual,,,,,,
2112,8RJWnali8yg,https://music.youtube.com/watch?v=8RJWnali8yg,Slaughter To Prevail,Agony,Slaughter To Prevail,Agony,Kostolom,237,B,major,75,,,manual_entry,1.0000,,manual,,,,,,
2115,SSF1026hHd0,https://music.youtube.com/watch?v=SSF1026hHd0,The Temptations,My Girl,The Temptations,My Girl,50th Anniversary: The Singles Collection 1961-1971,177,C,major,104,4/4,1d,manual_accept,0.9439,,GetSongBPM,qBOpk,My Girl,The Temptations,https://getsongbpm.com/song/my-girl/qBOpk,58,63
2118,2gTfde2npkM,https://music.youtube.com/watch?v=2gTfde2npkM,Andrea Bocelli; Marta Sánchez,Vivo por ella (Spanish Version),Andrea Bocelli; Marta Sánchez,Vivo por ella (Spanish Version),Romanza (Edición Especial En Español),265,D,major,68,,,manual_entry,1.0000,,manual,,,,,,
2119,DHSmbbGCBfg,https://music.youtube.com/watch?v=DHSmbbGCBfg,Signs of the Swarm,Cesspool of Ignorance,Signs of the Swarm,Cesspool of Ignorance,The Disfigurement of Existence,282,,,,,,missing,,not_found,,,,,,,
2120,-Dcbe45yG_c,https://music.youtube.com/watch?v=-Dcbe45yG_c,Gutalax,Strejda Donald,Gutalax,Strejda Donald,The Best (S)hits,86,,,,,,missing,,not_found,,,,,,,
2121,SwwhPSiKSD8,https://music.youtube.com/watch?v=SwwhPSiKSD8,ERNESTO CORTAZAR music videos,Beethoven's Silence,ERNESTO CORTAZAR music videos,ERNESTO CORTAZAR - Beethoven's Silence,,256,D#,minor,140,3/4,7m,manual_accept_broader,0.9568,,GetSongBPM,gGj49,Beethoven's Silence,Ernesto Cortázar,https://getsongbpm.com/song/beethoven-s-silence/gGj49,28,98
2123,c725mr89fFk,https://music.youtube.com/watch?v=c725mr89fFk,Mordechai Ben David,Nekom,Mordechai Ben David,Nekom,Nekom,375,E,minor,176,,,manual_entry,1.0000,,manual,,,,,,
2124,PB91hGOrZVY,https://music.youtube.com/watch?v=PB91hGOrZVY,Пионерлагерь Пыльная Радуга,Пшлнхй,Пионерлагерь Пыльная Радуга,Пшлнхй,Пшлнхй,232,,,,,,missing,,not_found,,,,,,,
2125,R5tdujFUXYg,https://music.youtube.com/watch?v=R5tdujFUXYg,Slayer,Hell Awaits,Slayer,Hell Awaits,Hell Awaits,377,A#,major,106,,,manual_entry,1.0000,,manual,,,,,,
2126,UYDkzsF5jVY,https://music.youtube.com/watch?v=UYDkzsF5jVY,Cannibal Corpse,A Cauldron Of Hate,Cannibal Corpse,A Cauldron Of Hate,Evisceration Plague,300,F#,major,92,4/4,7d,matched,1.0000,,GetSongBPM,Rg6Lrq,A Cauldron of Hate,Cannibal Corpse,https://getsongbpm.com/song/a-cauldron-of-hate/Rg6Lrq,52,1
2127,Ob5qbhPBUEQ,https://music.youtube.com/watch?v=Ob5qbhPBUEQ,Royal Blood,Out of the Black,Royal Blood,Out of the Black,Royal Blood,241,D,major,158,4/4,3d,matched,1.0000,,GetSongBPM,91PLVZ,Out of the Black,Royal Blood,https://getsongbpm.com/song/out-of-the-black/91PLVZ,52,1
2129,nl8JxdX3A-g,https://music.youtube.com/watch?v=nl8JxdX3A-g,Пророк Сан Бой,Остров (rock версия),300Buks prod.,Пророк Сан Бой - Остров (rock версия),,237,,,,,,missing,,not_found,,,,,,,
2131,-xxWaHZShZQ,https://music.youtube.com/watch?v=-xxWaHZShZQ,Босиком по солнцу,А по тёмным улицам гуляет дождь (Одинокий вечер 2001),Босиком по солнцу,А по тёмным улицам гуляет дождь (Одинокий вечер 2001),А по тёмным улицам гуляет дождь (Одинокий вечер 2001),223,,,,,,missing,,not_found,,,,,,,
2132,TjhstCOoauc,https://music.youtube.com/watch?v=TjhstCOoauc,neil young,love to burn,ntnvigo309,neil young - love to burn,,1307,D,major,113,4/4,3d,matched,1.0000,,GetSongBPM,Npp2L,Love to Burn,Neil Young,https://getsongbpm.com/song/love-to-burn/Npp2L,54,1
2134,zNpxYQUd-E8,https://music.youtube.com/watch?v=zNpxYQUd-E8,Oleg Skoblja,Rekviem,Oleg Skoblja,Rekviem,Krylatyy lev,339,,,,,,missing,,not_found,,,,,,,
2135,M9uf3W2764A,https://music.youtube.com/watch?v=M9uf3W2764A,Soen,Lucidity,Soen,Lucidity,Lykaia,395,A,minor,136,3/4,1m,matched,1.0000,,GetSongBPM,XQWAq8,Lucidity,Soen,https://getsongbpm.com/song/lucidity/XQWAq8,28,9
2136,zJrG0B3Pdm8,https://music.youtube.com/watch?v=zJrG0B3Pdm8,Leprous,Below,Leprous,Below,Pitfalls,353,G,minor,99,4/4,11m,matched,1.0000,,GetSongBPM,36k9Nn,Below,Leprous,https://getsongbpm.com/song/below/36k9Nn,31,7
2137,wwTbL1ZD_yk,https://music.youtube.com/watch?v=wwTbL1ZD_yk,Porcupine Tree,Russia On Ice,Porcupine Tree,Russia On Ice,Lightbulb Sun,786,E,minor,168,4/4,2m,matched,1.0000,,GetSongBPM,36BKNn,Russia On Ice,Porcupine Tree,https://getsongbpm.com/song/russia-on-ice/36BKNn,33,12
2138,nqCRnZr_03I,https://music.youtube.com/watch?v=nqCRnZr_03I,Porcupine Tree,Anesthetize (Live),Porcupine Tree,Anesthetize (Live),Anesthetize,1041,,,,,,missing,,not_found,,,,,,,
2142,u2sDQ_6DrtM,https://music.youtube.com/watch?v=u2sDQ_6DrtM,Devin Townsend Project,The Death of Music (Live),Devin Townsend Project,The Death of Music (Live),Devin Townsend Presents: Ziltoid Live at the Royal Albert Hall,624,,,,,,missing,,not_found,,,,,,,
2143,kNPhi1gfMgw,https://music.youtube.com/watch?v=kNPhi1gfMgw,Devin Townsend,Spirits Will Collide,Devin Townsend,Spirits Will Collide,Empath,280,D#,major,168,4/4,10d,matched,1.0000,,GetSongBPM,VvXMA9,Spirits Will Collide,Devin Townsend,https://getsongbpm.com/song/spirits-will-collide/VvXMA9,36,1
2144,PkiC3j--1tY,https://music.youtube.com/watch?v=PkiC3j--1tY,Joy,Touch By Touch (Touch Maxi Version),Joy,Touch By Touch (Touch Maxi Version),Hits & More (Remixes & Classics),332,,,,,,missing,,not_found,,,,,,,
2145,b5EZp76Oxhw,https://music.youtube.com/watch?v=b5EZp76Oxhw,Modern Talking,Brother Louie,Modern Talking,Brother Louie,Ready For Romance,223,C,minor,108,4/4,10m,matched,0.9904,,GetSongBPM,x86QJ,Brother Louie,Modern Talking,https://getsongbpm.com/song/brother-louie/x86QJ,78,32
2146,iw9jkZyNrvY,https://music.youtube.com/watch?v=iw9jkZyNrvY,Modern Talking,Atlantis Is Calling (S.O.S. for Love),Modern Talking,Atlantis Is Calling (S.O.S. for Love),Ready For Romance,230,A#,minor,113,4/4,8m,matched,0.9904,,GetSongBPM,D6qBB,Atlantis Is Calling (S.O.S. for Love),Modern Talking,https://getsongbpm.com/song/atlantis-is-calling-spointopointspoint-for-love/D6qBB,71,26
2147,-SaUrDhp034,https://music.youtube.com/watch?v=-SaUrDhp034,The Police,Every Breath You Take,The Police,Every Breath You Take,Synchronicity (Remastered 2003),254,G#,major,117,4/4,9d,matched,0.9904,,GetSongBPM,6RA7,Every Breath You Take,The Police,https://getsongbpm.com/song/every-breath-you-take/6RA7,82,57
2148,hfmxO-HQ5rU,https://music.youtube.com/watch?v=hfmxO-HQ5rU,Men At Work,Down Under,Men At Work,Down Under,Business As Usual,223,B,minor,54,4/4,3m,matched,1.0000,,GetSongBPM,Y7Z3W,Down Under,Men at Work,https://getsongbpm.com/song/down-under/Y7Z3W,75,5
2149,FpkawF5GWMI,https://music.youtube.com/watch?v=FpkawF5GWMI,Ace of Base,All That She Wants,Ace of Base,All That She Wants,Happy Nation,212,B,major,187,4/4,6d,matched,1.0000,,GetSongBPM,W67VN4,All That She Wants,Ace of Base,https://getsongbpm.com/song/all-that-she-wants/W67VN4,71,1
2150,kXQBY8T8pIQ,https://music.youtube.com/watch?v=kXQBY8T8pIQ,Modern Talking,Jet Airliner,Modern Talking,Jet Airliner,Romantic Warriors,263,A,major,123,4/4,4d,matched,0.9904,,GetSongBPM,L0ZXg,Jet Airliner,Modern Talking,https://getsongbpm.com/song/jet-airliner/L0ZXg,64,1
2151,MSaacmyYQhU,https://music.youtube.com/watch?v=MSaacmyYQhU,Bad Boys Blue,I Wanna Hear Your Heartbeat (Sunday Girl),Bad Boys Blue,I Wanna Hear Your Heartbeat (Sunday Girl),Heartbeat,244,A#,major,112,4/4,11d,matched,1.0000,,GetSongBPM,YLkP9,I Wanna Hear Your Heartbeat (Sunday Girl),Bad Boys Blue,https://getsongbpm.com/song/i-wanna-hear-your-heartbeat-sunday-girl/YLkP9,68,6
2152,m08O1uD-Ra4,https://music.youtube.com/watch?v=m08O1uD-Ra4,Bad Boys Blue,You're a Woman,Bad Boys Blue,You're a Woman,"Hot Girls, Bad Boys",322,C,minor,117,4/4,10m,matched,1.0000,,GetSongBPM,4xJvZn,You're a Woman,Bad Boys Blue,https://getsongbpm.com/song/you-re-a-woman/4xJvZn,71,5
2158,9pq3w12McyM,https://music.youtube.com/watch?v=9pq3w12McyM,Devin Townsend Project,Kingdom,Devin Townsend Project,Kingdom,Epicloud,330,C#,major,169,4/4,8d,matched,1.0000,,GetSongBPM,nrP1Rl,Kingdom,Devin Townsend Project,https://getsongbpm.com/song/kingdom/nrP1Rl,33,1
2159,NT8g6kdcsmY,https://music.youtube.com/watch?v=NT8g6kdcsmY,Six Feet Under,Seed Of Filth,Six Feet Under,Seed Of Filth,Death Rituals,298,G,major,95,4/4,2d,matched,1.0000,,GetSongBPM,1w5N5G,Seed of Filth,Six Feet Under,https://getsongbpm.com/song/seed-of-filth/1w5N5G,43,1
2161,5ZukGrmGexU,https://music.youtube.com/watch?v=5ZukGrmGexU,Dying Fetus,Conceived into Enslavement,Dying Fetus,Conceived into Enslavement,Descend into Depravity (Deluxe Version),265,A,major,124,4/4,4d,matched,0.9904,,GetSongBPM,pgRNWr,Conceived Into Enslavement,Dying Fetus,https://getsongbpm.com/song/conceived-into-enslavement/pgRNWr,32,1
2162,pbQsHtqDkIY,https://music.youtube.com/watch?v=pbQsHtqDkIY,Death,Pull the Plug,Death,Pull the Plug,Leprosy,267,A,major,204,4/4,4d,matched,1.0000,,GetSongBPM,Dk46y,Pull the Plug,Death,https://getsongbpm.com/song/pull-the-plug/Dk46y,23,1
2163,-ZiTQNdFQ6E,https://music.youtube.com/watch?v=-ZiTQNdFQ6E,Dying Fetus,Atrocious by Nature,Dying Fetus,Atrocious by Nature,Descend into Depravity (Deluxe Version),233,E,major,109,4/4,5d,matched,0.9904,,GetSongBPM,qjVOER,Atrocious by Nature,Dying Fetus,https://getsongbpm.com/song/atrocious-by-nature/qjVOER,29,1
2164,CU40wMhxpmQ,https://music.youtube.com/watch?v=CU40wMhxpmQ,Dying Fetus,Shepherd's Commandment,Dying Fetus,Shepherd's Commandment,Descend into Depravity (Deluxe Version),269,G#,major,85,4/4,9d,matched,0.9904,,GetSongBPM,nZYLWD,Shepherd's Commandment,Dying Fetus,https://getsongbpm.com/song/shepherd-s-commandment/nZYLWD,23,1
2165,V7KM3dEO6ZY,https://music.youtube.com/watch?v=V7KM3dEO6ZY,William Maranci Mashups,Imagine Dragons - U.S.S.R. National Anthem,William Maranci Mashups,Imagine Dragons - U.S.S.R. National Anthem,,189,,,,,,missing,,not_found,,,,,,,
2166,7qqcZIHxyRI,https://music.youtube.com/watch?v=7qqcZIHxyRI,Cannibal Corpse,Death Walking Terror,Cannibal Corpse,Death Walking Terror,Kill,212,C#,minor,97,4/4,5m,matched,1.0000,,GetSongBPM,pYR2kp,Death Walking Terror,Cannibal Corpse,https://getsongbpm.com/song/death-walking-terror/pYR2kp,38,1
2167,UFeOgwFxYnE,https://music.youtube.com/watch?v=UFeOgwFxYnE,Beyond Creation,Omnipresent Perception,Beyond Creation,Omnipresent Perception,The Aura,372,C#,minor,204,3/4,5m,matched,1.0000,,GetSongBPM,mQ3zO0,Omnipresent Perception,Beyond Creation,https://getsongbpm.com/song/omnipresent-perception/mQ3zO0,24,1
2168,_Qpn6ePQsxc,https://music.youtube.com/watch?v=_Qpn6ePQsxc,Death,Lack of Comprehension,Death,Lack of Comprehension,Human (Deluxe Version),224,F,major,89,4/4,12d,matched,0.9904,,GetSongBPM,Zznyw,Lack of Comprehension,Death,https://getsongbpm.com/song/lack-of-comprehension/Zznyw,30,1
2169,fTzmBmrd_2Y,https://music.youtube.com/watch?v=fTzmBmrd_2Y,THY ART IS MURDER,Son Of Misery - Bloodstock 2019,Bloodstockfestivals,THY ART IS MURDER - Son Of Misery - Bloodstock 2019,,278,,,,,,missing,,not_found,,,,,,,
2170,exygNjOvdtY,https://music.youtube.com/watch?v=exygNjOvdtY,Dying Fetus,Reveling in the Abyss,Dying Fetus,Reveling in the Abyss,Wrong One to Fuck With,390,F#,minor,120,4/4,4m,matched,1.0000,,GetSongBPM,mq313O,Reveling in the Abyss,Dying Fetus,https://getsongbpm.com/song/reveling-in-the-abyss/mq313O,33,1
2171,knQEA9D-Qq0,https://music.youtube.com/watch?v=knQEA9D-Qq0,Entombed,Left Hand Path,Entombed,Left Hand Path,Left Hand Path,400,G,major,136,4/4,2d,matched,1.0000,,GetSongBPM,rk51B,Left Hand Path,Entombed,https://getsongbpm.com/song/left-hand-path/rk51B,17,1
2172,an3YVWK-jq0,https://music.youtube.com/watch?v=an3YVWK-jq0,Dawn of Demise,Intent to Kill,Dawn of Demise,Intent to Kill,Hate Takes Its Form,223,G,major,89,4/4,2d,matched,1.0000,,GetSongBPM,pY0PYN,Intent to Kill,Dawn of Demise,https://getsongbpm.com/song/intent-to-kill/pY0PYN,53,1
2173,0n3kHpQv0eM,https://music.youtube.com/watch?v=0n3kHpQv0eM,Dying Fetus,In the Trenches,Dying Fetus,In the Trenches,Reign Supreme (Deluxe Version),225,F#,minor,103,4/4,4m,matched,0.9904,,GetSongBPM,Oy6KPp,In the Trenches,Dying Fetus,https://getsongbpm.com/song/in-the-trenches/Oy6KPp,30,1
2174,3UHKlfywGig,https://music.youtube.com/watch?v=3UHKlfywGig,Cryptopsy,Crown of Horns,Cryptopsy,Crown of Horns,None So Vile,238,B,major,108,3/4,6d,matched,1.0000,,GetSongBPM,7y3zO,Crown of Horns,Cryptopsy,https://getsongbpm.com/song/crown-of-horns/7y3zO,29,1
2175,FjixGgPmrPQ,https://music.youtube.com/watch?v=FjixGgPmrPQ,Gruesome,A Waste of Life,Gruesome,A Waste of Life,Twisted Prayers,361,D,major,135,4/4,3d,matched,1.0000,,GetSongBPM,46MmGx,A Waste of Life,Gruesome,https://getsongbpm.com/song/a-waste-of-life/46MmGx,30,1
2176,53q6LUFjjlk,https://music.youtube.com/watch?v=53q6LUFjjlk,Dying Fetus,Die with Integrity,Dying Fetus,Die with Integrity,Wrong One to Fuck With,315,F,minor,119,4/4,9m,matched,1.0000,,GetSongBPM,lR3Z35,Die with Integrity,Dying Fetus,https://getsongbpm.com/song/die-with-integrity/lR3Z35,32,1
2177,IuzFyjBgk6U,https://music.youtube.com/watch?v=IuzFyjBgk6U,Obituary,Visions in My Head,Obituary,Visions in My Head,Inked in Blood,255,F#,minor,130,4/4,4m,matched,1.0000,,GetSongBPM,mOgKp9,Visions in My Head,Obituary,https://getsongbpm.com/song/visions-in-my-head/mOgKp9,50,1
2178,Z46G70ZbisA,https://music.youtube.com/watch?v=Z46G70ZbisA,Dying Fetus,Subjected to a Beating,Dying Fetus,Subjected to a Beating,Reign Supreme (Deluxe Version),294,G#,major,161,4/4,9d,matched,0.9904,,GetSongBPM,KZ9DLR,Subjected to a Beating,Dying Fetus,https://getsongbpm.com/song/subjected-to-a-beating/KZ9DLR,24,1
2179,gqnnbk7Tu_o,https://music.youtube.com/watch?v=gqnnbk7Tu_o,Dying Fetus,Wrong One to Fuck With,Dying Fetus,Wrong One to Fuck With,Wrong One to Fuck With,293,C#,major,121,4/4,8d,matched,1.0000,,GetSongBPM,vQ3n3m,Wrong One to Fuck With,Dying Fetus,https://getsongbpm.com/song/wrong-one-to-fuck-with/vQ3n3m,32,1
2180,bdAU-Od4258,https://music.youtube.com/watch?v=bdAU-Od4258,Visceral Disgorge,Colostomy Bag Asphyxiation,Visceral Disgorge,Colostomy Bag Asphyxiation,Ingesting Putridity,302,B,minor,119,4/4,3m,matched,1.0000,,GetSongBPM,oj2o2z,Colostomy Bag Asphyxiation,Visceral Disgorge,https://getsongbpm.com/song/colostomy-bag-asphyxiation/oj2o2z,63,1
2181,pqyagau130s,https://music.youtube.com/watch?v=pqyagau130s,Psycroptic,Carriers of the Plague,Psycroptic,Carriers of the Plague,The Inherited Repression,368,G,major,119,3/4,2d,matched,1.0000,,GetSongBPM,W7Qm7v,Carriers of the Plague,Psycroptic,https://getsongbpm.com/song/carriers-of-the-plague/W7Qm7v,27,1
2182,wK4VPM-0ssU,https://music.youtube.com/watch?v=wK4VPM-0ssU,Death,Flesh and the Power It Holds,Death,Flesh and the Power It Holds,The Sound of Perseverance,507,G,major,95,4/4,2d,matched,1.0000,,GetSongBPM,9QYYY,Flesh and the Power It Holds,Death,https://getsongbpm.com/song/flesh-and-the-power-it-holds/9QYYY,33,1
2183,_JkK0IlEDB4,https://music.youtube.com/watch?v=_JkK0IlEDB4,Death,Without Judgement,Death,Without Judgement,Symbolic,329,D,major,101,4/4,3d,matched,1.0000,,GetSongBPM,ymPVn,Without Judgement,Death,https://getsongbpm.com/song/without-judgement/ymPVn,34,1
2185,oI9hb478iK0,https://music.youtube.com/watch?v=oI9hb478iK0,Dying Fetus,Fade Into Obscurity,Dying Fetus,Fade Into Obscurity,History Repeats,265,C#,major,130,,,manual_entry,1.0000,,manual,,,,,,
2186,uaFzmZrKKKw,https://music.youtube.com/watch?v=uaFzmZrKKKw,Cannibal Corpse,Scourge of Iron,Cannibal Corpse,Scourge of Iron,Torture,285,A#,minor,172,4/4,8m,matched,1.0000,,GetSongBPM,OyZ7gG,Scourge of Iron,Cannibal Corpse,https://getsongbpm.com/song/scourge-of-iron/OyZ7gG,45,1
2189,XhUKp4_j4V4,https://music.youtube.com/watch?v=XhUKp4_j4V4,Владимир Дантес,Оля,Rexi999,"Владимир Дантес - ""Оля""",,234,,,,,,missing,,not_found,,,,,,,
2191,GxNU4Dkxggk,https://music.youtube.com/watch?v=GxNU4Dkxggk,Bach,"Air on the G string"" played with air on the G string (w/air compressor)",Davidlap,"Bach - ""Air on the G string"" played with air on the G string (w/air compressor)",,104,,,,,,missing,,not_found,,,,,,,
2192,JRVjBSagvQs,https://music.youtube.com/watch?v=JRVjBSagvQs,Пророк Санбой,Пророк Санбой РАССВЕТ 1992,Пророк Санбой,Пророк Санбой РАССВЕТ 1992,,124,,,,,,missing,,not_found,,,,,,,
2194,nfDf9HdG_jg,https://music.youtube.com/watch?v=nfDf9HdG_jg,Eagles feat М.Круг,Central California (Владимирский отель),Petr Gorst,Eagles feat М.Круг - Central California (Владимирский отель),,168,,,,,,missing,,not_found,,,,,,,
2198,HzN8PyZRnlI,https://music.youtube.com/watch?v=HzN8PyZRnlI,Infant Annihilator,Motherless Miscarriage,Infant Annihilator,Motherless Miscarriage,The Elysian Grandeval Galèriarch,139,C,major,184,3/4,1d,matched,1.0000,,GetSongBPM,lRlWg1,Motherless Miscarriage,Infant Annihilator,https://getsongbpm.com/song/motherless-miscarriage/lRlWg1,28,1
2199,MCKMdU6ed5g,https://music.youtube.com/watch?v=MCKMdU6ed5g,Devin Townsend Project,Deadhead (Live),Devin Townsend Project,Deadhead (Live),Devin Townsend Presents: Ziltoid Live at the Royal Albert Hall,470,,,,,,missing,,not_found,,,,,,,
2200,jKvbChCrLsM,https://music.youtube.com/watch?v=jKvbChCrLsM,Devin Townsend,Genesis,Devin Townsend,Genesis,Empath,366,A,major,128,4/4,4d,matched,1.0000,,GetSongBPM,RlQGO0,Genesis,Devin Townsend,https://getsongbpm.com/song/genesis/RlQGO0,54,1
2202,CA-aneBpSEQ,https://music.youtube.com/watch?v=CA-aneBpSEQ,All-4-One,I Swear,All-4-One,I Swear,All-4-One,260,F#,minor,83,4/4,4m,manual_accept_broader,0.9550,,GetSongBPM,KOoPr,I Swear,All‐4‐One,https://getsongbpm.com/song/i-swear/KOoPr,54,24
2207,Awtr8SyortY,https://music.youtube.com/watch?v=Awtr8SyortY,Lil Peep,Broken Smile (My All),Lil Peep,Broken Smile (My All),"Come Over When You're Sober, Pt. 2",281,C,minor,120,4/4,10m,manual_accept,1.0000,,GetSongBPM,oZGnXX,Broken Smile (My All),LiL PEEP,https://getsongbpm.com/song/broken-smile-my-all/oZGnXX,55,5
2209,XsdmtDf5DXw,https://music.youtube.com/watch?v=XsdmtDf5DXw,Dobranotch,В Семнадцатом Году,Dobranotch,В Семнадцатом Году,,218,,,,,,missing,,not_found,,,,,,,
2210,E3iRthrh9m4,https://music.youtube.com/watch?v=E3iRthrh9m4,Псой Короленко,Невский проспект,Suren Semerjyan,Псой Короленко -  Невский проспект,,185,,,,,,missing,,not_found,,,,,,,
2211,KDJtBh3LGJg,https://music.youtube.com/watch?v=KDJtBh3LGJg,Old Roman chant,Kyrie eleison,Callixtus,Old Roman chant - Kyrie eleison,,415,,,,,,missing,,not_found,,,,,,,
2213,H3v9unphfi0,https://music.youtube.com/watch?v=H3v9unphfi0,"Miserere mei, Deus",Allegri - Tenebrae conducted by Nigel Short,Tenebrae Choir,"Miserere mei, Deus - Allegri - Tenebrae conducted by Nigel Short",,330,,,,,,missing,,not_found,,,,,,,
2214,p0w8GD4y0cY,https://music.youtube.com/watch?v=p0w8GD4y0cY,Marcel Pérès; Ensemble Organum,Gradual of Eleanor of Brittany: Kyrie: Orbis factor,Marcel Pérès; Ensemble Organum,Gradual of Eleanor of Brittany: Kyrie: Orbis factor,Sacred Music,342,,,,,,missing,,not_found,,,,,,,
2215,3Z0c378AMYw,https://music.youtube.com/watch?v=3Z0c378AMYw,Jared Dines,The Biggest Shred Collab Song in the World III,Jared Dines,The Biggest Shred Collab Song in the World III,The Biggest Shred Collab Song in the World III,576,,,,,,missing,,not_found,,,,,,,
2216,mxi9843_NUk,https://music.youtube.com/watch?v=mxi9843_NUk,"Nocturne ""Reverie"" Op. 19",Giulio Regondi,Drew Henderson,"Nocturne ""Reverie"" Op. 19 - Giulio Regondi",,546,,,,,,missing,,not_found,,,,,,,
2217,f6mJ5G5mxvg,https://music.youtube.com/watch?v=f6mJ5G5mxvg,Paganini,Caprice No.24,HMFPAC07,Caprice No.24 N.Paganini played by Su Meng,,419,A,minor,141,4/4,1m,matched,0.8800,,GetSongBPM,An6zyz,Caprice No.24 in A minor,Niccolò Paganini,https://getsongbpm.com/song/caprice-nopoint24-in-a-minor/An6zyz,44,99
2220,I6-rek-tfrw,https://music.youtube.com/watch?v=I6-rek-tfrw,Acrania,Exterminate the Liberated,Acrania,Exterminate the Liberated,Exterminate the Liberated,288,,,,,,missing,,not_found,,,,,,,
2221,4Ue1u4R22hQ,https://music.youtube.com/watch?v=4Ue1u4R22hQ,Acrania,The Face of Humanity,Acrania,The Face of Humanity,"Tyrannical Hierarchy, Vol. 1",248,C,minor,200,,,manual_entry,1.0000,,manual,,,,,,
2225,ypWppC8xO4k,https://music.youtube.com/watch?v=ypWppC8xO4k,Zurab Sotkilava,Ti voglio tanto bene,MUSIC FOR ALL TIMES,Zurab Sotkilava - Ti voglio tanto bene,,197,,,,,,missing,,manual_reject_broader,,,,,,,
2226,DgLeSK6bI8A,https://music.youtube.com/watch?v=DgLeSK6bI8A,Inferi,Behold the Bearer of Light (feat. Trevor Strnad),Inferi,Behold the Bearer of Light (feat. Trevor Strnad),Behold the Bearer of Light,392,A#,minor,95,3/4,8m,matched,0.9360,,GetSongBPM,r2LNKw,Behold the Bearer of Light,Inferi,https://getsongbpm.com/song/behold-the-bearer-of-light/r2LNKw,22,1
2227,Mq54BueWKbA,https://music.youtube.com/watch?v=Mq54BueWKbA,Sale Only,Палай,Sale Only,Палай,Палай,248,,,,,,missing,,not_found,,,,,,,
2229,tZxtqfHNUjQ,https://music.youtube.com/watch?v=tZxtqfHNUjQ,Carpenters,I Won't Last A Day Without You,Carpenters,I Won't Last A Day Without You,Singles 1969-1981,270,D,major,84,4/4,3d,matched,0.9413,,GetSongBPM,pmJrN,I Won't Last a Day Without You,Carpenters,https://getsongbpm.com/song/i-won-t-last-a-day-without-you/pmJrN,48,78
2230,CTvjhbfrgEY,https://music.youtube.com/watch?v=CTvjhbfrgEY,Dwayne Johnson; Disney,You're Welcome,Dwayne Johnson; Disney,You're Welcome,Vaiana (English Version/Original Motion Picture Soundtrack/Deluxe Edition),164,,,,,,missing,,manual_reject_broader,,,,,,,
2233,8bxabSpAMoI,https://music.youtube.com/watch?v=8bxabSpAMoI,Gianna Nannini,Ti voglio tanto bene,Gianna Nannini,Ti voglio tanto bene,Io E Te,203,B,minor,171,4/4,3m,matched,1.0000,,GetSongBPM,76j1BG,Ti voglio tanto bene,Gianna Nannini,https://getsongbpm.com/song/ti-voglio-tanto-bene/76j1BG,25,11
2235,gi4PS6AXyS8,https://music.youtube.com/watch?v=gi4PS6AXyS8,Михаил Круг; Михаил Гулько,Купола [Золотые купола],Михаил Круг; Михаил Гулько,Купола [Золотые купола],Посвящение,312,,,,,,missing,,not_found,,,,,,,
2237,CJB_DaCa6_U,https://music.youtube.com/watch?v=CJB_DaCa6_U,Jared Dines,The Saxy Djent Song,Jared Dines,The Saxy Djent Song,The Saxy Djent Song,243,,,,,,missing,,not_found,,,,,,,
2238,-cid1qHuy_U,https://music.youtube.com/watch?v=-cid1qHuy_U,System Of A Down,Chop Suey!,System Of A Down,Chop Suey!,Chop Suey!,211,G,minor,128,4/4,11m,matched,0.9388,,GetSongBPM,OqPvY,Chop Suey!,System of a Down,https://getsongbpm.com/song/chop-sueyexclamation/OqPvY,42,1
2240,OPlK5HwFxcw,https://music.youtube.com/watch?v=OPlK5HwFxcw,Pyotr Ilyich Tchaikovsky,Hymn of the Cherubim,Wrengan,Pyotr Ilyich Tchaikovsky - Hymn of the Cherubim,,459,,,,,,missing,,manual_reject_broader,,,,,,,
2241,RGbfmhfv4c8,https://music.youtube.com/watch?v=RGbfmhfv4c8,All Angels,Agnus Dei,uzugabuzuga,All Angels- Agnus Dei,,592,,minor,,,,matched,1.0000,,GetSongBPM,L9GlYD,Agnus Dei,All Angels,https://getsongbpm.com/song/agnus-dei/L9GlYD,,
2242,MWwa2soslig,https://music.youtube.com/watch?v=MWwa2soslig,Antonina Lisohorska,"choir DUDARYK - Air ""on the G string"" by J. S. Bach (arr. MLK)",Antonina Lisohorska,"Antonina Lisohorska - choir DUDARYK - Air ""on the G string"" by J. S. Bach (arr. MLK)",,386,,,,,,missing,,not_found,,,,,,,
2244,SFtQoqpdrzk,https://music.youtube.com/watch?v=SFtQoqpdrzk,Rousseau,Air (Bach),Rousseau,Air (Bach),Air (Bach),337,,,,,,missing,,not_found,,,,,,,
2245,TdWEhMOrRpQ,https://music.youtube.com/watch?v=TdWEhMOrRpQ,Andrea Bocelli,Time to Say Goodbye,Andrea Bocelli,Time to Say Goodbye,,281,G,major,115,3/4,2d,manual_accept,0.9232,,GetSongBPM,L8ml8D,Time to Say Goodbye (Con te partirò),Andrea Bocelli,https://getsongbpm.com/song/time-to-say-goodbye-con-te-partiro/L8ml8D,27,92
2247,FEnzRk8nP3o,https://music.youtube.com/watch?v=FEnzRk8nP3o,Andrea Bocelli; Matteo Bocelli,Fall On Me,Andrea Bocelli; Matteo Bocelli,Fall On Me,Fall On Me,259,F#,major,83,3/4,7d,matched,1.0000,,GetSongBPM,jYoKkl,Fall On Me,Andrea Bocelli,https://getsongbpm.com/song/fall-on-me/jYoKkl,35,65
2251,XzSHHqmspx0,https://music.youtube.com/watch?v=XzSHHqmspx0,Staind,Falling,Staind,Falling,Chapter V,261,C#,major,168,4/4,8d,matched,1.0000,,GetSongBPM,7lYyB,Falling,Staind,https://getsongbpm.com/song/falling/7lYyB,46,1
2253,X2WH8mHJnhM,https://music.youtube.com/watch?v=X2WH8mHJnhM,Matt Mulholland,My Heart Will Go On - Recorder By Candlelight by Matt Mulholland,Matt Mulholland,My Heart Will Go On - Recorder By Candlelight by Matt Mulholland,,256,,,,,,missing,,manual_reject_broader,,,,,,,
2254,2Ax_KKk0nF4,https://music.youtube.com/watch?v=2Ax_KKk0nF4,Михей,Cука-любовь,armaturich,Михей - Cука-любовь,,234,,,,,,missing,,not_found,,,,,,,
2256,ZdLVw-mCR4A,https://music.youtube.com/watch?v=ZdLVw-mCR4A,Pianoбой,Так добре з тобою,Pianoбой,Так добре з тобою,Take Off,253,,,,,,missing,,not_found,,,,,,,
2259,8-qZD6XHVCA,https://music.youtube.com/watch?v=8-qZD6XHVCA,Vitas,Opera #2,Vitas,Vitas - Opera #2,,208,,,,,,missing,,not_found,,,,,,,
2260,PErsengn-ZQ,https://music.youtube.com/watch?v=PErsengn-ZQ,БумБокс; The Gitas,Тримай мене,БумБокс; The Gitas,Тримай мене,Тримай мене,274,,,,,,missing,,not_found,,,,,,,
2261,dRx2qP8yXuY,https://music.youtube.com/watch?v=dRx2qP8yXuY,Death,Crystal Mountain,Death,Crystal Mountain,Symbolic,308,G,major,172,4/4,2d,matched,1.0000,,GetSongBPM,znpWy,Crystal Mountain,Death,https://getsongbpm.com/song/crystal-mountain/znpWy,27,1
2262,Xf2x7PQ8l1E,https://music.youtube.com/watch?v=Xf2x7PQ8l1E,Death,Sacred Serenity,Death,Sacred Serenity,Symbolic,268,D,major,139,4/4,3d,matched,1.0000,,GetSongBPM,wkpQ8,Sacred Serenity,Death,https://getsongbpm.com/song/sacred-serenity/wkpQ8,46,1
2267,8MOaRs9SF6A,https://music.youtube.com/watch?v=8MOaRs9SF6A,Greig,Anitra's Dance,Michael Bester,Anitra's Dance by Greig for Guitar Duo,,201,,,,,,missing,,manual_reject_broader,,,,,,,
2268,AaTnCiegnqg,https://music.youtube.com/watch?v=AaTnCiegnqg,Bring Me The VITAS,Can You Feel My 7th Element,SATIV,Bring Me The VITAS - Can You Feel My 7th Element,,221,,,,,,missing,,manual_reject_broader,,,,,,,
2269,IiZ7tpjac-g,https://music.youtube.com/watch?v=IiZ7tpjac-g,Ozzy Osbourne,See You on the Other Side,Ozzy Osbourne,See You on the Other Side,Ozzmosis (Expanded Edition),371,F#,major,110,5/4,7d,matched,0.9904,,GetSongBPM,jRXEl,See You on the Other Side,Ozzy Osbourne,https://getsongbpm.com/song/see-you-on-the-other-side/jRXEl,37,1
2271,oJy7hH4tFFs,https://music.youtube.com/watch?v=oJy7hH4tFFs,Melodicka Bros,Lonely Day (Way Too Happy),Melodicka Bros,Lonely Day (Way Too Happy),"Way Too... Covers, Vol. 2",159,E,major,118,,,manual_entry,1.0000,,manual,,,,,,
2272,ZW6lnrUpX1o,https://music.youtube.com/watch?v=ZW6lnrUpX1o,Last Days Of Humanity,A Divine Proclamation of Finishing the Present Existence,Last Days Of Humanity,A Divine Proclamation of Finishing the Present Existence,Putrefaction in Progress,192,F,minor,118,4/4,9m,matched,1.0000,,GetSongBPM,31vRBM,A Divine Proclamation of Finishing the Present Existence,Last Days of Humanity,https://getsongbpm.com/song/a-divine-proclamation-of-finishing-the-present-existence/31vRBM,17,1
2275,JTb2p_N5zbc,https://music.youtube.com/watch?v=JTb2p_N5zbc,"The Orthodox Singers"" Male Choir, Choirmaster: Georgiy Smirnov","Verily, He Is Worthy","""The Orthodox Singers"" Male Choir, Choirmaster: Georgiy Smirnov","Verily, He Is Worthy",Basso Profondo From Old Russia. Popular And Sacred Russian Songs,315,,,,,,missing,,not_found,,,,,,,
2276,p95jkEd40x4,https://music.youtube.com/watch?v=p95jkEd40x4,Ozzy Osbourne,I Just Want You,Ozzy Osbourne,I Just Want You,Ozzmosis (Expanded Edition),297,A#,minor,171,4/4,8m,matched,0.9904,,GetSongBPM,v2nW0,I Just Want You,Ozzy Osbourne,https://getsongbpm.com/song/i-just-want-you/v2nW0,26,1
2278,5foQanhdArA,https://music.youtube.com/watch?v=5foQanhdArA,Ozzy Osbourne,No More Tears,Ozzy Osbourne,No More Tears,No More Tears (Expanded Edition),444,F#,major,102,4/4,7d,matched,0.9904,,GetSongBPM,xvPKr,No More Tears,Ozzy Osbourne,https://getsongbpm.com/song/no-more-tears/xvPKr,35,1
2280,IKhscaE_9Ks,https://music.youtube.com/watch?v=IKhscaE_9Ks,Metallica,The Unforgiven,Metallica,The Unforgiven,Metallica,388,A,minor,70,4/4,1m,matched,1.0000,,GetSongBPM,lYwRV,The Unforgiven,Metallica,https://getsongbpm.com/song/the-unforgiven/lYwRV,54,2
2281,Mzyz2egx_0c,https://music.youtube.com/watch?v=Mzyz2egx_0c,Ozzy Osbourne,Shot in the Dark,Ozzy Osbourne,Shot in the Dark,The Ultimate Sin,257,F#,major,123,3/4,7d,matched,1.0000,,GetSongBPM,71WKG,Shot in the Dark,Ozzy Osbourne,https://getsongbpm.com/song/shot-in-the-dark/71WKG,59,1
2282,WCA0LyJ9r2g,https://music.youtube.com/watch?v=WCA0LyJ9r2g,Ozzy Osbourne,Goodbye to Romance,Ozzy Osbourne,Goodbye to Romance,Blizzard Of Ozz (40th Anniversary Expanded Edition),336,D,major,68,4/4,3d,matched,0.9904,,GetSongBPM,1wX6m,Goodbye to Romance,Ozzy Osbourne,https://getsongbpm.com/song/goodbye-to-romance/1wX6m,47,72
2284,2SV0OjsTk6w,https://music.youtube.com/watch?v=2SV0OjsTk6w,Зануда,Нахуй (feat. П.Ё.С. & Манька),Зануда,Нахуй (feat. П.Ё.С. & Манька),Папиросы,253,,,,,,missing,,not_found,,,,,,,
2285,J7vT2-dNx_0,https://music.youtube.com/watch?v=J7vT2-dNx_0,Dying Fetus,"One Shot, One Kill",Dying Fetus,"One Shot, One Kill",Stop At Nothing,266,F,minor,95,3/4,9m,matched,1.0000,,GetSongBPM,ZXV7E,"One Shot, One Kill",Dying Fetus,https://getsongbpm.com/song/one-shot-one-kill/ZXV7E,29,1
2286,PVii-tCu3V8,https://music.youtube.com/watch?v=PVii-tCu3V8,Cattle Decapitation,The Prophets of Loss,Cattle Decapitation,The Prophets of Loss,The Anthropocene Extinction,248,B,major,116,4/4,6d,matched,1.0000,,GetSongBPM,pZgO0N,The Prophets of Loss,Cattle Decapitation,https://getsongbpm.com/song/the-prophets-of-loss/pZgO0N,29,1
2287,UhJ-0a-CM_Y,https://music.youtube.com/watch?v=UhJ-0a-CM_Y,Dying Fetus,Fixated on Devastation,Dying Fetus,Fixated on Devastation,Wrong One to Fuck With,246,D,major,91,4/4,3d,matched,1.0000,,GetSongBPM,jY3X3R,Fixated on Devastation,Dying Fetus,https://getsongbpm.com/song/fixated-on-devastation/jY3X3R,37,1
2288,fVAptMz283k,https://music.youtube.com/watch?v=fVAptMz283k,Sodom,M-16 (2021 - Remaster),Sodom,M-16 (2021 - Remaster),M-16 (20th Anniversary Edition),290,,,,,,missing,,not_found,,,,,,,
2289,Txgv6IaD4kk,https://music.youtube.com/watch?v=Txgv6IaD4kk,Behemoth,Blow Your Trumpets Gabriel,Behemoth,Blow Your Trumpets Gabriel,The Satanist,266,F#,major,118,4/4,7d,matched,1.0000,,GetSongBPM,ROwYDw,Blow Your Trumpets Gabriel,Behemoth,https://getsongbpm.com/song/blow-your-trumpets-gabriel/ROwYDw,18,1
2290,cK8dbiyGydc,https://music.youtube.com/watch?v=cK8dbiyGydc,Dying Fetus,Grotesque Impalement (LIVE @ Summer Breeze Open Air 2016),SUMMER BREEZE,Dying Fetus – Grotesque Impalement (LIVE @ Summer Breeze Open Air 2016),,306,,,,,,missing,,manual_reject_broader,,,,,,,
2294,VFCCvaghUnU,https://music.youtube.com/watch?v=VFCCvaghUnU,The Doors,"Yes, the River Knows",The Doors,"Yes, the River Knows",Waiting for the Sun,155,F#,minor,75,4/4,4m,matched,1.0000,,GetSongBPM,rRWPDK,"Yes, the River Knows",The Doors,https://getsongbpm.com/song/yes-the-river-knows/rRWPDK,56,86
2295,VR0_hgiDCk0,https://music.youtube.com/watch?v=VR0_hgiDCk0,Modern Talking,"You're My Heart, You're My Soul",Modern Talking,"You're My Heart, You're My Soul",The First Album,333,C#,minor,117,4/4,5m,matched,0.9840,,GetSongBPM,3ODJx,"You're My Heart, You're My Soul",Modern Talking,https://getsongbpm.com/song/you-re-my-heart-you-re-my-soul/3ODJx,85,6
2297,1PetRVcM2sk,https://music.youtube.com/watch?v=1PetRVcM2sk,Patrik Pietschmann,Skyrim - Dragonborn (Piano Version),Patrik Pietschmann,Skyrim - Dragonborn (Piano Version),,198,,,,,,missing,,not_found,,,,,,,
2300,wlErVKh1ewg,https://music.youtube.com/watch?v=wlErVKh1ewg,Aaron Lewis,Outside [Family Values Live Version] (feat. Fred Durst),Aaron Lewis,Outside [Family Values Live Version] (feat. Fred Durst),The Singles 1996-2006,341,,,,,,missing,,not_found,,,,,,,
2301,qcK2IcCy0Z0,https://music.youtube.com/watch?v=qcK2IcCy0Z0,[LIVE DM] МВиПД,Какой Же Я Милый,Тот самый Моисей Великанов,[LIVE DM] МВиПД — Какой Же Я Милый,,189,,,,,,missing,,not_found,,,,,,,
2303,f6z2dS5KHgc,https://music.youtube.com/watch?v=f6z2dS5KHgc,Limp Bizkit,Rollin' (Air Raid Vehicle),Limp Bizkit,Rollin' (Air Raid Vehicle),Chocolate Starfish And The Hot Dog Flavored Water,214,A,major,90,4/4,4d,matched,1.0000,,GetSongBPM,xn26P,Rollin' (Air Raid Vehicle),Limp Bizkit,https://getsongbpm.com/song/rollin-air-raid-vehicle/xn26P,60,1
2305,gRpA7-10clI,https://music.youtube.com/watch?v=gRpA7-10clI,HADREN,Shira Falkowitz & Yitzy Rosinger - Acapella הדרן ווקאלי - שירה פולקוביץ וילד הפלא,shiezoli,HADREN - Shira Falkowitz & Yitzy Rosinger - Acapella הדרן ווקאלי - שירה פולקוביץ וילד הפלא,,590,,,,,,missing,,not_found,,,,,,,
2306,XgzkLykUjpM,https://music.youtube.com/watch?v=XgzkLykUjpM,B’chol Yom . Yitsy Rosinger & Shira Choir,בכל יום - בביצוע ילד הפלא ייצי רוזינגר ומקהלת שירה,shiezoli,B’chol Yom . Yitsy Rosinger & Shira Choir - בכל יום - בביצוע ילד הפלא ייצי רוזינגר ומקהלת שירה,,368,,,,,,missing,,not_found,,,,,,,
2307,fOpV_6ZVlF8,https://music.youtube.com/watch?v=fOpV_6ZVlF8,Freilach Band,"Meshoich - Beri Weber, Freilach & Shira Live! משוך - פריילך מארחת את וובר ושירה",Freilach Band,"Meshoich - Beri Weber, Freilach & Shira Live! משוך - פריילך מארחת את וובר ושירה",,381,,,,,,missing,,not_found,,,,,,,
2308,m6svdoGQnKE,https://music.youtube.com/watch?v=m6svdoGQnKE,Shlomo Yehuda Rechnitz,"אל הנער (feat. Motty Shteinmetz, Moishe Mendelowitz & Levi Lefkowitz)",Shlomo Yehuda Rechnitz,"אל הנער (feat. Motty Shteinmetz, Moishe Mendelowitz & Levi Lefkowitz)",שיר - שלמה יהודה רכניץ,374,,,,,,missing,,not_found,,,,,,,
2312,IeDMnyQzS88,https://music.youtube.com/watch?v=IeDMnyQzS88,Phil Collins,In The Air Tonight LIVE,Hard Force,Phil Collins - In The Air Tonight LIVE HD,,462,C#,minor,96,,,manual_entry,1.0000,,manual,,,,,,
2313,pl37j_Qqipc,https://music.youtube.com/watch?v=pl37j_Qqipc,Sam Tinnesz,Man or a Monster (feat. Zayde Wølf),Sam Tinnesz,Man or a Monster (feat. Zayde Wølf),Man or a Monster,206,D,minor,82,,,manual_entry,1.0000,,manual,,,,,,
2314,GhJ043zp8hI,https://music.youtube.com/watch?v=GhJ043zp8hI,Pink Guy,Stfu,Pink Guy,Stfu,Pink Season,225,A#,major,136,4/4,11d,matched,1.0000,,GetSongBPM,w037r1,Stfu,Pink Guy,https://getsongbpm.com/song/stfu/w037r1,83,56
2315,bWRYXvWp4FM,https://music.youtube.com/watch?v=bWRYXvWp4FM,Acrania,Gagged With Propaganda,Acrania,Gagged With Propaganda,"Tyrannical Hierarchy, Vol. 1",145,,,,,,missing,,not_found,,,,,,,
2316,S1jpivGF2xk,https://music.youtube.com/watch?v=S1jpivGF2xk,Acrania,Disillusion in a Discordant System,Acrania,Disillusion in a Discordant System,Totalitarian Dystopia,174,D,major,139,4/4,3d,matched,1.0000,,GetSongBPM,OMQ9zr,Disillusion in a Discordant System,Acrania,https://getsongbpm.com/song/disillusion-in-a-discordant-system/OMQ9zr,30,1
2320,1VCQDoYop64,https://music.youtube.com/watch?v=1VCQDoYop64,Державний Гімн України,National Anthem of Ukraine - Rock version by Nicky Rubchenko,5 канал,Державний Гімн України - National Anthem of Ukraine - Rock version by Nicky Rubchenko,,101,,,,,,missing,,not_found,,,,,,,
2324,3vPo2ADzJKo,https://music.youtube.com/watch?v=3vPo2ADzJKo,Five Finger Death Punch,Wrong Side of Heaven,Five Finger Death Punch,Wrong Side of Heaven,"The Wrong Side Of Heaven And The Righteous Side Of Hell, Volume 1 (Deluxe)",271,E,minor,150,4/4,2m,matched,0.9911,,GetSongBPM,1W16r0,Wrong Side of Heaven,Five Finger Death Punch,https://getsongbpm.com/song/wrong-side-of-heaven/1W16r0,48,1
2326,FUPx42UmSng,https://music.youtube.com/watch?v=FUPx42UmSng,J. S. Bach: Air (Classical guitar),Per-Olov Kindgren,Per-Olov Kindgren,J. S. Bach: Air (Classical guitar)  - Per-Olov Kindgren,,217,,,,,,missing,,not_found,,,,,,,
2328,2Bukkhhy8qs,https://music.youtube.com/watch?v=2Bukkhhy8qs,Mudvayne,Nothing To Gein,Mudvayne,Nothing To Gein,L.D. 50,329,B,minor,112,3/4,3m,matched,1.0000,,GetSongBPM,r0Q1E,Nothing to Gein,Mudvayne,https://getsongbpm.com/song/nothing-to-gein/r0Q1E,75,2
2329,9r6viiU5-Ss,https://music.youtube.com/watch?v=9r6viiU5-Ss,"The Orthodox Singers"" Male Choir, Choirmaster: Georgiy Smirnov",We Bow Down Before Your Cross,"""The Orthodox Singers"" Male Choir, Choirmaster: Georgiy Smirnov",We Bow Down Before Your Cross,Basso Profondo From Old Russia. Popular And Sacred Russian Songs,238,,,,,,missing,,not_found,,,,,,,
2332,L-vN3x2Am6g,https://music.youtube.com/watch?v=L-vN3x2Am6g,Lord Vinheteiro,9 Russian Songs You ́ve Heard And Don ́t Know The Name,Lord Vinheteiro,9 Russian Songs You´ve Heard And Don´t Know The Name,,270,,,,,,missing,,not_found,,,,,,,
2338,9AverhY6qAo,https://music.youtube.com/watch?v=9AverhY6qAo,Скрябін,Місця Щасливих Людей,Скрябін,Скрябін – Місця Щасливих Людей [Official Video],,273,,,,,,missing,,not_found,,,,,,,
2339,IopCxEnVgYg,https://music.youtube.com/watch?v=IopCxEnVgYg,Lich King,Combat Mosh,Lich King,Combat Mosh,Born Of The Bomb,280,G#,major,101,4/4,9d,matched,1.0000,,GetSongBPM,7LN7zA,Combat Mosh,Lich King,https://getsongbpm.com/song/combat-mosh/7LN7zA,26,1
2340,unWJPknC0ZU,https://music.youtube.com/watch?v=unWJPknC0ZU,Visceral Disgorge,Force Fed Shredded Genetalia,Visceral Disgorge,Force Fed Shredded Genetalia,Ingesting Putridity,293,F#,minor,111,4/4,4m,matched,1.0000,,GetSongBPM,j0RjRW,Force Fed Shredded Genetalia,Visceral Disgorge,https://getsongbpm.com/song/force-fed-shredded-genetalia/j0RjRW,39,1
2341,RPmkv4ochsI,https://music.youtube.com/watch?v=RPmkv4ochsI,Saxon,Princess of the Night,Saxon,Princess of the Night,The Best of Saxon,243,C#,major,106,4/4,8d,matched,0.9307,,GetSongBPM,qZvBR,Princess of the Night,Saxon,https://getsongbpm.com/song/princess-of-the-night/qZvBR,33,1
2343,HL3QxRcFde0,https://music.youtube.com/watch?v=HL3QxRcFde0,Океан Ельзи,Ордени (Хіба нам не сниться),Океан Ельзи,Ордени (Хіба нам не сниться),Dolce vita,230,,,,,,missing,,not_found,,,,,,,
2344,AccbNbqN2RQ,https://music.youtube.com/watch?v=AccbNbqN2RQ,Михей,Сука Любовь,mblkolavl,Михей - Сука Любовь,,172,,,,,,missing,,not_found,,,,,,,
2346,F3SZZVmv0Ic,https://music.youtube.com/watch?v=F3SZZVmv0Ic,Ёлка,На большом воздушном шаре,Ёлка,На большом воздушном шаре,Точки расставлены,193,,,,,,missing,,not_found,,,,,,,
2347,iz6S2a94Gy4,https://music.youtube.com/watch?v=iz6S2a94Gy4,Земфира,ХОЧЕШЬ?,Земфира,ХОЧЕШЬ?,ПРОСТИ МЕНЯ МОЯ ЛЮБОВЬ,198,,,,,,missing,,not_found,,,,,,,
2348,UgmY2sB71Hc,https://music.youtube.com/watch?v=UgmY2sB71Hc,My Chemical Romance,I'm Not Okay (I Promise),My Chemical Romance,I'm Not Okay (I Promise),Three Cheers for Sweet Revenge,187,D,major,178,4/4,3d,matched,1.0000,,GetSongBPM,YmO4p,I'm Not Okay (I Promise),My Chemical Romance,https://getsongbpm.com/song/i-m-not-okay-i-promise/YmO4p,21,1
2351,Hr0dN262Lt0,https://music.youtube.com/watch?v=Hr0dN262Lt0,Menstrual Cocktail,Prolapse Job (Full Demo),UltimateNoise,Menstrual Cocktail - Prolapse Job (Full Demo),,611,,,,,,missing,,not_found,,,,,,,
2352,8tBxbVEJ_LM,https://music.youtube.com/watch?v=8tBxbVEJ_LM,Ёлка,Прованс,Ёлка,Прованс,Точки расставлены,205,,,,,,missing,,not_found,,,,,,,
2354,Cv5JJ8h03Ow,https://music.youtube.com/watch?v=Cv5JJ8h03Ow,Brainstorm,Na Zare,rishargese6,Brainstorm - Na Zare,,391,,,,,,missing,,not_found,,,,,,,
2355,x4xCSVl833I,https://music.youtube.com/watch?v=x4xCSVl833I,Альянс,На заре (1987),Олег Парастаев,Альянс - На заре (1987),,357,,,,,,missing,,not_found,,,,,,,
2356,vIOO_7DLr3M,https://music.youtube.com/watch?v=vIOO_7DLr3M,LINKIN PARK,BURN IT DOWN,LINKIN PARK,BURN IT DOWN,LIVING THINGS,231,A,minor,56,4/4,1m,matched,1.0000,,GetSongBPM,wmPnMz,Burn It Down,Linkin Park,https://getsongbpm.com/song/burn-it-down/wmPnMz,59,2
2357,H1LdQntDnFY,https://music.youtube.com/watch?v=H1LdQntDnFY,Linkin Park,One More Light,Linkin Park,One More Light,One More Light,256,G#,major,83,4/4,9d,matched,1.0000,,GetSongBPM,08xGQy,One More Light,Linkin Park,https://getsongbpm.com/song/one-more-light/08xGQy,60,91
2358,KWS1bZVoaGQ,https://music.youtube.com/watch?v=KWS1bZVoaGQ,Linkin Park,Enth E Nd (Kutmasta Kurt Reanimation) (feat. Motion Man),Linkin Park,Enth E Nd (Kutmasta Kurt Reanimation) (feat. Motion Man),Hybrid Theory (20th Anniversary Edition),240,,,,,,missing,,not_found,,,,,,,
2359,iw35Pfqf4U8,https://music.youtube.com/watch?v=iw35Pfqf4U8,Linkin Park,Given Up,Linkin Park,Given Up,Minutes to Midnight,190,G,major,100,4/4,2d,matched,1.0000,,GetSongBPM,pYl5m2,Given Up,Linkin Park,https://getsongbpm.com/song/given-up/pYl5m2,66,1
2360,PFqxon3HwsQ,https://music.youtube.com/watch?v=PFqxon3HwsQ,Motionless In White,Disguise,Motionless In White,Disguise,Disguise,238,F#,major,104,4/4,7d,matched,1.0000,,GetSongBPM,57BRgv,Disguise,Motionless in White,https://getsongbpm.com/song/disguise/57BRgv,50,1
2362,_T7Mb3hj1Ls,https://music.youtube.com/watch?v=_T7Mb3hj1Ls,Berlin,"Take My Breath Away (Love Theme from ""Top Gun"")",Berlin,"Take My Breath Away (Love Theme from ""Top Gun"")",TOP GUN/SOUNDTRACK,252,F#,major,96,,,manual_entry,1.0000,,manual,,,,,,
2363,x0BvEE4OIi0,https://music.youtube.com/watch?v=x0BvEE4OIi0,brbr DENG... But it's tuned down (Mudvayne,Dig),Andrew Baena,brbr DENG... But it's tuned down (Mudvayne - Dig),,37,,,,,,missing,,not_found,,,,,,,
2364,innJxQM_-CE,https://music.youtube.com/watch?v=innJxQM_-CE,Oh Camper,Camper Song With,OfficalAdityaVideos,Oh Camper - Camper Song With Lyrics,,211,,,,,,missing,,not_found,,,,,,,
2365,8RyC-azVYX8,https://music.youtube.com/watch?v=8RyC-azVYX8,"Yes, The River Knows",The Doors,Charl Basurto,"Yes, The River Knows - The Doors (lyrics)",,163,E,minor,66,3/4,2m,matched,0.8800,,GetSongBPM,w01q01,At the Doors,Cyesm,https://getsongbpm.com/song/at-the-doors/w01q01,47,82
2368,hhlHPwbm_NY,https://music.youtube.com/watch?v=hhlHPwbm_NY,PainKiller,Hostage,215Days,PainKiller - Hostage,,143,E,major,143,4/4,5d,matched,1.0000,,GetSongBPM,M3KoA,Hostage,Painkiller,https://getsongbpm.com/song/hostage/M3KoA,14,1
2371,v_uncMEJkBc,https://music.youtube.com/watch?v=v_uncMEJkBc,My Chemical Romance,Welcome to the Black Parade,My Chemical Romance,Welcome to the Black Parade,The Black Parade,312,G,major,192,4/4,2d,manual_accept,1.0000,,GetSongBPM,lYk4Q7,Welcome to the Black Parade,My Chemical Romance,https://getsongbpm.com/song/welcome-to-the-black-parade/lYk4Q7,22,1
2372,D5je-gDRwZk,https://music.youtube.com/watch?v=D5je-gDRwZk,Alexandr Misko,Thrones Theme,Alexandr Misko,Thrones Theme,,90,,,,,,missing,,not_found,,,,,,,
2375,zAkdAwCj78c,https://music.youtube.com/watch?v=zAkdAwCj78c,Shira Choir,Zusha Songs,shiezoli,"Shira Choir Singing New ""Zusha Songs"" with Avrum Mordche Schwartz",,593,,,,,,missing,,not_found,,,,,,,
2377,jLKOBJR5vHs,https://music.youtube.com/watch?v=jLKOBJR5vHs,My Chemical Romance,Teenagers,My Chemical Romance,Teenagers,The Black Parade,162,E,major,112,4/4,5d,manual_accept,1.0000,,GetSongBPM,rkq4ZB,Teenagers,My Chemical Romance,https://getsongbpm.com/song/teenagers/rkq4ZB,47,6
2380,HzdD8kbDzZA,https://music.youtube.com/watch?v=HzdD8kbDzZA,a-ha,Take on Me,a-ha,Take on Me,Hunting High and Low,226,A,major,172,4/4,4d,matched,1.0000,,GetSongBPM,GvQPL,Take on Me,a-ha,https://getsongbpm.com/song/take-on-me/GvQPL,58,2
2382,0-q83p_o-Lg,https://music.youtube.com/watch?v=0-q83p_o-Lg,Green Day,Boulevard of Broken Dreams,Green Day,Boulevard of Broken Dreams,Oh Love,263,F,minor,82,4/4,9m,matched,0.9276,,GetSongBPM,598nYZ,Boulevard of Broken Dreams,Green Day,https://getsongbpm.com/song/boulevard-of-broken-dreams/598nYZ,29,1
2383,a_1tA0bpDQs,https://music.youtube.com/watch?v=a_1tA0bpDQs,My Chemical Romance,Helena,My Chemical Romance,Helena,Three Cheers for Sweet Revenge,205,E,major,123,4/4,5d,matched,1.0000,,GetSongBPM,RJERR,Helena,My Chemical Romance,https://getsongbpm.com/song/helena/RJERR,36,2
2384,3VdZThb9UgY,https://music.youtube.com/watch?v=3VdZThb9UgY,Painkiller,Morning of Balachaturdasi,Dana “Dane” Paton,Painkiller - Morning of Balachaturdasi,,879,C,major,118,4/4,1d,matched,1.0000,,GetSongBPM,1Qkp6Z,Morning of Balachaturdasi,Painkiller,https://getsongbpm.com/song/morning-of-balachaturdasi/1Qkp6Z,38,2
2385,S9s5dF2RhYs,https://music.youtube.com/watch?v=S9s5dF2RhYs,PainKiller,Damage To The Mask,215Days,PainKiller - Damage To The Mask,,160,A,major,101,4/4,4d,matched,1.0000,,GetSongBPM,G3Xg7,Damage to the Mask,Painkiller,https://getsongbpm.com/song/damage-to-the-mask/G3Xg7,33,1
2386,dwHVqFyAfeE,https://music.youtube.com/watch?v=dwHVqFyAfeE,Tobi King,Da da da,Tobi King,Da da da,Śląska karuzela z gwiazdami TVS,236,A,minor,128,,,manual_entry,1.0000,,manual,,,,,,
2387,vGtaDvhSxaI,https://music.youtube.com/watch?v=vGtaDvhSxaI,Rammstein,Deutschland,Rammstein,Deutschland,Rammstein,323,G,major,120,4/4,2d,matched,1.0000,,GetSongBPM,DqypGY,Deutschland,Rammstein,https://getsongbpm.com/song/deutschland/DqypGY,52,1
2390,Aj8YuHcuTps,https://music.youtube.com/watch?v=Aj8YuHcuTps,Coal Chamber,Amir of the Desert,Coal Chamber,Amir of the Desert,Coal Chamber,46,G#,major,138,3/4,9d,matched,1.0000,,GetSongBPM,yPG4n,Amir of the Desert,Coal Chamber,https://getsongbpm.com/song/amir-of-the-desert/yPG4n,61,46
2391,4Jh_MFRs2NQ,https://music.youtube.com/watch?v=4Jh_MFRs2NQ,John Kalligan,20000 лет (Live),John Kalligan,20000 лет (Live),Живой,258,,,,,,missing,,not_found,,,,,,,
2392,6JQm5aSjX6g,https://music.youtube.com/watch?v=6JQm5aSjX6g,Rudolf Baumgartner,The Best of Bach,Rudolf Baumgartner,The Best of Bach,,6681,,,,,,missing,,manual_reject_broader,,,,,,,
2393,hplsKo2WPz8,https://music.youtube.com/watch?v=hplsKo2WPz8,Oleg Skoblja,Poigray v ljubov,Oleg Skoblja,Poigray v ljubov',Krylatyy lev,331,,,,,,missing,,not_found,,,,,,,
2394,Nr5iNLkdKmo,https://music.youtube.com/watch?v=Nr5iNLkdKmo,Alexandr Misko,Dubstep Guitar 2019,Alexandr Misko,Dubstep Guitar 2019,"Covers and New Versions, Vol. 2",237,,,,,,missing,,not_found,,,,,,,
2400,OCqMDeD6Fmc,https://music.youtube.com/watch?v=OCqMDeD6Fmc,Patrik Pietschmann,Light of the Seven - Game of Thrones (Piano Version),Patrik Pietschmann,Light of the Seven - Game of Thrones (Piano Version),,394,,,,,,missing,,not_found,,,,,,,
2401,7-F8wkjKWg8,https://music.youtube.com/watch?v=7-F8wkjKWg8,Village People,YMCA (Original Version 1978),Village People,YMCA (Original Version 1978),YMCA (Original Version 1978),285,,,,,,missing,,not_found,,,,,,,
2404,bR24yRUl7mM,https://music.youtube.com/watch?v=bR24yRUl7mM,Ghost Shirt,Not In Nottingham | Sofar London,Sofar Sounds,Ghost Shirt - Not In Nottingham | Sofar London,,166,,,,,,missing,,manual_reject_broader,,,,,,,
2405,g9Bii1q-65Y,https://music.youtube.com/watch?v=g9Bii1q-65Y,Logan Kendell,Not in Nottingham,Logan Kendell,Not in Nottingham,Let the Sun In,170,,,,,,missing,,manual_reject_broader,,,,,,,
2406,O9m5e-oPl5I,https://music.youtube.com/watch?v=O9m5e-oPl5I,מוטי שטיינמץ,צאינה וראינה - ישיבה עטרת שלמה | Motty Steinmetz - Tseno Ureno,shiezoli,מוטי שטיינמץ - צאינה וראינה - ישיבה עטרת שלמה | Motty Steinmetz - Tseno Ureno,,386,,,,,,missing,,not_found,,,,,,,
2407,MnxO7LS4gq0,https://music.youtube.com/watch?v=MnxO7LS4gq0,Shira Choir Singing New Rechnitz,Medley at Kumzits Live מקהלת שירה/ רכניץ קומזיץ,Yankie Edelstien,Shira Choir Singing New Rechnitz - Medley at Kumzits Live מקהלת שירה/ רכניץ קומזיץ,,653,,,,,,missing,,not_found,,,,,,,
2408,pa8tJbJkg7g,https://music.youtube.com/watch?v=pa8tJbJkg7g,Машина Времени,Однажды Мир Прогнется под Нас,Машина Времени,Однажды Мир Прогнется под Нас,Отрываясь,195,,,,,,missing,,not_found,,,,,,,
2409,evrm-rTeTNY,https://music.youtube.com/watch?v=evrm-rTeTNY,Jew Boys,Im Hashem Lo Yivneh Bayis,Jew Boys,Im Hashem Lo Yivneh Bayis,Bar Mitzvah Songs,299,,,,,,missing,,not_found,,,,,,,
2410,xOazTYPrt64,https://music.youtube.com/watch?v=xOazTYPrt64,Gotye,Somebody That I Used To Know (feat. Kimbra),Gotye,Somebody That I Used To Know (feat. Kimbra),Making Mirrors,245,D,minor,128,4/4,12m,matched,1.0000,,GetSongBPM,lOKOG5,Somebody That I Used to Know,Gotye,https://getsongbpm.com/song/somebody-that-i-used-to-know/lOKOG5,86,57
2411,HE1C1ZjfcMw,https://music.youtube.com/watch?v=HE1C1ZjfcMw,Валерий Меладзе,Небеса,Валерий Меладзе,Небеса,Небеса,237,,,,,,missing,,not_found,,,,,,,
2412,xkbVRGxsd8E,https://music.youtube.com/watch?v=xkbVRGxsd8E,The Cranberries,When You're Gone,The Cranberries,When You're Gone,To The Faithful Departed,297,D#,major,96,3/4,10d,matched,1.0000,,GetSongBPM,7LAOEw,When You're Gone,The Cranberries,https://getsongbpm.com/song/when-you-re-gone/7LAOEw,44,51
2416,SxB4LkvQOSQ,https://music.youtube.com/watch?v=SxB4LkvQOSQ,Егор Летов,Отряд не заметил потери бойца (2021 Remastered Version),Егор Летов,Отряд не заметил потери бойца (2021 Remastered Version),Концерт в городе-герое Ленинграде (2021 Remastered Version),118,,,,,,missing,,not_found,,,,,,,
2417,xgfa5UlZAL8,https://music.youtube.com/watch?v=xgfa5UlZAL8,Batushka,Litourgiya [Full - HD],OdiumNostrum,Batushka - Litourgiya [Full - HD],,2478,,,,,,missing,,not_found,,,,,,,
2418,Fs8Q_JfRiDo,https://music.youtube.com/watch?v=Fs8Q_JfRiDo,Ани Лорак,Зеркала,Ани Лорак,Зеркала,Разве ты любил,223,,,,,,missing,,not_found,,,,,,,
2419,QsxBckAVRzY,https://music.youtube.com/watch?v=QsxBckAVRzY,Т. Буланова,Не плачь,uubambr,Т. Буланова - Не плачь,,331,,,,,,missing,,not_found,,,,,,,
2422,QYNNOlqXC1s,https://music.youtube.com/watch?v=QYNNOlqXC1s,Григорий Лепс & Ирина Аллегрова,Я тебе не верю,Григорий Лепс & Ирина Аллегрова,Я тебе не верю,Виктор Дробыш - 50 (Юбилейный концерт),240,,,,,,missing,,not_found,,,,,,,
2424,qrtoKtZ_fLo,https://music.youtube.com/watch?v=qrtoKtZ_fLo,Конкурс от John Kalligan и Fender | IV,Панихида,IVEMBR,Конкурс от John Kalligan и Fender | IV - Панихида,,269,,,,,,missing,,not_found,,,,,,,
2425,4FkfyssnHqU,https://music.youtube.com/watch?v=4FkfyssnHqU,Red Hot Chili Peppers,Dani California,Red Hot Chili Peppers,Dani California,Stadium Arcadium,283,,,,,,missing,,manual_reject_broader,,,,,,,
2426,NN75im_us4k,https://music.youtube.com/watch?v=NN75im_us4k,Rick-Grohl-ed,Nirvana vs Rick Astley - Never Gonna Give Your Teen Spirit up,Thriftshop XL,Rick-Grohl-ed - Nirvana vs Rick Astley - Never Gonna Give Your Teen Spirit up,,229,,,,,,missing,,not_found,,,,,,,
2428,0MBIlOaIfmY,https://music.youtube.com/watch?v=0MBIlOaIfmY,The Cranberries,Ode To My Family,The Cranberries,Ode To My Family,No Need to Argue (The Complete Sessions 1994–1995),272,G,major,96,4/4,2d,matched,0.9904,,GetSongBPM,1r9Ejq,Ode to My Family,The Cranberries,https://getsongbpm.com/song/ode-to-my-family/1r9Ejq,38,8
2429,5NxKeLeKm5U,https://music.youtube.com/watch?v=5NxKeLeKm5U,Bitard671,Я титан (музыка без авторских прав),Iryna Levchyk,Bitard671 - Я титан (музыка без авторских прав),,116,,,,,,missing,,not_found,,,,,,,
2431,fPSFmRalrcE,https://music.youtube.com/watch?v=fPSFmRalrcE,Тот самый Моисей Великанов,Я ЗНАМЕНИТОСТЬ (2018 клип),Тот самый Моисей Великанов,Моисей Великанов — Я ЗНАМЕНИТОСТЬ (2018 клип),,99,,,,,,missing,,not_found,,,,,,,
2433,2sbpCbENkjo,https://music.youtube.com/watch?v=2sbpCbENkjo,МВиПД,Универсальный Комментарий (Studio Live),Тот самый Моисей Великанов,МВиПД — Универсальный Комментарий (Studio Live),,65,,,,,,missing,,not_found,,,,,,,
2434,f79iXuSsUtI,https://music.youtube.com/watch?v=f79iXuSsUtI,МВиПД,Какой же я милый,МВиПД,Какой же я милый,Какой же я милый,72,,,,,,missing,,not_found,,,,,,,
2436,6-dNPDoyEbc,https://music.youtube.com/watch?v=6-dNPDoyEbc,Remco Hendriks,Fretless Fornication,Remco Hendriks,Fretless Fornication,Groove-A-Holic,313,,,,,,missing,,not_found,,,,,,,
2437,YjZkgvcZAGc,https://music.youtube.com/watch?v=YjZkgvcZAGc,Alexandr Misko,Russian Christmas Carol,Alexandr Misko,Russian Christmas Carol,"Covers and New Versions, Vol. 1",77,A#,major,160,4/4,11d,matched,1.0000,,GetSongBPM,gpAmX6,Russian Christmas Carol,Alexandr Misko,https://getsongbpm.com/song/russian-christmas-carol/gpAmX6,56,70
2440,kh8PEUoL130,https://music.youtube.com/watch?v=kh8PEUoL130,Beware Of Darkness,All Who Remain,Beware Of Darkness,All Who Remain,Orthodox,225,A,major,108,4/4,4d,matched,1.0000,,GetSongBPM,W7ZxgW,All Who Remain,Beware of Darkness,https://getsongbpm.com/song/all-who-remain/W7ZxgW,63,4
2441,TRT22PS4oKA,https://music.youtube.com/watch?v=TRT22PS4oKA,Beware Of Darkness,Heart Attack,Beware Of Darkness,Heart Attack,Orthodox,215,D,major,94,4/4,3d,matched,1.0000,,GetSongBPM,Xo1yjk,Heart Attack,Beware of Darkness,https://getsongbpm.com/song/heart-attack/Xo1yjk,28,1
2444,9pRpkbJdqVg,https://music.youtube.com/watch?v=9pRpkbJdqVg,Diabarha,Dead Zone,Diabarha,Splittercore: [Cyberpunk Machine] 16. Diabarha - Dead Zone,,467,,minor,700,,,matched,1.0000,,GetSongBPM,2x3zkz,Dead Zone,Diabarha,https://getsongbpm.com/song/dead-zone/2x3zkz,,
2445,S5rCBdfYzPo,https://music.youtube.com/watch?v=S5rCBdfYzPo,Nekrosystem,No Relax Frank,Speedcore Worldwide Audio Netlabel,Nekrosystem - No Relax Frank,,204,,,,,,missing,,not_found,,,,,,,
2447,SQrKCytWbj8,https://music.youtube.com/watch?v=SQrKCytWbj8,Blur,Song 2,Blur,Song 2,Blur,122,G#,major,129,4/4,9d,matched,1.0000,,GetSongBPM,0REG,Song 2,Blur,https://getsongbpm.com/song/song-2/0REG,68,1
2448,SezuFrHm8f0,https://music.youtube.com/watch?v=SezuFrHm8f0,The Cranberries,Dreams,The Cranberries,Dreams,"Everybody Else Is Doing It, So Why Can't We?",272,E,major,129,4/4,5d,matched,1.0000,,GetSongBPM,7L1jQQ,Dreams,The Cranberries,https://getsongbpm.com/song/dreams/7L1jQQ,56,1
2450,GKa1W4a_5mI,https://music.youtube.com/watch?v=GKa1W4a_5mI,The Doors,The Crystal Ship,The Doors,The Crystal Ship,The Doors,152,F,major,178,4/4,12d,matched,1.0000,,GetSongBPM,XoE3ql,The Crystal Ship,The Doors,https://getsongbpm.com/song/the-crystal-ship/XoE3ql,32,80
2451,XytGk-ijNJ0,https://music.youtube.com/watch?v=XytGk-ijNJ0,Epic Rap Battles of History,Elon Musk vs Mark Zuckerberg,Epic Rap Battles of History,Elon Musk vs Mark Zuckerberg,Elon Musk vs Mark Zuckerberg,180,,,,,,missing,,not_found,,,,,,,
2453,_Yq2QAhLt_w,https://music.youtube.com/watch?v=_Yq2QAhLt_w,Валентин Стрыкало,Всё решено,Валентин Стрыкало,Всё решено,Смирись и расслабься,192,,,,,,missing,,not_found,,,,,,,
2454,11JjCLoKHlg,https://music.youtube.com/watch?v=11JjCLoKHlg,The Cranberries,Shattered,The Cranberries,Shattered,Bury The Hatchet (The Complete Sessions 1998-1999),223,C,minor,125,4/4,10m,matched,0.9904,,GetSongBPM,D90PBA,Shattered,The Cranberries,https://getsongbpm.com/song/shattered/D90PBA,48,64
2458,BXqPNlng6uI,https://music.youtube.com/watch?v=BXqPNlng6uI,The Doors,The End,The Doors,The End,The Doors,704,C,major,105,4/4,1d,matched,1.0000,,GetSongBPM,6R5kGQ,The End,The Doors,https://getsongbpm.com/song/the-end/6R5kGQ,35,17
2459,ZboIu0IXf44,https://music.youtube.com/watch?v=ZboIu0IXf44,Shinedown,Diamond Eyes (Boom-Lay Boom-Lay Boom),Shinedown,Diamond Eyes (Boom-Lay Boom-Lay Boom),The Sound of Madness,337,,,,,,missing,,not_found,,,,,,,
2461,EIZa5k7Wgsk,https://music.youtube.com/watch?v=EIZa5k7Wgsk,Static-X,Skinnyman,Static-X,Skinnyman,Start a War,221,C#,major,91,4/4,8d,manual_accept_broader,0.9760,,GetSongBPM,9qv4Y,Skinnyman,Static‐X,https://getsongbpm.com/song/skinnyman/9qv4Y,58,1
2462,rMXlAJOQsss,https://music.youtube.com/watch?v=rMXlAJOQsss,Rage Against The Machine,Take the Power Back,Rage Against The Machine,Take the Power Back,Rage Against The Machine,336,C#,major,106,4/4,8d,matched,1.0000,,GetSongBPM,l53vzj,Take the Power Back,Rage Against the Machine,https://getsongbpm.com/song/take-the-power-back/l53vzj,62,8
2463,A0JMejMGA0M,https://music.youtube.com/watch?v=A0JMejMGA0M,The Cranberries,Just My Imagination,The Cranberries,Just My Imagination,Bury The Hatchet (The Complete Sessions 1998-1999),222,A#,major,99,4/4,11d,matched,0.9904,,GetSongBPM,BLnQz2,Just My Imagination,The Cranberries,https://getsongbpm.com/song/just-my-imagination/BLnQz2,55,27
2464,EcKnq50F0pE,https://music.youtube.com/watch?v=EcKnq50F0pE,Aerosmith,Dream On,Aerosmith,Dream On,Greatest Hits (Deluxe),266,F,minor,78,4/4,9m,matched,0.9421,,GetSongBPM,OyPKN,Dream On,Aerosmith,https://getsongbpm.com/song/dream-on/OyPKN,31,39
2465,G9Pag6dbsjc,https://music.youtube.com/watch?v=G9Pag6dbsjc,The Police,Every Breath You Take (Remastered 2003),The Police,Every Breath You Take (Remastered 2003),The Police,255,G#,major,117,4/4,9d,matched,0.8757,,GetSongBPM,6RA7,Every Breath You Take,The Police,https://getsongbpm.com/song/every-breath-you-take/6RA7,82,57
2468,nB7N4AKt35g,https://music.youtube.com/watch?v=nB7N4AKt35g,The Cranberries,Promises,The Cranberries,Promises,Bury The Hatchet (The Complete Sessions 1998-1999),328,E,minor,129,4/4,2m,matched,0.9904,,GetSongBPM,zKn905,Promises,The Cranberries,https://getsongbpm.com/song/promises/zKn905,51,7
2469,B6GdsRIbTSk,https://music.youtube.com/watch?v=B6GdsRIbTSk,4 Non Blondes,What's Up?,4 Non Blondes,What's Up?,"Bigger, Better, Faster, More !",296,A,major,68,4/4,4d,matched,1.0000,,GetSongBPM,gL5XZ,What's Up?,4 Non Blondes,https://getsongbpm.com/song/what-s-upquestion/gL5XZ,57,16
2470,jq_FWScqyG8,https://music.youtube.com/watch?v=jq_FWScqyG8,Guns N' Roses,Sweet Child O' Mine,Guns N' Roses,Sweet Child O' Mine,Appetite For Destruction,355,C#,major,123,4/4,8d,matched,1.0000,,GetSongBPM,L9zxp,Sweet Child o' Mine,Guns N' Roses,https://getsongbpm.com/song/sweet-child-o-mine/L9zxp,45,10
2472,5qZQEq_C3vc,https://music.youtube.com/watch?v=5qZQEq_C3vc,Linkin Park,Numb,Linkin Park,Numb,Meteora (Bonus Edition),188,F#,minor,56,4/4,4m,matched,0.9904,,GetSongBPM,pQk716,Numb,Linkin Park,https://getsongbpm.com/song/numb/pQk716,50,1
2474,Efa6BAWPm9o,https://music.youtube.com/watch?v=Efa6BAWPm9o,R.E.M.,Losing My Religion,R.E.M.,Losing My Religion,Out Of Time,269,A,minor,123,4/4,1m,matched,1.0000,,GetSongBPM,0R4jN,Losing My Religion,R.E.M.,https://getsongbpm.com/song/losing-my-religion/0R4jN,67,9
2475,yGxHDmHoqXc,https://music.youtube.com/watch?v=yGxHDmHoqXc,The Cranberries,Zombie,The Cranberries,Zombie,No Need to Argue (The Complete Sessions 1994–1995),307,G,major,84,4/4,2d,matched,0.9904,,GetSongBPM,4R9V8J,Zombie,The Cranberries,https://getsongbpm.com/song/zombie/4R9V8J,31,2
2478,qYmSVJpy8j0,https://music.youtube.com/watch?v=qYmSVJpy8j0,Static-X,Push It,Static-X,Push It,Wisconsin Death Trip,155,C,major,149,4/4,1d,manual_accept_broader,0.9760,,GetSongBPM,xG3XP,Push It,Static‐X,https://getsongbpm.com/song/push-it/xG3XP,56,1
2480,1xhOJ86Mmts,https://music.youtube.com/watch?v=1xhOJ86Mmts,Alexandr Misko,He's a Pirate,Alexandr Misko,He's a Pirate,"Covers and New Versions, Vol. 1",89,C#,major,100,3/4,8d,matched,1.0000,,GetSongBPM,28jKJv,He's a Pirate,Alexandr Misko,https://getsongbpm.com/song/he-s-a-pirate/28jKJv,73,35
2481,p1r49SBAPCs,https://music.youtube.com/watch?v=p1r49SBAPCs,Killer King,New Year's Eve,Killer King,New Year's Eve,New Year's Eve,178,C,major,92,,,manual_entry,1.0000,,manual,,,,,,
2482,5KdiDCCUHlc,https://music.youtube.com/watch?v=5KdiDCCUHlc,New Signature 7 String,playthrough of “chronosil” - Rob Scallon,Rob Scallon,New Signature 7 String - playthrough of “chronosil” - Rob Scallon,,204,,,,,,missing,,not_found,,,,,,,
2483,xYzS1fgBGos,https://music.youtube.com/watch?v=xYzS1fgBGos,F.B. Piano Anime,History Maker (Yuri!!! on ICE Opening),F.B. Piano Anime,History Maker (Yuri!!! on ICE Opening),History Maker (Yuri on ICE!!! Opening),107,,,,,,missing,,not_found,,,,,,,
2488,Ci5squuWW3Q,https://music.youtube.com/watch?v=Ci5squuWW3Q,Patrik Pietschmann,Tetris Theme (piano version),Patrik Pietschmann,Tetris Theme (piano version),,187,,,,,,missing,,not_found,,,,,,,
2493,fonDsCqxxT0,https://music.youtube.com/watch?v=fonDsCqxxT0,Soften The Glare,Making Faces (2017) (Full Album),WankyShitDemon,Soften The Glare - Making Faces (2017) (Full Album),,3218,,,,,,missing,,not_found,,,,,,,
2495,CINERx2q7sc,https://music.youtube.com/watch?v=CINERx2q7sc,В траве сидел Кузнечик,Во Всех Стилях | Нескучный Коллаб,Нескучный Саунд,В траве сидел Кузнечик - Во Всех Стилях | Нескучный Коллаб,,628,,,,,,missing,,not_found,,,,,,,
2496,mRqYHeOtSUo,https://music.youtube.com/watch?v=mRqYHeOtSUo,RADIO TAPOK,Wrong Side of Heaven,RADIO TAPOK,Wrong Side of Heaven,Wrong Side of Heaven,274,,,,,,missing,,not_found,,,,,,,
2498,ZEMBDKMtHqM,https://music.youtube.com/watch?v=ZEMBDKMtHqM,Nirvana,Come As You Are,Nirvana,Come As You Are,Nevermind,219,E,minor,117,4/4,2m,matched,1.0000,,GetSongBPM,wpoo1,Come as You Are,Nirvana,https://getsongbpm.com/song/come-as-you-are/wpoo1,51,1
2499,8eGY-4OALgM,https://music.youtube.com/watch?v=8eGY-4OALgM,Nirvana,Heart-Shaped Box,Nirvana,Heart-Shaped Box,In Utero (20th Anniversary Remaster),282,F#,major,99,4/4,7d,matched,0.9904,,GetSongBPM,Gv8nGy,Heart-Shaped Box,Nirvana,https://getsongbpm.com/song/heart-shaped-box/Gv8nGy,50,19
2501,BUYLdVeny5g,https://music.youtube.com/watch?v=BUYLdVeny5g,Dead Or Alive,You Spin Me Round (Like a Record),Dead Or Alive,You Spin Me Round (Like a Record),You Spin Me Round,197,F#,minor,128,4/4,4m,matched,0.9437,,GetSongBPM,6yNBO,You Spin Me Round (Like a Record),Dead or Alive,https://getsongbpm.com/song/you-spin-me-round-like-a-record/6yNBO,56,1
2503,_qScajDUBn4,https://music.youtube.com/watch?v=_qScajDUBn4,Bassists Alliance,Forecast (Ryan Martinie & Leonid Maksimov),Framus & Warwick,Bassists Alliance  - Forecast (Ryan Martinie & Leonid Maksimov),,182,,,,,,missing,,not_found,,,,,,,
2507,JSUAfDr4ZKI,https://music.youtube.com/watch?v=JSUAfDr4ZKI,John Kalligan,Панихида (Live),John Kalligan,Панихида (Live),Живой,260,,,,,,missing,,not_found,,,,,,,
2508,e5qmSEvDEGs,https://music.youtube.com/watch?v=e5qmSEvDEGs,Bizet: Carmen-Toreador song,Laurent Naouri,AchillesValda,Bizet: Carmen-Toreador song - Laurent Naouri,,348,,,,,,missing,,not_found,,,,,,,
2509,CNGYCIax1jA,https://music.youtube.com/watch?v=CNGYCIax1jA,Eiro Nareth,Rammstein Medley,Eiro Nareth,Rammstein Medley,"Acoustic Covers, Vol. 1",407,,,,,,missing,,not_found,,,,,,,
2510,anKmU1J0l9g,https://music.youtube.com/watch?v=anKmU1J0l9g,The best voice in the world. Dimash Kudaibergenov,Opera 2 (2017),NoniShow,The best voice in the world. Dimash Kudaibergenov - Opera 2 (2017),,250,,,,,,missing,,not_found,,,,,,,
2511,h7qEzGMLE3g,https://music.youtube.com/watch?v=h7qEzGMLE3g,Mudvayne,"Mercy, Severity (Studio Vocals...mostly)",Slaytounge,"Mudvayne - Mercy, Severity (Studio Vocals...mostly)",,294,,,,,,missing,,manual_reject_broader,,,,,,,
2513,3wsW1E55eV8,https://music.youtube.com/watch?v=3wsW1E55eV8,System Of A Down,Suggestions live【Reading Festival | 60fps】,ObeyYourSysteM,System Of A Down - Suggestions live【Reading Festival | 60fps】,,220,,,,,,missing,,not_found,,,,,,,
2514,SZlRX03BzeA,https://music.youtube.com/watch?v=SZlRX03BzeA,The Police,King Of Pain,The Police,King Of Pain,Synchronicity (Remastered 2003),300,D,major,123,4/4,3d,matched,0.9904,,GetSongBPM,7LBw,King of Pain,The Police,https://getsongbpm.com/song/king-of-pain/7LBw,54,42
2519,PYXUV4Ed-Bs,https://music.youtube.com/watch?v=PYXUV4Ed-Bs,Mudvayne,"Pharmaecopia (Live - Bass ""Emphasized"")",Slaytounge,"Mudvayne - Pharmaecopia (Live - Bass ""Emphasized"")",,318,,,,,,missing,,not_found,,,,,,,
2521,NkkyZjNN8XI,https://music.youtube.com/watch?v=NkkyZjNN8XI,Mudvayne,Not Falling (Live Rock Am Ring 2005),Death Metal Ao Extremo,Mudvayne - Not Falling (Live Rock Am Ring 2005),,282,,,,,,missing,,not_found,,,,,,,
2524,wQgyZToVsto,https://music.youtube.com/watch?v=wQgyZToVsto,Mudvayne,Prod and Death Blooms,Erik Sánchez Nuñez,Mudvayne - Prod and Death Blooms,,646,,,,,,missing,,not_found,,,,,,,
2527,A239nkeBM1k,https://music.youtube.com/watch?v=A239nkeBM1k,Dying Fetus,Your Treachery Will Die with You,Dying Fetus,Your Treachery Will Die with You,Descend into Depravity (Deluxe Version),215,D,major,118,4/4,3d,matched,0.9904,,GetSongBPM,mw2KWA,Your Treachery Will Die With You,Dying Fetus,https://getsongbpm.com/song/your-treachery-will-die-with-you/mw2KWA,35,1
2528,EOvAy3evU3k,https://music.youtube.com/watch?v=EOvAy3evU3k,Mudvayne,Death Blooms Live,ejatt,Mudvayne - Death Blooms Live,,293,,,,,,missing,,not_found,,,,,,,
2529,DMYRXBsIOxs,https://music.youtube.com/watch?v=DMYRXBsIOxs,The Doors,Love Me Two Times,The Doors,Love Me Two Times,"Alive, She Cried",197,A,major,136,4/4,4d,matched,0.9437,,GetSongBPM,N9oXyD,Love Me Two Times,The Doors,https://getsongbpm.com/song/love-me-two-times/N9oXyD,69,34
2530,3XNsBpH5VwM,https://music.youtube.com/watch?v=3XNsBpH5VwM,Bill Wurtz,And the Day Goes On,Bill Wurtz,And the Day Goes On,And the Day Goes On,131,F#,major,116,,,manual_entry,1.0000,,manual,,,,,,
2533,VGj7nmUy4PY,https://music.youtube.com/watch?v=VGj7nmUy4PY,Hayaino Daisuki,Invincible Gate Mind EP (2010) Full Album HQ (Thrash/Melodic/Grind),"Death, Gore & Grindcore",Hayaino Daisuki - Invincible Gate Mind EP (2010) Full Album HQ (Thrash/Melodic/Grind),,740,,,,,,missing,,not_found,,,,,,,
2535,A3uhsPEPfrk,https://music.youtube.com/watch?v=A3uhsPEPfrk,Estas Tonne,Internal Flight @ 432 Hz,Andrej Šunko,Estas Tonne - Internal Flight @ 432 Hz,,3831,,,,,,missing,,manual_reject_broader,,,,,,,
2537,UKS0Xm-WpZA,https://music.youtube.com/watch?v=UKS0Xm-WpZA,Alexandr Misko,Treasured Memory,Alexandr Misko,Treasured Memory,Beyond the Box,260,F,major,160,4/4,12d,matched,1.0000,,GetSongBPM,MZk0mR,Treasured Memory,Alexandr Misko,https://getsongbpm.com/song/treasured-memory/MZk0mR,34,84
2542,iOH7TfNlMzs,https://music.youtube.com/watch?v=iOH7TfNlMzs,Mudvaynefan968,Nothing To Gein [Rock Am Ring 2001],Mudvaynefan968,MuDvAyNe - Nothing To Gein [Rock Am Ring 2001],,450,,,,,,missing,,not_found,,,,,,,
2543,ZQlOdkCkNgI,https://music.youtube.com/watch?v=ZQlOdkCkNgI,Rammstein,Links 2 3 4 (Live),Rammstein,Links 2 3 4 (Live),Paris (Live),303,,,,,,missing,,not_found,,,,,,,
2544,-cyqPSE_83k,https://music.youtube.com/watch?v=-cyqPSE_83k,HELLYEAH,Hush,HELLYEAH,Hush,Blood For Blood,234,A,minor,93,4/4,1m,matched,1.0000,,GetSongBPM,VAogmW,Hush,Hellyeah,https://getsongbpm.com/song/hush/VAogmW,56,3
2546,x-1e32tfbeQ,https://music.youtube.com/watch?v=x-1e32tfbeQ,Mudvayne,Forget to Remember (From Saw II - Original Soundtrack),Mudvayne,Forget to Remember (From Saw II - Original Soundtrack),Lost and Found,216,G#,major,188,4/4,9d,manual_accept_broader,0.9232,,GetSongBPM,6ZlPl,Forget To Remember,Mudvayne,https://getsongbpm.com/song/forget-to-remember/6ZlPl,46,1
2547,60t8A0n5uQQ,https://music.youtube.com/watch?v=60t8A0n5uQQ,Steve Ibsen,The Kitty Cat Dance,Steve Ibsen,The Kitty Cat Dance,The Kitty Cat Dance,84,A,major,140,,,manual_entry,1.0000,,manual,,,,,,
2551,1RW4HBRmY1s,https://music.youtube.com/watch?v=1RW4HBRmY1s,Alex Terrible,Barbie Girl METAL VERSION,Alex Terrible,ALEX TERRIBLE Aqua - Barbie Girl METAL VERSION,,229,,,,,,missing,,not_found,,,,,,,
2552,rjvImL06_1k,https://music.youtube.com/watch?v=rjvImL06_1k,Остров в океане ане ане,ПРОРОК САН БОЙ (MemMusic #12),Mem Music,Остров в океане ане ане - ПРОРОК САН БОЙ (MemMusic #12),,294,,,,,,missing,,not_found,,,,,,,
2553,ojPbD3BIM9E,https://music.youtube.com/watch?v=ojPbD3BIM9E,Mudvayne,Pharmaecopia Live [w/ Lyrics],benz1n,Mudvayne - Pharmaecopia Live [w/ Lyrics],,334,,,,,,missing,,not_found,,,,,,,
2554,zwQQZPo3k_s,https://music.youtube.com/watch?v=zwQQZPo3k_s,Mudvayne,Severed Live [w/ Lyrics],benz1n,Mudvayne -  Severed Live [w/ Lyrics],,342,,,,,,missing,,not_found,,,,,,,
2555,O2ZL2NPzWzQ,https://music.youtube.com/watch?v=O2ZL2NPzWzQ,Mudvayne,Nothing To Gein Live Ozzfest 2001!,Mudshadow8,Mudvayne - Nothing To Gein Live Ozzfest 2001!,,403,,,,,,missing,,not_found,,,,,,,
2558,87tXE1N_f8o,https://music.youtube.com/watch?v=87tXE1N_f8o,Audiotopsy,LYLAB,Audiotopsy,LYLAB,Natural Causes,259,D,major,162,4/4,3d,matched,1.0000,,GetSongBPM,x6xXlr,LYLAB,Audiotopsy,https://getsongbpm.com/song/lylab/x6xXlr,38,1
2562,m4QZL7whs10,https://music.youtube.com/watch?v=m4QZL7whs10,Whitney Houston,I Will Always Love You,Whitney Houston,I Will Always Love You,Whitney The Greatest Hits,264,E,major,68,,,manual_entry,1.0000,,manual,,,,,,
2563,Y0pdQU87dc8,https://music.youtube.com/watch?v=Y0pdQU87dc8,Bryan Adams,(Everything I Do) I Do It For You,Bryan Adams,Bryan Adams - (Everything I Do) I Do It For You,,393,C#,major,66,4/4,8d,manual_accept,1.0000,,GetSongBPM,n53VP,(Everything I Do) I Do It for You,Bryan Adams,https://getsongbpm.com/song/everything-i-do-i-do-it-for-you/n53VP,52,9
2565,DVB3upn54AY,https://music.youtube.com/watch?v=DVB3upn54AY,Rage Against The Machine,Testify,Rage Against The Machine,Testify,The Battle Of Los Angeles,211,G,major,117,4/4,2d,matched,1.0000,,GetSongBPM,mw0n9,Testify,Rage Against the Machine,https://getsongbpm.com/song/testify/mw0n9,47,3
2566,B67jwszx2J0,https://music.youtube.com/watch?v=B67jwszx2J0,Dope,1999,Dope,1999,Blood Money,223,C#,minor,169,4/4,5m,matched,1.0000,,GetSongBPM,lR40N7,1999,Dope,https://getsongbpm.com/song/1999/lR40N7,44,1
2569,Fud3i1XNpDU,https://music.youtube.com/watch?v=Fud3i1XNpDU,Kurai,Breaking the Broken,Kurai,Breaking the Broken,Breaking the Broken,292,,,,,,missing,,manual_reject_broader,,,,,,,
2570,e7fa6snnX8s,https://music.youtube.com/watch?v=e7fa6snnX8s,HELLYEAH,Human,HELLYEAH,Human,UNDEN!ABLE,214,C,minor,135,4/4,10m,matched,1.0000,,GetSongBPM,LZR4Rr,Human,Hellyeah,https://getsongbpm.com/song/human/LZR4Rr,51,1
2578,HxBNiUOOaMI,https://music.youtube.com/watch?v=HxBNiUOOaMI,Lana Del Rey,Young And Beautiful (DH Orchestral Version),Lana Del Rey,Young And Beautiful (DH Orchestral Version),Music From Baz Luhrmann's Film The Great Gatsby (International Streaming Version),232,B,minor,114,,,manual_entry,1.0000,,manual,,,,,,
2579,w00v2zVkX9g,https://music.youtube.com/watch?v=w00v2zVkX9g,System Of A Down,B.Y.O.B. live (HD/DVD Quality),ObeyYourSysteM,System Of A Down - B.Y.O.B. live (HD/DVD Quality),,255,,,,,,missing,,not_found,,,,,,,
2580,gGh9vQOQoJ4,https://music.youtube.com/watch?v=gGh9vQOQoJ4,Cloud 9+,Hide the Pain,Cloud 9+,Hide the Pain,Mixtape,206,,,,,,missing,,manual_reject_broader,,,,,,,
2587,diLV_LkZK8w,https://music.youtube.com/watch?v=diLV_LkZK8w,Enjoykin,Полковник,Enjoykin,Enjoykin - Полковник,,118,,,,,,missing,,not_found,,,,,,,
2588,3DGdtKWLNaA,https://music.youtube.com/watch?v=3DGdtKWLNaA,Breaking Benjamin,Red Cold River,Breaking Benjamin,Red Cold River,Ember,201,D#,minor,91,4/4,7m,matched,1.0000,,GetSongBPM,83jljW,Red Cold River,Breaking Benjamin,https://getsongbpm.com/song/red-cold-river/83jljW,38,1
2591,x6LXp9uWQUk,https://music.youtube.com/watch?v=x6LXp9uWQUk,MetallicA & Ozzy,Iron Man & Paranoid (RnR Hall of Fame '09),metallivideo,MetallicA & Ozzy - Iron Man & Paranoid (RnR Hall of Fame '09),,316,,,,,,missing,,manual_reject_broader,,,,,,,
2592,cslkGvmOFPg,https://music.youtube.com/watch?v=cslkGvmOFPg,Eiro Nareth,Interstellar Theme,Eiro Nareth,Interstellar Theme,"Acoustic Covers, Vol. 2",329,,,,,,missing,,not_found,,,,,,,
2593,c5End86ZGiA,https://music.youtube.com/watch?v=c5End86ZGiA,Release,Big Enough Screaming Cowboy Meme (8 Bit Version),Release - Topic,Big Enough Screaming Cowboy Meme (8 Bit Version),8 Bit Bounty,121,,,,,,missing,,not_found,,,,,,,
2598,TTKcCni5G4M,https://music.youtube.com/watch?v=TTKcCni5G4M,Asking Alexandria,The Black,Asking Alexandria,The Black,The Black,282,B,minor,96,4/4,3m,matched,1.0000,,GetSongBPM,BrXorX,The Black,Asking Alexandria,https://getsongbpm.com/song/the-black/BrXorX,42,1
2600,vxjAe9OUw9M,https://music.youtube.com/watch?v=vxjAe9OUw9M,Coal Chamber,Fiend,Coal Chamber,Fiend,Dark Days,181,B,minor,139,4/4,3m,matched,1.0000,,GetSongBPM,91loP,Fiend,Coal Chamber,https://getsongbpm.com/song/fiend/91loP,53,3
2602,QfQJOcdpGZQ,https://music.youtube.com/watch?v=QfQJOcdpGZQ,Epic Rap Battles of History,Rasputin vs Stalin,Epic Rap Battles of History,Rasputin vs Stalin,Rasputin vs Stalin,266,,,,,,missing,,not_found,,,,,,,
2606,4Z9ZHcyCpxM,https://music.youtube.com/watch?v=4Z9ZHcyCpxM,Peter Gabriel,Shock The Monkey,Peter Gabriel,Shock The Monkey,Peter Gabriel 4: Security,329,D,minor,152,4/4,12m,matched,0.9904,,GetSongBPM,1jPgj,Shock the Monkey,Peter Gabriel,https://getsongbpm.com/song/shock-the-monkey/1jPgj,56,15
2608,bc7JCxUlHOU,https://music.youtube.com/watch?v=bc7JCxUlHOU,Alexandr Misko,Linkin Park - Numb (Old) (Alex Misko),Alexandr Misko,Linkin Park - Numb (Old) (Alex Misko),,183,,,,,,missing,,not_found,,,,,,,
2609,Jx4okVd3K14,https://music.youtube.com/watch?v=Jx4okVd3K14,Alexandr Misko,Billie Jean,Alexandr Misko,Billie Jean,,234,B,minor,120,4/4,3m,matched,1.0000,,GetSongBPM,OgmQoQ,Billie Jean,Alexandr Misko,https://getsongbpm.com/song/billie-jean/OgmQoQ,76,57
2610,F1V3Pt7aFnI,https://music.youtube.com/watch?v=F1V3Pt7aFnI,Alexandr Misko,Guitar + Pen Tapping Song,Alexandr Misko,Guitar + Pen Tapping Song,,146,A,minor,167,4/4,1m,matched,1.0000,,GetSongBPM,r2jKNW,Guitar + Pen Tapping Song,Alexandr Misko,https://getsongbpm.com/song/guitar-plus-pen-tapping-song/r2jKNW,50,37
2613,u9KR6liceOM,https://music.youtube.com/watch?v=u9KR6liceOM,Mudvayne,Not Falling,Mudvayne,Not Falling,The End Of All Things To Come,244,G#,major,129,4/4,9d,matched,1.0000,,GetSongBPM,D8yln,Not Falling,Mudvayne,https://getsongbpm.com/song/not-falling/D8yln,44,1
2614,gYED_UYMaXQ,https://music.youtube.com/watch?v=gYED_UYMaXQ,Mudvayne,Happy?,Mudvayne,Happy?,Lost and Found,217,F,minor,100,4/4,9m,matched,1.0000,,GetSongBPM,1ROKP,Happy?,Mudvayne,https://getsongbpm.com/song/happyquestion/1ROKP,55,1
2615,oLF4B6R76vo,https://music.youtube.com/watch?v=oLF4B6R76vo,Ghost,SECULAR HAZE,Ghost,SECULAR HAZE,Infestissumam,312,A#,major,199,3/4,11d,matched,1.0000,,GetSongBPM,6RnPWR,Secular Haze,Ghost,https://getsongbpm.com/song/secular-haze/6RnPWR,30,1
2618,BsUoOhm2_N4,https://music.youtube.com/watch?v=BsUoOhm2_N4,E.Grieg,"Peer Gynt. Anitra's Dance . Suite No. 1, Op. 46. piano (Synthesia)",Lana Banana,"E.Grieg - Peer Gynt. Anitra's Dance . Suite No. 1, Op. 46. piano (Synthesia)",,214,,,,,,missing,,not_found,,,,,,,
2619,ElZ2P8Xdr7c,https://music.youtube.com/watch?v=ElZ2P8Xdr7c,RAMMELHOF,Wladimir (Put Put Putin),RAMMELHOF,Wladimir (Put Put Putin),Die ganze Welt ist ein RAMMELHOF,223,D,minor,164,4/4,,matched,1.0000,,GetSongBPM,Rl8P5L,Wladimir (Put Put Putin),Rammelhof,https://getsongbpm.com/song/wladimir-put-put-putin/Rl8P5L,74,10
2625,MBIGMh1yg5U,https://music.youtube.com/watch?v=MBIGMh1yg5U,Feign,Dig (feat. Anthony Alexander),Feign,Dig (feat. Anthony Alexander),Dig (feat. Anthony Alexander),170,,,,,,missing,,not_found,,,,,,,
2626,d4fsMPCv18I,https://music.youtube.com/watch?v=d4fsMPCv18I,GREEN DAY,BOULEVARD OF BROKEN DREAMS - SHITTYFLUTED,shittyflute,GREEN DAY - BOULEVARD OF BROKEN DREAMS - SHITTYFLUTED,,263,,,,,,missing,,not_found,,,,,,,
2627,mrRf9gsHzJM,https://music.youtube.com/watch?v=mrRf9gsHzJM,Егор Летов,Всё идёт по плану (2021 Remastered Version),Егор Летов,Всё идёт по плану (2021 Remastered Version),Концерт в городе-герое Ленинграде (2021 Remastered Version),196,,,,,,missing,,not_found,,,,,,,
2628,qv6jWWG3Ijw,https://music.youtube.com/watch?v=qv6jWWG3Ijw,Srod Almenara,Game Of Thrones,Srod Almenara,Game Of Thrones,Game Of Thrones,193,,,,,,missing,,manual_reject_broader,,,,,,,
2629,w4uprzkSXfc,https://music.youtube.com/watch?v=w4uprzkSXfc,2CELLOS,Thunderstruck,2CELLOS,Thunderstruck,Celloverse,221,D,major,157,4/4,3d,matched,1.0000,,GetSongBPM,VAXD11,Thunderstruck,2CELLOS,https://getsongbpm.com/song/thunderstruck/VAXD11,52,9
2630,mmJim2h-byQ,https://music.youtube.com/watch?v=mmJim2h-byQ,J. S. Bach,Toccata in D Minor - Konstandinos Boudounis - Solo Cello - live,Dimitrios Doulias,J. S. Bach - Toccata in D Minor - Konstandinos Boudounis - Solo Cello - live,,321,,,,,,missing,,manual_reject_broader,,,,,,,
2631,RSI_ZPdpuSM,https://music.youtube.com/watch?v=RSI_ZPdpuSM,RADIO TAPOK,20 голосов | Русский рок | Пародии,RADIO TAPOK,RADIO TAPOK - 20 голосов | Русский рок | Пародии,,403,,,,,,missing,,not_found,,,,,,,
2635,aIcdj4UH9u0,https://music.youtube.com/watch?v=aIcdj4UH9u0,QUEEN,BOHEMIAN RHAPSODY - SHITTYFLUTED,shittyflute,QUEEN - BOHEMIAN RHAPSODY - SHITTYFLUTED,,357,,,,,,missing,,manual_reject_broader,,,,,,,
2638,8ay_BkRuv-o,https://music.youtube.com/watch?v=8ay_BkRuv-o,Smash Mouth,All Star,Smash Mouth,All Star,Astro Lounge,201,F#,major,103,4/4,7d,matched,1.0000,,GetSongBPM,vVg,All Star,Smash Mouth,https://getsongbpm.com/song/all-star/vVg,74,4
2639,7U7FizJjvD8,https://music.youtube.com/watch?v=7U7FizJjvD8,Totality,Death Metal Friday,Totality,Death Metal Friday,Death Metal Friday,208,,,,,,missing,,not_found,,,,,,,
2640,xsm1Nd83rtY,https://music.youtube.com/watch?v=xsm1Nd83rtY,Pirates of the Caribbean,He ́s a pirate (organ) / Fluch der Karibik OST (Orgel),Ben das Brot,Pirates of the Caribbean - He´s a pirate (organ) / Fluch der Karibik OST (Orgel),,403,,,,,,missing,,not_found,,,,,,,
2641,Qu0dIn3_2Zc,https://music.youtube.com/watch?v=Qu0dIn3_2Zc,Remy Zero,Save Me,Remy Zero,Save Me,The Golden Hum,240,F#,major,96,4/4,7d,matched,1.0000,,GetSongBPM,P77gl,Save Me,Remy Zero,https://getsongbpm.com/song/save-me/P77gl,43,1
2645,LtQUJMBH8uE,https://music.youtube.com/watch?v=LtQUJMBH8uE,Leo Moracchioli,Hello (feat. Pete Cottrell),Leo Moracchioli,Hello (feat. Pete Cottrell),,363,G#,major,95,4/4,9d,matched,1.0000,,GetSongBPM,lRm9qJ,Hello,Leo Moracchioli,https://getsongbpm.com/song/hello/lRm9qJ,65,2
2646,OMtq6JzREcA,https://music.youtube.com/watch?v=OMtq6JzREcA,System Of A Down,B.Y.O.B.,System Of A Down,B.Y.O.B.,Mezmerize,256,C#,minor,206,4/4,5m,matched,1.0000,,GetSongBPM,o3kWA,B.Y.O.B.,System of a Down,https://getsongbpm.com/song/bpointypointopointbpoint/o3kWA,56,1
2647,TJfGoA6BP7I,https://music.youtube.com/watch?v=TJfGoA6BP7I,Rob Scallon,Psychosocial (feat. Leo Moracchioli),Rob Scallon,Psychosocial (feat. Leo Moracchioli),Psychosocial,253,,,,,,missing,,manual_reject_broader,,,,,,,
2648,lKwIvzFX5ck,https://music.youtube.com/watch?v=lKwIvzFX5ck,Bots,Sieben Tage Lang,Bots,Sieben Tage Lang,Aufstehn,299,A,minor,122,,,manual_entry,1.0000,,manual,,,,,,
2649,iCKYetNYR2M,https://music.youtube.com/watch?v=iCKYetNYR2M,Powerwolf,We Drink Your Blood,Powerwolf,We Drink Your Blood,Blood of the Saints,223,C#,minor,112,4/4,5m,matched,1.0000,,GetSongBPM,KOMA88,We Drink Your Blood,Powerwolf,https://getsongbpm.com/song/we-drink-your-blood/KOMA88,35,1
2652,vfI-Zb5oWzM,https://music.youtube.com/watch?v=vfI-Zb5oWzM,Grissini Project,Main Theme (From ''Game of Thrones''),Grissini Project,Main Theme (From ''Game of Thrones''),Main Theme (From ''Game of Thrones''),203,F,minor,171,,,manual_entry,1.0000,,manual,,,,,,
2654,1mDT51Cb31A,https://music.youtube.com/watch?v=1mDT51Cb31A,Okilly Dokilly,White Wine Spritzer,Okilly Dokilly,White Wine Spritzer,Howdilly Doodilly,191,,,,,,missing,,not_found,,,,,,,
2655,ihOxsYme6pk,https://music.youtube.com/watch?v=ihOxsYme6pk,Би-2,Полковнику никто не пишет,Би-2,Полковнику никто не пишет,Би-2,293,,,,,,missing,,manual_reject,,,,,,,
2656,pLI54N-NOEs,https://music.youtube.com/watch?v=pLI54N-NOEs,Би-2,Варвара,Би-2,Варвара,Би-2,302,,,,,,missing,,manual_reject,,,,,,,
2657,lqoCZ5k45A8,https://music.youtube.com/watch?v=lqoCZ5k45A8,PHARAOH,Фосфор,PHARAOH,Фосфор,PHOSPHOR,159,B,major,179,4/4,6d,matched,1.0000,,GetSongBPM,oZxQrL,Фосфор,Pharaoh,https://getsongbpm.com/song/fosfor/oZxQrL,45,15
2658,C48NTipyBXc,https://music.youtube.com/watch?v=C48NTipyBXc,Korol i Shut,Танец злобного гения,Korol i Shut,Танец злобного гения,,264,,,,,,missing,,not_found,,,,,,,
2663,rOYhNTtjyW8,https://music.youtube.com/watch?v=rOYhNTtjyW8,Grissini Project,No Time for Caution (From “Interstellar”),Grissini Project,No Time for Caution (From “Interstellar”),"Grissini Project : Musique de jeux vidéos, animés et films",214,,,,,,missing,,not_found,,,,,,,
2664,Kdd4_DXNb-s,https://music.youtube.com/watch?v=Kdd4_DXNb-s,Eddie van der Meer,Davy Jones Theme,Eddie van der Meer,Davy Jones Theme,Cover Songs #6,89,,,,,,missing,,not_found,,,,,,,
2665,yZGBxiNPu3k,https://music.youtube.com/watch?v=yZGBxiNPu3k,Patrik Pietschmann,Game of Thrones Main Theme,Patrik Pietschmann,Game of Thrones Main Theme,,173,,,,,,missing,,not_found,,,,,,,
2669,F46r-_jPPHY,https://music.youtube.com/watch?v=F46r-_jPPHY,System Of A Down,War? (Official HD Video),System Of A Down,War? (Official HD Video),,193,,,,,,missing,,not_found,,,,,,,
2670,Dspmds_7mlI,https://music.youtube.com/watch?v=Dspmds_7mlI,Patrik Pietschmann,Hans Zimmer - Inception - Time (Piano Version) + Sheet Music,Patrik Pietschmann,Hans Zimmer - Inception - Time (Piano Version) + Sheet Music,,250,,,,,,missing,,not_found,,,,,,,
2671,0VpeZ6wTe08,https://music.youtube.com/watch?v=0VpeZ6wTe08,Grissini Project,Davy Jones's Theme (From ''Pirates of the Caribbean''),Grissini Project,Davy Jones's Theme (From ''Pirates of the Caribbean''),Davy Jones's Theme (From ''Pirates of the Caribbean''),220,,,,,,missing,,not_found,,,,,,,
2672,K5T0WWB_Dv0,https://music.youtube.com/watch?v=K5T0WWB_Dv0,Uriël,Interstellar Main Theme,Uriël,Interstellar Main Theme,"Musical History in Piano, Vol. 5",281,,,,,,missing,,not_found,,,,,,,
2674,_Btn5KloZng,https://music.youtube.com/watch?v=_Btn5KloZng,THE DOORS,De La Fokoff Selection,De La Fokoff Selection,THE DOORS - De La Fokoff Selection,,4019,,,,,,missing,,manual_reject_broader,,,,,,,
2676,F2CfL0L2-20,https://music.youtube.com/watch?v=F2CfL0L2-20,Ghost,"Ritual ""live"" Lollapalooza Chile 2016.",Sunraven Ghoul,"Ghost - Ritual ""live"" Lollapalooza Chile 2016.(HD)",,278,,,,,,missing,,not_found,,,,,,,
2679,VrUIiA4Au3g,https://music.youtube.com/watch?v=VrUIiA4Au3g,Gridscape,"Jacked-In - Album Previews (Release Date: April 3, 2017)",Gridscape,"Gridscape - Jacked-In - Album Previews (Release Date: April 3, 2017)",,708,,,,,,missing,,not_found,,,,,,,
2680,R4C3JsanB08,https://music.youtube.com/watch?v=R4C3JsanB08,Stellamara,Kyrie Eleison,Stellamara,Kyrie Eleison,The Seven Valleys,344,B,minor,138,5/4,3m,matched,1.0000,,GetSongBPM,mZNAq0,Kyrie Eleison,Stellamara,https://getsongbpm.com/song/kyrie-eleison/mZNAq0,17,97
2681,a48_Q1b0nas,https://music.youtube.com/watch?v=a48_Q1b0nas,Metal Guitar Stuff / Tore Fagerheim,Ultimate Metal / Metalcore Gaming Music Compilation // NO VOCALS // Playlist,Metal Guitar Stuff / Tore Fagerheim,Ultimate Metal / Metalcore Gaming Music Compilation // NO VOCALS // Playlist,,4067,,,,,,missing,,not_found,,,,,,,
2686,54wE05XxVww,https://music.youtube.com/watch?v=54wE05XxVww,Pentatonix,Bohemian Rhapsody,Pentatonix,Bohemian Rhapsody,Bohemian Rhapsody,356,,,,,,missing,,not_found,,,,,,,
2689,Ddn4MGaS3N4,https://music.youtube.com/watch?v=Ddn4MGaS3N4,Andy McKee,Guitar - Drifting - www.candyrat.com,Andy McKee,Andy McKee - Guitar - Drifting - www.candyrat.com,,199,,,,,,missing,,not_found,,,,,,,
2690,O8u61dQut1E,https://music.youtube.com/watch?v=O8u61dQut1E,RADIO TAPOK,Numb,RADIO TAPOK,Numb,,208,,,,,,missing,,manual_reject_broader,,,,,,,
2695,9IpBSkiuub0,https://music.youtube.com/watch?v=9IpBSkiuub0,Rammstein,Wollt ihr das Bett in Flammen Sehen (Live),Rammstein,Wollt ihr das Bett in Flammen Sehen (Live),Paris (Live),307,G,major,130,,,manual_entry,1.0000,,manual,,,,,,
2697,lYBUbBu4W08,https://music.youtube.com/watch?v=lYBUbBu4W08,Rick Astley,Never Gonna Give You Up,Rick Astley,Never Gonna Give You Up,Whenever You Need Somebody,214,A#,minor,112,4/4,8m,matched,1.0000,,GetSongBPM,qZPp7,Never Gonna Give You Up,Rick Astley,https://getsongbpm.com/song/never-gonna-give-you-up/qZPp7,73,14
2699,O_ItSLCZWb0,https://music.youtube.com/watch?v=O_ItSLCZWb0,Disturbed,The Vengeful One,Disturbed,The Vengeful One,Immortalized (Deluxe Edition),253,E,minor,170,4/4,2m,matched,0.9904,,GetSongBPM,oZ2gPN,The Vengeful One,Disturbed,https://getsongbpm.com/song/the-vengeful-one/oZ2gPN,24,1
2700,-XlW-cyAdiw,https://music.youtube.com/watch?v=-XlW-cyAdiw,Slipknot,Psychosocial,Slipknot,Psychosocial,All Hope Is Gone,284,A,major,140,4/4,4d,matched,1.0000,,GetSongBPM,QWoxgM,Psychosocial,Slipknot,https://getsongbpm.com/song/psychosocial/QWoxgM,58,1
2701,ifY-5UZRamU,https://music.youtube.com/watch?v=ifY-5UZRamU,Smash Mouth,Shooting All Star,Grandayy,Smash Mouth - Shooting All Star,,139,,,,,,missing,,not_found,,,,,,,
2702,xQm8Ssh4ynQ,https://music.youtube.com/watch?v=xQm8Ssh4ynQ,Ghost,"He Is (Live ""Grammis 2016"")",TheSweMusicMan,"Ghost - He Is  (Live ""Grammis 2016"")",,252,,,,,,missing,,not_found,,,,,,,
2703,JRo4iWjCHcs,https://music.youtube.com/watch?v=JRo4iWjCHcs,Anthony Vincent,Chop Suey (In the style of Ghost),Anthony Vincent,Chop Suey (In the style of Ghost),Chop Suey (In the style of Ghost),275,,,,,,missing,,not_found,,,,,,,
2705,aFIwUqEiEnw,https://music.youtube.com/watch?v=aFIwUqEiEnw,Marilyn Manson,The Beautiful People,Marilyn Manson,The Beautiful People,Antichrist Superstar,219,A,major,144,4/4,4d,matched,1.0000,,GetSongBPM,yrJNzz,The Beautiful People,Marilyn Manson,https://getsongbpm.com/song/the-beautiful-people/yrJNzz,63,1
2706,yGI2efVvLrw,https://music.youtube.com/watch?v=yGI2efVvLrw,Anthony Vincent,In The End,Anthony Vincent,In The End,In The End,237,,,,,,missing,,not_found,,,,,,,
2707,L451uSkE_1Q,https://music.youtube.com/watch?v=L451uSkE_1Q,Anthony Vincent,Chop Suey in 20 Styles,Anthony Vincent,Chop Suey in 20 Styles,Songs in 20 Styles or More,281,,,,,,missing,,not_found,,,,,,,
2708,yeTUjKUVYhM,https://music.youtube.com/watch?v=yeTUjKUVYhM,Clhmes,EUFORIA,Clhmes,EUFORIA,TUTTO HA UN ALTRO SIGNIFICATO (completo),211,,,,,,missing,,not_found,,,,,,,
2709,NefPxlL5o8g,https://music.youtube.com/watch?v=NefPxlL5o8g,Marilyn Manson,This Is The New Shit,Marilyn Manson,This Is The New Shit,This Is The New Shit,261,D,major,178,4/4,3d,matched,0.9323,,GetSongBPM,mEL2G,This Is the New Shit,Marilyn Manson,https://getsongbpm.com/song/this-is-the-new-shit/mEL2G,58,1
2710,7Vd1F12wjOc,https://music.youtube.com/watch?v=7Vd1F12wjOc,Marilyn Manson,Personal Jesus,Marilyn Manson,Personal Jesus,Personal Jesus,247,E,minor,130,,,manual_entry,1.0000,,manual,,,,,,
2711,N8ORTiDU7Ss,https://music.youtube.com/watch?v=N8ORTiDU7Ss,Epic Celtic Music-Benevolent Wolf Pack,March to War,Logan Epic Canto,Epic Celtic Music-Benevolent Wolf Pack - March to War,,154,,,,,,missing,,not_found,,,,,,,
2712,pak09eBXAO8,https://music.youtube.com/watch?v=pak09eBXAO8,Mark Fowler,Numb,Mark Fowler,Numb,The Essential Collection - Volume 2,178,,,,,,missing,,not_found,,,,,,,
2713,jUDJCZ4HplI,https://music.youtube.com/watch?v=jUDJCZ4HplI,Sungha Jung,Pirates of the Caribbean,Sungha Jung,Pirates of the Caribbean,Sungha Jung Cover Compilation 4,82,,,,,,missing,,not_found,,,,,,,
2714,Hf-hck8vQZU,https://music.youtube.com/watch?v=Hf-hck8vQZU,Miguel Carvena; Antonio Vivaldi,Summer,Miguel Carvena; Antonio Vivaldi,Summer,The Four Seasons,152,G,minor,155,,,manual_entry,1.0000,,manual,,,,,,
2715,BLZWkjBXfN8,https://music.youtube.com/watch?v=BLZWkjBXfN8,Linkin Park,In the End,Linkin Park,In the End,Hybrid Theory (Bonus Edition),217,D#,minor,102,4/4,7m,matched,0.9904,,GetSongBPM,VPqqMz,In the End,Linkin Park,https://getsongbpm.com/song/in-the-end/VPqqMz,55,2
2717,EDNZ2zubuKg,https://music.youtube.com/watch?v=EDNZ2zubuKg,Skillet,Hero,Skillet,Hero,Awake,187,C#,major,144,4/4,8d,matched,1.0000,,GetSongBPM,Bg8nKW,Hero,Skillet,https://getsongbpm.com/song/hero/Bg8nKW,54,1
2719,e-2251_at-k,https://music.youtube.com/watch?v=e-2251_at-k,System Of A Down,Aerials,System Of A Down,Aerials,Toxicity,236,C,minor,200,,10m,matched,0.9304,,GetSongBPM,ZpzKw,Aerials / Arto,System of a Down,https://getsongbpm.com/song/aerials-arto/ZpzKw,,
2720,pm3sP0n7F-M,https://music.youtube.com/watch?v=pm3sP0n7F-M,Depeche Mode,Personal Jesus,Depeche Mode,Personal Jesus,Violator (Deluxe),296,F#,minor,129,4/4,4m,matched,0.9904,,GetSongBPM,zpDv8,Personal Jesus,Depeche Mode,https://getsongbpm.com/song/personal-jesus/zpDv8,64,2
2721,P6ESEvXiMPw,https://music.youtube.com/watch?v=P6ESEvXiMPw,We Are Number One but it's Darude,Sandstorm,Grandayy,We Are Number One but it's Darude - Sandstorm,,200,,,,,,missing,,manual_reject_broader,,,,,,,
2723,3rS6mZUo3fg,https://music.youtube.com/watch?v=3rS6mZUo3fg,nirvana,rape me,Martin Flaa,nirvana - rape me,,171,G#,major,112,4/4,9d,matched,1.0000,,GetSongBPM,JyQDVD,Rape Me,Nirvana,https://getsongbpm.com/song/rape-me/JyQDVD,42,3
2724,ljUtuoFt-8c,https://music.youtube.com/watch?v=ljUtuoFt-8c,Nirvana,Smells Like Teen Spirit,Nirvana,Smells Like Teen Spirit,Nevermind,302,F,minor,117,4/4,9m,matched,1.0000,,GetSongBPM,rkjj4,Smells Like Teen Spirit,Nirvana,https://getsongbpm.com/song/smells-like-teen-spirit/rkjj4,52,1
2728,mUEsqQpact0,https://music.youtube.com/watch?v=mUEsqQpact0,System Of A Down,Toxicity,System Of A Down,Toxicity,Toxicity,219,C,minor,112,3/4,10m,matched,1.0000,,GetSongBPM,XnrG5,Toxicity,System of a Down,https://getsongbpm.com/song/toxicity/XnrG5,42,1
2732,o1hSSuc42P8,https://music.youtube.com/watch?v=o1hSSuc42P8,Motörhead,God Was Never on Your Side,Motörhead,God Was Never on Your Side,Kiss of Death,262,D#,minor,175,4/4,7m,matched,1.0000,,GetSongBPM,M8NrZ1,God Was Never on Your Side,Motörhead,https://getsongbpm.com/song/god-was-never-on-your-side/M8NrZ1,30,17
2734,GqWYJT-iMTw,https://music.youtube.com/watch?v=GqWYJT-iMTw,Justin Bieber,Baby (feat. Ludacris),Justin Bieber,Baby (feat. Ludacris),My World 2.0,215,E,minor,130,4/4,2m,matched,1.0000,,GetSongBPM,Bg7y42,Baby,Justin Bieber,https://getsongbpm.com/song/baby/Bg7y42,66,6
2735,u3zVGKrP2J8,https://music.youtube.com/watch?v=u3zVGKrP2J8,Azis,Mrazish,Azis,Mrazish,Gadna Poroda,203,D,minor,90,4/4,12m,manual_accept_broader,0.6400,,GetSongBPM,VPln4o,Mrazish,Азис,https://getsongbpm.com/song/mrazish/VPln4o,72,23
2736,iqXxfOnk-Z4,https://music.youtube.com/watch?v=iqXxfOnk-Z4,Miley Cyrus,Wrecking Ball,Miley Cyrus,Wrecking Ball,Bangerz (Deluxe Version),222,F,major,117,4/4,12d,matched,0.9904,,GetSongBPM,lxxDAr,Wrecking Ball,Miley Cyrus,https://getsongbpm.com/song/wrecking-ball/lxxDAr,53,41
2740,mrOWDPkYyP0,https://music.youtube.com/watch?v=mrOWDPkYyP0,Pat&Stanley,The Lion Sleeps tonight,RemoteSojourner,Pat&Stanley - The Lion Sleeps tonight,,157,,,,,,missing,,manual_reject_broader,,,,,,,
2741,ngk--7Pihvc,https://music.youtube.com/watch?v=ngk--7Pihvc,Logan Epic Canto,Song of Glorious Life,Logan Epic Canto,Song of Glorious Life,The Legends of Sherwood Forest,149,,,,,,missing,,not_found,,,,,,,
2743,sWAy5mj0INI,https://music.youtube.com/watch?v=sWAy5mj0INI,Logan Epic Canto,Song of the Lonely Rocks,Logan Epic Canto,Song of the Lonely Rocks,The Legends of Sherwood Forest,133,,,,,,missing,,not_found,,,,,,,
2746,ERmILnpJ0Io,https://music.youtube.com/watch?v=ERmILnpJ0Io,Hypnogaja; ShyBoy,They Don't Care,Hypnogaja; ShyBoy,They Don't Care,Below Sunset,235,E,major,187,4/4,5d,matched,1.0000,,GetSongBPM,lOBvz7,They Don't Care,Hypnogaja,https://getsongbpm.com/song/they-don-t-care/lOBvz7,50,3
2748,cwJKjuyLv80,https://music.youtube.com/watch?v=cwJKjuyLv80,Enjoykin,Ламповая Няша,Enjoykin,Enjoykin — Ламповая Няша,,103,,,,,,missing,,not_found,,,,,,,
2749,IXHqVnJx0yw,https://music.youtube.com/watch?v=IXHqVnJx0yw,Tobi King,Loli Mou,Tobi King,Loli Mou,Loli Mou,221,,,,,,missing,,not_found,,,,,,,
2750,FjVpzztMmpw,https://music.youtube.com/watch?v=FjVpzztMmpw,Logan Epic Canto,Song Of The Round Table,Logan Epic Canto,Song Of The Round Table,Legends Of Camelot,156,,,,,,missing,,not_found,,,,,,,
2751,eeG17loR0Hw,https://music.youtube.com/watch?v=eeG17loR0Hw,Logan Epic Canto,The Song Of Excalibur,Logan Epic Canto,The Song Of Excalibur,Legends Of Camelot,162,,,,,,missing,,manual_reject_broader,,,,,,,
2753,qXBORMBTfDs,https://music.youtube.com/watch?v=qXBORMBTfDs,Arija,Bespechnyy angel,Arija,Bespechnyy angel,Legendy russkogo roka: Arija,239,,,,,,missing,,not_found,,,,,,,
2754,UhRXn2NRiWI,https://music.youtube.com/watch?v=UhRXn2NRiWI,JUST DO IT!!! ft. Shia LaBeouf,Songify This,schmoyoho,JUST DO IT!!! ft. Shia LaBeouf - Songify This,,143,,,,,,missing,,not_found,,,,,,,
2755,iXk8QXhr7Fk,https://music.youtube.com/watch?v=iXk8QXhr7Fk,Кино,Кукушка,Кино,Кукушка,Чёрный альбом,399,,,,,,missing,,not_found,,,,,,,
2756,WWGq-wlTLnk,https://music.youtube.com/watch?v=WWGq-wlTLnk,Кипелов,Ya Svoboden,Кипелов,Ya Svoboden,Vavilon,434,,,,,,missing,,not_found,,,,,,,
2757,D-J-H3Q3RKs,https://music.youtube.com/watch?v=D-J-H3Q3RKs,Кипелов,Vavilon,Кипелов,Vavilon,Vavilon,346,,,,,,missing,,not_found,,,,,,,
2759,n-AdoTkXwbc,https://music.youtube.com/watch?v=n-AdoTkXwbc,Enjoykin,Космос Будет Наш,Enjoykin,Enjoykin — Космос Будет Наш,,124,,,,,,missing,,not_found,,,,,,,
2760,N5wBTBCRsmQ,https://music.youtube.com/watch?v=N5wBTBCRsmQ,Tyler Bates,Returns a King (Based Upon Themes by Elliot Goldenthal),Tyler Bates,Returns a King (Based Upon Themes by Elliot Goldenthal),300 Original Motion Picture Soundtrack (U.S. Version),144,,,,,,missing,,not_found,,,,,,,
2765,aeqBHVEHgvk,https://music.youtube.com/watch?v=aeqBHVEHgvk,Logan Epic Canto,Dance Around The Campfire,Logan Epic Canto,Dance Around The Campfire,Magic everywhere,233,,,,,,missing,,not_found,,,,,,,
2766,--XEAEmqMhI,https://music.youtube.com/watch?v=--XEAEmqMhI,Logan Epic Canto,The Northern Route,Logan Epic Canto,The Northern Route,Legends Of Camelot,166,,,,,,missing,,not_found,,,,,,,
2767,qSU560anReg,https://music.youtube.com/watch?v=qSU560anReg,Idina Menzel,"Let It Go (From ""Frozen""/Soundtrack Version)",Idina Menzel,"Let It Go (From ""Frozen""/Soundtrack Version)",Frozen (Original Motion Picture Soundtrack),224,,,,,,missing,,not_found,,,,,,,
2768,_lbYQSRO6QA,https://music.youtube.com/watch?v=_lbYQSRO6QA,Alex Boyé,Let It Go (feat. One Voice Childrens Choir),Alex Boyé,Let It Go (feat. One Voice Childrens Choir),Africanized,185,,,,,,missing,,not_found,,,,,,,
2769,5PltmYbSBss,https://music.youtube.com/watch?v=5PltmYbSBss,Rob Cantor,Shia LaBeouf Live,Rob Cantor,Shia LaBeouf Live,Shia LaBeouf Live,155,,,,,,missing,,not_found,,,,,,,
2770,r0H3-0U-jvU,https://music.youtube.com/watch?v=r0H3-0U-jvU,Salt-N-Pepa,Shoop,Salt-N-Pepa,Shoop,Very Necessary,249,C,major,96,4/4,1d,manual_accept_broader,0.9640,,GetSongBPM,vDwP8,Shoop,Salt‐N‐Pepa,https://getsongbpm.com/song/shoop/vDwP8,94,9
2771,aY0gj4X52YA,https://music.youtube.com/watch?v=aY0gj4X52YA,Logan Epic Canto,Rings Of Power,Logan Epic Canto,Rings Of Power,Stories of the old wizard,152,D,minor,140,,,manual_entry,1.0000,,manual,,,,,,
2772,J30kFWRAFi0,https://music.youtube.com/watch?v=J30kFWRAFi0,Logan Epic Canto,Mystery Of The Unicorn,Logan Epic Canto,Mystery Of The Unicorn,Stories of the old wizard,130,C,major,89,,,manual_entry,1.0000,,manual,,,,,,
2774,phEyvmvIvZs,https://music.youtube.com/watch?v=phEyvmvIvZs,Meghan Trainor,All About That Bass,Meghan Trainor,All About That Bass,Title,188,A,major,134,4/4,4d,matched,1.0000,,GetSongBPM,MwvwJ5,All About That Bass,Meghan Trainor,https://getsongbpm.com/song/all-about-that-bass/MwvwJ5,82,5
2776,2d9q4r54fco,https://music.youtube.com/watch?v=2d9q4r54fco,Enjoykin,Безысходность,Enjoykin,Enjoykin - Безысходность,,102,,,,,,missing,,not_found,,,,,,,
2777,UC86yQAzaxg,https://music.youtube.com/watch?v=UC86yQAzaxg,Ludacris,Move Bitch,KaraAdamX,Ludacris - Move Bitch,,230,C#,major,88,4/4,8d,manual_accept,1.0000,,GetSongBPM,qY63k,Move Bitch,Ludacris,https://getsongbpm.com/song/move-bitch/qY63k,79,26
2778,wE3svJxtND0,https://music.youtube.com/watch?v=wE3svJxtND0,Enjoykin,"Не унывайте, пацаны",Enjoykin,"Enjoykin — Не унывайте, пацаны",,118,,,,,,missing,,not_found,,,,,,,
2779,RQGRP5FrL1w,https://music.youtube.com/watch?v=RQGRP5FrL1w,ERA,Reborn,ERA,Reborn,,210,G#,major,116,5/4,9d,matched,1.0000,,GetSongBPM,R698ZY,Reborn,Era,https://getsongbpm.com/song/reborn/R698ZY,45,81
2782,YmSg3VHmSPg,https://music.youtube.com/watch?v=YmSg3VHmSPg,Совергон,Где мой нож,Совергон,Где мой нож,Старые песни о главном,175,,,,,,missing,,not_found,,,,,,,
2783,SaolVEJEjV4,https://music.youtube.com/watch?v=SaolVEJEjV4,Conchita Wurst,Austria: Rise Like a Phoenix,Conchita Wurst,Austria: Rise Like a Phoenix,,203,,,,,,missing,,not_found,,,,,,,
2785,y3I_Drqk6wQ,https://music.youtube.com/watch?v=y3I_Drqk6wQ,Final Hope,BGH Music (Epic Orchestra),BGH Music,Final Hope - BGH Music (Epic Orchestra),,232,,,,,,missing,,not_found,,,,,,,
2786,oyk3nUT-edU,https://music.youtube.com/watch?v=oyk3nUT-edU,Quest Pistols,Санта Лючия (СЛОВОБЛУД),[ПШ] — Послышалось!,Quest Pistols - Санта Лючия (СЛОВОБЛУД),,41,,,,,,missing,,not_found,,,,,,,
2787,lJvvagxYoZ4,https://music.youtube.com/watch?v=lJvvagxYoZ4,Enjoykin,Жить по-пацански,Enjoykin,Жить по-пацански,,138,,,,,,missing,,not_found,,,,,,,
2793,yRh-dzrI4Z4,https://music.youtube.com/watch?v=yRh-dzrI4Z4,Pirates of the Caribbean,He's a Pirate (Extended),Sunderbraze,Pirates of the Caribbean - He's a Pirate (Extended),,885,,,,,,missing,,not_found,,,,,,,
2800,SkCKNdqkjbA,https://music.youtube.com/watch?v=SkCKNdqkjbA,Enjoykin,Пацан к успеху шел,Enjoykin,Enjoykin - Пацан к успеху шел,,106,,,,,,missing,,not_found,,,,,,,
2802,7mvqAEe58oM,https://music.youtube.com/watch?v=7mvqAEe58oM,DONI,"Борода (Премьера клипа, 2014)",DONI,"Doni ft Тимати - Борода (Премьера клипа, 2014)",,233,,,,,,missing,,not_found,,,,,,,
2803,q44qwyHlMfk,https://music.youtube.com/watch?v=q44qwyHlMfk,Epic Sax Guy,"10 hours (original, HQ)",e7edit,"Epic Sax Guy - 10 hours (original, HQ)",,36001,,,,,,missing,,not_found,,,,,,,
2804,GD3VsesSBsw,https://music.youtube.com/watch?v=GD3VsesSBsw,Carl Orff,Carmina Burana,ingifrance,Carmina Burana ~ O Fortuna | Carl Orff ~ André Rieu,,313,A,minor,140,3/4,1m,manual_accept,0.9232,,GetSongBPM,El8kk,Carmina Burana: O Fortuna,Carl Orff,https://getsongbpm.com/song/carmina-burana-o-fortuna/El8kk,29,93
2805,t6wjCcWC2aE,https://music.youtube.com/watch?v=t6wjCcWC2aE,Edith Piaf,"Non, je ne regrette rien",Edith Piaf,"Non, je ne regrette rien",Eternelle,143,G,major,87,4/4,2d,matched,0.9467,,GetSongBPM,5QyOPA,"Non, je ne regrette rien",Édith Piaf,https://getsongbpm.com/song/non-je-ne-regrette-rien/5QyOPA,39,86
2806,0Ha-qxqWWIk,https://music.youtube.com/watch?v=0Ha-qxqWWIk,Группа КЕЙН,Новый,D3 Media Official,Группа КЕЙН — Новый,,223,,,,,,missing,,not_found,,,,,,,
2807,wRfSeZSc3zc,https://music.youtube.com/watch?v=wRfSeZSc3zc,Klaus Badelt,He's a Pirate,Klaus Badelt,He's a Pirate,Pirates Of The Caribbean Original Soundtrack,91,A#,major,71,,,manual_entry,1.0000,,manual,,,,,,
2808,vY6B8uj1plY,https://music.youtube.com/watch?v=vY6B8uj1plY,"Skrillex; Damian ""Jr Gong"" Marley",Make It Bun Dem,"Skrillex; Damian ""Jr Gong"" Marley",Make It Bun Dem,Make It Bun Dem,214,,,,,,missing,,manual_reject_broader,,,,,,,
