normalized_artists,normalized_title,source_position,video_id,video_url,original_artists,original_title,album,video_type,duration_seconds,decision_reason,confidence
Rob Zombie,Superbeast,1,QC0BBgOdspo,https://music.youtube.com/watch?v=QC0BBgOdspo,Rob Zombie,Superbeast,Hellbilly Deluxe,MUSIC_VIDEO_TYPE_ATV,221,catalog_or_official_row,0.90
System Of A Down,Innervision,3,jjnt-KS0ozE,https://music.youtube.com/watch?v=jjnt-KS0ozE,System Of A Down,Innervision,Steal This Album!,MUSIC_VIDEO_TYPE_ATV,154,catalog_or_official_row,0.90
Static-X,Stem,6,eIp2atwDIDY,https://music.youtube.com/watch?v=eIp2atwDIDY,Static-X,Stem,Wisconsin Death Trip,MUSIC_VIDEO_TYPE_ATV,175,catalog_or_official_row,0.90
Mudvayne,Seed,7,2t3LgcIOhx8,https://music.youtube.com/watch?v=2t3LgcIOhx8,Mudvayne,Seed,The Beginning Of All Things To End,MUSIC_VIDEO_TYPE_ATV,208,catalog_or_official_row,0.90
Lady Gaga,Just Dance (feat. Colby O'Donis),8,ACNwMzZejQQ,https://music.youtube.com/watch?v=ACNwMzZejQQ,Lady Gaga,Just Dance (feat. Colby O'Donis),The Fame,MUSIC_VIDEO_TYPE_ATV,242,catalog_or_official_row,0.90
Eminem,Love The Way You Lie (feat. Rihanna),9,RnkShwdXfyc,https://music.youtube.com/watch?v=RnkShwdXfyc,Eminem,Love The Way You Lie (feat. Rihanna),Recovery,MUSIC_VIDEO_TYPE_ATV,264,catalog_or_official_row,0.90
Pluffaduff,PromiscuousBack,10,CS4w-3IoIbY,https://music.youtube.com/watch?v=CS4w-3IoIbY,Pluffaduff,PromiscuousBack,,MUSIC_VIDEO_TYPE_OMV,217,catalog_or_official_row,0.78
Serj Tankian,The Unthinking Majority,12,sgaVOUE3pRM,https://music.youtube.com/watch?v=sgaVOUE3pRM,Serj Tankian,The Unthinking Majority,Elect the Dead,MUSIC_VIDEO_TYPE_ATV,229,catalog_or_official_row,0.90
Deftones,Pompeji,13,_bkbq7BBomA,https://music.youtube.com/watch?v=_bkbq7BBomA,Deftones,Pompeji,Ohms,MUSIC_VIDEO_TYPE_ATV,326,catalog_or_official_row,0.90
Current Joys,Blondie,14,Zm_GfzD80hQ,https://music.youtube.com/watch?v=Zm_GfzD80hQ,Current Joys,Blondie,Wild Heart,MUSIC_VIDEO_TYPE_ATV,195,catalog_or_official_row,0.90
Schmalgauzen,уночі,15,GImHu7QWTEY,https://music.youtube.com/watch?v=GImHu7QWTEY,Schmalgauzen,уночі,уночі,MUSIC_VIDEO_TYPE_ATV,146,catalog_or_official_row,0.90
Radiohead,Spectre,16,CLiDemXYSLc,https://music.youtube.com/watch?v=CLiDemXYSLc,Radiohead,Spectre,Spectre,MUSIC_VIDEO_TYPE_ATV,200,catalog_or_official_row,0.90
slowme,my curse,17,uxnPprzGCLY,https://music.youtube.com/watch?v=uxnPprzGCLY,slowme,my curse,my curse,MUSIC_VIDEO_TYPE_ATV,136,catalog_or_official_row,0.90
Mitski,My Love Mine All Mine,18,Qy9LTRu89FA,https://music.youtube.com/watch?v=Qy9LTRu89FA,Mitski,My Love Mine All Mine,The Land Is Inhospitable and So Are We,MUSIC_VIDEO_TYPE_ATV,138,catalog_or_official_row,0.90
Пиріг і Батіг,Ви знаєте як липа шелестить (06.05.1911),19,x-ir7VPMuqQ,https://music.youtube.com/watch?v=x-ir7VPMuqQ,Пиріг і Батіг,Ви знаєте як липа шелестить (06.05.1911),Поетичний,MUSIC_VIDEO_TYPE_ATV,169,catalog_or_official_row,0.90
Mudvayne,IMN,20,QAXkeqs2o9g,https://music.youtube.com/watch?v=QAXkeqs2o9g,Mudvayne,IMN,Lost and Found,MUSIC_VIDEO_TYPE_ATV,352,catalog_or_official_row,0.90
Mudvayne,Fall Into Sleep,21,O6jQmBJzolc,https://music.youtube.com/watch?v=O6jQmBJzolc,Mudvayne,Fall Into Sleep,Lost and Found,MUSIC_VIDEO_TYPE_ATV,232,catalog_or_official_row,0.90
Cuckold Burger,Свин Герпатий,22,aLZ1MFDZDk4,https://music.youtube.com/watch?v=aLZ1MFDZDk4,Дмитрий Ленковский,Cuckold Burger - Свин Герпатий,,MUSIC_VIDEO_TYPE_UGC,187,artist_title_dash,0.86
Mudvayne,King Of Pain,23,v2R8icOeBEg,https://music.youtube.com/watch?v=v2R8icOeBEg,Mudvayne,King Of Pain,"By The People, For The People",MUSIC_VIDEO_TYPE_ATV,277,catalog_or_official_row,0.90
Ill Nino,I Am Loco,24,T7KC7jUlQuk,https://music.youtube.com/watch?v=T7KC7jUlQuk,Ill Nino,I Am Loco,Revolution Revolucion,MUSIC_VIDEO_TYPE_ATV,211,catalog_or_official_row,0.90
Mudvayne,Some Assembly Required,25,uqSsW7pZNeE,https://music.youtube.com/watch?v=uqSsW7pZNeE,Mudvayne,Some Assembly Required,The Beginning Of All Things To End,MUSIC_VIDEO_TYPE_ATV,167,catalog_or_official_row,0.90
Mudvayne,Cultivate,26,zFYWxrW28ms,https://music.youtube.com/watch?v=zFYWxrW28ms,Mudvayne,Cultivate,The Beginning Of All Things To End,MUSIC_VIDEO_TYPE_ATV,258,catalog_or_official_row,0.90
System Of A Down,Roulette,27,ByBhN_X5nVg,https://music.youtube.com/watch?v=ByBhN_X5nVg,System Of A Down,Roulette,Steal This Album!,MUSIC_VIDEO_TYPE_ATV,202,catalog_or_official_row,0.90
DYING FETUS,Kill your Mother / Rape your Dog,28,t3QJtY214CM,https://music.youtube.com/watch?v=t3QJtY214CM,CannibaCorpse666,Kill your Mother  / Rape your Dog - DYING FETUS,,MUSIC_VIDEO_TYPE_UGC,85,ambiguous_possible_title_then_uppercase_artist,1.00
Serj Tankian,Harakiri,29,DaH4Pd6zsXM,https://music.youtube.com/watch?v=DaH4Pd6zsXM,Serj Tankian,Harakiri,Harakiri,MUSIC_VIDEO_TYPE_ATV,260,catalog_or_official_row,0.90
Ramin Djawadi; Serj Tankian,The Rains of Castamere,30,USNr_n-NYmc,https://music.youtube.com/watch?v=USNr_n-NYmc,Ramin Djawadi; Serj Tankian,The Rains of Castamere,Game Of Thrones: Season 8 (Music from the HBO Series),MUSIC_VIDEO_TYPE_ATV,225,catalog_or_official_row,0.90
Serj Tankian,Sky Is Over,31,HYoSsYPgRJo,https://music.youtube.com/watch?v=HYoSsYPgRJo,Serj Tankian,Sky Is Over,Elect the Dead,MUSIC_VIDEO_TYPE_ATV,177,catalog_or_official_row,0.90
Пиріг і Батіг,Гаї шумлять (1913),32,vOo4k3oxo5Q,https://music.youtube.com/watch?v=vOo4k3oxo5Q,Пиріг і Батіг,Гаї шумлять (1913),Поетичний,MUSIC_VIDEO_TYPE_ATV,134,catalog_or_official_row,0.90
Temple of Void,The Crawl,33,lgTMOQSQvHc,https://music.youtube.com/watch?v=lgTMOQSQvHc,Temple of Void,The Crawl,The Crawl,MUSIC_VIDEO_TYPE_ATV,317,catalog_or_official_row,0.90
Turnstile,SLOWDIVE,35,yjS8EeK-We0,https://music.youtube.com/watch?v=yjS8EeK-We0,Turnstile,SLOWDIVE,NEVER ENOUGH,MUSIC_VIDEO_TYPE_ATV,214,catalog_or_official_row,0.90
Mastodon,Oblivion,36,sg6jwDXpw9M,https://music.youtube.com/watch?v=sg6jwDXpw9M,Mastodon,Oblivion,Crack the Skye,MUSIC_VIDEO_TYPE_ATV,347,catalog_or_official_row,0.90
Slipknot,Purity,37,HtMxyNqQCH4,https://music.youtube.com/watch?v=HtMxyNqQCH4,Slipknot,Purity,Slipknot (10th Anniversary Edition),MUSIC_VIDEO_TYPE_ATV,266,catalog_or_official_row,0.90
Static-X,Destroy All,38,7wNyotJ3T_w,https://music.youtube.com/watch?v=7wNyotJ3T_w,Static-X,Destroy All,Shadow Zone,MUSIC_VIDEO_TYPE_ATV,139,catalog_or_official_row,0.90
Static-X,Otsegolation,39,KhQWKdyN208,https://music.youtube.com/watch?v=KhQWKdyN208,Static-X,Otsegolation,Wisconsin Death Trip,MUSIC_VIDEO_TYPE_ATV,213,catalog_or_official_row,0.90
Михаил Елизаров,Моя мать Ева Браун,40,6oEe8Nw3kaY,https://music.youtube.com/watch?v=6oEe8Nw3kaY,махова гамова,Моя мать Ева Браун,,MUSIC_VIDEO_TYPE_UGC,231,ambiguous_ugc_uploader,1.00
Type O Negative,Everything Dies,42,xwJDfeJJ6Tg,https://music.youtube.com/watch?v=xwJDfeJJ6Tg,Type O Negative,Everything Dies,World Coming Down,MUSIC_VIDEO_TYPE_ATV,464,catalog_or_official_row,0.90
Deftones,my mind is a mountain,43,aLjJ8iwG8UU,https://music.youtube.com/watch?v=aLjJ8iwG8UU,Deftones,my mind is a mountain,private music,MUSIC_VIDEO_TYPE_ATV,171,catalog_or_official_row,0.90
Marilyn Manson,Blood Honey,44,kuhGTiXWjok,https://music.youtube.com/watch?v=kuhGTiXWjok,Marilyn Manson,Blood Honey,Heaven Upside Down,MUSIC_VIDEO_TYPE_ATV,251,catalog_or_official_row,0.90
Marilyn Manson,Tainted Love,45,WPlO_iEWFQc,https://music.youtube.com/watch?v=WPlO_iEWFQc,Marilyn Manson,Tainted Love,The Golden Age Of Grotesque,MUSIC_VIDEO_TYPE_ATV,201,catalog_or_official_row,0.90
Nirvana,You Know You're Right,46,F2zJDTL6dh8,https://music.youtube.com/watch?v=F2zJDTL6dh8,Nirvana,You Know You're Right,Nirvana,MUSIC_VIDEO_TYPE_ATV,217,catalog_or_official_row,0.90
Metallica,St. Anger,47,80xgvSCwjAY,https://music.youtube.com/watch?v=80xgvSCwjAY,Metallica,St. Anger,St. Anger,MUSIC_VIDEO_TYPE_ATV,442,catalog_or_official_row,0.90
Alice In Chains,Nutshell,48,_siJRgDlddY,https://music.youtube.com/watch?v=_siJRgDlddY,Alice In Chains,Nutshell,Jar Of Flies,MUSIC_VIDEO_TYPE_ATV,260,catalog_or_official_row,0.90
Deftones,Rosemary,49,fZcAQ0kuw1s,https://music.youtube.com/watch?v=fZcAQ0kuw1s,Deftones,Rosemary,Koi No Yokan,MUSIC_VIDEO_TYPE_ATV,414,catalog_or_official_row,0.90
Beyond Remembrance,Alternate Resident Evil Save Room Music,50,epPjc73iT2w,https://music.youtube.com/watch?v=epPjc73iT2w,Survival Spheres,Beyond Remembrance - Alternate Resident Evil Save Room Music,,MUSIC_VIDEO_TYPE_UGC,606,artist_title_dash,0.86
System Of A Down,Mind,51,2GXPV95nKJQ,https://music.youtube.com/watch?v=2GXPV95nKJQ,System Of A Down,Mind,System Of A Down,MUSIC_VIDEO_TYPE_ATV,377,catalog_or_official_row,0.90
Deftones,976-EVIL,52,2EShccuWJk4,https://music.youtube.com/watch?v=2EShccuWJk4,Deftones,976-EVIL,Diamond Eyes (Deluxe),MUSIC_VIDEO_TYPE_ATV,273,catalog_or_official_row,0.90
Eminem,No Love (feat. Lil Wayne),53,i4CaamMGj9s,https://music.youtube.com/watch?v=i4CaamMGj9s,Eminem,No Love (feat. Lil Wayne),Recovery,MUSIC_VIDEO_TYPE_ATV,300,catalog_or_official_row,0.90
Joe Cocker,My Father's Son,54,uMeePhFHk_A,https://music.youtube.com/watch?v=uMeePhFHk_A,Joe Cocker,My Father's Son,No Ordinary World,MUSIC_VIDEO_TYPE_ATV,270,catalog_or_official_row,0.90
Vitaly Margulis; Frédéric Chopin,"Nocturnes, Op. 48: No. 1, Lento in C Minor",55,R6KQUdYxfrw,https://music.youtube.com/watch?v=R6KQUdYxfrw,Vitaly Margulis; Frédéric Chopin,"Nocturnes, Op. 48: No. 1, Lento in C Minor",Best of Chopin,MUSIC_VIDEO_TYPE_ATV,363,catalog_or_official_row,0.90
Henrik Måwe; Frédéric Chopin,"Piano Sonata No. 2 in B Minor, Op. 35: III. Funeral March (Lento)",56,8eigWt26gfg,https://music.youtube.com/watch?v=8eigWt26gfg,Henrik Måwe; Frédéric Chopin,"Piano Sonata No. 2 in B Minor, Op. 35: III. Funeral March (Lento)",Best of Chopin,MUSIC_VIDEO_TYPE_ATV,505,catalog_or_official_row,0.90
Rotting Christ,Fire God and Fear,57,1g3uqoXKmhE,https://music.youtube.com/watch?v=1g3uqoXKmhE,Rotting Christ,Fire God and Fear,Fire God and Fear,MUSIC_VIDEO_TYPE_ATV,290,catalog_or_official_row,0.90
Mohamed Youssef,Subhan Allah,58,LPI4f_G9cdk,https://music.youtube.com/watch?v=LPI4f_G9cdk,Mohamed Youssef,Subhan Allah,Subhan Allah,MUSIC_VIDEO_TYPE_ATV,221,catalog_or_official_row,0.90
Hans Zimmer,I've Got My Eye On You,59,nhgQYW_pYMs,https://music.youtube.com/watch?v=nhgQYW_pYMs,Hans Zimmer,I've Got My Eye On You,Pirates of the Caribbean:  Dead Man's Chest (Original Motion Picture Soundtrack),MUSIC_VIDEO_TYPE_ATV,146,catalog_or_official_row,0.90
Russell Simins,Comfortable Place,61,p0dHBWqnzNA,https://music.youtube.com/watch?v=p0dHBWqnzNA,Russell Simins,Comfortable Place,Public Places,MUSIC_VIDEO_TYPE_ATV,255,catalog_or_official_row,0.90
Shira Choir,Mimkoimchu,62,y1thKzyRxkU,https://music.youtube.com/watch?v=y1thKzyRxkU,shiezoli,"Mimkoimchu – Shira Choir ft. Zanvil Weinberger | ממקומך , מקהלת שירה וזנויל ויינברגר ווקאלי",,MUSIC_VIDEO_TYPE_UGC,478,ambiguous_possible_title_then_featured_artist,1.00
Blues 'n' Trouble,Blue Because Of You,63,yipcGcmnri4,https://music.youtube.com/watch?v=yipcGcmnri4,Don's Tunes,Blues 'n' Trouble - Blue Because Of You,,MUSIC_VIDEO_TYPE_UGC,493,artist_title_dash,0.86
Sundazer,Cry Wolf,64,o2OZLe2j9so,https://music.youtube.com/watch?v=o2OZLe2j9so,Sundazer,Cry Wolf,Cry Wolf,MUSIC_VIDEO_TYPE_ATV,265,catalog_or_official_row,0.90
Luigi Scordamaglia,Siamo Qui (feat. Guido Focardi),65,4VBhf_wEfE4,https://music.youtube.com/watch?v=4VBhf_wEfE4,Luigi Scordamaglia,Siamo Qui (feat. Guido Focardi),Canzoni D'amore Al Padre Vol. 3 - Praise & Worship,MUSIC_VIDEO_TYPE_ATV,241,catalog_or_official_row,0.90
HIM,Your Sweet 666,66,gOiFFTL5j7o,https://music.youtube.com/watch?v=gOiFFTL5j7o,HIM,Your Sweet 666,Greatest Love Songs Vol. 666,MUSIC_VIDEO_TYPE_ATV,253,catalog_or_official_row,0.90
Encapsulation,Alternate Resident Evil Save Room Music,67,J2_ifsAX4Gg,https://music.youtube.com/watch?v=J2_ifsAX4Gg,Survival Spheres,Encapsulation - Alternate Resident Evil Save Room Music,,MUSIC_VIDEO_TYPE_UGC,601,artist_title_dash,0.86
Rowan Lee Hartsuiker,Chinggis Magtaal,68,gF4q6PSkRw0,https://music.youtube.com/watch?v=gF4q6PSkRw0,Rowan Lee Hartsuiker,Chinggis Magtaal,,MUSIC_VIDEO_TYPE_OMV,196,catalog_or_official_row,0.78
Khusugtun,Praise of Chinggis Khaan,69,J5jI59BQjzs,https://music.youtube.com/watch?v=J5jI59BQjzs,allie burne,Khusugtun- Praise of Chinggis Khaan/ Чингис Хааны Магтаал studio version,,MUSIC_VIDEO_TYPE_UGC,287,ambiguous_ugc_uploader,1.00
Waagal,Somārudrā || Throatsinging Sitar Live Looping,70,fU6HLjKnywU,https://music.youtube.com/watch?v=fU6HLjKnywU,Waagal,Waagal - Somārudrā || Throatsinging Sitar Live Looping,,MUSIC_VIDEO_TYPE_OMV,259,title_prefixed_with_known_artist,0.92
Meshuggah,Lethargica,71,UYLO1nqkCak,https://music.youtube.com/watch?v=UYLO1nqkCak,Meshuggah,Lethargica,ObZen,MUSIC_VIDEO_TYPE_ATV,348,catalog_or_official_row,0.90
The Main Squeeze,"Have a Cigar"" (Pink Floyd)",72,FdCkXQ6ciXg,https://music.youtube.com/watch?v=FdCkXQ6ciXg,The Main Squeeze,"""Have a Cigar"" (Pink Floyd)",Squeeze House,MUSIC_VIDEO_TYPE_ATV,491,catalog_or_official_row,0.90
Frank Zappa,Watermelon In Easter Hay,73,j3yE2NAdNKo,https://music.youtube.com/watch?v=j3yE2NAdNKo,Frank Zappa,Watermelon In Easter Hay,"Joe's Garage Acts I, II & III",MUSIC_VIDEO_TYPE_ATV,548,catalog_or_official_row,0.90
Gary Moore,Parisienne Walkways,74,lUBCXGeK694,https://music.youtube.com/watch?v=lUBCXGeK694,Gary Moore,Parisienne Walkways,Back on the Streets,MUSIC_VIDEO_TYPE_ATV,201,catalog_or_official_row,0.90
Thy Art Is Murder,Reign Of Darkness,75,g2SlebrICqg,https://music.youtube.com/watch?v=g2SlebrICqg,Thy Art Is Murder,Reign Of Darkness,Hate,MUSIC_VIDEO_TYPE_ATV,216,catalog_or_official_row,0.90
Bill Evans,Night and day,76,P1JqWeg0Fec,https://music.youtube.com/watch?v=P1JqWeg0Fec,Bill Evans,Night and day,Everybody Digs Bill Evans,MUSIC_VIDEO_TYPE_ATV,457,catalog_or_official_row,0.90
Minoru Muraoka,Take Five,77,j88eE2iMuGU,https://music.youtube.com/watch?v=j88eE2iMuGU,Minoru Muraoka,Take Five,Bamboo,MUSIC_VIDEO_TYPE_ATV,299,catalog_or_official_row,0.90
Beegie Adair,Misty,78,Qk6BEu2pAV4,https://music.youtube.com/watch?v=Qk6BEu2pAV4,Beegie Adair,Misty,Moments To Remember,MUSIC_VIDEO_TYPE_ATV,206,catalog_or_official_row,0.90
Элстэйн Ганга Нутаг,Mongolian (Darkhad) folk song - Altai Yatga & Throat Singing,79,AlozyGsagzI,https://music.youtube.com/watch?v=AlozyGsagzI,Rowan Hartsuiker,Элстэйн Ганга Нутаг - Mongolian (Darkhad) folk song - Altai Yatga & Throat Singing,,MUSIC_VIDEO_TYPE_UGC,145,artist_title_dash,0.86
Batzorig Vaanchig,The Beautiful Steppe,80,ec73IZloJhc,https://music.youtube.com/watch?v=ec73IZloJhc,Batzorig Vaanchig,The Beautiful Steppe,,MUSIC_VIDEO_TYPE_OMV,264,catalog_or_official_row,0.78
Rowan Lee Hartsuiker,Chinggis Khaanii Magtaal - by Rowan Hartsuiker,81,xwAbWWjeoWQ,https://music.youtube.com/watch?v=xwAbWWjeoWQ,Rowan Lee Hartsuiker,Chinggis Khaanii Magtaal - by Rowan Hartsuiker,,MUSIC_VIDEO_TYPE_OMV,333,catalog_or_official_row,0.78
Julee Cruise,She Would Die for Love,82,PhXwg7JjbMg,https://music.youtube.com/watch?v=PhXwg7JjbMg,Julee Cruise,She Would Die for Love,The Voice Of Love,MUSIC_VIDEO_TYPE_ATV,367,catalog_or_official_row,0.90
Dead To Fall,Cross Section,83,QBdnREZ7C3o,https://music.youtube.com/watch?v=QBdnREZ7C3o,Dead To Fall,Cross Section,Villainy And Virtue,MUSIC_VIDEO_TYPE_ATV,122,catalog_or_official_row,0.90
Angelo Badalamenti,Moving Through Time,84,i3BhWXi5lzo,https://music.youtube.com/watch?v=i3BhWXi5lzo,Angelo Badalamenti,Moving Through Time,Twin Peaks: Fire Walk With Me - Soundtrack,MUSIC_VIDEO_TYPE_ATV,405,catalog_or_official_row,0.90
Dave Brubeck,Take Five,87,tT9Eh8wNMkw,https://music.youtube.com/watch?v=tT9Eh8wNMkw,Tori Chitic,Dave Brubeck - Take Five,,MUSIC_VIDEO_TYPE_UGC,445,artist_title_dash,0.86
Meshuggah,New Millennium Cyanide Christ,92,QdUny2XVZ5o,https://music.youtube.com/watch?v=QdUny2XVZ5o,Meshuggah,New Millennium Cyanide Christ,Chaosphere (25th Anniversary Remastered 2023 Edition),MUSIC_VIDEO_TYPE_ATV,336,catalog_or_official_row,0.90
Meshuggah,Demiurge,93,1DtDTj_4D_Q,https://music.youtube.com/watch?v=1DtDTj_4D_Q,Meshuggah,Demiurge,Koloss,MUSIC_VIDEO_TYPE_ATV,373,catalog_or_official_row,0.90
Guns N' Roses,November Rain,94,y6lfK3bH4z8,https://music.youtube.com/watch?v=y6lfK3bH4z8,Guns N' Roses,November Rain,Use Your Illusion I,MUSIC_VIDEO_TYPE_ATV,537,catalog_or_official_row,0.90
Pink Floyd,High Hopes,95,pCrQMvoMVHk,https://music.youtube.com/watch?v=pCrQMvoMVHk,Pink Floyd,High Hopes,The Division Bell,MUSIC_VIDEO_TYPE_ATV,511,catalog_or_official_row,0.90
John Mayall & The Bluesbreakers with Gary Moore,So Many Roads,96,dwc7ZEYfWYc,https://music.youtube.com/watch?v=dwc7ZEYfWYc,SR L,John Mayall & The Bluesbreakers with Gary Moore - So Many Roads,,MUSIC_VIDEO_TYPE_UGC,528,artist_title_dash,0.86
Stoic Music,Storm Edge,97,Zt7rxV2i8cE,https://music.youtube.com/watch?v=Zt7rxV2i8cE,Stoic Music,Storm Edge,Spartan Spirit,MUSIC_VIDEO_TYPE_ATV,175,catalog_or_official_row,0.90
Vangelis,Prelude,98,L5pSCJ-yaok,https://music.youtube.com/watch?v=L5pSCJ-yaok,Vangelis,Prelude,Reprise 1990-1999,MUSIC_VIDEO_TYPE_ATV,291,catalog_or_official_row,0.90
Nils Frahm,Talisman,99,PtJ_BmVLCyQ,https://music.youtube.com/watch?v=PtJ_BmVLCyQ,Nils Frahm,Talisman,Encores 2,MUSIC_VIDEO_TYPE_ATV,242,catalog_or_official_row,0.90
"Anthony Hopkins, Danielle de Niese, Bruno Lazzaretti, Libera, The Lyndhurst Orchestra, and Gavin Greenaway",Vide Cor Meum,100,f7ykwOLts3k,https://music.youtube.com/watch?v=f7ykwOLts3k,"Anthony Hopkins, Danielle de Niese, Bruno Lazzaretti, Libera, The Lyndhurst Orchestra, and Gavin Greenaway",Vide Cor Meum,Hannibal - Original Motion Picture Soundtrack,MUSIC_VIDEO_TYPE_ATV,261,catalog_or_official_row,0.90
Pink Floyd,The Great Gig in the Sky,101,hOhTDRdcx4o,https://music.youtube.com/watch?v=hOhTDRdcx4o,Pink Floyd,The Great Gig in the Sky,The Dark Side of the Moon,MUSIC_VIDEO_TYPE_ATV,284,catalog_or_official_row,0.90
Pink Floyd,Time,102,80LhtHY_fHw,https://music.youtube.com/watch?v=80LhtHY_fHw,Pink Floyd,Time,The Dark Side of the Moon,MUSIC_VIDEO_TYPE_ATV,414,catalog_or_official_row,0.90
TOMMY EMMANUEL,Classical Gas [Mason Williams] | Tommy Emmanuel,103,S33tWZqXhnk,https://music.youtube.com/watch?v=S33tWZqXhnk,TOMMY EMMANUEL,Classical Gas [Mason Williams] | Tommy Emmanuel,,MUSIC_VIDEO_TYPE_OMV,270,catalog_or_official_row,0.78
Wounded Masquerade,my own blood,104,cnZfTY96THI,https://music.youtube.com/watch?v=cnZfTY96THI,Wounded Masquerade,my own blood,my own blood,MUSIC_VIDEO_TYPE_ATV,386,catalog_or_official_row,0.90
System Of A Down,Ego Brain,105,SCXdbOsP5Ew,https://music.youtube.com/watch?v=SCXdbOsP5Ew,System Of A Down,Ego Brain,Steal This Album!,MUSIC_VIDEO_TYPE_ATV,202,catalog_or_official_row,0.90
System Of A Down,War?,106,wmkXQeqEbL8,https://music.youtube.com/watch?v=wmkXQeqEbL8,System Of A Down,War?,System Of A Down,MUSIC_VIDEO_TYPE_ATV,161,catalog_or_official_row,0.90
System Of A Down,Lost In Hollywood,107,xj7RMPM3A2c,https://music.youtube.com/watch?v=xj7RMPM3A2c,System Of A Down,Lost In Hollywood,Mezmerize,MUSIC_VIDEO_TYPE_ATV,321,catalog_or_official_row,0.90
System Of A Down,Radio/,108,nvHq4siXbPo,https://music.youtube.com/watch?v=nvHq4siXbPo,System Of A Down,Radio/Video,Mezmerize,MUSIC_VIDEO_TYPE_ATV,250,catalog_or_official_row,0.90
System Of A Down,Question!,109,Am3mycbR4C4,https://music.youtube.com/watch?v=Am3mycbR4C4,System Of A Down,Question!,Mezmerize,MUSIC_VIDEO_TYPE_ATV,201,catalog_or_official_row,0.90
System Of A Down,Spiders,110,3dsmBiiGTWY,https://music.youtube.com/watch?v=3dsmBiiGTWY,System Of A Down,Spiders,System Of A Down,MUSIC_VIDEO_TYPE_ATV,216,catalog_or_official_row,0.90
Lisa Gerrard; Astrid Williamson; Daniel Johns,Estelita,111,0vws00ocWvU,https://music.youtube.com/watch?v=0vws00ocWvU,Lisa Gerrard; Astrid Williamson; Daniel Johns,Estelita,Twilight Kingdom,MUSIC_VIDEO_TYPE_ATV,238,catalog_or_official_row,0.90
паліндром,Ніщо,112,ysYOJrGpEy0,https://music.youtube.com/watch?v=ysYOJrGpEy0,паліндром,Ніщо,Ніщо,MUSIC_VIDEO_TYPE_ATV,353,catalog_or_official_row,0.90
Wounded Masquerade,you,113,cpHr2QH52Lo,https://music.youtube.com/watch?v=cpHr2QH52Lo,Wounded Masquerade,you,razor.deep,MUSIC_VIDEO_TYPE_ATV,206,catalog_or_official_row,0.90
Wisp,Guide light,114,oIaL2lkWjBs,https://music.youtube.com/watch?v=oIaL2lkWjBs,Wisp,Guide light,If Not Winter,MUSIC_VIDEO_TYPE_ATV,228,catalog_or_official_row,0.90
The Lonely,Drowned (feat. Blade And Bath),115,CVi-_fL8jew,https://music.youtube.com/watch?v=CVi-_fL8jew,The Lonely,Drowned (feat. Blade And Bath),Beyond The Wounds,MUSIC_VIDEO_TYPE_ATV,230,catalog_or_official_row,0.90
Midwife,Song for an Unborn Sun,116,EtIfko_vauo,https://music.youtube.com/watch?v=EtIfko_vauo,Midwife,Song for an Unborn Sun,"Like Author, Like Daughter",MUSIC_VIDEO_TYPE_ATV,233,catalog_or_official_row,0.90
My Useless Life,Melancholic Night,117,FgnKKE-YCLE,https://music.youtube.com/watch?v=FgnKKE-YCLE,My Useless Life,Melancholic Night,On the Edge,MUSIC_VIDEO_TYPE_ATV,193,catalog_or_official_row,0.90
CØL,One Last Touch...,118,wKv6zi7hzzc,https://music.youtube.com/watch?v=wKv6zi7hzzc,CØL,One Last Touch...,One Last Touch...,MUSIC_VIDEO_TYPE_ATV,204,catalog_or_official_row,0.90
Rotting Christ,Daimonon Vrosis (Re-recorded),119,ELOqwWO8vAc,https://music.youtube.com/watch?v=ELOqwWO8vAc,Rotting Christ,Daimonon Vrosis (Re-recorded),Aealo (Re-recorded),MUSIC_VIDEO_TYPE_ATV,301,catalog_or_official_row,0.90
Corrosion of Conformity,On Your Way,120,VxiY0HXL4q8,https://music.youtube.com/watch?v=VxiY0HXL4q8,Corrosion of Conformity,On Your Way,IX,MUSIC_VIDEO_TYPE_ATV,219,catalog_or_official_row,0.90
Crowbar,Empty Room,121,W1c06Ym3A6E,https://music.youtube.com/watch?v=W1c06Ym3A6E,Crowbar,Empty Room,Sonic Excess In Its Purest Form,MUSIC_VIDEO_TYPE_ATV,293,catalog_or_official_row,0.90
Diddy Heil Epstein,Full Lyric Video (tiktok audio),125,CTfAn-6trNQ,https://music.youtube.com/watch?v=CTfAn-6trNQ,Vexy,Diddy Heil Epstein -  Full Lyric Video (tiktok audio),,MUSIC_VIDEO_TYPE_UGC,203,artist_title_dash,0.86
Cities Last Broadcast; Fractalyst,Imprecise Waltz,126,FzvqjWiQd4U,https://music.youtube.com/watch?v=FzvqjWiQd4U,Cities Last Broadcast; Fractalyst,Imprecise Waltz,Phantasmora,MUSIC_VIDEO_TYPE_ATV,282,catalog_or_official_row,0.90
Wounded Masquerade,my lungs are just rooms for ghosts,127,c776nK4no0Q,https://music.youtube.com/watch?v=c776nK4no0Q,Wounded Masquerade,my lungs are just rooms for ghosts,Wounded Masquerade,MUSIC_VIDEO_TYPE_ATV,176,catalog_or_official_row,0.90
Finnegan Tui,Denna,128,8ZNucRs1hf8,https://music.youtube.com/watch?v=8ZNucRs1hf8,Finnegan Tui,Denna,"Lost Tales, Vol. 1",MUSIC_VIDEO_TYPE_ATV,211,catalog_or_official_row,0.90
Atrium Carceri,Pathway to Nothing,129,4iKqzUEmKGA,https://music.youtube.com/watch?v=4iKqzUEmKGA,Atrium Carceri,Pathway to Nothing,Forgotten Gods,MUSIC_VIDEO_TYPE_ATV,283,catalog_or_official_row,0.90
Metatron Omega,Transfiguration,130,PsGZAB358-Q,https://music.youtube.com/watch?v=PsGZAB358-Q,Metatron Omega,Transfiguration,Gnosis Dei,MUSIC_VIDEO_TYPE_ATV,641,catalog_or_official_row,0.90
Julio Iglesias,Mammy Blue,131,2ZrdFqza28k,https://music.youtube.com/watch?v=2ZrdFqza28k,Julio Iglesias,Mammy Blue,Crazy,MUSIC_VIDEO_TYPE_ATV,256,catalog_or_official_row,0.90
Black Label Society,Superterrorizer,132,TNdS1lxvtkU,https://music.youtube.com/watch?v=TNdS1lxvtkU,Black Label Society,Superterrorizer,Stronger Than Death,MUSIC_VIDEO_TYPE_ATV,334,catalog_or_official_row,0.90
Ozzy Osbourne,Dreamer,133,p1g0qoJWUgU,https://music.youtube.com/watch?v=p1g0qoJWUgU,Ozzy Osbourne,Dreamer,Down To Earth,MUSIC_VIDEO_TYPE_ATV,285,catalog_or_official_row,0.90
Joe Dassin,Salut,134,TD-wb3drwl4,https://music.youtube.com/watch?v=TD-wb3drwl4,Joe Dassin,Salut,Joe Dassin,MUSIC_VIDEO_TYPE_ATV,201,catalog_or_official_row,0.90
Yves Montand,Sous Le Ciel De Paris,135,XZ5uNaChjfM,https://music.youtube.com/watch?v=XZ5uNaChjfM,Yves Montand,Sous Le Ciel De Paris,Les Chansons d' Yves Montand,MUSIC_VIDEO_TYPE_ATV,178,catalog_or_official_row,0.90
Metatron Omega,Apotheosis,136,7UCQMt0k4zk,https://music.youtube.com/watch?v=7UCQMt0k4zk,Metatron Omega,Apotheosis,Gnosis Dei,MUSIC_VIDEO_TYPE_ATV,461,catalog_or_official_row,0.90
Hélène Ségara; Joe Dassin,Salut,138,MY0F-caCOiw,https://music.youtube.com/watch?v=MY0F-caCOiw,Hélène Ségara; Joe Dassin,Salut,Et si tu n'existais pas,MUSIC_VIDEO_TYPE_ATV,195,catalog_or_official_row,0.90
John Murphy,Adagio in D Minor,139,-K9PM3_lAgQ,https://music.youtube.com/watch?v=-K9PM3_lAgQ,John Murphy,Adagio in D Minor,Adagio in D Minor,MUSIC_VIDEO_TYPE_ATV,250,catalog_or_official_row,0.90
Metatron Omega,Megalosthronos,140,TP0_3JMntAc,https://music.youtube.com/watch?v=TP0_3JMntAc,Metatron Omega,Megalosthronos,Isih,MUSIC_VIDEO_TYPE_ATV,395,catalog_or_official_row,0.90
Raison D'être,Towards Desolation,141,wSl1UKYH6eI,https://music.youtube.com/watch?v=wSl1UKYH6eI,Raison D'être,Towards Desolation,Requiem for Abandoned Souls (Expanded),MUSIC_VIDEO_TYPE_ATV,525,catalog_or_official_row,0.90
Heilung,Afhomon,142,PqWhoDc0PdE,https://music.youtube.com/watch?v=PqWhoDc0PdE,Heilung,Afhomon,Ofnir,MUSIC_VIDEO_TYPE_ATV,821,catalog_or_official_row,0.90
Crowbar,REPULSIVE IN ITS SPLENDID BEAUTY,143,AGXxQ1QMhYw,https://music.youtube.com/watch?v=AGXxQ1QMhYw,Crowbar,REPULSIVE IN ITS SPLENDID BEAUTY,Sonic Excess In Its Purest Form,MUSIC_VIDEO_TYPE_ATV,239,catalog_or_official_row,0.90
Emerelle,"Evenstar (""Lord of the Rings"")",144,2GdWWPVMITc,https://music.youtube.com/watch?v=2GdWWPVMITc,Emerelle,"Evenstar (""Lord of the Rings"")",Those Who Wander,MUSIC_VIDEO_TYPE_ATV,211,catalog_or_official_row,0.90
Swordlender,Ancient Mountain,145,98nWAuL87rk,https://music.youtube.com/watch?v=98nWAuL87rk,Swordlender,Ancient Mountain,Where Heathens Roam,MUSIC_VIDEO_TYPE_ATV,139,catalog_or_official_row,0.90
Swordlender,Caverns of the Old Gods,146,vJ_rSbiKGTI,https://music.youtube.com/watch?v=vJ_rSbiKGTI,Swordlender,Caverns of the Old Gods,Where Heathens Roam,MUSIC_VIDEO_TYPE_ATV,266,catalog_or_official_row,0.90
Lisa Gerrard; Patrick Cassidy,I Asked For Love,147,Lv2RhoQRig0,https://music.youtube.com/watch?v=Lv2RhoQRig0,Lisa Gerrard; Patrick Cassidy,I Asked For Love,Immortal Memory,MUSIC_VIDEO_TYPE_ATV,301,catalog_or_official_row,0.90
Crowbar,Embracing Emptiness,148,cSTBio-SnRw,https://music.youtube.com/watch?v=cSTBio-SnRw,Crowbar,Embracing Emptiness,Time Heals Nothing,MUSIC_VIDEO_TYPE_ATV,218,catalog_or_official_row,0.90
Nocturnal Depression,Spring,149,bagdrYMn9R0,https://music.youtube.com/watch?v=bagdrYMn9R0,Nocturnal Depression,Spring,Four Seasons to a Depression,MUSIC_VIDEO_TYPE_ATV,636,catalog_or_official_row,0.90
Nocturnal Depression,Anthem to Self Destruction,151,fTc4bzYAmmU,https://music.youtube.com/watch?v=fTc4bzYAmmU,Nocturnal Depression,Anthem to Self Destruction,Deathcade,MUSIC_VIDEO_TYPE_ATV,454,catalog_or_official_row,0.90
FLat7,パス・トゥ・ハート - Path To Heart,153,baaDERtnt2o,https://music.youtube.com/watch?v=baaDERtnt2o,FLat7,パス・トゥ・ハート - Path To Heart,A SWEET GLOW OF SILENCE,MUSIC_VIDEO_TYPE_ATV,235,catalog_or_official_row,0.90
Pogomix,Boy & Bear,155,Nfh0IJikKVo,https://music.youtube.com/watch?v=Nfh0IJikKVo,Pogomix,Pogo - Boy & Bear,,MUSIC_VIDEO_TYPE_UGC,201,title_prefixed_with_known_artist,0.92
Famous Fhil,Million Dollar Baby,159,HyejjJA8tqI,https://music.youtube.com/watch?v=HyejjJA8tqI,Famous Fhil,Million Dollar Baby,Million Dollar Baby,MUSIC_VIDEO_TYPE_ATV,216,catalog_or_official_row,0.90
揽佬SKAI ISYOURGOD,求签,160,Jnkm6kM4Tn0,https://music.youtube.com/watch?v=Jnkm6kM4Tn0,揽佬SKAI ISYOURGOD,求签,求签,MUSIC_VIDEO_TYPE_ATV,174,catalog_or_official_row,0.90
攬佬SKAI ISYOURGOD & AR劉夫陽,大展鴻圖(Blueprint Supreme),161,yWT-UopFlAs,https://music.youtube.com/watch?v=yWT-UopFlAs,攬佬SKAI ISYOURGOD & AR劉夫陽,大展鴻圖(Blueprint Supreme),八方來財(Stacks from All Sides),MUSIC_VIDEO_TYPE_ATV,213,catalog_or_official_row,0.90
Lian Ross,Mamy Blue,164,_Llli2oIIIE,https://music.youtube.com/watch?v=_Llli2oIIIE,Lian Ross,Mamy Blue,V,MUSIC_VIDEO_TYPE_ATV,277,catalog_or_official_row,0.90
Modern Talking,Cheri Cheri Lady,165,c1ZCYY-4lAM,https://music.youtube.com/watch?v=c1ZCYY-4lAM,Modern Talking,Cheri Cheri Lady,Let's Talk About Love,MUSIC_VIDEO_TYPE_ATV,227,catalog_or_official_row,0.90
Marilyn Manson,Angel With The Scabbed Wings,166,RTf2xoWGAJo,https://music.youtube.com/watch?v=RTf2xoWGAJo,Marilyn Manson,Angel With The Scabbed Wings,Antichrist Superstar,MUSIC_VIDEO_TYPE_ATV,232,catalog_or_official_row,0.90
攬佬SKAI ISYOURGOD,八方來財(Stacks from All Sides),168,cUwnLvgdo5g,https://music.youtube.com/watch?v=cUwnLvgdo5g,攬佬SKAI ISYOURGOD,八方來財(Stacks from All Sides),八方來財(Stacks from All Sides),MUSIC_VIDEO_TYPE_ATV,174,catalog_or_official_row,0.90
Eminem,Not Afraid,173,-grPV-Fae6I,https://music.youtube.com/watch?v=-grPV-Fae6I,Eminem,Not Afraid,Recovery,MUSIC_VIDEO_TYPE_ATV,249,catalog_or_official_row,0.90
Дмитрий Хворостовский & Санкт-Петербургский камерный хор дирижер Корнев Николай,Милость мира,180,doLscIcF4tQ,https://music.youtube.com/watch?v=doLscIcF4tQ,Дмитрий Хворостовский & Санкт-Петербургский камерный хор дирижер Корнев Николай,Милость мира,Верую. Православная,MUSIC_VIDEO_TYPE_ATV,217,catalog_or_official_row,0.90
Travis Scott; GloRilla,SHYNE,182,9U6suxc3kIs,https://music.youtube.com/watch?v=9U6suxc3kIs,Travis Scott; GloRilla,SHYNE,JACKBOYS 2,MUSIC_VIDEO_TYPE_ATV,194,catalog_or_official_row,0.90
Misanthrop,Blod Besvimelse,183,sapvbf2CKoE,https://music.youtube.com/watch?v=sapvbf2CKoE,Judike,Blod Besvimelse   Misanthrop HQ remake,,MUSIC_VIDEO_TYPE_UGC,184,ambiguous_ugc_uploader,1.00
PATRIARKH,WIERSZALIN V,184,NGIx9z5k3Go,https://music.youtube.com/watch?v=NGIx9z5k3Go,PATRIARKH,WIERSZALIN V,PROPHET ILJA,MUSIC_VIDEO_TYPE_ATV,258,catalog_or_official_row,0.90
Felix Colgrave,Infernum,185,gXuDUwfwhgI,https://music.youtube.com/watch?v=gXuDUwfwhgI,Cool Guy,Royal Noises from Dead Kingdoms: 6. Infernum,,MUSIC_VIDEO_TYPE_UGC,171,ambiguous_ugc_uploader,1.00
Felix Colgrave,Dead Rat,186,MGdwIdrFF20,https://music.youtube.com/watch?v=MGdwIdrFF20,Cool Guy,Royal Noises from Dead Kingdoms: 2. Dead Rat,,MUSIC_VIDEO_TYPE_UGC,128,ambiguous_ugc_uploader,1.00
DESIRELESS,"Voyage, Voyage",187,dB_c7oZWo1g,https://music.youtube.com/watch?v=dB_c7oZWo1g,DESIRELESS,"Voyage, Voyage",Francois,MUSIC_VIDEO_TYPE_ATV,265,catalog_or_official_row,0.90
Eminem,Venom (Music From The Motion Picture),189,pB-B6DUY0OY,https://music.youtube.com/watch?v=pB-B6DUY0OY,Eminem,Venom (Music From The Motion Picture),Kamikaze,MUSIC_VIDEO_TYPE_ATV,270,catalog_or_official_row,0.90
Irfan,Outremer,192,dWRgADGoEIw,https://music.youtube.com/watch?v=dWRgADGoEIw,Irfan,Outremer,Irfan,MUSIC_VIDEO_TYPE_ATV,258,catalog_or_official_row,0.90
Byzantine Choir,Kyrie Eleison,193,wVWNFuk4N2M,https://music.youtube.com/watch?v=wVWNFuk4N2M,Byzantine Choir,Kyrie Eleison,Kyrie Eleison,MUSIC_VIDEO_TYPE_ATV,177,catalog_or_official_row,0.90
Jocelyn Pook,Backwards Priests,195,8XX6qHRQV7I,https://music.youtube.com/watch?v=8XX6qHRQV7I,Jocelyn Pook,Backwards Priests,Deluge,MUSIC_VIDEO_TYPE_ATV,218,catalog_or_official_row,0.90
Teddy Swims,Lose Control,196,AeedWEyMYYo,https://music.youtube.com/watch?v=AeedWEyMYYo,Teddy Swims,Lose Control,I've Tried Everything But Therapy (Part 1),MUSIC_VIDEO_TYPE_ATV,211,catalog_or_official_row,0.90
Земфира,П.М.М.Л.,197,gqXde_na_YA,https://music.youtube.com/watch?v=gqXde_na_YA,Земфира,П.М.М.Л.,ПРОСТИ МЕНЯ МОЯ ЛЮБОВЬ,MUSIC_VIDEO_TYPE_ATV,218,catalog_or_official_row,0.90
Pogo,Here Now,199,pXO588Hzmjg,https://music.youtube.com/watch?v=pXO588Hzmjg,Pogo,Here Now,Kindred Shadow,MUSIC_VIDEO_TYPE_ATV,170,catalog_or_official_row,0.90
Pogo,Forget,200,3M7_SeLICbg,https://music.youtube.com/watch?v=3M7_SeLICbg,Pogo,Forget,Kindred Shadow,MUSIC_VIDEO_TYPE_ATV,165,catalog_or_official_row,0.90
Pogo,Grover Groove,201,H5Vrom3ngSE,https://music.youtube.com/watch?v=H5Vrom3ngSE,Pogo,Grover Groove,Grover Groove,MUSIC_VIDEO_TYPE_ATV,249,catalog_or_official_row,0.90
Pogo,No Worries,202,irjLJca6PHI,https://music.youtube.com/watch?v=irjLJca6PHI,Pogo,No Worries,Kindred Shadow,MUSIC_VIDEO_TYPE_ATV,209,catalog_or_official_row,0.90
Ghost,Zenith,204,G-8KOmo5nps,https://music.youtube.com/watch?v=G-8KOmo5nps,Ghost,Zenith,13 Commandments,MUSIC_VIDEO_TYPE_ATV,365,catalog_or_official_row,0.90
Lady Gaga,Poker Face,206,oG-4Uvhm4lI,https://music.youtube.com/watch?v=oG-4Uvhm4lI,Lady Gaga,Poker Face,The Fame,MUSIC_VIDEO_TYPE_ATV,238,catalog_or_official_row,0.90
Daft Punk,"Harder, Better, Faster, Stronger",207,JhulBGMA7G4,https://music.youtube.com/watch?v=JhulBGMA7G4,Daft Punk,"Harder, Better, Faster, Stronger",Discovery,MUSIC_VIDEO_TYPE_ATV,227,catalog_or_official_row,0.90
Bob Sinclar,"World, Hold On (Children of the Sky) (feat. Steve Edwards)",208,Hw2z_MdSf-k,https://music.youtube.com/watch?v=Hw2z_MdSf-k,Bob Sinclar,"World, Hold On (Children of the Sky) (feat. Steve Edwards)",Western Dream,MUSIC_VIDEO_TYPE_ATV,402,catalog_or_official_row,0.90
Ottawan,Hands Up,210,0XckZswzCKs,https://music.youtube.com/watch?v=0XckZswzCKs,Ottawan,Hands Up,Ottawan 2,MUSIC_VIDEO_TYPE_ATV,290,catalog_or_official_row,0.90
Ottawan,D.I.S.C.O.,211,EO51YkA3qys,https://music.youtube.com/watch?v=EO51YkA3qys,Ottawan,D.I.S.C.O.,D.I.S.C.O.,MUSIC_VIDEO_TYPE_ATV,302,catalog_or_official_row,0.90
Lipps Inc.,Funkytown,212,OAC4ItP0xWM,https://music.youtube.com/watch?v=OAC4ItP0xWM,Lipps Inc.,Funkytown,Mouth to Mouth,MUSIC_VIDEO_TYPE_ATV,471,catalog_or_official_row,0.90
Kansas,Carry on Wayward Son,213,tz6u9suVNlY,https://music.youtube.com/watch?v=tz6u9suVNlY,Kansas,Carry on Wayward Son,Leftoverture (Expanded Edition),MUSIC_VIDEO_TYPE_ATV,323,catalog_or_official_row,0.90
Silent Rhythm,Starry Night,214,626uq6qqavY,https://music.youtube.com/watch?v=626uq6qqavY,Silent Rhythm,Starry Night,Fall Asleep in Under 3 Minutes,MUSIC_VIDEO_TYPE_ATV,1797,catalog_or_official_row,0.90
Pink Floyd,Have a Cigar,215,Eq8ZiZ9xiLw,https://music.youtube.com/watch?v=Eq8ZiZ9xiLw,Pink Floyd,Have a Cigar,Wish You Were Here,MUSIC_VIDEO_TYPE_ATV,308,catalog_or_official_row,0.90
The Doors,Strange Days,216,qOja7RR16Hw,https://music.youtube.com/watch?v=qOja7RR16Hw,The Doors,Strange Days,Strange Days,MUSIC_VIDEO_TYPE_ATV,190,catalog_or_official_row,0.90
Pink Floyd,Money,217,q9NtWkikVAE,https://music.youtube.com/watch?v=q9NtWkikVAE,Pink Floyd,Money,The Dark Side of the Moon,MUSIC_VIDEO_TYPE_ATV,383,catalog_or_official_row,0.90
Big Brother & The Holding Company; Janis Joplin,I Need a Man to Love,218,rd3pCS4fkFA,https://music.youtube.com/watch?v=rd3pCS4fkFA,Big Brother & The Holding Company; Janis Joplin,I Need a Man to Love,Cheap Thrills,MUSIC_VIDEO_TYPE_ATV,294,catalog_or_official_row,0.90
Engelbert Humperdinck,Love Me With All Your Heart (Cuando Calienta El Sol),219,blhEVJkgAtQ,https://music.youtube.com/watch?v=blhEVJkgAtQ,Engelbert Humperdinck,Love Me With All Your Heart (Cuando Calienta El Sol),We Made It Happen,MUSIC_VIDEO_TYPE_ATV,202,catalog_or_official_row,0.90
The Animals,It's My Life,220,qftKX487O6E,https://music.youtube.com/watch?v=qftKX487O6E,The Animals,It's My Life,Most of the Animals,MUSIC_VIDEO_TYPE_ATV,190,catalog_or_official_row,0.90
Maceo,The Soul Of A Black Man,221,DDU_LlOMK0k,https://music.youtube.com/watch?v=DDU_LlOMK0k,Maceo,The Soul Of A Black Man,Us,MUSIC_VIDEO_TYPE_ATV,639,catalog_or_official_row,0.90
Triads; Gimp,Now I Can Hold My Head Up High,222,8Mzxp-b3q7U,https://music.youtube.com/watch?v=8Mzxp-b3q7U,Triads; Gimp,Now I Can Hold My Head Up High,Now I Can Hold My Head Up High b/w If You're Looking for Love,MUSIC_VIDEO_TYPE_ATV,201,catalog_or_official_row,0.90
Metallica,Bleeding Me,223,WX843EZZdLI,https://music.youtube.com/watch?v=WX843EZZdLI,Metallica,Bleeding Me,Load,MUSIC_VIDEO_TYPE_ATV,499,catalog_or_official_row,0.90
Dope,Dirty World,224,hJijVHeL5sA,https://music.youtube.com/watch?v=hJijVHeL5sA,Dope,Dirty World,No Regrets,MUSIC_VIDEO_TYPE_ATV,181,catalog_or_official_row,0.90
Them Two,Am I a Good Man,225,7EUipDulX8c,https://music.youtube.com/watch?v=7EUipDulX8c,Them Two,Am I a Good Man,Eccentric Soul: The Deep City Label,MUSIC_VIDEO_TYPE_ATV,192,catalog_or_official_row,0.90
what i hate about atom eve,thanks to you,226,sPI6aOeAuF0,https://music.youtube.com/watch?v=sPI6aOeAuF0,what i hate about atom eve,thanks to you,thanks to you,MUSIC_VIDEO_TYPE_ATV,277,catalog_or_official_row,0.90
Scott McKenzie,San Francisco (Be Sure to Wear Flowers in Your Hair) (Single Version),227,UBExi-V4r80,https://music.youtube.com/watch?v=UBExi-V4r80,Scott McKenzie,San Francisco (Be Sure to Wear Flowers in Your Hair) (Single Version),San Francisco,MUSIC_VIDEO_TYPE_ATV,179,catalog_or_official_row,0.90
Peppino Gagliardi,Che vuole questa musica stasera,228,0g16tSwpvwQ,https://music.youtube.com/watch?v=0g16tSwpvwQ,Peppino Gagliardi,Che vuole questa musica stasera,Aspettando il sole (Original Motion Picture Soundtrack),MUSIC_VIDEO_TYPE_ATV,220,catalog_or_official_row,0.90
Shirley Bassey,(Where Do I Begin) Love Story,229,QzrFE8Geq_8,https://music.youtube.com/watch?v=QzrFE8Geq_8,Shirley Bassey,(Where Do I Begin) Love Story,The Singles,MUSIC_VIDEO_TYPE_ATV,198,catalog_or_official_row,0.90
Deftones,souvenir,230,zlSjfJTyzVM,https://music.youtube.com/watch?v=zlSjfJTyzVM,Deftones,souvenir,private music,MUSIC_VIDEO_TYPE_ATV,371,catalog_or_official_row,0.90
Decalius,Tortured,231,ieOCKmLevc0,https://music.youtube.com/watch?v=ieOCKmLevc0,Decalius,Tortured,Isolated From Life (2021),MUSIC_VIDEO_TYPE_ATV,303,catalog_or_official_row,0.90
Smother dsbm,pain agony (Dsbm),232,7CKrMkCmBsY,https://music.youtube.com/watch?v=7CKrMkCmBsY,Smother dsbm,Smother - pain agony (Dsbm),,MUSIC_VIDEO_TYPE_UGC,315,title_prefixed_with_known_artist,0.92
Pink Floyd,Shine On You Crazy Diamond (Pts. 1-5),233,Tu7oq3VNgpY,https://music.youtube.com/watch?v=Tu7oq3VNgpY,Pink Floyd,Shine On You Crazy Diamond (Pts. 1-5),Wish You Were Here,MUSIC_VIDEO_TYPE_ATV,812,catalog_or_official_row,0.90
Behemoth,We Are the Next 1000 Years,234,OHeerXT7vyY,https://music.youtube.com/watch?v=OHeerXT7vyY,Behemoth,We Are the Next 1000 Years,I Loved You at Your Darkest,MUSIC_VIDEO_TYPE_ATV,204,catalog_or_official_row,0.90
Deftones,infinite source,235,jSNvyzsNEaQ,https://music.youtube.com/watch?v=jSNvyzsNEaQ,Deftones,infinite source,private music,MUSIC_VIDEO_TYPE_ATV,213,catalog_or_official_row,0.90
Septicflesh,The Vampire from Nazareth,236,L2HkiP45ajY,https://music.youtube.com/watch?v=L2HkiP45ajY,Septicflesh,The Vampire from Nazareth,The Great Mass,MUSIC_VIDEO_TYPE_ATV,249,catalog_or_official_row,0.90
Wounded Masquerade,Wish you were here,237,cYiUAI1Oj_Y,https://music.youtube.com/watch?v=cYiUAI1Oj_Y,Wounded Masquerade,Wish you were here,Wish you were here,MUSIC_VIDEO_TYPE_ATV,286,catalog_or_official_row,0.90
Mgła,Further Down the Nest I,238,qq9CC8z53As,https://music.youtube.com/watch?v=qq9CC8z53As,Mgła,Further Down the Nest I,Further Down the Nest,MUSIC_VIDEO_TYPE_ATV,307,catalog_or_official_row,0.90
Mgła,Age of Excuse VI,239,RSERcRTaeIE,https://music.youtube.com/watch?v=RSERcRTaeIE,Mgła,Age of Excuse VI,Age of Excuse,MUSIC_VIDEO_TYPE_ATV,547,catalog_or_official_row,0.90
Daevar,Leviathan (feat. Jan Oberg),240,A3NcpZQQl5k,https://music.youtube.com/watch?v=A3NcpZQQl5k,Daevar,Leviathan (feat. Jan Oberg),Delirious Rites,MUSIC_VIDEO_TYPE_ATV,608,catalog_or_official_row,0.90
nixxiu,vain,241,DcFoM0qFB6o,https://music.youtube.com/watch?v=DcFoM0qFB6o,nixxiu,vain,vain,MUSIC_VIDEO_TYPE_ATV,174,catalog_or_official_row,0.90
Deftones,Risk,242,RyQh66_YMrQ,https://music.youtube.com/watch?v=RyQh66_YMrQ,Deftones,Risk,Diamond Eyes (Deluxe),MUSIC_VIDEO_TYPE_ATV,219,catalog_or_official_row,0.90
Andy Williams,I Won't Last a Day Without You,243,X_0RjEFEJgk,https://music.youtube.com/watch?v=X_0RjEFEJgk,Andy Williams,I Won't Last a Day Without You,The Way We Were,MUSIC_VIDEO_TYPE_ATV,317,catalog_or_official_row,0.90
Deftones,Kimdracula,244,WLO2fppkO14,https://music.youtube.com/watch?v=WLO2fppkO14,Deftones,Kimdracula,Saturday Night Wrist,MUSIC_VIDEO_TYPE_ATV,195,catalog_or_official_row,0.90
Superheaven,Around The Railing,245,_c64sDEjbh8,https://music.youtube.com/watch?v=_c64sDEjbh8,Superheaven,Around The Railing,Jar,MUSIC_VIDEO_TYPE_ATV,310,catalog_or_official_row,0.90
Hideki Taniuchi,Tokei no Hari no Oto,247,M7h8XlbQ4aA,https://music.youtube.com/watch?v=M7h8XlbQ4aA,Hideki Taniuchi,Tokei no Hari no Oto,DEATH NOTE Original Soundtrack Ⅱ,MUSIC_VIDEO_TYPE_ATV,180,catalog_or_official_row,0.90
Deadspace,Pain's Grey,248,7LzF3EhLkLQ,https://music.youtube.com/watch?v=7LzF3EhLkLQ,Deadspace,Pain's Grey,The Promise of Oblivion,MUSIC_VIDEO_TYPE_ATV,210,catalog_or_official_row,0.90
Satie,Gymnopédie No. 1,251,2WfaotSK3mI,https://music.youtube.com/watch?v=2WfaotSK3mI,Rousseau,Satie - Gymnopédie No. 1,,MUSIC_VIDEO_TYPE_UGC,245,artist_title_dash,0.86
Debussy,Clair de Lune,252,WNcsUNKlAKw,https://music.youtube.com/watch?v=WNcsUNKlAKw,Rousseau,Debussy - Clair de Lune,,MUSIC_VIDEO_TYPE_UGC,314,artist_title_dash,0.86
Patrik Pietschmann,Davy Jones (From Pirates of the Caribbean 2) (piano version),253,eGQUZ9FlUJ4,https://music.youtube.com/watch?v=eGQUZ9FlUJ4,Patrik Pietschmann,Davy Jones (From Pirates of the Caribbean 2) (piano version),,MUSIC_VIDEO_TYPE_OMV,199,catalog_or_official_row,0.78
Patrik Pietschmann,"He's a Pirate (From ""Pirates of the Caribbean"") (piano version)",254,2aBtDz87UK0,https://music.youtube.com/watch?v=2aBtDz87UK0,Patrik Pietschmann,"He's a Pirate (From ""Pirates of the Caribbean"") (piano version)",,MUSIC_VIDEO_TYPE_OMV,180,catalog_or_official_row,0.78
Kra$h,"Yours Truly, Krash",255,g55E5dofoJY,https://music.youtube.com/watch?v=g55E5dofoJY,Kra$h,"Yours Truly, Krash",Escobar,MUSIC_VIDEO_TYPE_ATV,253,catalog_or_official_row,0.90
Scizzie,aquatic ambience,256,oEybvx6Fx8M,https://music.youtube.com/watch?v=oEybvx6Fx8M,Scizzie,aquatic ambience,aquatic ambience,MUSIC_VIDEO_TYPE_ATV,124,catalog_or_official_row,0.90
Macintosh Plus,私はそれで午前ZONE,258,DK_sVdH2PwU,https://music.youtube.com/watch?v=DK_sVdH2PwU,Macintosh Plus,私はそれで午前ZONE,Floral Shoppe,MUSIC_VIDEO_TYPE_ATV,250,catalog_or_official_row,0.90
Nujabes,Still Talking to You,259,PzW62UP8CmY,https://music.youtube.com/watch?v=PzW62UP8CmY,Nujabes,Still Talking to You,FIRST COLLECTION,MUSIC_VIDEO_TYPE_ATV,206,catalog_or_official_row,0.90
Pirate Pianist,"Up Is Down (From ""Pirates of the Caribbean: At World's End“) (Piano)",260,wXXBUiqgBpQ,https://music.youtube.com/watch?v=wXXBUiqgBpQ,Pirate Pianist,"Up Is Down (From ""Pirates of the Caribbean: At World's End“) (Piano)",Pirates of the Caribbean on Piano,MUSIC_VIDEO_TYPE_ATV,92,catalog_or_official_row,0.90
Pirate Pianist,"Tia Dalma (From ""Pirates of the Caribbean: Dead Man's Chest“) (Piano)",262,8gZDVNqCG8M,https://music.youtube.com/watch?v=8gZDVNqCG8M,Pirate Pianist,"Tia Dalma (From ""Pirates of the Caribbean: Dead Man's Chest“) (Piano)",Pirates of the Caribbean on Piano,MUSIC_VIDEO_TYPE_ATV,81,catalog_or_official_row,0.90
Tony Anderson,Pastoral,263,6r79aWeHu4Q,https://music.youtube.com/watch?v=6r79aWeHu4Q,Tony Anderson,Pastoral,Fleurie,MUSIC_VIDEO_TYPE_ATV,297,catalog_or_official_row,0.90
Klaus Badelt,The Medallion Calls,264,FT13elr90q8,https://music.youtube.com/watch?v=FT13elr90q8,Klaus Badelt,The Medallion Calls,Pirates Of The Caribbean Original Soundtrack,MUSIC_VIDEO_TYPE_ATV,113,catalog_or_official_row,0.90
Klaus Badelt,Swords Crossed,265,QQLErKfQ4LU,https://music.youtube.com/watch?v=QQLErKfQ4LU,Klaus Badelt,Swords Crossed,Pirates Of The Caribbean Original Soundtrack,MUSIC_VIDEO_TYPE_ATV,196,catalog_or_official_row,0.90
Geoff Zanelli,My Name Is Barbossa,266,i2Om-raqmaM,https://music.youtube.com/watch?v=i2Om-raqmaM,Geoff Zanelli,My Name Is Barbossa,Pirates of the Caribbean: Dead Men Tell No Tales (Original Motion Picture Soundtrack),MUSIC_VIDEO_TYPE_ATV,334,catalog_or_official_row,0.90
Susumu Hirasawa,Gats,267,auLopgsgJ_s,https://music.youtube.com/watch?v=auLopgsgJ_s,Susumu Hirasawa,Gats,BERSERK Original Soundtrack,MUSIC_VIDEO_TYPE_ATV,215,catalog_or_official_row,0.90
Michał Łapaj,Breathe,268,9a9hXH2Km_4,https://music.youtube.com/watch?v=9a9hXH2Km_4,Michał Łapaj,Breathe,Breathe,MUSIC_VIDEO_TYPE_ATV,251,catalog_or_official_row,0.90
Imperial Orchestra,Interstellar (Original Score),269,Vdi8c51e-ME,https://music.youtube.com/watch?v=Vdi8c51e-ME,Imperial Orchestra,Interstellar (Original Score),Interstellar (Original Score),MUSIC_VIDEO_TYPE_ATV,415,catalog_or_official_row,0.90
Black Label Society,Love Reign Down,270,SneTkr9rj9Y,https://music.youtube.com/watch?v=SneTkr9rj9Y,Black Label Society,Love Reign Down,Stronger Than Death,MUSIC_VIDEO_TYPE_ATV,485,catalog_or_official_row,0.90
Static-X,Black Star,271,vSADld6FRMQ,https://music.youtube.com/watch?v=vSADld6FRMQ,Static-X,Black Star,"Project Regeneration, Vol. 2",MUSIC_VIDEO_TYPE_ATV,241,catalog_or_official_row,0.90
Wounded Masquerade,brighter than every star,272,4_u-czHl--Q,https://music.youtube.com/watch?v=4_u-czHl--Q,Wounded Masquerade,brighter than every star,razor.deep,MUSIC_VIDEO_TYPE_ATV,226,catalog_or_official_row,0.90
Meshuggah,Broken Cog,273,ESgBunzLJyI,https://music.youtube.com/watch?v=ESgBunzLJyI,Meshuggah,Broken Cog,Immutable,MUSIC_VIDEO_TYPE_ATV,336,catalog_or_official_row,0.90
Meshuggah,Bleed,274,GTbYuIKibk4,https://music.youtube.com/watch?v=GTbYuIKibk4,Meshuggah,Bleed,ObZen,MUSIC_VIDEO_TYPE_ATV,443,catalog_or_official_row,0.90
Dope,Rebel Yell,275,dCA48NSfHuI,https://music.youtube.com/watch?v=dCA48NSfHuI,Dope,Rebel Yell,No Regrets,MUSIC_VIDEO_TYPE_ATV,246,catalog_or_official_row,0.90
Black Sabbath,Changes (2009 Remaster),276,exfhPVHOZzM,https://music.youtube.com/watch?v=exfhPVHOZzM,Black Sabbath,Changes (2009 Remaster),Vol. 4,MUSIC_VIDEO_TYPE_ATV,285,catalog_or_official_row,0.90
Dying Fetus,Unbridled Fury,277,YlFFSKkGwP4,https://music.youtube.com/watch?v=YlFFSKkGwP4,Dying Fetus,Unbridled Fury,Unbridled Fury,MUSIC_VIDEO_TYPE_ATV,211,catalog_or_official_row,0.90
Corey Taylor,Dust in the Wind (From 'Queen of the Ring - Music From The Motion Picture') (feat. Bad Omens & Aaron Gilhuis),278,sNh23f7mUiI,https://music.youtube.com/watch?v=sNh23f7mUiI,Corey Taylor,Dust in the Wind (From 'Queen of the Ring - Music From The Motion Picture') (feat. Bad Omens & Aaron Gilhuis),Dust in the Wind (From 'Queen of the Ring - Music From The Motion Picture'),MUSIC_VIDEO_TYPE_ATV,259,catalog_or_official_row,0.90
Ghost,Absolution,279,qPIy9U7T_CE,https://music.youtube.com/watch?v=qPIy9U7T_CE,Ghost,Absolution,Meliora,MUSIC_VIDEO_TYPE_ATV,291,catalog_or_official_row,0.90
Ghost,See The Light,280,YNOLfVAv_28,https://music.youtube.com/watch?v=YNOLfVAv_28,Ghost,See The Light,Prequelle,MUSIC_VIDEO_TYPE_ATV,246,catalog_or_official_row,0.90
Ghost,Phantom Of The Opera,281,pMCqlsAoTik,https://music.youtube.com/watch?v=pMCqlsAoTik,Ghost,Phantom Of The Opera,Phantomime,MUSIC_VIDEO_TYPE_ATV,444,catalog_or_official_row,0.90
Morkt Tre,"Той, що прародитель",283,nGUlHjsCZ2Y,https://music.youtube.com/watch?v=nGUlHjsCZ2Y,Morkt Tre,"Той, що прародитель",Земля забута богом і людьми,MUSIC_VIDEO_TYPE_ATV,436,catalog_or_official_row,0.90
Urfaust,Meditatum VI,284,4LQh6l-WGSk,https://music.youtube.com/watch?v=4LQh6l-WGSk,Urfaust,Meditatum VI,Empty Space Meditation,MUSIC_VIDEO_TYPE_ATV,433,catalog_or_official_row,0.90
Planning For Burial,Whiskey and Wine,285,dShT4cyj7uo,https://music.youtube.com/watch?v=dShT4cyj7uo,Planning For Burial,Whiskey and Wine,Whiskey and Wine,MUSIC_VIDEO_TYPE_ATV,251,catalog_or_official_row,0.90
Death,Empty Words,286,LBIFlz__1EY,https://music.youtube.com/watch?v=LBIFlz__1EY,Death,Empty Words,Symbolic,MUSIC_VIDEO_TYPE_ATV,383,catalog_or_official_row,0.90
Black Sabbath,Changes (2021 Remaster),287,_eBCxYVma1g,https://music.youtube.com/watch?v=_eBCxYVma1g,Black Sabbath,Changes (2021 Remaster),Changes (2021 Remaster),MUSIC_VIDEO_TYPE_ATV,284,catalog_or_official_row,0.90
Staind,Right Here,288,PXu0N7Y6j0s,https://music.youtube.com/watch?v=PXu0N7Y6j0s,Staind,Right Here,Chapter V,MUSIC_VIDEO_TYPE_ATV,252,catalog_or_official_row,0.90
Ozzy Osbourne,Under the Graveyard,290,7MDoHOzKZ_c,https://music.youtube.com/watch?v=7MDoHOzKZ_c,Ozzy Osbourne,Under the Graveyard,Ordinary Man,MUSIC_VIDEO_TYPE_ATV,298,catalog_or_official_row,0.90
Urfaust,Meditatum I,291,c8XEfqWj6nk,https://music.youtube.com/watch?v=c8XEfqWj6nk,Urfaust,Meditatum I,Empty Space Meditation,MUSIC_VIDEO_TYPE_ATV,304,catalog_or_official_row,0.90
Deftones,Digital Bath,292,iEtJQmv7-LY,https://music.youtube.com/watch?v=iEtJQmv7-LY,Deftones,Digital Bath,White Pony,MUSIC_VIDEO_TYPE_ATV,256,catalog_or_official_row,0.90
Urfaust,Vom Geist der Schwere,293,Yh_Olc_Ayjs,https://music.youtube.com/watch?v=Yh_Olc_Ayjs,Urfaust,Vom Geist der Schwere,Ritual Music for the True Clochard,MUSIC_VIDEO_TYPE_ATV,274,catalog_or_official_row,0.90
Nirvana,Half The Man I Used To Be.wmv,294,XH_vR2mvaRs,https://music.youtube.com/watch?v=XH_vR2mvaRs,Krystian Cichacki,Nirvana - Half The Man I  Used To Be.wmv,,MUSIC_VIDEO_TYPE_UGC,337,artist_title_dash,0.86
Black Label Society,S.D.M.F.,295,O1bioFfEBK4,https://music.youtube.com/watch?v=O1bioFfEBK4,Black Label Society,S.D.M.F.,Kings of Damnation 98-04 (Best Of),MUSIC_VIDEO_TYPE_ATV,213,catalog_or_official_row,0.90
Black Label Society,A Love Unreal,296,4P7nzFMtkrQ,https://music.youtube.com/watch?v=4P7nzFMtkrQ,Black Label Society,A Love Unreal,Grimmest Hits,MUSIC_VIDEO_TYPE_ATV,359,catalog_or_official_row,0.90
传统艺术团,老鹰之歌 (纯音乐版),297,j1Irg6TLcaQ,https://music.youtube.com/watch?v=j1Irg6TLcaQ,传统艺术团,老鹰之歌 (纯音乐版),新乐韵 Pt.2,MUSIC_VIDEO_TYPE_ATV,188,catalog_or_official_row,0.90
Wounded Masquerade,you (acoustic),298,8m_u47W39w8,https://music.youtube.com/watch?v=8m_u47W39w8,Wounded Masquerade,you (acoustic),you (acoustic),MUSIC_VIDEO_TYPE_ATV,212,catalog_or_official_row,0.90
Wisp,Your face,299,g5YH32cygp0,https://music.youtube.com/watch?v=g5YH32cygp0,Wisp,Your face,Pandora,MUSIC_VIDEO_TYPE_ATV,230,catalog_or_official_row,0.90
Ghost,Life Eternal,300,RL8Ct8dKmAk,https://music.youtube.com/watch?v=RL8Ct8dKmAk,Ghost,Life Eternal,Prequelle,MUSIC_VIDEO_TYPE_ATV,208,catalog_or_official_row,0.90
Ghost,Idolatrine,301,y_YOuhz9XhU,https://music.youtube.com/watch?v=y_YOuhz9XhU,Ghost,Idolatrine,Infestissumam,MUSIC_VIDEO_TYPE_ATV,264,catalog_or_official_row,0.90
Radiohead,Go Slowly,302,wqh9GKAtZzo,https://music.youtube.com/watch?v=wqh9GKAtZzo,Radiohead,Go Slowly,In Rainbows (Disk 2),MUSIC_VIDEO_TYPE_ATV,229,catalog_or_official_row,0.90
Bonnie Tyler,"Holding Out for a Hero (From ""Footloose"" Soundtrack)",303,qgHVh5jspsA,https://music.youtube.com/watch?v=qgHVh5jspsA,Bonnie Tyler,"Holding Out for a Hero (From ""Footloose"" Soundtrack)",Secret Dreams and Forbidden Fire,MUSIC_VIDEO_TYPE_ATV,349,catalog_or_official_row,0.90
Bonnie Tyler,Total Eclipse of the Heart,304,fSeFxzeo5Ts,https://music.youtube.com/watch?v=fSeFxzeo5Ts,Bonnie Tyler,Total Eclipse of the Heart,Faster Than the Speed of Night,MUSIC_VIDEO_TYPE_ATV,418,catalog_or_official_row,0.90
Barbra Streisand,Woman in Love,305,ryGlgkvqzKE,https://music.youtube.com/watch?v=ryGlgkvqzKE,Barbra Streisand,Woman in Love,Guilty,MUSIC_VIDEO_TYPE_ATV,232,catalog_or_official_row,0.90
Clutch,The Regulator,307,WGE7GAjlV3k,https://music.youtube.com/watch?v=WGE7GAjlV3k,Clutch,The Regulator,Blast Tyrant (Deluxe Edition),MUSIC_VIDEO_TYPE_ATV,326,catalog_or_official_row,0.90
Serj Tankian,Empty Walls,308,e1wrSR7qGh0,https://music.youtube.com/watch?v=e1wrSR7qGh0,Serj Tankian,Empty Walls,Elect the Dead,MUSIC_VIDEO_TYPE_ATV,231,catalog_or_official_row,0.90
Static-X,Wisconsin Death Trip,309,ZZJxWqmP4Yw,https://music.youtube.com/watch?v=ZZJxWqmP4Yw,Static-X,Wisconsin Death Trip,Wisconsin Death Trip,MUSIC_VIDEO_TYPE_ATV,190,catalog_or_official_row,0.90
Ghost,Jigolo Har Megiddo,310,2vHDXkO1-BY,https://music.youtube.com/watch?v=2vHDXkO1-BY,Ghost,Jigolo Har Megiddo,Infestissumam,MUSIC_VIDEO_TYPE_ATV,239,catalog_or_official_row,0.90
Deftones,Engine No. 9,311,OC8x9_App2I,https://music.youtube.com/watch?v=OC8x9_App2I,Deftones,Engine No. 9,Adrenaline,MUSIC_VIDEO_TYPE_ATV,205,catalog_or_official_row,0.90
Këkht Aräkh,Forever Night Castle of Love,312,dW1kJk98fuA,https://music.youtube.com/watch?v=dW1kJk98fuA,Këkht Aräkh,Forever Night Castle of Love,Night & Love,MUSIC_VIDEO_TYPE_ATV,224,catalog_or_official_row,0.90
Cult Leader,The Broken Right Hand of God,313,VCLUEfDzYds,https://music.youtube.com/watch?v=VCLUEfDzYds,Cult Leader,The Broken Right Hand of God,A Patient Man,MUSIC_VIDEO_TYPE_ATV,393,catalog_or_official_row,0.90
Meshuggah,Phantoms,314,t0KUzIZggIs,https://music.youtube.com/watch?v=t0KUzIZggIs,Meshuggah,Phantoms,Immutable,MUSIC_VIDEO_TYPE_ATV,294,catalog_or_official_row,0.90
Black Label Society,Rust,315,cxGZj3xLzfI,https://music.youtube.com/watch?v=cxGZj3xLzfI,Black Label Society,Rust,Stronger Than Death,MUSIC_VIDEO_TYPE_ATV,369,catalog_or_official_row,0.90
Uriah Heep,Lady in Black,316,fipplWIr1SY,https://music.youtube.com/watch?v=fipplWIr1SY,Uriah Heep,Lady in Black,Salisbury (Expanded Version),MUSIC_VIDEO_TYPE_ATV,281,catalog_or_official_row,0.90
Staind,So Far Away,317,vTxFQGb3Op4,https://music.youtube.com/watch?v=vTxFQGb3Op4,Staind,So Far Away,14 Shades of Grey,MUSIC_VIDEO_TYPE_ATV,245,catalog_or_official_row,0.90
Paysage d'Hiver,Alt,318,qF5M7GnPe-Q,https://music.youtube.com/watch?v=qF5M7GnPe-Q,Paysage d'Hiver,Alt,Im Wald,MUSIC_VIDEO_TYPE_ATV,634,catalog_or_official_row,0.90
Nocturnal Depression,Nostalgia,320,B47FypVbC4Y,https://music.youtube.com/watch?v=B47FypVbC4Y,Nocturnal Depression,Nostalgia,Deathcade,MUSIC_VIDEO_TYPE_ATV,282,catalog_or_official_row,0.90
Slowdive,Slomo,321,KDIDLIE7Z1E,https://music.youtube.com/watch?v=KDIDLIE7Z1E,Slowdive,Slomo,Slowdive,MUSIC_VIDEO_TYPE_ATV,414,catalog_or_official_row,0.90
Perry Como,We've Only Just Begun,322,zMvJ6zGl1_E,https://music.youtube.com/watch?v=zMvJ6zGl1_E,Perry Como,We've Only Just Begun,It's Impossible,MUSIC_VIDEO_TYPE_ATV,208,catalog_or_official_row,0.90
Perry Como,El Cóndor Pasa,323,yk-qoqOxt14,https://music.youtube.com/watch?v=yk-qoqOxt14,Perry Como,El Cóndor Pasa,It's Impossible,MUSIC_VIDEO_TYPE_ATV,222,catalog_or_official_row,0.90
Slowdive,Dagger,324,7kHqIQVxIuA,https://music.youtube.com/watch?v=7kHqIQVxIuA,Slowdive,Dagger,Souvlaki,MUSIC_VIDEO_TYPE_ATV,219,catalog_or_official_row,0.90
Slipknot,Prosthetics,325,sFAMuSvLG5Y,https://music.youtube.com/watch?v=sFAMuSvLG5Y,Slipknot,Prosthetics,Slipknot,MUSIC_VIDEO_TYPE_ATV,299,catalog_or_official_row,0.90
Queen,Bohemian Rhapsody,326,hZdiwHHxay4,https://music.youtube.com/watch?v=hZdiwHHxay4,Queen,Bohemian Rhapsody,Greatest Hits In Japan,MUSIC_VIDEO_TYPE_ATV,356,catalog_or_official_row,0.90
Stevie Wonder,I Just Called To Say I Love You,327,djHiBp5oRnY,https://music.youtube.com/watch?v=djHiBp5oRnY,Stevie Wonder,I Just Called To Say I Love You,The Complete Stevie Wonder,MUSIC_VIDEO_TYPE_ATV,377,catalog_or_official_row,0.90
Rotting Christ,Heaven and Hell and Fire,328,t9wy0GikGxw,https://music.youtube.com/watch?v=t9wy0GikGxw,Rotting Christ,Heaven and Hell and Fire,The Heretics,MUSIC_VIDEO_TYPE_ATV,293,catalog_or_official_row,0.90
Decalius,Unknown,329,SD7S2XEbzGk,https://music.youtube.com/watch?v=SD7S2XEbzGk,Decalius,Unknown,Hated By Life Itself,MUSIC_VIDEO_TYPE_ATV,280,catalog_or_official_row,0.90
Silent Rhythm,Starry Night (Sleep Music),330,2VCPAR1UHEI,https://music.youtube.com/watch?v=2VCPAR1UHEI,Silent Rhythm,Starry Night (Sleep Music),Relaxing (Sleep Music) for Stress Relief,MUSIC_VIDEO_TYPE_ATV,1800,catalog_or_official_row,0.90
Wounded Masquerade,gone to waste,331,erHLmzjUrnw,https://music.youtube.com/watch?v=erHLmzjUrnw,Wounded Masquerade,gone to waste (remastered),gone to waste,MUSIC_VIDEO_TYPE_ATV,712,catalog_or_official_row,0.90
The Doors,Moonlight Drive,332,iNilmUzcB0s,https://music.youtube.com/watch?v=iNilmUzcB0s,The Doors,Moonlight Drive,Strange Days,MUSIC_VIDEO_TYPE_ATV,182,catalog_or_official_row,0.90
The Doors,Love Street,333,vf7m-ogAW5A,https://music.youtube.com/watch?v=vf7m-ogAW5A,The Doors,Love Street,Waiting for the Sun (50th Anniversary Deluxe Edition),MUSIC_VIDEO_TYPE_ATV,173,catalog_or_official_row,0.90
Andy Williams,Michelle,334,XqaxtscI7mM,https://music.youtube.com/watch?v=XqaxtscI7mM,Andy Williams,Michelle,The Shadow of Your Smile,MUSIC_VIDEO_TYPE_ATV,203,catalog_or_official_row,0.90
HIM,Love's Requiem,336,1ZZzO3zF9mY,https://music.youtube.com/watch?v=1ZZzO3zF9mY,HIM,Love's Requiem,Love Metal,MUSIC_VIDEO_TYPE_ATV,516,catalog_or_official_row,0.90
Frank Sinatra,Rain In My Heart,337,b_vPrhPl5uY,https://music.youtube.com/watch?v=b_vPrhPl5uY,Frank Sinatra,Rain In My Heart,Cycles,MUSIC_VIDEO_TYPE_ATV,202,catalog_or_official_row,0.90
HIM,Join Me In Death (Demo 1998) [Sub. Español],338,aPKbzCgh-J0,https://music.youtube.com/watch?v=aPKbzCgh-J0,A B I,HIM - Join Me In Death (Demo 1998) [Sub. Español],,MUSIC_VIDEO_TYPE_UGC,342,artist_title_dash,0.86
HIM,Gone With The Sin (Versión 1998) / Sub Español,339,FEXV_ky7vEw,https://music.youtube.com/watch?v=FEXV_ky7vEw,Yisus SHZ,HIM - Gone With The Sin (Versión 1998) / Sub Español,,MUSIC_VIDEO_TYPE_UGC,395,artist_title_dash,0.86
HIM,Bury me deep inside,340,q0xFztPoziU,https://music.youtube.com/watch?v=q0xFztPoziU,HIM,Bury me deep inside,Razorblade Romance,MUSIC_VIDEO_TYPE_ATV,257,catalog_or_official_row,0.90
Gojira,The Heaviest Matter of the Universe,341,BRELs2SQPeE,https://music.youtube.com/watch?v=BRELs2SQPeE,Gojira,The Heaviest Matter of the Universe,From Mars to Sirius,MUSIC_VIDEO_TYPE_ATV,238,catalog_or_official_row,0.90
Low,Lullaby,342,zEmtfA8FETc,https://music.youtube.com/watch?v=zEmtfA8FETc,Low,Lullaby,I Could Live In Hope,MUSIC_VIDEO_TYPE_ATV,590,catalog_or_official_row,0.90
Radiohead,Everything In Its Right Place,343,NUnXxh5U25Y,https://music.youtube.com/watch?v=NUnXxh5U25Y,Radiohead,Everything In Its Right Place,Kid A,MUSIC_VIDEO_TYPE_ATV,252,catalog_or_official_row,0.90
twenty one pilots,Ride,344,w1Smzzw_w7Q,https://music.youtube.com/watch?v=w1Smzzw_w7Q,twenty one pilots,Ride,Blurryface,MUSIC_VIDEO_TYPE_ATV,215,catalog_or_official_row,0.90
Dido,Thank You,345,Ezi1Owv_rag,https://music.youtube.com/watch?v=Ezi1Owv_rag,Dido,Thank You,No Angel,MUSIC_VIDEO_TYPE_ATV,219,catalog_or_official_row,0.90
INTHEWHALE,Waves,346,e4IBQ5f_tFg,https://music.youtube.com/watch?v=e4IBQ5f_tFg,INTHEWHALE,Waves,Waves,MUSIC_VIDEO_TYPE_ATV,283,catalog_or_official_row,0.90
Deftones,Beware,347,FzjaN0gPvaE,https://music.youtube.com/watch?v=FzjaN0gPvaE,Deftones,Beware,Saturday Night Wrist,MUSIC_VIDEO_TYPE_ATV,361,catalog_or_official_row,0.90
Superheaven,Poor Aileen,348,g8R3mKlBwqE,https://music.youtube.com/watch?v=g8R3mKlBwqE,Superheaven,Poor Aileen,Ours Is Chrome,MUSIC_VIDEO_TYPE_ATV,268,catalog_or_official_row,0.90
Mars Lasar,Dominus,349,LQFJrZe__L0,https://music.youtube.com/watch?v=LQFJrZe__L0,Mars Lasar,Dominus,Multiverse,MUSIC_VIDEO_TYPE_ATV,265,catalog_or_official_row,0.90
Decalius,I'm a Failure,350,oDdE3UvEDc0,https://music.youtube.com/watch?v=oDdE3UvEDc0,Decalius,I'm a Failure,Isolated From Life (2021),MUSIC_VIDEO_TYPE_ATV,345,catalog_or_official_row,0.90
Urfaust,"Dämmert, gelähmt und mit scheinbar erloschenem Geist",351,U61inkmPMzw,https://music.youtube.com/watch?v=U61inkmPMzw,Urfaust,"Dämmert, gelähmt und mit scheinbar erloschenem Geist",Ritual Music for the True Clochard,MUSIC_VIDEO_TYPE_ATV,262,catalog_or_official_row,0.90
Radiohead,How to Disappear Completely,352,6W6HhdqA95w,https://music.youtube.com/watch?v=6W6HhdqA95w,Radiohead,How to Disappear Completely,Kid A,MUSIC_VIDEO_TYPE_ATV,357,catalog_or_official_row,0.90
Radiohead,All I Need,354,FM7ALFsOH4g,https://music.youtube.com/watch?v=FM7ALFsOH4g,Radiohead,All I Need,In Rainbows,MUSIC_VIDEO_TYPE_ATV,229,catalog_or_official_row,0.90
Radiohead,High and Dry,355,7fv84nPfTH0,https://music.youtube.com/watch?v=7fv84nPfTH0,Radiohead,High and Dry,The Bends,MUSIC_VIDEO_TYPE_ATV,258,catalog_or_official_row,0.90
Lana Del Rey,Brooklyn Baby,356,ubuN28MsRrg,https://music.youtube.com/watch?v=ubuN28MsRrg,Lana Del Rey,Brooklyn Baby,Ultraviolence,MUSIC_VIDEO_TYPE_ATV,352,catalog_or_official_row,0.90
Lana Del Rey,Shades Of Cool,357,igC9mcrZlHo,https://music.youtube.com/watch?v=igC9mcrZlHo,Lana Del Rey,Shades Of Cool,Ultraviolence,MUSIC_VIDEO_TYPE_ATV,343,catalog_or_official_row,0.90
Saint Avangeline,Shades of Cool,358,lhrgbsaVO9Y,https://music.youtube.com/watch?v=lhrgbsaVO9Y,Saint Avangeline,Shades of Cool,Shades of Blue (Volume I),MUSIC_VIDEO_TYPE_ATV,341,catalog_or_official_row,0.90
Decalius,Isolated From Life,359,DOMRnLat1AE,https://music.youtube.com/watch?v=DOMRnLat1AE,Decalius,Isolated From Life,Isolated From Life (2021),MUSIC_VIDEO_TYPE_ATV,274,catalog_or_official_row,0.90
Perry Como,Killing Me Softly With Her Song,360,-spotq2kYd4,https://music.youtube.com/watch?v=-spotq2kYd4,Perry Como,Killing Me Softly With Her Song,And I Love You So,MUSIC_VIDEO_TYPE_ATV,271,catalog_or_official_row,0.90
Nat King Cole,When I Fall In Love,361,jnRzMETUUAI,https://music.youtube.com/watch?v=jnRzMETUUAI,Nat King Cole,When I Fall In Love,Love Is The Thing,MUSIC_VIDEO_TYPE_ATV,191,catalog_or_official_row,0.90
Urfaust,Trúbadóirí Ólta an Diabhail (Side A),362,jWrRU__3MvI,https://music.youtube.com/watch?v=jWrRU__3MvI,Urfaust,Trúbadóirí Ólta an Diabhail (Side A),Trúbadóirí Ólta an Diabhail,MUSIC_VIDEO_TYPE_ATV,942,catalog_or_official_row,0.90
DustBowlChampion,You,363,alUPxWJizQM,https://music.youtube.com/watch?v=alUPxWJizQM,DustBowlChampion,You,You,MUSIC_VIDEO_TYPE_ATV,200,catalog_or_official_row,0.90
VXLLAIN; VØJ; Narvent,Distant Echoes,364,87Nk5cVwD9A,https://music.youtube.com/watch?v=87Nk5cVwD9A,VXLLAIN; VØJ; Narvent,Distant Echoes,Distant Echoes,MUSIC_VIDEO_TYPE_ATV,184,catalog_or_official_row,0.90
Nocturnal Depression,Spleen Black Metal,365,Z-vKyvMW0s4,https://music.youtube.com/watch?v=Z-vKyvMW0s4,Nocturnal Depression,Spleen Black Metal,Spleen Black Metal,MUSIC_VIDEO_TYPE_ATV,359,catalog_or_official_row,0.90
Soulless,See You When The Sky Turns Purple,366,qt-k_cF0msE,https://music.youtube.com/watch?v=qt-k_cF0msE,Soulless,See You When The Sky Turns Purple,Hiraeth,MUSIC_VIDEO_TYPE_ATV,621,catalog_or_official_row,0.90
None,Suffer,367,zeaZhbuPjnM,https://music.youtube.com/watch?v=zeaZhbuPjnM,None,Suffer,Self-Titled,MUSIC_VIDEO_TYPE_ATV,566,catalog_or_official_row,0.90
Wounded Masquerade,Cling to Past Memories,368,m7yPJ-1cd4c,https://music.youtube.com/watch?v=m7yPJ-1cd4c,Wounded Masquerade,Cling to Past Memories,Forlorn,MUSIC_VIDEO_TYPE_ATV,299,catalog_or_official_row,0.90
Blade and Bath,Alcoholic and Drug Addicted,369,8HZVv5neY_E,https://music.youtube.com/watch?v=8HZVv5neY_E,Blade and Bath,Alcoholic and Drug Addicted,Euphoria of Self-Destruction,MUSIC_VIDEO_TYPE_ATV,383,catalog_or_official_row,0.90
Gutalax,Polykání semena z postaršího jelena,370,e1wFWufGKsE,https://music.youtube.com/watch?v=e1wFWufGKsE,Gutalax,Polykání semena z postaršího jelena,Shit Beast,MUSIC_VIDEO_TYPE_ATV,129,catalog_or_official_row,0.90
Cannibal Corpse,Skewered From Ear To Eye,371,H8VZO7iSBFg,https://music.youtube.com/watch?v=H8VZO7iSBFg,Cannibal Corpse,Skewered From Ear To Eye,Evisceration Plague,MUSIC_VIDEO_TYPE_ATV,229,catalog_or_official_row,0.90
Gutalax,Zakletý pšouk v pet lahvi,372,1nx9NmCq_YA,https://music.youtube.com/watch?v=1nx9NmCq_YA,Gutalax,Zakletý pšouk v pet lahvi,Shit Beast,MUSIC_VIDEO_TYPE_ATV,196,catalog_or_official_row,0.90
Gutalax,Asshole Ghost Wishmaster,373,jnW1ssqjKVs,https://music.youtube.com/watch?v=jnW1ssqjKVs,Gutalax,Asshole Ghost Wishmaster,Shit Beast,MUSIC_VIDEO_TYPE_ATV,83,catalog_or_official_row,0.90
Gutalax,Robocock,374,c4vqvpBiRZA,https://music.youtube.com/watch?v=c4vqvpBiRZA,Gutalax,Robocock,Shit Beast,MUSIC_VIDEO_TYPE_ATV,107,catalog_or_official_row,0.90
Gutalax,Vykouření dařbujána vietnamského veterána,375,6tDwv7Xqgr8,https://music.youtube.com/watch?v=6tDwv7Xqgr8,Gutalax,Vykouření dařbujána vietnamského veterána,Shit Beast,MUSIC_VIDEO_TYPE_ATV,105,catalog_or_official_row,0.90
Old Wharf,The Fault In Our Design (feat. Daniel Hounslow),376,iMbzuV_HE4c,https://music.youtube.com/watch?v=iMbzuV_HE4c,Old Wharf,The Fault In Our Design (feat. Daniel Hounslow),Matricide,MUSIC_VIDEO_TYPE_ATV,323,catalog_or_official_row,0.90
Wounded Masquerade,The day i finally left my pain behind,377,bArJ_6kwhOg,https://music.youtube.com/watch?v=bArJ_6kwhOg,Wounded Masquerade,The day i finally left my pain behind,River of crimson tears,MUSIC_VIDEO_TYPE_ATV,367,catalog_or_official_row,0.90
Hell,Helmzmen,378,BjWEvOMeuP0,https://music.youtube.com/watch?v=BjWEvOMeuP0,Hell,Helmzmen,Hell,MUSIC_VIDEO_TYPE_ATV,576,catalog_or_official_row,0.90
Blade and Bath,Blade and Bath,379,KwYZGHXUgEU,https://music.youtube.com/watch?v=KwYZGHXUgEU,Blade and Bath,Blade and Bath,Chains of Depression,MUSIC_VIDEO_TYPE_ATV,305,catalog_or_official_row,0.90
Matt Monro,The Music Played,380,LsVq_YEsHRY,https://music.youtube.com/watch?v=LsVq_YEsHRY,Matt Monro,The Music Played,Matt Monro - The Best,MUSIC_VIDEO_TYPE_ATV,193,catalog_or_official_row,0.90
Ultar,Au Seuil,381,gGAcwVrmkXk,https://music.youtube.com/watch?v=gGAcwVrmkXk,Ultar,Au Seuil,Pantheon MMXIX,MUSIC_VIDEO_TYPE_ATV,335,catalog_or_official_row,0.90
cult of luna,I Remember,382,XHoob_0zFz8,https://music.youtube.com/watch?v=XHoob_0zFz8,cult of luna,I Remember,The Raging River,MUSIC_VIDEO_TYPE_ATV,489,catalog_or_official_row,0.90
Urfaust,Vom Gesicht und Rätsel,383,g9wS2V4cHcc,https://music.youtube.com/watch?v=g9wS2V4cHcc,Urfaust,Vom Gesicht und Rätsel,Der freiwillige Bettler,MUSIC_VIDEO_TYPE_ATV,490,catalog_or_official_row,0.90
Cult Of Luna,Dark Side Of The Sun,384,xu7MkvDjWhY,https://music.youtube.com/watch?v=xu7MkvDjWhY,Cult Of Luna,Dark Side Of The Sun,Cult Of Luna,MUSIC_VIDEO_TYPE_ATV,194,catalog_or_official_row,0.90
None,It's Painless to Let Go,385,IHYxs17nGaw,https://music.youtube.com/watch?v=IHYxs17nGaw,None,It's Painless to Let Go,Damp Chill of Life,MUSIC_VIDEO_TYPE_ATV,357,catalog_or_official_row,0.90
Perry Como,It's Impossible,386,EdBts4zwt2w,https://music.youtube.com/watch?v=EdBts4zwt2w,Perry Como,It's Impossible,The Love Collection Vol. 1,MUSIC_VIDEO_TYPE_ATV,196,catalog_or_official_row,0.90
Andy Williams,"Love Theme From ""The Godfather"" (Speak Softly Love)",387,T7AefIn3A80,https://music.youtube.com/watch?v=T7AefIn3A80,Andy Williams,"Love Theme From ""The Godfather"" (Speak Softly Love)","Love Theme From ""The Godfather""",MUSIC_VIDEO_TYPE_ATV,186,catalog_or_official_row,0.90
Perry Como,And I Love You So,388,Xb6Yw2YqqbY,https://music.youtube.com/watch?v=Xb6Yw2YqqbY,Perry Como,And I Love You So,Slows (Les grands succès),MUSIC_VIDEO_TYPE_ATV,203,catalog_or_official_row,0.90
Wounded Masquerade,Would my ending bring you peace?,389,2EGOdTxOaJA,https://music.youtube.com/watch?v=2EGOdTxOaJA,Wounded Masquerade,Would my ending bring you peace?,Would my ending bring you peace?,MUSIC_VIDEO_TYPE_ATV,427,catalog_or_official_row,0.90
REZN,Dread,390,n7o2UCXm1LE,https://music.youtube.com/watch?v=n7o2UCXm1LE,REZN,Dread,Let It Burn,MUSIC_VIDEO_TYPE_ATV,245,catalog_or_official_row,0.90
My Useless Life,I Should Have Never Been Born,391,pZQpgxMDVCU,https://music.youtube.com/watch?v=pZQpgxMDVCU,My Useless Life,I Should Have Never Been Born,On the Edge,MUSIC_VIDEO_TYPE_ATV,301,catalog_or_official_row,0.90
Wounded Masquerade,be myself,392,GsmwHrMd360,https://music.youtube.com/watch?v=GsmwHrMd360,Wounded Masquerade,be myself,be myself,MUSIC_VIDEO_TYPE_ATV,264,catalog_or_official_row,0.90
Wounded Masquerade,I died that day,393,e47dRQ_UKao,https://music.youtube.com/watch?v=e47dRQ_UKao,Wounded Masquerade,I died that day,I died that day,MUSIC_VIDEO_TYPE_ATV,312,catalog_or_official_row,0.90
Blade and Bath,How to Enjoy Life?,394,J0_Z5543V5Y,https://music.youtube.com/watch?v=J0_Z5543V5Y,Blade and Bath,How to Enjoy Life?,Rotten in Loneliness,MUSIC_VIDEO_TYPE_ATV,338,catalog_or_official_row,0.90
Blade and Bath,Trouble Sleeping,395,4v3gYpwo2yE,https://music.youtube.com/watch?v=4v3gYpwo2yE,Blade and Bath,Trouble Sleeping,Rotten in Loneliness,MUSIC_VIDEO_TYPE_ATV,249,catalog_or_official_row,0.90
Barry Manilow,Can't Smile Without You,396,l_FNkf-bHnA,https://music.youtube.com/watch?v=l_FNkf-bHnA,Barry Manilow,Can't Smile Without You,Even Now,MUSIC_VIDEO_TYPE_ATV,194,catalog_or_official_row,0.90
Wounded Masquerade,All moments were in vain,398,XeUHNN7L5Jo,https://music.youtube.com/watch?v=XeUHNN7L5Jo,Wounded Masquerade,All moments were in vain,River of crimson tears,MUSIC_VIDEO_TYPE_ATV,315,catalog_or_official_row,0.90
Decalius,A Miserable Life...,399,DEuhdR9Cf_E,https://music.youtube.com/watch?v=DEuhdR9Cf_E,Decalius,A Miserable Life...,Dehumanizing Loneliness,MUSIC_VIDEO_TYPE_ATV,256,catalog_or_official_row,0.90
Wounded Masquerade,Forlorn (Closure),400,_Flb0fJTx6U,https://music.youtube.com/watch?v=_Flb0fJTx6U,Wounded Masquerade,Forlorn (Closure),Forlorn,MUSIC_VIDEO_TYPE_ATV,312,catalog_or_official_row,0.90
Schammasch,The Empyrean,401,y_-o-HYTxpI,https://music.youtube.com/watch?v=y_-o-HYTxpI,Schammasch,The Empyrean,Triangle,MUSIC_VIDEO_TYPE_ATV,506,catalog_or_official_row,0.90
Urfaust,False Sensorial Impressions,402,x9kn39HdnWM,https://music.youtube.com/watch?v=x9kn39HdnWM,Urfaust,False Sensorial Impressions,The Constellatory Practice,MUSIC_VIDEO_TYPE_ATV,362,catalog_or_official_row,0.90
Wounded Masquerade,I want to disappear,403,n10IVykcoS4,https://music.youtube.com/watch?v=n10IVykcoS4,Wounded Masquerade,I want to disappear,I want to disappear,MUSIC_VIDEO_TYPE_ATV,271,catalog_or_official_row,0.90
Blade and Bath; Блукання Самотньої Особистості,You Are Gone,404,W8LjCZoaFC0,https://music.youtube.com/watch?v=W8LjCZoaFC0,Blade and Bath; Блукання Самотньої Особистості,You Are Gone,Chains of Depression,MUSIC_VIDEO_TYPE_ATV,438,catalog_or_official_row,0.90
Wounded Masquerade,Everything you love will fade away,405,X8BVfcIkgV8,https://music.youtube.com/watch?v=X8BVfcIkgV8,Wounded Masquerade,Everything you love will fade away,River of crimson tears,MUSIC_VIDEO_TYPE_ATV,373,catalog_or_official_row,0.90
Nergot Traurig,Sacrimoon - A Moment of My Depression,406,aZweCOPNn48,https://music.youtube.com/watch?v=aZweCOPNn48,Nergot Traurig,Sacrimoon - A Moment of My Depression,Sacrimoon - Reflections of My Suicide Melancholy,MUSIC_VIDEO_TYPE_ATV,409,catalog_or_official_row,0.90
Wounded Masquerade,It hurt most when it came from you,407,A-pFep2MB9U,https://music.youtube.com/watch?v=A-pFep2MB9U,Wounded Masquerade,It hurt most when it came from you,River of crimson tears,MUSIC_VIDEO_TYPE_ATV,327,catalog_or_official_row,0.90
Cocteau Twins,Frou-frou Foxes in Midsummer Fires,408,qgffvFM1J-Q,https://music.youtube.com/watch?v=qgffvFM1J-Q,Cocteau Twins,Frou-frou Foxes in Midsummer Fires,Heaven or Las Vegas,MUSIC_VIDEO_TYPE_ATV,339,catalog_or_official_row,0.90
Wounded Masquerade,I ruin everything,409,lJiQuVHtsGc,https://music.youtube.com/watch?v=lJiQuVHtsGc,Wounded Masquerade,I ruin everything,I ruin everything,MUSIC_VIDEO_TYPE_ATV,259,catalog_or_official_row,0.90
Blade and Bath,Eternal Nothingness,410,5VxS4SESIYk,https://music.youtube.com/watch?v=5VxS4SESIYk,Blade and Bath,Eternal Nothingness,Rotten in Loneliness,MUSIC_VIDEO_TYPE_ATV,380,catalog_or_official_row,0.90
Decalius,Hated By Life Itself,411,5J-2DhvuClQ,https://music.youtube.com/watch?v=5J-2DhvuClQ,Decalius,Hated By Life Itself,Hated By Life Itself,MUSIC_VIDEO_TYPE_ATV,350,catalog_or_official_row,0.90
Decalius,Excluded From Humanity,412,HDD3m9RPAZY,https://music.youtube.com/watch?v=HDD3m9RPAZY,Decalius,Excluded From Humanity,Dehumanizing Loneliness,MUSIC_VIDEO_TYPE_ATV,385,catalog_or_official_row,0.90
Wounded Masquerade,X,413,FmZ6GAAccgk,https://music.youtube.com/watch?v=FmZ6GAAccgk,Wounded Masquerade,X,X,MUSIC_VIDEO_TYPE_ATV,348,catalog_or_official_row,0.90
Engelbert Humperdinck,The Way It Used To Be,414,9CcOhE2qHzQ,https://music.youtube.com/watch?v=9CcOhE2qHzQ,Engelbert Humperdinck,The Way It Used To Be,Engelbert,MUSIC_VIDEO_TYPE_ATV,194,catalog_or_official_row,0.90
Decalius,Loneliness,415,jbNZym6bEt8,https://music.youtube.com/watch?v=jbNZym6bEt8,Decalius,Loneliness,Dehumanizing Loneliness,MUSIC_VIDEO_TYPE_ATV,324,catalog_or_official_row,0.90
Blade and Bath,Useless,416,oZiUxAri5RE,https://music.youtube.com/watch?v=oZiUxAri5RE,Blade and Bath,Useless,Rotten in Loneliness,MUSIC_VIDEO_TYPE_ATV,268,catalog_or_official_row,0.90
Radiohead,Fake Plastic Trees,417,6gDhsUWCHrg,https://music.youtube.com/watch?v=6gDhsUWCHrg,Radiohead,Fake Plastic Trees,The Bends,MUSIC_VIDEO_TYPE_ATV,291,catalog_or_official_row,0.90
Mgła,Exercises in Futility III,418,u8HX_5I83cI,https://music.youtube.com/watch?v=u8HX_5I83cI,Mgła,Exercises in Futility III,Exercises in Futility,MUSIC_VIDEO_TYPE_ATV,278,catalog_or_official_row,0.90
Blade and Bath,In the Flame of My Memories,419,KkrPUIiX1AM,https://music.youtube.com/watch?v=KkrPUIiX1AM,Blade and Bath,In the Flame of My Memories,Chains of Depression,MUSIC_VIDEO_TYPE_ATV,391,catalog_or_official_row,0.90
Blade and Bath,Shot,420,2X-K28nCEo8,https://music.youtube.com/watch?v=2X-K28nCEo8,Blade and Bath,Shot,Rotten in Loneliness,MUSIC_VIDEO_TYPE_ATV,382,catalog_or_official_row,0.90
cloudyfield,crawl,421,e097hGFSGnc,https://music.youtube.com/watch?v=e097hGFSGnc,cloudyfield,crawl,crawl,MUSIC_VIDEO_TYPE_ATV,201,catalog_or_official_row,0.90
Deftones,Drive,422,zWfGYAgqLLI,https://music.youtube.com/watch?v=zWfGYAgqLLI,Deftones,Drive,Saturday Night Wrist,MUSIC_VIDEO_TYPE_ATV,291,catalog_or_official_row,0.90
Enrico Macias,Zingarella,423,vxNFXkXj8Z4,https://music.youtube.com/watch?v=vxNFXkXj8Z4,Enrico Macias,Zingarella,Macias,MUSIC_VIDEO_TYPE_ATV,241,catalog_or_official_row,0.90
Dopelord,Ghost Cargo from the Bong,424,P5bPuzrMQGc,https://music.youtube.com/watch?v=P5bPuzrMQGc,Dopelord,Ghost Cargo from the Bong,Magick Rites,MUSIC_VIDEO_TYPE_ATV,457,catalog_or_official_row,0.90
juggler,so hard to quit you,425,z-qezf6oqwI,https://music.youtube.com/watch?v=z-qezf6oqwI,juggler,so hard to quit you,so hard to quit you,MUSIC_VIDEO_TYPE_ATV,215,catalog_or_official_row,0.90
Blade and Bath,Misanthrope,426,5tWGOPn5Qoc,https://music.youtube.com/watch?v=5tWGOPn5Qoc,Blade and Bath,Misanthrope,Rotten in Loneliness,MUSIC_VIDEO_TYPE_ATV,369,catalog_or_official_row,0.90
Blade and Bath & Saad,Tears of Broken Memories,427,4jtnVs_AeV8,https://music.youtube.com/watch?v=4jtnVs_AeV8,Blade and Bath & Saad,Tears of Broken Memories,Rotten in Loneliness,MUSIC_VIDEO_TYPE_ATV,336,catalog_or_official_row,0.90
Deftones,Xerces,428,4zFWCybibv0,https://music.youtube.com/watch?v=4zFWCybibv0,Deftones,Xerces,Saturday Night Wrist,MUSIC_VIDEO_TYPE_ATV,222,catalog_or_official_row,0.90
Andy Williams,(Where Do I Begin) Love Story,429,_ek7ZdZbovM,https://music.youtube.com/watch?v=_ek7ZdZbovM,Andy Williams,(Where Do I Begin) Love Story,Greatest Hits Volume II,MUSIC_VIDEO_TYPE_ATV,194,catalog_or_official_row,0.90
Frank Sinatra,This Is My Love,430,emBtrO0cHM4,https://music.youtube.com/watch?v=emBtrO0cHM4,Frank Sinatra,This Is My Love,The World We Knew,MUSIC_VIDEO_TYPE_ATV,217,catalog_or_official_row,0.90
Andy Williams,"Where Do I Begin (Love Theme from ""Love Story"")",431,cpu22VEdRRM,https://music.youtube.com/watch?v=cpu22VEdRRM,Andy Williams,"Where Do I Begin (Love Theme from ""Love Story"")",Love Story,MUSIC_VIDEO_TYPE_ATV,190,catalog_or_official_row,0.90
Deftones,Around the Fur,433,AFVNrox01SM,https://music.youtube.com/watch?v=AFVNrox01SM,Deftones,Around the Fur,Around the Fur,MUSIC_VIDEO_TYPE_ATV,212,catalog_or_official_row,0.90
My Chemical Romance,Disenchanted,434,95hfNjZictY,https://music.youtube.com/watch?v=95hfNjZictY,My Chemical Romance,Disenchanted,The Black Parade,MUSIC_VIDEO_TYPE_ATV,295,catalog_or_official_row,0.90
The Veils,Total Depravity,435,aNFnmj8qqXE,https://music.youtube.com/watch?v=aNFnmj8qqXE,The Veils,Total Depravity,Total Depravity,MUSIC_VIDEO_TYPE_ATV,305,catalog_or_official_row,0.90
KMFDM,I Am What I Am,436,k0OdQfWZmoQ,https://music.youtube.com/watch?v=k0OdQfWZmoQ,KMFDM,I Am What I Am,Tohuvabohu,MUSIC_VIDEO_TYPE_ATV,292,catalog_or_official_row,0.90
Rob Zombie,Meet The Creeper,437,x0ztEcBMBfo,https://music.youtube.com/watch?v=x0ztEcBMBfo,Rob Zombie,Meet The Creeper,Hellbilly Deluxe,MUSIC_VIDEO_TYPE_ATV,194,catalog_or_official_row,0.90
My Chemical Romance,I Don't Love You,438,pqfZYvsTkkk,https://music.youtube.com/watch?v=pqfZYvsTkkk,My Chemical Romance,I Don't Love You,The Black Parade,MUSIC_VIDEO_TYPE_ATV,239,catalog_or_official_row,0.90
Acrania,The Depopulation Programme,439,r74SSdxFSx0,https://music.youtube.com/watch?v=r74SSdxFSx0,Acrania,The Depopulation Programme,The Beginning of the End,MUSIC_VIDEO_TYPE_ATV,222,catalog_or_official_row,0.90
My Chemical Romance,The Ghost of You,440,D66_NiTJSTc,https://music.youtube.com/watch?v=D66_NiTJSTc,My Chemical Romance,The Ghost of You,Three Cheers for Sweet Revenge,MUSIC_VIDEO_TYPE_ATV,195,catalog_or_official_row,0.90
Slipknot,Diluted,441,2wfNavmIDdk,https://music.youtube.com/watch?v=2wfNavmIDdk,Slipknot,Diluted,Slipknot,MUSIC_VIDEO_TYPE_ATV,204,catalog_or_official_row,0.90
System Of A Down,Revenga,442,qOl7m52TQk8,https://music.youtube.com/watch?v=qOl7m52TQk8,System Of A Down,Revenga,Mezmerize,MUSIC_VIDEO_TYPE_ATV,229,catalog_or_official_row,0.90
Behemoth,In the Absence Ov Light,443,H89p3nTCxUg,https://music.youtube.com/watch?v=H89p3nTCxUg,Behemoth,In the Absence Ov Light,The Satanist,MUSIC_VIDEO_TYPE_ATV,299,catalog_or_official_row,0.90
HIM,Sweet Pandemonium,444,F6Hp3kHC0Pw,https://music.youtube.com/watch?v=F6Hp3kHC0Pw,HIM,Sweet Pandemonium,Love Metal,MUSIC_VIDEO_TYPE_ATV,346,catalog_or_official_row,0.90
Deftones,Sextape,445,ygSxsbZPG90,https://music.youtube.com/watch?v=ygSxsbZPG90,Deftones,Sextape,Diamond Eyes (Deluxe),MUSIC_VIDEO_TYPE_ATV,242,catalog_or_official_row,0.90
Deftones,Be Quiet and Drive (Far Away),446,_t1vqLwqbyA,https://music.youtube.com/watch?v=_t1vqLwqbyA,Deftones,Be Quiet and Drive (Far Away),Around the Fur,MUSIC_VIDEO_TYPE_ATV,300,catalog_or_official_row,0.90
Rob Zombie,Iron Head (feat. Ozzy Osbourne),447,CQYh0ZnDN1s,https://music.youtube.com/watch?v=CQYh0ZnDN1s,Rob Zombie,Iron Head (feat. Ozzy Osbourne),The Sinister Urge,MUSIC_VIDEO_TYPE_ATV,252,catalog_or_official_row,0.90
Nextime; richmnkey,heavens,448,PR-CCYmUxCc,https://music.youtube.com/watch?v=PR-CCYmUxCc,Nextime; richmnkey,heavens,heavens,MUSIC_VIDEO_TYPE_ATV,189,catalog_or_official_row,0.90
Lana Del Rey,Dark Paradise,449,dvSZQ4oMHGM,https://music.youtube.com/watch?v=dvSZQ4oMHGM,Lana Del Rey,Dark Paradise,Born To Die - The Paradise Edition (Special Version),MUSIC_VIDEO_TYPE_ATV,244,catalog_or_official_row,0.90
Lana Del Rey,Ultraviolence,450,qycR5RkVa04,https://music.youtube.com/watch?v=qycR5RkVa04,Lana Del Rey,Ultraviolence,Ultraviolence,MUSIC_VIDEO_TYPE_ATV,252,catalog_or_official_row,0.90
bôa,Duvet (Acoustic),451,KQiz9Wjwh-I,https://music.youtube.com/watch?v=KQiz9Wjwh-I,bôa,Duvet (Acoustic),Twilight,MUSIC_VIDEO_TYPE_ATV,315,catalog_or_official_row,0.90
Deftones,Entombed,452,gEXbHKAuHSg,https://music.youtube.com/watch?v=gEXbHKAuHSg,Deftones,Entombed,Koi No Yokan,MUSIC_VIDEO_TYPE_ATV,300,catalog_or_official_row,0.90
Basement,Covet,453,LVn5k88DmUM,https://music.youtube.com/watch?v=LVn5k88DmUM,Basement,Covet,Colourmeinkindness,MUSIC_VIDEO_TYPE_ATV,228,catalog_or_official_row,0.90
Arthur Rubinstein; Frédéric Chopin,"Nocturnes, Op. 55: No. 1 in F Minor",454,DcwAQ08-So0,https://music.youtube.com/watch?v=DcwAQ08-So0,Arthur Rubinstein; Frédéric Chopin,"Nocturnes, Op. 55: No. 1 in F Minor","Rubinstein Collection, Vol. 49: Chopin: Nocturnes",MUSIC_VIDEO_TYPE_ATV,335,catalog_or_official_row,0.90
The Cranberries,I Still Do,455,vovVgQ2BsTo,https://music.youtube.com/watch?v=vovVgQ2BsTo,The Cranberries,I Still Do,"Everybody Else Is Doing It, So Why Can't We? (The Complete Sessions 1991-1993)",MUSIC_VIDEO_TYPE_ATV,197,catalog_or_official_row,0.90
The Smiths,What Difference Does It Make?,456,VH5BSkVQLsw,https://music.youtube.com/watch?v=VH5BSkVQLsw,The Smiths,What Difference Does It Make?,The Smiths,MUSIC_VIDEO_TYPE_ATV,230,catalog_or_official_row,0.90
Slipknot,Spit It Out,457,pH4PkaN3eVA,https://music.youtube.com/watch?v=pH4PkaN3eVA,Slipknot,Spit It Out,Slipknot,MUSIC_VIDEO_TYPE_ATV,160,catalog_or_official_row,0.90
Mudvayne,(k)Now F(orever),458,Iyj_NoUXnpM,https://music.youtube.com/watch?v=Iyj_NoUXnpM,Mudvayne,(k)Now F(orever),L.D. 50,MUSIC_VIDEO_TYPE_ATV,427,catalog_or_official_row,0.90
Mudvayne,Under My Skin,459,Sr4mvflTr-Q,https://music.youtube.com/watch?v=Sr4mvflTr-Q,Mudvayne,Under My Skin,L.D. 50,MUSIC_VIDEO_TYPE_ATV,228,catalog_or_official_row,0.90
Mudvayne,Pharmaecopia,460,Mtqd6qGnOsU,https://music.youtube.com/watch?v=Mtqd6qGnOsU,Mudvayne,Pharmaecopia,L.D. 50,MUSIC_VIDEO_TYPE_ATV,335,catalog_or_official_row,0.90
Mudvayne,Severed,461,3FA4Uu35IVQ,https://music.youtube.com/watch?v=3FA4Uu35IVQ,Mudvayne,Severed,L.D. 50,MUSIC_VIDEO_TYPE_ATV,390,catalog_or_official_row,0.90
Mudvayne,Everything And Nothing,462,gPLMmBvKVhw,https://music.youtube.com/watch?v=gPLMmBvKVhw,Mudvayne,Everything And Nothing,L.D. 50,MUSIC_VIDEO_TYPE_ATV,196,catalog_or_official_row,0.90
Mudvayne,Death Blooms,463,Stw20G0sfh0,https://music.youtube.com/watch?v=Stw20G0sfh0,Mudvayne,Death Blooms,L.D. 50,MUSIC_VIDEO_TYPE_ATV,292,catalog_or_official_row,0.90
Mudvayne,-1,464,ueAYt6DwsuU,https://music.youtube.com/watch?v=ueAYt6DwsuU,Mudvayne,-1,L.D. 50,MUSIC_VIDEO_TYPE_ATV,239,catalog_or_official_row,0.90
Godsmack,Awake,465,R8pj2y39_jc,https://music.youtube.com/watch?v=R8pj2y39_jc,Godsmack,Awake,Awake,MUSIC_VIDEO_TYPE_ATV,305,catalog_or_official_row,0.90
Marilyn Manson,SAY10,466,0CczcnAMj5Q,https://music.youtube.com/watch?v=0CczcnAMj5Q,Marilyn Manson,SAY10,Heaven Upside Down,MUSIC_VIDEO_TYPE_ATV,259,catalog_or_official_row,0.90
Korn,Wake Up Hate,467,VbCJGCG7F-0,https://music.youtube.com/watch?v=VbCJGCG7F-0,Korn,Wake Up Hate,Untouchables,MUSIC_VIDEO_TYPE_ATV,193,catalog_or_official_row,0.90
Judas Priest,No Surrender,469,0RotWp2o02g,https://music.youtube.com/watch?v=0RotWp2o02g,Judas Priest,No Surrender,Firepower,MUSIC_VIDEO_TYPE_ATV,174,catalog_or_official_row,0.90
Bonnie Tyler,Total Eclipse of the Heart (Radio Version),470,KqBZAxCfWHA,https://music.youtube.com/watch?v=KqBZAxCfWHA,Bonnie Tyler,Total Eclipse of the Heart (Radio Version),The Very Best of Bonnie Tyler,MUSIC_VIDEO_TYPE_ATV,335,catalog_or_official_row,0.90
Avatar,Hail the Apocalypse,471,QCE_0o-kmp8,https://music.youtube.com/watch?v=QCE_0o-kmp8,Avatar,Hail the Apocalypse,Hail the Apocalypse,MUSIC_VIDEO_TYPE_ATV,254,catalog_or_official_row,0.90
Dope,No Way Out,472,jfdNA_OTpBY,https://music.youtube.com/watch?v=jfdNA_OTpBY,Dope,No Way Out,American Apathy,MUSIC_VIDEO_TYPE_ATV,208,catalog_or_official_row,0.90
Static-X,Take Control,473,UDcfUx1a0IY,https://music.youtube.com/watch?v=UDcfUx1a0IY,Static-X,Take Control,"Project Regeneration, Vol. 2",MUSIC_VIDEO_TYPE_ATV,236,catalog_or_official_row,0.90
RoseHipRose,Blame it on me (Breakcore Version),474,JxYn6x6JzOo,https://music.youtube.com/watch?v=JxYn6x6JzOo,RoseHipRose,Blame it on me (Breakcore Version),Blame it on me (Breakcore Version),MUSIC_VIDEO_TYPE_ATV,194,catalog_or_official_row,0.90
Rotting Christ,The Sixth Day,475,PF9RrhR1EBY,https://music.youtube.com/watch?v=PF9RrhR1EBY,Rotting Christ,The Sixth Day,Pro Xristou,MUSIC_VIDEO_TYPE_ATV,237,catalog_or_official_row,0.90
Septicflesh,Anubis,476,iag9MpjSULU,https://music.youtube.com/watch?v=iag9MpjSULU,Septicflesh,Anubis,Communion,MUSIC_VIDEO_TYPE_ATV,258,catalog_or_official_row,0.90
The Neighbourhood,Sweater Weather,477,Ao81ziiXHhs,https://music.youtube.com/watch?v=Ao81ziiXHhs,The Neighbourhood,Sweater Weather,I'm Sorry...,MUSIC_VIDEO_TYPE_ATV,241,catalog_or_official_row,0.90
The Cranberries,Never Grow Old,478,wBjdVKGrHtg,https://music.youtube.com/watch?v=wBjdVKGrHtg,The Cranberries,Never Grow Old,Wake Up And Smell The Coffee,MUSIC_VIDEO_TYPE_ATV,156,catalog_or_official_row,0.90
Toto Cutugno,L'italiano,479,rL1svMa518w,https://music.youtube.com/watch?v=rL1svMa518w,Toto Cutugno,L'italiano,L'Italiano,MUSIC_VIDEO_TYPE_ATV,237,catalog_or_official_row,0.90
Ricchi E Poveri,Sarà perché ti amo,480,jrI9zLeuizE,https://music.youtube.com/watch?v=jrI9zLeuizE,Ricchi E Poveri,Sarà perché ti amo,...E Penso A Te,MUSIC_VIDEO_TYPE_ATV,185,catalog_or_official_row,0.90
Tracy Huang,Woman In Love,481,Q8C-XdmlUXc,https://music.youtube.com/watch?v=Q8C-XdmlUXc,Tracy Huang,Woman In Love,Mississippi,MUSIC_VIDEO_TYPE_ATV,238,catalog_or_official_row,0.90
Lou Monte,Lazy Mary (Luna Mezza Mare) (feat. Joe Reisman & His Orchestra),482,M1rCJvzbFr8,https://music.youtube.com/watch?v=M1rCJvzbFr8,Lou Monte,Lazy Mary (Luna Mezza Mare) (feat. Joe Reisman & His Orchestra),Lou Monte Sings For You,MUSIC_VIDEO_TYPE_ATV,162,catalog_or_official_row,0.90
Don McLean,Vincent,483,AGIUnZLr5T4,https://music.youtube.com/watch?v=AGIUnZLr5T4,Don McLean,Vincent,The Best Of Don McLean,MUSIC_VIDEO_TYPE_ATV,241,catalog_or_official_row,0.90
Bonnie Tyler,Total Eclipse of the Heart (Re-Recorded),484,Iu65S0BNzRM,https://music.youtube.com/watch?v=Iu65S0BNzRM,Bonnie Tyler,Total Eclipse of the Heart (Re-Recorded),Raised on Soft Rock,MUSIC_VIDEO_TYPE_ATV,275,catalog_or_official_row,0.90
Carpenters,Yesterday Once More,485,wawbhXQX2TQ,https://music.youtube.com/watch?v=wawbhXQX2TQ,Carpenters,Yesterday Once More,Gold - Greatest Hits,MUSIC_VIDEO_TYPE_ATV,240,catalog_or_official_row,0.90
Slipknot,(sic),487,X6QIC2wS7R8,https://music.youtube.com/watch?v=X6QIC2wS7R8,Slipknot,(sic),Slipknot (10th Anniversary Edition),MUSIC_VIDEO_TYPE_ATV,200,catalog_or_official_row,0.90
Disturbed,Decadence,488,WVggAoXfBc4,https://music.youtube.com/watch?v=WVggAoXfBc4,Disturbed,Decadence,Ten Thousand Fists,MUSIC_VIDEO_TYPE_ATV,205,catalog_or_official_row,0.90
Frank Sinatra,Maybe You'll Be There,489,xEPPQxHR1S4,https://music.youtube.com/watch?v=xEPPQxHR1S4,Frank Sinatra,Maybe You'll Be There,Where Are You? (Remastered / Expanded Edition),MUSIC_VIDEO_TYPE_ATV,188,catalog_or_official_row,0.90
Carpenters,We've Only Just Begun,490,xeBoRF5tgDo,https://music.youtube.com/watch?v=xeBoRF5tgDo,Carpenters,We've Only Just Begun,Gold - Greatest Hits,MUSIC_VIDEO_TYPE_ATV,186,catalog_or_official_row,0.90
Океан Ельзи,Не питай,491,xcEgCjWbb3A,https://music.youtube.com/watch?v=xcEgCjWbb3A,Океан Ельзи,Не питай,The Best of,MUSIC_VIDEO_TYPE_ATV,158,catalog_or_official_row,0.90
Rowan Lee Hartsuiker,Jingle Bells (Mongolian Style),492,d6Cr1_j0rL4,https://music.youtube.com/watch?v=d6Cr1_j0rL4,Rowan Lee Hartsuiker,Jingle Bells (Mongolian Style),Mongolian Throat Singing Yurt Sessions,MUSIC_VIDEO_TYPE_ATV,107,catalog_or_official_row,0.90
Steve Lawrence,Somewhere Along the Way,495,xnQCKBnBDRs,https://music.youtube.com/watch?v=xnQCKBnBDRs,Steve Lawrence,Somewhere Along the Way,Songs My Friends Made Famous,MUSIC_VIDEO_TYPE_ATV,169,catalog_or_official_row,0.90
Mgła,Age of Excuse I,497,zgUyt-T36Y0,https://music.youtube.com/watch?v=zgUyt-T36Y0,Mgła,Age of Excuse I,Age of Excuse,MUSIC_VIDEO_TYPE_ATV,450,catalog_or_official_row,0.90
Grupo Soñador,El Paso Del Gigante,498,B_aQV6Q8700,https://music.youtube.com/watch?v=B_aQV6Q8700,Grupo Soñador,El Paso Del Gigante,Los Reyes De Los Sonidos,MUSIC_VIDEO_TYPE_ATV,217,catalog_or_official_row,0.90
Frank Sinatra,Drinking Again,499,DN5tT7PzQyQ,https://music.youtube.com/watch?v=DN5tT7PzQyQ,Frank Sinatra,Drinking Again,The World We Knew,MUSIC_VIDEO_TYPE_ATV,191,catalog_or_official_row,0.90
The Rigthteous Brother,Unchained Melody,500,Zv8czIoAw5w,https://music.youtube.com/watch?v=Zv8czIoAw5w,The Rigthteous Brother,Unchained Melody,Unchained Melody,MUSIC_VIDEO_TYPE_ATV,214,catalog_or_official_row,0.90
André Laplante; Maurice Ravel,Jeux D'Eau,501,VLC9oJBHxkI,https://music.youtube.com/watch?v=VLC9oJBHxkI,André Laplante; Maurice Ravel,Jeux D'Eau,"Ravel: Miroirs, Jeux D'Eau, Pavane Pour Une Infante Défunte",MUSIC_VIDEO_TYPE_ATV,356,catalog_or_official_row,0.90
Engelbert Humperdinck,Can't Take My Eyes Off You,502,VTSgGCgpeN0,https://music.youtube.com/watch?v=VTSgGCgpeN0,Engelbert Humperdinck,Can't Take My Eyes Off You,A Man Without Love,MUSIC_VIDEO_TYPE_ATV,222,catalog_or_official_row,0.90
The Platters,Only You,503,nFy_KfFdrrk,https://music.youtube.com/watch?v=nFy_KfFdrrk,The Platters,Only You,Heaven on Earth,MUSIC_VIDEO_TYPE_ATV,160,catalog_or_official_row,0.90
Paul Anka,Put Your Head On My Shoulder,504,H1DDqrtG7dA,https://music.youtube.com/watch?v=H1DDqrtG7dA,Paul Anka,Put Your Head On My Shoulder,Paul Anka Sings His Big 15,MUSIC_VIDEO_TYPE_ATV,159,catalog_or_official_row,0.90
Armando Trovajoli,"L'amore dice ciao Slow Take (From ""La Matriarca - The Libertine"")",505,V0is-RpQHAg,https://music.youtube.com/watch?v=V0is-RpQHAg,Armando Trovajoli,"L'amore dice ciao Slow Take (From ""La Matriarca - The Libertine"")",The Best of Armando Trovajoli - Soundtracks & Blues - Vol. 2 (Original Film Scores),MUSIC_VIDEO_TYPE_ATV,259,catalog_or_official_row,0.90
Gunter Kallmann Choir,Daydream,506,2c0UusJoscE,https://music.youtube.com/watch?v=2c0UusJoscE,Gunter Kallmann Choir,Daydream,Bar Jazz by JazzEcho,MUSIC_VIDEO_TYPE_ATV,202,catalog_or_official_row,0.90
John Bayless; Giacomo Puccini,Puccini: Nessun dorma! (No man shall sleep!),507,lUEPM3jIKOs,https://music.youtube.com/watch?v=lUEPM3jIKOs,John Bayless; Giacomo Puccini,Puccini: Nessun dorma! (No man shall sleep!),The Puccini Album: Arias For Piano,MUSIC_VIDEO_TYPE_ATV,320,catalog_or_official_row,0.90
Dvorak,New World Symphony (Full),508,Qut5e3OfCvg,https://music.youtube.com/watch?v=Qut5e3OfCvg,Classical Experience,Dvorak - New World Symphony (Full),,MUSIC_VIDEO_TYPE_UGC,3577,artist_title_dash,0.86
Владимир Спиваков; Национальный филармонический оркестр России,"Щелкунчик, соч. 71, действие II картина 3: No. 14, Pas de duex - Танец феи Драже и принца Оршада",509,SPfX9pvqKaU,https://music.youtube.com/watch?v=SPfX9pvqKaU,Владимир Спиваков; Национальный филармонический оркестр России,"Щелкунчик, соч. 71, действие II картина 3: No. 14, Pas de duex - Танец феи Драже и принца Оршада",Christmas with Vladimir Spivakov,MUSIC_VIDEO_TYPE_ATV,305,catalog_or_official_row,0.90
Europe,Carrie,510,upH1x4TsGNQ,https://music.youtube.com/watch?v=upH1x4TsGNQ,Europe,Carrie,The Final Countdown (Expanded Edition),MUSIC_VIDEO_TYPE_ATV,273,catalog_or_official_row,0.90
Cocteau Twins,Pandora (for Cindy),511,LCaNDUcqHlQ,https://music.youtube.com/watch?v=LCaNDUcqHlQ,Cocteau Twins,Pandora (for Cindy),Treasure,MUSIC_VIDEO_TYPE_ATV,336,catalog_or_official_row,0.90
Behemoth,God = Dog,513,F3AElY9gCSM,https://music.youtube.com/watch?v=F3AElY9gCSM,Behemoth,God = Dog,I Loved You at Your Darkest,MUSIC_VIDEO_TYPE_ATV,239,catalog_or_official_row,0.90
Disturbed,Stricken,515,VVLAnjtpXeM,https://music.youtube.com/watch?v=VVLAnjtpXeM,Disturbed,Stricken,Ten Thousand Fists,MUSIC_VIDEO_TYPE_ATV,246,catalog_or_official_row,0.90
Piano Marine Mike,Ebb Tide,516,DDVjTyCc6Ag,https://music.youtube.com/watch?v=DDVjTyCc6Ag,Piano Marine Mike,Ebb Tide,Ebb Tide,MUSIC_VIDEO_TYPE_ATV,166,catalog_or_official_row,0.90
Khusugtun,Chinggis Khaan,517,tcd59zMIadk,https://music.youtube.com/watch?v=tcd59zMIadk,Khusugtun,Chinggis Khaan,Jangar,MUSIC_VIDEO_TYPE_ATV,299,catalog_or_official_row,0.90
Infant Annihilator,Apocalypse Incarnate,518,YUdA6xcNLeA,https://music.youtube.com/watch?v=YUdA6xcNLeA,Infant Annihilator,Apocalypse Incarnate,Mister Sister Fister: Re-Conception,MUSIC_VIDEO_TYPE_ATV,239,catalog_or_official_row,0.90
Powerwolf,Resurrection by Erection (Rerecorded Version),519,pKr6xrJZB6M,https://music.youtube.com/watch?v=pKr6xrJZB6M,Powerwolf,Resurrection by Erection (Rerecorded Version),Best of the Blessed (Deluxe Version),MUSIC_VIDEO_TYPE_ATV,243,catalog_or_official_row,0.90
Powerwolf,In the Name of God (Deus Vult),520,EKOXzF8jSsA,https://music.youtube.com/watch?v=EKOXzF8jSsA,Powerwolf,In the Name of God (Deus Vult),Preachers of the Night,MUSIC_VIDEO_TYPE_ATV,196,catalog_or_official_row,0.90
Soothing Orthodox Chant (First Part of Polyeleos),Fixed,521,ox0KUghydNE,https://music.youtube.com/watch?v=ox0KUghydNE,epicDev,Soothing Orthodox Chant (First Part of Polyeleos) - Fixed Audio,,MUSIC_VIDEO_TYPE_UGC,1835,artist_title_dash,0.86
Emil De Nuit; Frederic Chopin,Op.27 Nocturne 2 Des Dur In D Flat,522,WXIIjsCcVOA,https://music.youtube.com/watch?v=WXIIjsCcVOA,Emil De Nuit; Frederic Chopin,Op.27 Nocturne 2 Des Dur In D Flat,Nocturnes,MUSIC_VIDEO_TYPE_ATV,333,catalog_or_official_row,0.90
André Laplante; Maurice Ravel,Miroirs: III. Une barque sur l'océan,523,wkAnau-XU80,https://music.youtube.com/watch?v=wkAnau-XU80,André Laplante; Maurice Ravel,Miroirs: III. Une barque sur l'océan,"Ravel: Miroirs, Jeux D'Eau, Pavane Pour Une Infante Défunte",MUSIC_VIDEO_TYPE_ATV,429,catalog_or_official_row,0.90
Ólafur Järvinen,"Chopin: Waltz in C sharp minor, Op. 64 No. 2",524,KMuJSI8WbaQ,https://music.youtube.com/watch?v=KMuJSI8WbaQ,Ólafur Järvinen,"Chopin: Waltz in C sharp minor, Op. 64 No. 2","Chopin: Waltz in C sharp minor, Op. 64 No. 2",MUSIC_VIDEO_TYPE_ATV,253,catalog_or_official_row,0.90
Claude Debussy,Clair De Lune,525,WKU8DJzipW4,https://music.youtube.com/watch?v=WKU8DJzipW4,Claude Debussy,Clair De Lune,Classical Best,MUSIC_VIDEO_TYPE_ATV,248,catalog_or_official_row,0.90
François Chaplin; Frédéric Chopin,"Nocturne No. 20 in C Sharp Minor, Op. Posthume 1830",526,hzeWANhdvv8,https://music.youtube.com/watch?v=hzeWANhdvv8,François Chaplin; Frédéric Chopin,"Nocturne No. 20 in C Sharp Minor, Op. Posthume 1830",Chopin: Nocturnes,MUSIC_VIDEO_TYPE_ATV,250,catalog_or_official_row,0.90
Satoru Kousaki,La Campanella,527,r-v39GDaTR0,https://music.youtube.com/watch?v=r-v39GDaTR0,Satoru Kousaki,La Campanella,Vivy Fluorite Eye's Song Original Soundtrack,MUSIC_VIDEO_TYPE_ATV,288,catalog_or_official_row,0.90
Klara Kormendi; Erik Satie,Gnossienne No. 1: Lent,528,tXqtQdGo_pU,https://music.youtube.com/watch?v=tXqtQdGo_pU,Klara Kormendi; Erik Satie,Gnossienne No. 1: Lent,Satie: Piano Works (Selection),MUSIC_VIDEO_TYPE_ATV,191,catalog_or_official_row,0.90
Maurizio Pollini; Frédéric Chopin,"Chopin: 12 Études, Op. 25: No. 11 in A Minor ""Winter Wind",529,bHbgLoDG8Ko,https://music.youtube.com/watch?v=bHbgLoDG8Ko,Maurizio Pollini; Frédéric Chopin,"Chopin: 12 Études, Op. 25: No. 11 in A Minor ""Winter Wind""",Chopin: Etudes; Préludes; Polonaises,MUSIC_VIDEO_TYPE_ATV,212,catalog_or_official_row,0.90
Joe Dassin,Et si tu n'existais pas,530,EJLDd-VOH1U,https://music.youtube.com/watch?v=EJLDd-VOH1U,Joe Dassin,Et si tu n'existais pas,Joe Dassin,MUSIC_VIDEO_TYPE_ATV,207,catalog_or_official_row,0.90
Entropy,A Dystopian Cyberpunk Ambient Journey - Blade Runner Ambient Music for Deep Focus,531,CAj-Bw9yKhg,https://music.youtube.com/watch?v=CAj-Bw9yKhg,Chronoscapes,Entropy - A Dystopian Cyberpunk Ambient Journey - Blade Runner Ambient Music for Deep Focus,,MUSIC_VIDEO_TYPE_UGC,7379,artist_title_dash,0.86
Meshuggah,Ligature Marks,533,23gPkJYoaNM,https://music.youtube.com/watch?v=23gPkJYoaNM,Meshuggah,Ligature Marks,Immutable,MUSIC_VIDEO_TYPE_ATV,314,catalog_or_official_row,0.90
Renato Carosone,Tu Vuò Fa' L'Americano,535,4UAj7-R_zas,https://music.youtube.com/watch?v=4UAj7-R_zas,Renato Carosone,Tu Vuò Fa' L'Americano,Per sempre Renato,MUSIC_VIDEO_TYPE_ATV,179,catalog_or_official_row,0.90
Memories of the Fabricated,Blade Runner Ambient Music | Cyberpunk Ambient Space,539,nO-LzH6NPb4,https://music.youtube.com/watch?v=nO-LzH6NPb4,Chronoscapes,Memories of the Fabricated - Blade Runner Ambient Music | Cyberpunk Ambient Space,,MUSIC_VIDEO_TYPE_UGC,7122,artist_title_dash,0.86
Pastel Ghost,Dark Beach,540,g78_lRoomcE,https://music.youtube.com/watch?v=g78_lRoomcE,Pastel Ghost,Dark Beach,Abyss,MUSIC_VIDEO_TYPE_ATV,222,catalog_or_official_row,0.90
Allan Ariza,Nightmares from the Mist - Dark Ambient Music - Immersive Lovecraftian Horror Atmosphere,541,tvTsUs0n9zw,https://music.youtube.com/watch?v=tvTsUs0n9zw,Allan Ariza,Nightmares from the Mist - Dark Ambient Music - Immersive Lovecraftian Horror Atmosphere,,,3660,catalog_or_official_row,0.78
Oxygen,Dystopian Post Apocalyptic Ambient Music for Focus and Relaxation,542,1Yk9mLpaFPQ,https://music.youtube.com/watch?v=1Yk9mLpaFPQ,Chronoscapes,Oxygen - Dystopian Post Apocalyptic Ambient Music for Focus and Relaxation,,MUSIC_VIDEO_TYPE_UGC,7443,artist_title_dash,0.86
Jeremy Soule; The Elder Scrolls,Secunda,543,VPgZFgOvJDE,https://music.youtube.com/watch?v=VPgZFgOvJDE,Jeremy Soule; The Elder Scrolls,Secunda,The Elder Scrolls V: Skyrim (Original Game Soundtrack),MUSIC_VIDEO_TYPE_ATV,124,catalog_or_official_row,0.90
Trevor Something,The Ghost,544,AGa0kwNBLo0,https://music.youtube.com/watch?v=AGa0kwNBLo0,Trevor Something,The Ghost,Deep Wave Data Dark Web Daemons,MUSIC_VIDEO_TYPE_ATV,243,catalog_or_official_row,0.90
The Doors,The Spy,546,eyjZUR5-tdY,https://music.youtube.com/watch?v=eyjZUR5-tdY,The Doors,The Spy,Morrison Hotel,MUSIC_VIDEO_TYPE_ATV,256,catalog_or_official_row,0.90
Factory,Post Apocalyptic Dark Ambience - Sci Fi Dark Ambient Music,547,rentoNxY6RA,https://music.youtube.com/watch?v=rentoNxY6RA,Eternal Dystopia,Factory - Post Apocalyptic Dark Ambience - Sci Fi Dark Ambient Music,,MUSIC_VIDEO_TYPE_UGC,3601,artist_title_dash,0.86
"Nov 21, 2024",Secret Data Center 7 [ALONE] Dark Ambient Focus Music,548,zE7PhuRxz4I,https://music.youtube.com/watch?v=zE7PhuRxz4I,"Nov 21, 2024",Secret Data Center 7 [ALONE] Dark Ambient Focus Music 4K,,,7208,catalog_or_official_row,0.78
Meshuggah,Obzen,549,bzZbTOhoOfM,https://music.youtube.com/watch?v=bzZbTOhoOfM,Meshuggah,Obzen,ObZen,MUSIC_VIDEO_TYPE_ATV,265,catalog_or_official_row,0.90
Dope,Bitch,550,Q0kdgmRd2vw,https://music.youtube.com/watch?v=Q0kdgmRd2vw,Dope,Bitch,American Apathy,MUSIC_VIDEO_TYPE_ATV,187,catalog_or_official_row,0.90
Dope,Always,551,b8mo2TJFIQ0,https://music.youtube.com/watch?v=b8mo2TJFIQ0,Dope,Always,American Apathy,MUSIC_VIDEO_TYPE_ATV,197,catalog_or_official_row,0.90
Dope,"Die, Bom, Bang, Burn, F***",552,ei_uE29PJmE,https://music.youtube.com/watch?v=ei_uE29PJmE,Dope,"Die, Bom, Bang, Burn, F***",No Regrets,MUSIC_VIDEO_TYPE_ATV,508,catalog_or_official_row,0.90
Static-X,Follow,553,nypJgo-bBc4,https://music.youtube.com/watch?v=nypJgo-bBc4,Static-X,Follow,"Project Regeneration, Vol. 1",MUSIC_VIDEO_TYPE_ATV,189,catalog_or_official_row,0.90
Dope,Slipping Away,554,pQZvDAyr2qw,https://music.youtube.com/watch?v=pQZvDAyr2qw,Dope,Slipping Away,Life,MUSIC_VIDEO_TYPE_ATV,183,catalog_or_official_row,0.90
Dope,I'm Back,555,S-uzJDL7Pdc,https://music.youtube.com/watch?v=S-uzJDL7Pdc,Dope,I'm Back,American Apathy,MUSIC_VIDEO_TYPE_ATV,206,catalog_or_official_row,0.90
Dope,F*ck tha Police [2005 Studio Version],556,J8yTMBHkMnc,https://music.youtube.com/watch?v=J8yTMBHkMnc,Dope,F*ck tha Police [2005 Studio Version],American Apathy,MUSIC_VIDEO_TYPE_ATV,229,catalog_or_official_row,0.90
Dope,Die MF Die,557,JC9jhtuscZ4,https://music.youtube.com/watch?v=JC9jhtuscZ4,Dope,Die MF Die,Life,MUSIC_VIDEO_TYPE_ATV,187,catalog_or_official_row,0.90
Static-X,Bring You Down (Project Regeneration),558,97YZGSRJ6xE,https://music.youtube.com/watch?v=97YZGSRJ6xE,Static-X,Bring You Down (Project Regeneration),"Project Regeneration, Vol. 1",MUSIC_VIDEO_TYPE_ATV,216,catalog_or_official_row,0.90
Static-X,My Destruction,559,eoGh5WRFPGM,https://music.youtube.com/watch?v=eoGh5WRFPGM,Static-X,My Destruction,"Project Regeneration, Vol. 1",MUSIC_VIDEO_TYPE_ATV,210,catalog_or_official_row,0.90
Static-X,Accelerate,560,iHQnmwsV8UQ,https://music.youtube.com/watch?v=iHQnmwsV8UQ,Static-X,Accelerate,"Project Regeneration, Vol. 1",MUSIC_VIDEO_TYPE_ATV,169,catalog_or_official_row,0.90
Bobby Caldwell,What You Won't Do for Love,561,n9DmdAwUbxc,https://music.youtube.com/watch?v=n9DmdAwUbxc,Bobby Caldwell,What You Won't Do for Love,What You Won't Do for Love,MUSIC_VIDEO_TYPE_ATV,287,catalog_or_official_row,0.90
Queen,The Show Must Go On,562,3O0D6MvWFf4,https://music.youtube.com/watch?v=3O0D6MvWFf4,Queen,The Show Must Go On,Greatest Hits II,MUSIC_VIDEO_TYPE_ATV,264,catalog_or_official_row,0.90
Andrea Bocelli,Con te partirò (2016 Version),564,rqE10TnBPGM,https://music.youtube.com/watch?v=rqE10TnBPGM,Andrea Bocelli,Con te partirò (2016 Version),Romanza (20th Anniversary Edition / Deluxe),MUSIC_VIDEO_TYPE_ATV,255,catalog_or_official_row,0.90
Belle,Notre Dame de Paris French & English Lyrics Paroles Play Musical Translation Learn Songs,565,wbZ2KAuNTP8,https://music.youtube.com/watch?v=wbZ2KAuNTP8,Learn Things,Belle - Notre Dame de Paris French & English Lyrics Paroles Play Musical Translation Learn Songs,,MUSIC_VIDEO_TYPE_UGC,287,artist_title_dash,0.86
Pink Floyd,Hey You,567,MN09OQZ2ZoQ,https://music.youtube.com/watch?v=MN09OQZ2ZoQ,Pink Floyd,Hey You,Echoes: The Best of Pink Floyd,MUSIC_VIDEO_TYPE_ATV,280,catalog_or_official_row,0.90
Brian Grey,Smooth Night,568,SUeqJR3WAlg,https://music.youtube.com/watch?v=SUeqJR3WAlg,Brian Grey,Smooth Night,Bittersweet,MUSIC_VIDEO_TYPE_ATV,280,catalog_or_official_row,0.90
The Beatles,Don't Let Me Down (Remastered 2009),569,xk7f6i0CNfs,https://music.youtube.com/watch?v=xk7f6i0CNfs,The Beatles,Don't Let Me Down (Remastered 2009),The Beatles 1967 - 1970,MUSIC_VIDEO_TYPE_ATV,216,catalog_or_official_row,0.90
Mariah Carey,Without You,572,v8H-MXjRB2Y,https://music.youtube.com/watch?v=v8H-MXjRB2Y,Mariah Carey,Without You,Music Box,MUSIC_VIDEO_TYPE_ATV,216,catalog_or_official_row,0.90
Enigma,Fata Morgana,573,f255k51si1o,https://music.youtube.com/watch?v=f255k51si1o,Enigma,Fata Morgana,Seven Lives Many Faces,MUSIC_VIDEO_TYPE_ATV,204,catalog_or_official_row,0.90
Enigma,Invisible Love,574,X_Aygw6fWpY,https://music.youtube.com/watch?v=X_Aygw6fWpY,Enigma,Invisible Love,A Posteriori,MUSIC_VIDEO_TYPE_ATV,296,catalog_or_official_row,0.90
Enigma,Touchness,575,wMo_XlE0DWg,https://music.youtube.com/watch?v=wMo_XlE0DWg,Enigma,Touchness,Seven Lives Many Faces,MUSIC_VIDEO_TYPE_ATV,216,catalog_or_official_row,0.90
Snowy White; The White Flames,Riding the Blues,576,-9Teye6IHYM,https://music.youtube.com/watch?v=-9Teye6IHYM,Snowy White; The White Flames,Riding the Blues,Realistic,MUSIC_VIDEO_TYPE_ATV,227,catalog_or_official_row,0.90
Ulcerate,Further Opening the Wounds,578,CCTbRbEPoB4,https://music.youtube.com/watch?v=CCTbRbEPoB4,Ulcerate,Further Opening the Wounds,Cutting the Throat of God,MUSIC_VIDEO_TYPE_ATV,478,catalog_or_official_row,0.90
Urfaust,Trail of Conscience of the Dead,579,iY_uUmjJJ68,https://music.youtube.com/watch?v=iY_uUmjJJ68,Urfaust,Trail of Conscience of the Dead,The Constellatory Practice,MUSIC_VIDEO_TYPE_ATV,765,catalog_or_official_row,0.90
Killswitch Engage,Unleashed,581,QLNYibN7098,https://music.youtube.com/watch?v=QLNYibN7098,Killswitch Engage,Unleashed,Atonement,MUSIC_VIDEO_TYPE_ATV,276,catalog_or_official_row,0.90
Atakan Teoman,Aria Math (Handpan Version),582,FnPmIrdOkcU,https://music.youtube.com/watch?v=FnPmIrdOkcU,Atakan Teoman,Aria Math (Handpan Version),Aria Math (Handpan Version),MUSIC_VIDEO_TYPE_ATV,305,catalog_or_official_row,0.90
Ulcerate,Transfiguration In and Out of Worlds,583,iPKEcdIbUEE,https://music.youtube.com/watch?v=iPKEcdIbUEE,Ulcerate,Transfiguration In and Out of Worlds,Cutting the Throat of God,MUSIC_VIDEO_TYPE_ATV,513,catalog_or_official_row,0.90
Urfaust,Hypnotisch Bevel - De Daimonische Mensch,584,dHU7aV-cXXE,https://music.youtube.com/watch?v=dHU7aV-cXXE,Urfaust,Hypnotisch Bevel - De Daimonische Mensch,Compilation Of Intoxications,MUSIC_VIDEO_TYPE_ATV,453,catalog_or_official_row,0.90
Montserrat Caballé,Exercises in Free Love (Montserrat Vocal),585,p1AXvGpQMq0,https://music.youtube.com/watch?v=p1AXvGpQMq0,Montserrat Caballé,Exercises in Free Love (Montserrat Vocal),Messenger Of The Gods: The Singles Collection,MUSIC_VIDEO_TYPE_ATV,245,catalog_or_official_row,0.90
Ulcerate,To See Death Just Once,589,pkP4lKEonuk,https://music.youtube.com/watch?v=pkP4lKEonuk,Ulcerate,To See Death Just Once,Cutting the Throat of God,MUSIC_VIDEO_TYPE_ATV,504,catalog_or_official_row,0.90
Ulcerate,To Flow Through Ashen Hearts,590,hO3EH6A-SEE,https://music.youtube.com/watch?v=hO3EH6A-SEE,Ulcerate,To Flow Through Ashen Hearts,Cutting the Throat of God,MUSIC_VIDEO_TYPE_ATV,428,catalog_or_official_row,0.90
Frank Sinatra; Luciano Pavarotti,My Way,591,qkesWsIqP0Y,https://music.youtube.com/watch?v=qkesWsIqP0Y,Frank Sinatra; Luciano Pavarotti,My Way,My Way (50th Anniversary Edition),MUSIC_VIDEO_TYPE_ATV,213,catalog_or_official_row,0.90
Rotting Christ,Devadevam,592,1KJa-8UInos,https://music.youtube.com/watch?v=1KJa-8UInos,Rotting Christ,Devadevam,Rituals,MUSIC_VIDEO_TYPE_ATV,319,catalog_or_official_row,0.90
Ulcerate,Cutting the Throat of God,593,674H5DJ7ECQ,https://music.youtube.com/watch?v=674H5DJ7ECQ,Ulcerate,Cutting the Throat of God,Cutting the Throat of God,MUSIC_VIDEO_TYPE_ATV,523,catalog_or_official_row,0.90
Queen,A Kind Of Magic,594,ETIXhgZWHgg,https://music.youtube.com/watch?v=ETIXhgZWHgg,Queen,A Kind Of Magic,A Kind Of Magic,MUSIC_VIDEO_TYPE_ATV,265,catalog_or_official_row,0.90
Laura Branigan,Self Control,595,Ucmo6hDZRSY,https://music.youtube.com/watch?v=Ucmo6hDZRSY,Laura Branigan,Self Control,Self Control,MUSIC_VIDEO_TYPE_ATV,247,catalog_or_official_row,0.90
Korn,Twist,596,bIIFmhtceDA,https://music.youtube.com/watch?v=bIIFmhtceDA,Korn,Twist,Life Is Peachy,MUSIC_VIDEO_TYPE_ATV,50,catalog_or_official_row,0.90
The HU,Black Thunder (Extended),599,Yndyk2cRjMM,https://music.youtube.com/watch?v=Yndyk2cRjMM,The HU,Black Thunder (Extended),Rumble Of Thunder,MUSIC_VIDEO_TYPE_ATV,540,catalog_or_official_row,0.90
The HU,Sad But True,600,FoaNhkH5rr8,https://music.youtube.com/watch?v=FoaNhkH5rr8,The HU,Sad But True,Sad But True,MUSIC_VIDEO_TYPE_ATV,333,catalog_or_official_row,0.90
The HU,Wolf Totem,601,jpsUPdNthGY,https://music.youtube.com/watch?v=jpsUPdNthGY,The HU,Wolf Totem,The Gereg (Deluxe Edition),MUSIC_VIDEO_TYPE_ATV,338,catalog_or_official_row,0.90
Gennadi Tumat,Sygyt,602,WvpzhQC9ohI,https://music.youtube.com/watch?v=WvpzhQC9ohI,pansdelight,Gennadi Tumat - Sygyt,,MUSIC_VIDEO_TYPE_UGC,189,artist_title_dash,0.86
Tame Impala,Breathe Deeper,606,ucrhTx1hGJQ,https://music.youtube.com/watch?v=ucrhTx1hGJQ,Tame Impala,Breathe Deeper,The Slow Rush,MUSIC_VIDEO_TYPE_ATV,373,catalog_or_official_row,0.90
Static-X,Z28,607,A_vgC4Rk_3A,https://music.youtube.com/watch?v=A_vgC4Rk_3A,Static-X,Z28,Cult of Static,MUSIC_VIDEO_TYPE_ATV,190,catalog_or_official_row,0.90
Static-X,Lunatic,608,eJG-mYkses4,https://music.youtube.com/watch?v=eJG-mYkses4,Static-X,Lunatic,Cult of Static,MUSIC_VIDEO_TYPE_ATV,216,catalog_or_official_row,0.90
Static-X,You Am I,609,fMNgnnjnOsw,https://music.youtube.com/watch?v=fMNgnnjnOsw,Static-X,You Am I,Cult of Static,MUSIC_VIDEO_TYPE_ATV,180,catalog_or_official_row,0.90
Static-X,Skinned,610,8qAIHFZnSws,https://music.youtube.com/watch?v=8qAIHFZnSws,Static-X,Skinned,Cult of Static,MUSIC_VIDEO_TYPE_ATV,214,catalog_or_official_row,0.90
Foreigner,Waiting For A Girl Like You (Live),612,JD-JOa17Feg,https://music.youtube.com/watch?v=JD-JOa17Feg,Foreigner,Waiting For A Girl Like You (Live),Renegades & Juke Box Heroes (Live),MUSIC_VIDEO_TYPE_ATV,341,catalog_or_official_row,0.90
Nextime; Richmnkey,smoky,613,Wq9dXy615jE,https://music.youtube.com/watch?v=Wq9dXy615jE,Nextime; Richmnkey,smoky,smoky,MUSIC_VIDEO_TYPE_ATV,182,catalog_or_official_row,0.90
Deftones,Passenger,614,uTen4lcHVAo,https://music.youtube.com/watch?v=uTen4lcHVAo,Deftones,Passenger,White Pony,MUSIC_VIDEO_TYPE_ATV,369,catalog_or_official_row,0.90
Behemoth,"Alas, Lord Is Upon Me",616,5aQxOpqPyD0,https://music.youtube.com/watch?v=5aQxOpqPyD0,Behemoth,"Alas, Lord Is Upon Me",Evangelion,MUSIC_VIDEO_TYPE_ATV,196,catalog_or_official_row,0.90
Rotting Christ,Les Litanies De Satan (Fleurs Du Mal),618,UAbDfKUWHOw,https://music.youtube.com/watch?v=UAbDfKUWHOw,Rotting Christ,Les Litanies De Satan (Fleurs Du Mal),Rituals,MUSIC_VIDEO_TYPE_ATV,236,catalog_or_official_row,0.90
The Romantics,Talking In Your Sleep (2023 Remaster),621,B4yVmBdXwfw,https://music.youtube.com/watch?v=B4yVmBdXwfw,The Romantics,Talking In Your Sleep (2023 Remaster),In Heat (2023 Remaster),MUSIC_VIDEO_TYPE_ATV,237,catalog_or_official_row,0.90
Adriano Celentano,Amore No,622,G-r9R0-YTBo,https://music.youtube.com/watch?v=G-r9R0-YTBo,Adriano Celentano,Amore No,Collezione D'Oro,MUSIC_VIDEO_TYPE_ATV,314,catalog_or_official_row,0.90
Vaya Con Dios,Nah Neh Nah,623,hPXCwmZd9-o,https://music.youtube.com/watch?v=hPXCwmZd9-o,Vaya Con Dios,Nah Neh Nah,Night Owls,MUSIC_VIDEO_TYPE_ATV,175,catalog_or_official_row,0.90
Behemoth,O Father O Satan O Sun!,624,NfFSl2DUojc,https://music.youtube.com/watch?v=NfFSl2DUojc,Behemoth,O Father O Satan O Sun!,The Satanist,MUSIC_VIDEO_TYPE_ATV,434,catalog_or_official_row,0.90
M8L8TH,Мужество Ведет На Небеса,625,U2qfOmKrQns,https://music.youtube.com/watch?v=U2qfOmKrQns,Bálint88,M8L8TH - Мужество Ведет На Небеса,,MUSIC_VIDEO_TYPE_UGC,328,artist_title_dash,0.86
Daft Punk; Panda Bear,Doin' it Right (feat. Panda Bear),626,wmSkU6R9Zi8,https://music.youtube.com/watch?v=wmSkU6R9Zi8,Daft Punk; Panda Bear,Doin' it Right (feat. Panda Bear),Random Access Memories,MUSIC_VIDEO_TYPE_ATV,252,catalog_or_official_row,0.90
Rotting Christ,"Like Father, Like Son",627,_RpUxaEI8H8,https://music.youtube.com/watch?v=_RpUxaEI8H8,Rotting Christ,"Like Father, Like Son","Like Father, Like Son",MUSIC_VIDEO_TYPE_ATV,276,catalog_or_official_row,0.90
Yot Club,YKWIM?,628,_C9rRLDimfQ,https://music.youtube.com/watch?v=_C9rRLDimfQ,Yot Club,YKWIM?,Bipolar,MUSIC_VIDEO_TYPE_ATV,213,catalog_or_official_row,0.90
Ratatat,Loud Pipes,629,BcoPKWzLjrE,https://music.youtube.com/watch?v=BcoPKWzLjrE,Ratatat,Loud Pipes,Classics,MUSIC_VIDEO_TYPE_ATV,227,catalog_or_official_row,0.90
Thy Art Is Murder,Keres,630,WBOh416nMR0,https://music.youtube.com/watch?v=WBOh416nMR0,Thy Art Is Murder,Keres,Keres,MUSIC_VIDEO_TYPE_ATV,217,catalog_or_official_row,0.90
Enya,May It Be,632,mvwysPNdthM,https://music.youtube.com/watch?v=mvwysPNdthM,Enya,May It Be,The Lord of the Rings: The Fellowship of the Ring (Original Motion Picture Soundtrack),MUSIC_VIDEO_TYPE_ATV,258,catalog_or_official_row,0.90
Tears For Fears,Everybody Wants To Rule The World,633,64dNZCSAe3o,https://music.youtube.com/watch?v=64dNZCSAe3o,Tears For Fears,Everybody Wants To Rule The World,Classic 80's,MUSIC_VIDEO_TYPE_ATV,252,catalog_or_official_row,0.90
Freddie Mercury; Montserrat Caballé,How Can I Go On (Single Version),634,Zp1NTxsPJZc,https://music.youtube.com/watch?v=Zp1NTxsPJZc,Freddie Mercury; Montserrat Caballé,How Can I Go On (Single Version),Messenger Of The Gods: The Singles Collection,MUSIC_VIDEO_TYPE_ATV,243,catalog_or_official_row,0.90
Supertramp,The Logical Song,635,1E5zQcZzJpE,https://music.youtube.com/watch?v=1E5zQcZzJpE,Supertramp,The Logical Song,Retrospectacle - The Supertramp Anthology,MUSIC_VIDEO_TYPE_ATV,249,catalog_or_official_row,0.90
The Hollies,Long Cool Woman (In a Black Dress) (1999 Remaster),636,zqBCGmqgbHU,https://music.youtube.com/watch?v=zqBCGmqgbHU,The Hollies,Long Cool Woman (In a Black Dress) (1999 Remaster),Distant Light (Expanded Edition),MUSIC_VIDEO_TYPE_ATV,200,catalog_or_official_row,0.90
Fleetwood Mac,The Chain (2004 Remaster),638,FhgFtXESdPk,https://music.youtube.com/watch?v=FhgFtXESdPk,Fleetwood Mac,The Chain (2004 Remaster),Rumours,MUSIC_VIDEO_TYPE_ATV,270,catalog_or_official_row,0.90
Daft Punk,Around the World,639,Jb6gcoR266U,https://music.youtube.com/watch?v=Jb6gcoR266U,Daft Punk,Around the World,Homework,MUSIC_VIDEO_TYPE_ATV,430,catalog_or_official_row,0.90
The Weeknd,Save Your Tears,640,tEeK40cjmkw,https://music.youtube.com/watch?v=tEeK40cjmkw,The Weeknd,Save Your Tears,After Hours,MUSIC_VIDEO_TYPE_ATV,216,catalog_or_official_row,0.90
Daft Punk; Pharrell Williams; Nile Rodgers,Get Lucky (feat. Pharrell Williams and Nile Rodgers),641,4D7u5KF7SP8,https://music.youtube.com/watch?v=4D7u5KF7SP8,Daft Punk; Pharrell Williams; Nile Rodgers,Get Lucky (feat. Pharrell Williams and Nile Rodgers),Random Access Memories,MUSIC_VIDEO_TYPE_ATV,370,catalog_or_official_row,0.90
Urfaust,Bloedsacrament Voor De Geestenzieners,643,9tFtRpqWBjY,https://music.youtube.com/watch?v=9tFtRpqWBjY,Urfaust,Bloedsacrament Voor De Geestenzieners,Teufelsgeist,MUSIC_VIDEO_TYPE_ATV,479,catalog_or_official_row,0.90
Urfaust,Scrabreusheden Uit Het Tuchtarsenaal,644,rhBmF0JLA-A,https://music.youtube.com/watch?v=rhBmF0JLA-A,Urfaust,Scrabreusheden Uit Het Tuchtarsenaal,Compilation Of Intoxications,MUSIC_VIDEO_TYPE_ATV,567,catalog_or_official_row,0.90
Urfaust,Die Erste Levitation,645,DgqaSX9hTxY,https://music.youtube.com/watch?v=DgqaSX9hTxY,Urfaust,Die Erste Levitation,Compilation Of Intoxications,MUSIC_VIDEO_TYPE_ATV,308,catalog_or_official_row,0.90
Urfaust,Zelfkastijder,646,p9Wayr74KTE,https://music.youtube.com/watch?v=p9Wayr74KTE,Urfaust,Zelfkastijder,Compilation Of Intoxications,MUSIC_VIDEO_TYPE_ATV,364,catalog_or_official_row,0.90
Kansas,Dust in the Wind,647,9fNrJMkTWEE,https://music.youtube.com/watch?v=9fNrJMkTWEE,Kansas,Dust in the Wind,Point Of Know Return (Expanded Edition),MUSIC_VIDEO_TYPE_ATV,207,catalog_or_official_row,0.90
Urfaust,Verderber,649,8ONDA_KtQO0,https://music.youtube.com/watch?v=8ONDA_KtQO0,Urfaust,Verderber,IX: Einsiedler,MUSIC_VIDEO_TYPE_ATV,411,catalog_or_official_row,0.90
Home,Resonance,652,aBhrEv5Z7uc,https://music.youtube.com/watch?v=aBhrEv5Z7uc,Home,Resonance,Odyssey,MUSIC_VIDEO_TYPE_ATV,213,catalog_or_official_row,0.90
The Drums,Money,653,q5go1dovoeM,https://music.youtube.com/watch?v=q5go1dovoeM,The Drums,Money,Portamento,MUSIC_VIDEO_TYPE_ATV,234,catalog_or_official_row,0.90
Billy Idol,Eyes Without A Face,655,e7U1YZNgwnY,https://music.youtube.com/watch?v=e7U1YZNgwnY,Billy Idol,Eyes Without A Face,Rebel Yell,MUSIC_VIDEO_TYPE_ATV,300,catalog_or_official_row,0.90
Macintosh Plus,海底,656,Yl7ArRaHUQw,https://music.youtube.com/watch?v=Yl7ArRaHUQw,GhostWaveMusic,Macintosh Plus - 海底,,MUSIC_VIDEO_TYPE_UGC,140,artist_title_dash,0.86
lost corp.,Eyes Without A Face,657,MFlP75lMg_0,https://music.youtube.com/watch?v=MFlP75lMg_0,lost corp.,Eyes Without A Face,Sailing Away,MUSIC_VIDEO_TYPE_ATV,382,catalog_or_official_row,0.90
Wolfheart,Born from Fire,658,3Lhe4uYEW2g,https://music.youtube.com/watch?v=3Lhe4uYEW2g,Wolfheart,Born from Fire,Wolves of Karelia,MUSIC_VIDEO_TYPE_ATV,313,catalog_or_official_row,0.90
Roadman Shaq,Feel Ting Inc.,659,DyMY2jbeLEI,https://music.youtube.com/watch?v=DyMY2jbeLEI,Reking Bear,Roadman Shaq - Feel Ting Inc.,,MUSIC_VIDEO_TYPE_UGC,210,artist_title_dash,0.86
Bag Raiders,Shooting Stars,660,mllzzUjMezU,https://music.youtube.com/watch?v=mllzzUjMezU,Bag Raiders,Shooting Stars,Bag Raiders (Deluxe),MUSIC_VIDEO_TYPE_ATV,236,catalog_or_official_row,0.90
Junior Jack,E Samba,661,Ww1WMaeIJks,https://music.youtube.com/watch?v=Ww1WMaeIJks,Junior Jack,E Samba,Trust It,MUSIC_VIDEO_TYPE_ATV,397,catalog_or_official_row,0.90
Billy Idol,Rebel Yell,662,seHlHzYpWBU,https://music.youtube.com/watch?v=seHlHzYpWBU,Billy Idol,Rebel Yell,Rebel Yell,MUSIC_VIDEO_TYPE_ATV,289,catalog_or_official_row,0.90
Stardust,Music Sounds Better With You,667,Hf244LCkkLc,https://music.youtube.com/watch?v=Hf244LCkkLc,Stardust,Music Sounds Better With You,Music Sounds Better With You,MUSIC_VIDEO_TYPE_ATV,404,catalog_or_official_row,0.90
Vales,Warm The Room,668,Riyytm8_5TE,https://music.youtube.com/watch?v=Riyytm8_5TE,Vales,Warm The Room,Warm The Room EP,MUSIC_VIDEO_TYPE_ATV,199,catalog_or_official_row,0.90
Modjo,Lady (Hear Me Tonight),669,MR3uP7IYz44,https://music.youtube.com/watch?v=MR3uP7IYz44,Modjo,Lady (Hear Me Tonight),Modjo,MUSIC_VIDEO_TYPE_ATV,308,catalog_or_official_row,0.90
Paleface Swiss,Nail To The Tooth,670,DAf9q0mGhr0,https://music.youtube.com/watch?v=DAf9q0mGhr0,Paleface Swiss,Nail To The Tooth,Fear & Dagger,MUSIC_VIDEO_TYPE_ATV,220,catalog_or_official_row,0.90
Beach Weather,"Sex, Drugs, Etc.",671,8kXNJWalO14,https://music.youtube.com/watch?v=8kXNJWalO14,Beach Weather,"Sex, Drugs, Etc.",Chit Chat,MUSIC_VIDEO_TYPE_ATV,197,catalog_or_official_row,0.90
Coldplay,Yellow,672,9qnqYL0eNNI,https://music.youtube.com/watch?v=9qnqYL0eNNI,Coldplay,Yellow,Parachutes,MUSIC_VIDEO_TYPE_ATV,267,catalog_or_official_row,0.90
Korn,Rotting In Vain,673,3N6YbsRxTf8,https://music.youtube.com/watch?v=3N6YbsRxTf8,Korn,Rotting In Vain,The Serenity of Suffering,MUSIC_VIDEO_TYPE_ATV,213,catalog_or_official_row,0.90
Rotting Christ,Threnody,674,oUC5fwFBoMk,https://music.youtube.com/watch?v=oUC5fwFBoMk,Rotting Christ,Threnody,Theogonia,MUSIC_VIDEO_TYPE_ATV,319,catalog_or_official_row,0.90
Infant Annihilator,Neutered in Utero,675,L6nGeCAIIuk,https://music.youtube.com/watch?v=L6nGeCAIIuk,Infant Annihilator,Neutered in Utero,The Elysian Grandeval Galèriarch,MUSIC_VIDEO_TYPE_ATV,287,catalog_or_official_row,0.90
Frank Sinatra,It Was A Very Good Year (2008 Remastered),677,TeDfgUvyKHk,https://music.youtube.com/watch?v=TeDfgUvyKHk,Frank Sinatra,It Was A Very Good Year (2008 Remastered),Nothing But The Best (2008 Remastered),MUSIC_VIDEO_TYPE_ATV,267,catalog_or_official_row,0.90
Silent Rhythm,Space Ambient Sleep Music,678,AQzHFSYswr0,https://music.youtube.com/watch?v=AQzHFSYswr0,Silent Rhythm,Space Ambient Sleep Music,Space Ambient Sleep Music,MUSIC_VIDEO_TYPE_ATV,1801,catalog_or_official_row,0.90
Meshuggah,Behind the Sun,679,gGE0PJ0OHrQ,https://music.youtube.com/watch?v=gGE0PJ0OHrQ,Meshuggah,Behind the Sun,Koloss,MUSIC_VIDEO_TYPE_ATV,375,catalog_or_official_row,0.90
Infant Annihilator,Flayed and Consumed (feat. Lucas Mann),680,rmiTpFO-Vis,https://music.youtube.com/watch?v=rmiTpFO-Vis,Infant Annihilator,Flayed and Consumed (feat. Lucas Mann),The Palpable Leprosy of Pollution,MUSIC_VIDEO_TYPE_ATV,173,catalog_or_official_row,0.90
Artie Shaw & His Orchestra,Stardust,681,ggusizL531I,https://music.youtube.com/watch?v=ggusizL531I,Artie Shaw & His Orchestra,Stardust,Begin The Beguine,MUSIC_VIDEO_TYPE_ATV,215,catalog_or_official_row,0.90
Frank Sinatra,My Way Of Life,682,X3r7GD0R56s,https://music.youtube.com/watch?v=X3r7GD0R56s,Frank Sinatra,My Way Of Life,Cycles,MUSIC_VIDEO_TYPE_ATV,188,catalog_or_official_row,0.90
Engelbert Humperdinck,A Man Without Love,683,o0WWaA3oFa4,https://music.youtube.com/watch?v=o0WWaA3oFa4,Engelbert Humperdinck,A Man Without Love,A Man Without Love,MUSIC_VIDEO_TYPE_ATV,204,catalog_or_official_row,0.90
Ben E. King,Stand By Me,684,eJ4i-QbXG54,https://music.youtube.com/watch?v=eJ4i-QbXG54,Ben E. King,Stand By Me,The Very Best of Ben E. King,MUSIC_VIDEO_TYPE_ATV,175,catalog_or_official_row,0.90
Frank Sinatra,The World We Knew (Over And Over),685,dthgRdTf0Ds,https://music.youtube.com/watch?v=dthgRdTf0Ds,Frank Sinatra,The World We Knew (Over And Over),The World We Knew,MUSIC_VIDEO_TYPE_ATV,168,catalog_or_official_row,0.90
Julee Cruise,Falling,686,KkR6Jd0Agi4,https://music.youtube.com/watch?v=KkR6Jd0Agi4,Julee Cruise,Falling,Soundtrack From Twin Peaks,MUSIC_VIDEO_TYPE_ATV,322,catalog_or_official_row,0.90
Mudvayne,Skrying,687,KAsdhAwQefk,https://music.youtube.com/watch?v=KAsdhAwQefk,Mudvayne,Skrying,The End Of All Things To Come,MUSIC_VIDEO_TYPE_ATV,338,catalog_or_official_row,0.90
Mythos,Brazil,689,8SkYNUMGnRA,https://music.youtube.com/watch?v=8SkYNUMGnRA,Mythos,Brazil,Mythos,MUSIC_VIDEO_TYPE_ATV,258,catalog_or_official_row,0.90
HIM,For You,690,wtF58gte6Zo,https://music.youtube.com/watch?v=wtF58gte6Zo,HIM,For You,Greatest Love Songs Vol. 666,MUSIC_VIDEO_TYPE_ATV,239,catalog_or_official_row,0.90
Rammstein,Ohne dich,691,60ZFYYqIzIQ,https://music.youtube.com/watch?v=60ZFYYqIzIQ,Rammstein,Ohne dich,"Reise, Reise",MUSIC_VIDEO_TYPE_ATV,272,catalog_or_official_row,0.90
Deftones,Change (In the House of Flies),693,hzRltUL5M3k,https://music.youtube.com/watch?v=hzRltUL5M3k,Deftones,Change (In the House of Flies),White Pony,MUSIC_VIDEO_TYPE_ATV,300,catalog_or_official_row,0.90
Bon Jovi,I'll Be There For You,694,fhnfcHSPrfw,https://music.youtube.com/watch?v=fhnfcHSPrfw,Bon Jovi,I'll Be There For You,New Jersey,MUSIC_VIDEO_TYPE_ATV,347,catalog_or_official_row,0.90
Cutting Crew,(I Just) Died In Your Arms,695,2wf-MNzSbpA,https://music.youtube.com/watch?v=2wf-MNzSbpA,Cutting Crew,(I Just) Died In Your Arms,Broadcast,MUSIC_VIDEO_TYPE_ATV,281,catalog_or_official_row,0.90
HIM,Wicked game,699,aMHhkiPPnXE,https://music.youtube.com/watch?v=aMHhkiPPnXE,HIM,Wicked game,Razorblade Romance,MUSIC_VIDEO_TYPE_ATV,245,catalog_or_official_row,0.90
Meshuggah,The Abysmal Eye,701,_7XHQ09C_6I,https://music.youtube.com/watch?v=_7XHQ09C_6I,Meshuggah,The Abysmal Eye,Immutable,MUSIC_VIDEO_TYPE_ATV,296,catalog_or_official_row,0.90
ABBA,Dancing Queen,704,YkLLcIKhJ64,https://music.youtube.com/watch?v=YkLLcIKhJ64,ABBA,Dancing Queen,Arrival,MUSIC_VIDEO_TYPE_ATV,231,catalog_or_official_row,0.90
Foreigner,Cold as Ice (2008 Remaster),705,SdOFadTTV_8,https://music.youtube.com/watch?v=SdOFadTTV_8,Foreigner,Cold as Ice (2008 Remaster),No End in Sight: The Very Best of Foreigner,MUSIC_VIDEO_TYPE_ATV,201,catalog_or_official_row,0.90
Aerosmith,"I Don't Want To Miss A Thing (From ""Armageddon"" Soundtrack)",706,6_uYSLZizy0,https://music.youtube.com/watch?v=6_uYSLZizy0,Aerosmith,"I Don't Want To Miss A Thing (From ""Armageddon"" Soundtrack)",I Don't Want To Miss A Thing,MUSIC_VIDEO_TYPE_ATV,300,catalog_or_official_row,0.90
Journey,Don't Stop Believin,709,oZHJP14BVRs,https://music.youtube.com/watch?v=oZHJP14BVRs,Journey,Don't Stop Believin',BBQ Classics,MUSIC_VIDEO_TYPE_ATV,250,catalog_or_official_row,0.90
Foreigner,Cold as Ice,710,a0T4nyB9k88,https://music.youtube.com/watch?v=a0T4nyB9k88,Foreigner,Cold as Ice,Foreigner (Expanded),MUSIC_VIDEO_TYPE_ATV,204,catalog_or_official_row,0.90
Ghost,The Future Is A Foreign Land,711,ldpeB6yD6r0,https://music.youtube.com/watch?v=ldpeB6yD6r0,Ghost,The Future Is A Foreign Land,Rite Here Rite Now (Original Motion Picture Soundtrack),MUSIC_VIDEO_TYPE_ATV,226,catalog_or_official_row,0.90
Infant Annihilator,"Baptised, Bastardised, Sodomised.",714,g_HTpeC2tW4,https://music.youtube.com/watch?v=g_HTpeC2tW4,Infant Annihilator,"Baptised, Bastardised, Sodomised.",The Elysian Grandeval Galèriarch,MUSIC_VIDEO_TYPE_ATV,264,catalog_or_official_row,0.90
Gojira,Oroborus,719,BfDaJREgrw0,https://music.youtube.com/watch?v=BfDaJREgrw0,Gojira,Oroborus,The Way of All Flesh,MUSIC_VIDEO_TYPE_ATV,322,catalog_or_official_row,0.90
Arctic Monkeys,Do I Wanna Know?,720,pqrUQrAcfo4,https://music.youtube.com/watch?v=pqrUQrAcfo4,Arctic Monkeys,Do I Wanna Know?,AM,MUSIC_VIDEO_TYPE_ATV,273,catalog_or_official_row,0.90
Genesis,That's All (2007 Remaster),724,0X0EsVa7YvY,https://music.youtube.com/watch?v=0X0EsVa7YvY,Genesis,That's All (2007 Remaster),Genesis (2007 Remaster),MUSIC_VIDEO_TYPE_ATV,265,catalog_or_official_row,0.90
Men At Work,Who Can It Be Now?,725,Lc1Ll-euRSg,https://music.youtube.com/watch?v=Lc1Ll-euRSg,Men At Work,Who Can It Be Now?,Business As Usual,MUSIC_VIDEO_TYPE_ATV,202,catalog_or_official_row,0.90
Static-X,Behemoth,726,YoBuNm8vdEs,https://music.youtube.com/watch?v=YoBuNm8vdEs,Static-X,Behemoth,Cannibal,MUSIC_VIDEO_TYPE_ATV,181,catalog_or_official_row,0.90
Foster the People,Pumped Up Kicks But It's the Drake and Josh Theme Song,730,tzwXFGssmzo,https://music.youtube.com/watch?v=tzwXFGssmzo,William Maranci Mashups,Foster the People - Pumped Up Kicks But It's the Drake and Josh Theme Song,,MUSIC_VIDEO_TYPE_UGC,183,artist_title_dash,0.86
Yaakov Shwekey,רחם,731,xxfKbIoy2_g,https://music.youtube.com/watch?v=xxfKbIoy2_g,Yaakov Shwekey,רחם,,MUSIC_VIDEO_TYPE_OMV,330,catalog_or_official_row,0.78
Shulem,Uvyom HaShabbos,732,rF2l2mtfufg,https://music.youtube.com/watch?v=rF2l2mtfufg,Shulem,Uvyom HaShabbos - Shulem Lemmer ft. Sababa and The Shira Choir | וביום השבת - שלום למר עם סבבה ושירה,,MUSIC_VIDEO_TYPE_OMV,278,title_prefixed_with_known_artist,0.92
C418,Aria Math,733,maWHojZTnTg,https://music.youtube.com/watch?v=maWHojZTnTg,C418,Aria Math,Minecraft - Volume Beta,MUSIC_VIDEO_TYPE_ATV,310,catalog_or_official_row,0.90
деформация души,дай денег,736,6ECkuppjECg,https://music.youtube.com/watch?v=6ECkuppjECg,ruslan 2k13 aka sergey fedorivich,деформация души - дай денег,,MUSIC_VIDEO_TYPE_UGC,91,artist_title_dash,0.86
DJ Cummerbund,Animal Wonderland,737,Y4FC0pUHAmI,https://music.youtube.com/watch?v=Y4FC0pUHAmI,DJ Cummerbund,DJ Cummerbund - Animal Wonderland,,MUSIC_VIDEO_TYPE_UGC,291,title_prefixed_with_known_artist,0.92
Tame Impala,Is It True,739,JbKr2jRN3rQ,https://music.youtube.com/watch?v=JbKr2jRN3rQ,Tame Impala,Is It True,The Slow Rush,MUSIC_VIDEO_TYPE_ATV,240,catalog_or_official_row,0.90
Tame Impala,Let It Happen,741,NMRhx71bGo4,https://music.youtube.com/watch?v=NMRhx71bGo4,Tame Impala,Let It Happen,Currents,MUSIC_VIDEO_TYPE_ATV,468,catalog_or_official_row,0.90
The Stranglers,Golden Brown,742,UZJFFStQemI,https://music.youtube.com/watch?v=UZJFFStQemI,The Stranglers,Golden Brown,La Folie,MUSIC_VIDEO_TYPE_ATV,207,catalog_or_official_row,0.90
"Slipknot and Evelyn ""Champagne"" King",Shame-ality,745,AJmQbz0uy_c,https://music.youtube.com/watch?v=AJmQbz0uy_c,Bill McClintock,"Slipknot and Evelyn ""Champagne"" King - ""Shame-ality""",,MUSIC_VIDEO_TYPE_UGC,216,artist_title_dash,0.86
Los Disturbados,Stuparena,746,A_SaCZbENZk,https://music.youtube.com/watch?v=A_SaCZbENZk,Bill McClintock,"Los Disturbados - ""Stuparena""",,MUSIC_VIDEO_TYPE_UGC,230,artist_title_dash,0.86
Bill McClintock,"Spiceknot - ""If You Wanna Breathe My Sulfur",747,pm08v69vG10,https://music.youtube.com/watch?v=pm08v69vG10,Bill McClintock,"Spiceknot - ""If You Wanna Breathe My Sulfur""",,MUSIC_VIDEO_TYPE_OMV,214,catalog_or_official_row,0.78
Rick James Dio,Holy Mary Jane,748,T_A6XC_EG4A,https://music.youtube.com/watch?v=T_A6XC_EG4A,Bill McClintock,"Rick James Dio - ""Holy Mary Jane""",,MUSIC_VIDEO_TYPE_UGC,264,artist_title_dash,0.86
Bill McClintock,"Mentallica - ""Land Down One-der",749,HJIIGpuuuYQ,https://music.youtube.com/watch?v=HJIIGpuuuYQ,Bill McClintock,"Mentallica - ""Land Down One-der""",,MUSIC_VIDEO_TYPE_OMV,263,catalog_or_official_row,0.78
Bill McClintock,Bob Marleykorn - “Could You Be a Freak on a Leash”,750,XgIu2xcIJ6w,https://music.youtube.com/watch?v=XgIu2xcIJ6w,Bill McClintock,Bob Marleykorn - “Could You Be a Freak on a Leash”,,MUSIC_VIDEO_TYPE_OMV,238,catalog_or_official_row,0.78
DJ Cummerbund,Time Marches On (For Carol The Bell Tolls),751,jwy4_je9bdQ,https://music.youtube.com/watch?v=jwy4_je9bdQ,DJ Cummerbund,DJ Cummerbund - Time Marches On (For Carol The Bell Tolls),,MUSIC_VIDEO_TYPE_UGC,215,title_prefixed_with_known_artist,0.92
DJ Cummerbund,I Believe In A Pony,752,K4KN_KqxMOQ,https://music.youtube.com/watch?v=K4KN_KqxMOQ,DJ Cummerbund,DJ Cummerbund - I Believe In A Pony,,MUSIC_VIDEO_TYPE_UGC,261,title_prefixed_with_known_artist,0.92
DJ Cummerbund,Pretty Fly For Rasputin,753,KbWug0sFAJQ,https://music.youtube.com/watch?v=KbWug0sFAJQ,DJ Cummerbund,DJ Cummerbund - Pretty Fly For Rasputin,,MUSIC_VIDEO_TYPE_UGC,229,title_prefixed_with_known_artist,0.92
DJ Cummerbund,That Which I Desire,754,nfVCoD6909g,https://music.youtube.com/watch?v=nfVCoD6909g,DJ Cummerbund,DJ Cummerbund - That Which I Desire,,MUSIC_VIDEO_TYPE_UGC,276,title_prefixed_with_known_artist,0.92
DJ Cummerbund,The Sound of Smash Mouth,755,jJnK9EhiXQw,https://music.youtube.com/watch?v=jJnK9EhiXQw,DJ Cummerbund,DJ Cummerbund - The Sound of Smash Mouth,,MUSIC_VIDEO_TYPE_UGC,237,title_prefixed_with_known_artist,0.92
Dreaming Cooper,Crystal Cave,756,hK6mpUXTIGE,https://music.youtube.com/watch?v=hK6mpUXTIGE,Dreaming Cooper,Crystal Cave,Mysterious Places,MUSIC_VIDEO_TYPE_ATV,453,catalog_or_official_row,0.90
Pink Floyd,Welcome to the Machine,757,mPhlkHaVkkg,https://music.youtube.com/watch?v=mPhlkHaVkkg,Pink Floyd,Welcome to the Machine,Wish You Were Here 50,MUSIC_VIDEO_TYPE_ATV,451,catalog_or_official_row,0.90
Uriah Heep,Lady in Black (Alternate Version),758,YAK-o_Sq-qA,https://music.youtube.com/watch?v=YAK-o_Sq-qA,Uriah Heep,Lady in Black (Alternate Version),Salisbury (Expanded Version),MUSIC_VIDEO_TYPE_ATV,212,catalog_or_official_row,0.90
Cream,Sunshine Of Your Love,759,y_u1eu6Lpds,https://music.youtube.com/watch?v=y_u1eu6Lpds,Cream,Sunshine Of Your Love,Disraeli Gears (Deluxe Edition),MUSIC_VIDEO_TYPE_ATV,251,catalog_or_official_row,0.90
Thy Art Is Murder,Whore to a Chainsaw,760,McF8U-y01Wk,https://music.youtube.com/watch?v=McF8U-y01Wk,Thy Art Is Murder,Whore to a Chainsaw,Infinite Death,MUSIC_VIDEO_TYPE_ATV,201,catalog_or_official_row,0.90
E-Mantra,Silence,761,6rTcdOeedSg,https://music.youtube.com/watch?v=6rTcdOeedSg,E-Mantra,Silence,Silence,MUSIC_VIDEO_TYPE_ATV,345,catalog_or_official_row,0.90
Shaman's Dream; Poranguí; Eric Zang,Cedar Moon (feat. Geometrae),762,LDnNBmbEme0,https://music.youtube.com/watch?v=LDnNBmbEme0,Shaman's Dream; Poranguí; Eric Zang,Cedar Moon (feat. Geometrae),Cedar Moon,MUSIC_VIDEO_TYPE_ATV,328,catalog_or_official_row,0.90
Foreigner,That Was Yesterday,763,nrqPZFNrqCA,https://music.youtube.com/watch?v=nrqPZFNrqCA,Foreigner,That Was Yesterday,Agent Provocateur,MUSIC_VIDEO_TYPE_ATV,230,catalog_or_official_row,0.90
Dojo Cuts,I'd Rather Go Blind (feat. Roxie Ray),764,xEyqEIYJnYk,https://music.youtube.com/watch?v=xEyqEIYJnYk,Dojo Cuts,I'd Rather Go Blind (feat. Roxie Ray),Take from Me (feat. Roxie Ray),MUSIC_VIDEO_TYPE_ATV,187,catalog_or_official_row,0.90
Amy Winehouse,Back To Black,765,rbBbQ-jldvQ,https://music.youtube.com/watch?v=rbBbQ-jldvQ,Amy Winehouse,Back To Black,Back To Black,MUSIC_VIDEO_TYPE_ATV,241,catalog_or_official_row,0.90
Kings Of Leon,Sex on Fire,766,EOjm4SEDMu8,https://music.youtube.com/watch?v=EOjm4SEDMu8,Kings Of Leon,Sex on Fire,Only By The Night,MUSIC_VIDEO_TYPE_ATV,204,catalog_or_official_row,0.90
Amy Winehouse,You Know I'm No Good,767,Pr3g9TPPuH4,https://music.youtube.com/watch?v=Pr3g9TPPuH4,Amy Winehouse,You Know I'm No Good,Back To Black,MUSIC_VIDEO_TYPE_ATV,257,catalog_or_official_row,0.90
System Of A Down,Lonely Day,769,Jc6-WXt5iKA,https://music.youtube.com/watch?v=Jc6-WXt5iKA,System Of A Down,Lonely Day,Lonely Day,MUSIC_VIDEO_TYPE_ATV,169,catalog_or_official_row,0.90
HIM,Enjoy the Silence,770,tQYzBm8J4M4,https://music.youtube.com/watch?v=tQYzBm8J4M4,Safari Prod,HIM- Enjoy the Silence (Music Video),,MUSIC_VIDEO_TYPE_UGC,257,ambiguous_ugc_uploader,1.00
Hideki Taniuchi,Shinigamikai B,771,hlM8jL40xWc,https://music.youtube.com/watch?v=hlM8jL40xWc,Hideki Taniuchi,Shinigamikai B,DEATH NOTE Original Soundtrack Ⅱ,MUSIC_VIDEO_TYPE_ATV,153,catalog_or_official_row,0.90
Hideki Taniuchi,Melo,772,dFCz1hG6ikA,https://music.youtube.com/watch?v=dFCz1hG6ikA,Hideki Taniuchi,Melo,DEATH NOTE Original Soundtrack Ⅲ,MUSIC_VIDEO_TYPE_ATV,114,catalog_or_official_row,0.90
Hideki Taniuchi,L no Kako,773,dQSG381pNWo,https://music.youtube.com/watch?v=dQSG381pNWo,Hideki Taniuchi,L no Kako,DEATH NOTE Original Soundtrack Ⅲ,MUSIC_VIDEO_TYPE_ATV,123,catalog_or_official_row,0.90
Hideki Taniuchi,Tokuso,774,idXL5x6RtEQ,https://music.youtube.com/watch?v=idXL5x6RtEQ,Hideki Taniuchi,Tokuso,DEATH NOTE Original Soundtrack,MUSIC_VIDEO_TYPE_ATV,186,catalog_or_official_row,0.90
Hideki Taniuchi,Shinigamikai,775,joOLTDC9clo,https://music.youtube.com/watch?v=joOLTDC9clo,Hideki Taniuchi,Shinigamikai,DEATH NOTE Original Soundtrack,MUSIC_VIDEO_TYPE_ATV,206,catalog_or_official_row,0.90
Hideki Taniuchi,Light no Theme,776,srDmw7kSjik,https://music.youtube.com/watch?v=srDmw7kSjik,Hideki Taniuchi,Light no Theme,DEATH NOTE Original Soundtrack,MUSIC_VIDEO_TYPE_ATV,204,catalog_or_official_row,0.90
LP,Lost on You,777,yC83sb4PMLQ,https://music.youtube.com/watch?v=yC83sb4PMLQ,LP,Lost on You,Lost on You,MUSIC_VIDEO_TYPE_ATV,268,catalog_or_official_row,0.90
A Great Big World,Say Something,778,KHIMIa5Lzxk,https://music.youtube.com/watch?v=KHIMIa5Lzxk,A Great Big World,Say Something,Say Something,MUSIC_VIDEO_TYPE_ATV,233,catalog_or_official_row,0.90
Sam Smith,I'm Not The Only One,779,67ibXO8viXE,https://music.youtube.com/watch?v=67ibXO8viXE,Sam Smith,I'm Not The Only One,In The Lonely Hour,MUSIC_VIDEO_TYPE_ATV,240,catalog_or_official_row,0.90
Cigarettes After Sex,Sunsetz,780,eVRbaYq5Aw4,https://music.youtube.com/watch?v=eVRbaYq5Aw4,Cigarettes After Sex,Sunsetz,Cigarettes After Sex,MUSIC_VIDEO_TYPE_ATV,215,catalog_or_official_row,0.90
Stephen Sanchez,Until I Found You,781,znvky0Uq8qc,https://music.youtube.com/watch?v=znvky0Uq8qc,Stephen Sanchez,Until I Found You,Easy On My Eyes,MUSIC_VIDEO_TYPE_ATV,177,catalog_or_official_row,0.90
Foreigner,Waiting for a Girl Like You,782,jyQoJZ7-iac,https://music.youtube.com/watch?v=jyQoJZ7-iac,Foreigner,Waiting for a Girl Like You,Soft Summer Rock,MUSIC_VIDEO_TYPE_ATV,290,catalog_or_official_row,0.90
Океан Ельзи,Обійми,783,8wWrzr3_46Y,https://music.youtube.com/watch?v=8wWrzr3_46Y,Океан Ельзи,Обійми,Земля,MUSIC_VIDEO_TYPE_ATV,225,catalog_or_official_row,0.90
Twelve Titans Music,Ten Thousand Times Before,784,K_IOd7IUglY,https://music.youtube.com/watch?v=K_IOd7IUglY,Twelve Titans Music,Ten Thousand Times Before,Ascend the Starless Sky,MUSIC_VIDEO_TYPE_ATV,228,catalog_or_official_row,0.90
Bloodbath,Chainsaw Lullaby,785,04U4GjeuUIg,https://music.youtube.com/watch?v=04U4GjeuUIg,Bloodbath,Chainsaw Lullaby,The Arrow of Satan is Drawn,MUSIC_VIDEO_TYPE_ATV,200,catalog_or_official_row,0.90
Rivers of Nihil,Capricorn / Agoratopia,786,2pjeaFlB-Jo,https://music.youtube.com/watch?v=2pjeaFlB-Jo,Rivers of Nihil,Capricorn / Agoratopia,Where Owls Know My Name,MUSIC_VIDEO_TYPE_ATV,471,catalog_or_official_row,0.90
Frank Sinatra,Strangers In The Night,787,BTOeRwIUnG0,https://music.youtube.com/watch?v=BTOeRwIUnG0,Frank Sinatra,Strangers In The Night,Strangers In The Night (Expanded Edition),MUSIC_VIDEO_TYPE_ATV,158,catalog_or_official_row,0.90
БумБокс,Тримай мене (feat. The Gitas),788,UmJApFVLWZ0,https://music.youtube.com/watch?v=UmJApFVLWZ0,БумБокс,Тримай мене (feat. The Gitas),Таємний код Рубікон Частина 1,MUSIC_VIDEO_TYPE_ATV,275,catalog_or_official_row,0.90
Pianoбой,Кохання,789,TuF-1TbV6Mw,https://music.youtube.com/watch?v=TuF-1TbV6Mw,Pianoбой,Кохання,The Best Of,MUSIC_VIDEO_TYPE_ATV,219,catalog_or_official_row,0.90
Macintosh Plus,ライブラリ,790,8ZsDsjO6Knc,https://music.youtube.com/watch?v=8ZsDsjO6Knc,Macintosh Plus,ライブラリ,Floral Shoppe,MUSIC_VIDEO_TYPE_ATV,164,catalog_or_official_row,0.90
Macintosh Plus,リサフランク420 - 現代のコンピュー,791,ZyH5EjuDLx8,https://music.youtube.com/watch?v=ZyH5EjuDLx8,Macintosh Plus,リサフランク420 - 現代のコンピュー,Floral Shoppe,MUSIC_VIDEO_TYPE_ATV,441,catalog_or_official_row,0.90
Macintosh Plus,ブート,792,xDVKyHvi65s,https://music.youtube.com/watch?v=xDVKyHvi65s,Macintosh Plus,ブート,Floral Shoppe,MUSIC_VIDEO_TYPE_ATV,205,catalog_or_official_row,0.90
Godsmack,Serenity,793,GxAvNgOVQNE,https://music.youtube.com/watch?v=GxAvNgOVQNE,Godsmack,Serenity,Faceless,MUSIC_VIDEO_TYPE_ATV,275,catalog_or_official_row,0.90
Foreigner,Starrider,796,UNkwrKjYUmo,https://music.youtube.com/watch?v=UNkwrKjYUmo,Foreigner,Starrider,Foreigner (Expanded),MUSIC_VIDEO_TYPE_ATV,243,catalog_or_official_row,0.90
Rag'n'Bone Man,Human,797,52vehHn8KfQ,https://music.youtube.com/watch?v=52vehHn8KfQ,Rag'n'Bone Man,Human,Human,MUSIC_VIDEO_TYPE_ATV,200,catalog_or_official_row,0.90
Aethyrien,Árásaust,798,xzxK9eAEDZY,https://music.youtube.com/watch?v=xzxK9eAEDZY,Aethyrien,Árásaust,Árásaust,MUSIC_VIDEO_TYPE_ATV,220,catalog_or_official_row,0.90
Adele,Hello,800,Ei8UnOPJX7w,https://music.youtube.com/watch?v=Ei8UnOPJX7w,Adele,Hello,25,MUSIC_VIDEO_TYPE_ATV,296,catalog_or_official_row,0.90
Conchita performs Rise Like a Phoenix,Sydney Opera House,801,P7TKoQ6nwiI,https://music.youtube.com/watch?v=P7TKoQ6nwiI,Sydney Symphony Orchestra,Conchita performs Rise Like a Phoenix - Sydney Opera House,,MUSIC_VIDEO_TYPE_UGC,272,artist_title_dash,0.86
Conchita Wurst,Pure,802,dS3Y4_H87OM,https://music.youtube.com/watch?v=dS3Y4_H87OM,Conchita Wurst,Pure,Conchita,MUSIC_VIDEO_TYPE_ATV,238,catalog_or_official_row,0.90
Conchita Wurst,Firestorm,803,jUJ9-BUg9s4,https://music.youtube.com/watch?v=jUJ9-BUg9s4,Conchita Wurst,Firestorm,Conchita,MUSIC_VIDEO_TYPE_ATV,224,catalog_or_official_row,0.90
Conchita Wurst,Colours of Your Love,804,UmCiX3PsBZs,https://music.youtube.com/watch?v=UmCiX3PsBZs,Conchita Wurst,Colours of Your Love,Conchita,MUSIC_VIDEO_TYPE_ATV,213,catalog_or_official_row,0.90
Clawfinger,Nigger,805,Ln8dxzCkACg,https://music.youtube.com/watch?v=Ln8dxzCkACg,Clawfinger,Nigger,Deaf Dumb Blind,MUSIC_VIDEO_TYPE_ATV,228,catalog_or_official_row,0.90
Ghost,It's A Sin,807,bZdtY84zzXw,https://music.youtube.com/watch?v=bZdtY84zzXw,Ghost,It's A Sin,It's A Sin,MUSIC_VIDEO_TYPE_ATV,281,catalog_or_official_row,0.90
Ghost,Kaisarion,808,yt40jLz7TeQ,https://music.youtube.com/watch?v=yt40jLz7TeQ,Ghost,Kaisarion,IMPERA,MUSIC_VIDEO_TYPE_ATV,303,catalog_or_official_row,0.90
"Хор "" София","П.Гончаров: "" Кресту Твоему",809,pgvelTw51AI,https://music.youtube.com/watch?v=pgvelTw51AI,Yuriy Panytsia (PanyaRecords),"Хор "" София "" - П.Гончаров: "" Кресту Твоему """,,MUSIC_VIDEO_TYPE_UGC,180,artist_title_dash,0.86
Deftones,Cherry Waves,810,jtBmowJLc94,https://music.youtube.com/watch?v=jtBmowJLc94,Deftones,Cherry Waves,Saturday Night Wrist,MUSIC_VIDEO_TYPE_ATV,318,catalog_or_official_row,0.90
Rivers of Nihil,The Silent Life,811,Ya-w5Qx1tzc,https://music.youtube.com/watch?v=Ya-w5Qx1tzc,Rivers of Nihil,The Silent Life,Where Owls Know My Name,MUSIC_VIDEO_TYPE_ATV,395,catalog_or_official_row,0.90
Aethyrien,Valkyrja,812,veEYWN5PuRw,https://music.youtube.com/watch?v=veEYWN5PuRw,Aethyrien,Valkyrja,Valkyrja,MUSIC_VIDEO_TYPE_ATV,173,catalog_or_official_row,0.90
Lil Peep; XXXTENTACION,Falling Down (Bonus Track),814,DmhdcDQt7Dk,https://music.youtube.com/watch?v=DmhdcDQt7Dk,Lil Peep; XXXTENTACION,Falling Down (Bonus Track),"Come Over When You're Sober, Pt. 2",MUSIC_VIDEO_TYPE_ATV,197,catalog_or_official_row,0.90
Mawang,Kasih Sayang Kepada Orang Tua,815,_l13E-Yb6NM,https://music.youtube.com/watch?v=_l13E-Yb6NM,Mawang,Kasih Sayang Kepada Orang Tua,,MUSIC_VIDEO_TYPE_OMV,251,catalog_or_official_row,0.78
Aethyrien,Wanderer,816,E9vf2hjWZJE,https://music.youtube.com/watch?v=E9vf2hjWZJE,Aethyrien,Wanderer,Wanderer,MUSIC_VIDEO_TYPE_ATV,298,catalog_or_official_row,0.90
Aethyrien,Open The Gates,817,Jh_V2y2ioPM,https://music.youtube.com/watch?v=Jh_V2y2ioPM,Aethyrien,Open The Gates,Open The Gates,MUSIC_VIDEO_TYPE_ATV,163,catalog_or_official_row,0.90
Urfaust,Meditatum IV,820,BcknjjGcFOM,https://music.youtube.com/watch?v=BcknjjGcFOM,Urfaust,Meditatum IV,Empty Space Meditation,MUSIC_VIDEO_TYPE_ATV,536,catalog_or_official_row,0.90
Led Zeppelin,Heartbreaker (Remaster),821,0hdQi2_HzAc,https://music.youtube.com/watch?v=0hdQi2_HzAc,Led Zeppelin,Heartbreaker (Remaster),Led Zeppelin II (Deluxe Edition),MUSIC_VIDEO_TYPE_ATV,255,catalog_or_official_row,0.90
The Doors,You're Lost Little Girl,823,ZuWqrBaq9xE,https://music.youtube.com/watch?v=ZuWqrBaq9xE,The Doors,You're Lost Little Girl,Strange Days,MUSIC_VIDEO_TYPE_ATV,181,catalog_or_official_row,0.90
The Doors,Spanish Caravan,824,6zrwCjjUqs0,https://music.youtube.com/watch?v=6zrwCjjUqs0,The Doors,Spanish Caravan,Waiting for the Sun,MUSIC_VIDEO_TYPE_ATV,179,catalog_or_official_row,0.90
The Doors,Alabama Song (Whisky Bar),825,nbtEkZIvMAg,https://music.youtube.com/watch?v=nbtEkZIvMAg,The Doors,Alabama Song (Whisky Bar),The Doors,MUSIC_VIDEO_TYPE_ATV,198,catalog_or_official_row,0.90
Aethyrien,Berserkr (The Henbane Experience),826,8uWiraV_JHg,https://music.youtube.com/watch?v=8uWiraV_JHg,Aethyrien,Berserkr (The Henbane Experience),Berserkr (The Henbane Experience),MUSIC_VIDEO_TYPE_ATV,368,catalog_or_official_row,0.90
Foreigner,I Want to Know What Love Is,827,QM3gB1n0Jhs,https://music.youtube.com/watch?v=QM3gB1n0Jhs,Foreigner,I Want to Know What Love Is,Feels Like The First Time,MUSIC_VIDEO_TYPE_ATV,286,catalog_or_official_row,0.90
Ensemble Rukovet,Litany of Supplication,828,nVL2G0alK8s,https://music.youtube.com/watch?v=nVL2G0alK8s,Ensemble Rukovet,Litany of Supplication,Agios o Theos - Ancient Orthodox Chants from Serbia,MUSIC_VIDEO_TYPE_ATV,237,catalog_or_official_row,0.90
Roman Hurko,Litany of Supplication - Litany for the Gifts,829,EhsrfnXU6qo,https://music.youtube.com/watch?v=EhsrfnXU6qo,Roman Hurko,Litany of Supplication - Litany for the Gifts,Liturgy No. 3 - English (The Divine Liturgy of St. John Chrysostom),MUSIC_VIDEO_TYPE_ATV,75,catalog_or_official_row,0.90
St. Symeon Orthodox Church,Litany of Supplication,830,XRDDFyT5Ifs,https://music.youtube.com/watch?v=XRDDFyT5Ifs,St. Symeon Orthodox Church,Litany of Supplication,Paraklysis,MUSIC_VIDEO_TYPE_ATV,151,catalog_or_official_row,0.90
Choir of the Monks of Chevetogne,Litany of Supplication,831,y9wWlxrt1zE,https://music.youtube.com/watch?v=y9wWlxrt1zE,Choir of the Monks of Chevetogne,Litany of Supplication,Easter,MUSIC_VIDEO_TYPE_ATV,255,catalog_or_official_row,0.90
Roman Hurko,The Great Litany,832,4uZi4fx_y2A,https://music.youtube.com/watch?v=4uZi4fx_y2A,Roman Hurko,The Great Litany,Vespers,MUSIC_VIDEO_TYPE_ATV,240,catalog_or_official_row,0.90
Roman Hurko,Litany of Supplication,833,Qp_cxc9oXwg,https://music.youtube.com/watch?v=Qp_cxc9oXwg,Roman Hurko,Litany of Supplication,Liturgy No. 3 - English (The Divine Liturgy of St. John Chrysostom),MUSIC_VIDEO_TYPE_ATV,141,catalog_or_official_row,0.90
Академічна чоловіча хорова капела ім. Л.Ревуцького,Хресту твоєму,834,rJRkYOeTycI,https://music.youtube.com/watch?v=rJRkYOeTycI,1nn234,Хресту твоєму (Український православний піснеспів),,MUSIC_VIDEO_TYPE_UGC,226,ambiguous_ugc_uploader,1.00
Roy Orbison,"Oh, Pretty Woman",837,PrTTUGQtz-c,https://music.youtube.com/watch?v=PrTTUGQtz-c,Roy Orbison,"Oh, Pretty Woman",The Soul of Rock And Roll,MUSIC_VIDEO_TYPE_ATV,183,catalog_or_official_row,0.90
Eagles,"Hotel California (Live On MTV, 1994)",838,X7usA3YouKw,https://music.youtube.com/watch?v=X7usA3YouKw,Eagles,"Hotel California (Live On MTV, 1994)",Hell Freezes Over (Remaster 2018),MUSIC_VIDEO_TYPE_ATV,433,catalog_or_official_row,0.90
Adele,Rumour Has It,839,C1G3jmtoOfk,https://music.youtube.com/watch?v=C1G3jmtoOfk,Adele,Rumour Has It,21,MUSIC_VIDEO_TYPE_ATV,224,catalog_or_official_row,0.90
Shon MC,Мы таджики (feat. Umfa Man),841,F_7-srWn5pc,https://music.youtube.com/watch?v=F_7-srWn5pc,Shon MC,Мы таджики (feat. Umfa Man),Мы таджики,MUSIC_VIDEO_TYPE_ATV,138,catalog_or_official_row,0.90
Superheaven,Youngest Daughter,843,r-P1pcayiZk,https://music.youtube.com/watch?v=r-P1pcayiZk,Superheaven,Youngest Daughter,Jar,MUSIC_VIDEO_TYPE_ATV,250,catalog_or_official_row,0.90
Tracy Chapman; Luciano Pavarotti; Orchestra Sinfonica Italiana; José Molina,Baby Can I Hold You,844,PfWgfUYSv8s,https://music.youtube.com/watch?v=PfWgfUYSv8s,Tracy Chapman; Luciano Pavarotti; Orchestra Sinfonica Italiana; José Molina,Baby Can I Hold You,Pavarotti & Friends for Cambodia and Tibet,MUSIC_VIDEO_TYPE_ATV,212,catalog_or_official_row,0.90
Rammstein,Ich tu dir weh,845,6HGwX-nk7tc,https://music.youtube.com/watch?v=6HGwX-nk7tc,Rammstein,Ich tu dir weh,Liebe ist für alle da (Special Edition),MUSIC_VIDEO_TYPE_ATV,302,catalog_or_official_row,0.90
Rammstein,Mein Teil,847,ITcj8mePex0,https://music.youtube.com/watch?v=ITcj8mePex0,Rammstein,Mein Teil,"Reise, Reise",MUSIC_VIDEO_TYPE_ATV,273,catalog_or_official_row,0.90
Rammstein,Engel,848,jQjdEDWDeQ8,https://music.youtube.com/watch?v=jQjdEDWDeQ8,Rammstein,Engel,Sehnsucht,MUSIC_VIDEO_TYPE_ATV,265,catalog_or_official_row,0.90
Rammstein,Sehnsucht,849,ZXjNjuLOi_k,https://music.youtube.com/watch?v=ZXjNjuLOi_k,Rammstein,Sehnsucht,Sehnsucht,MUSIC_VIDEO_TYPE_ATV,245,catalog_or_official_row,0.90
Scorpions,Still Loving You (2015 - Remaster),850,vJrYN-_BXws,https://music.youtube.com/watch?v=vJrYN-_BXws,Scorpions,Still Loving You (2015 - Remaster),Love At First Sting,MUSIC_VIDEO_TYPE_ATV,389,catalog_or_official_row,0.90
Rammstein,Führe mich,852,JmL-yXMn9Ic,https://music.youtube.com/watch?v=JmL-yXMn9Ic,Rammstein,Führe mich,Liebe ist für alle da (Special Edition),MUSIC_VIDEO_TYPE_ATV,274,catalog_or_official_row,0.90
Lucie; Lenka Dusilova,Sen,853,76wVsssLA4E,https://music.youtube.com/watch?v=76wVsssLA4E,Lucie; Lenka Dusilova,Sen,Cerny kocky mokry zaby,MUSIC_VIDEO_TYPE_ATV,297,catalog_or_official_row,0.90
Karel Gott,Měl jsem rád a mám (Soleado),854,QuAMK3lzFW8,https://music.youtube.com/watch?v=QuAMK3lzFW8,Karel Gott,Měl jsem rád a mám (Soleado),"Melodie, které nestárnou",MUSIC_VIDEO_TYPE_ATV,221,catalog_or_official_row,0.90
Freddie Mercury; Montserrat Caballé,How Can I Go On (New Orchestrated Version),855,4E8EWd5P804,https://music.youtube.com/watch?v=4E8EWd5P804,Freddie Mercury; Montserrat Caballé,How Can I Go On (New Orchestrated Version),Barcelona (Special Edition),MUSIC_VIDEO_TYPE_ATV,230,catalog_or_official_row,0.90
Ladislav Štaidl se svým orchestrem; Karel Gott,Je jaká je (Sereno é),856,UKtEtwqXxVo,https://music.youtube.com/watch?v=UKtEtwqXxVo,Ladislav Štaidl se svým orchestrem; Karel Gott,Je jaká je (Sereno é),42 největších hitů,MUSIC_VIDEO_TYPE_ATV,231,catalog_or_official_row,0.90
Rammstein,Links 2 3 4,857,6NXOezeuLRU,https://music.youtube.com/watch?v=6NXOezeuLRU,Rammstein,Links 2 3 4,Mutter,MUSIC_VIDEO_TYPE_ATV,217,catalog_or_official_row,0.90
Rammstein,Ausländer,858,3eEA6H_y1VI,https://music.youtube.com/watch?v=3eEA6H_y1VI,Rammstein,Ausländer,Rammstein,MUSIC_VIDEO_TYPE_ATV,232,catalog_or_official_row,0.90
Marilyn Manson,Tattooed In Reverse,859,Ag0Y8pgwYEM,https://music.youtube.com/watch?v=Ag0Y8pgwYEM,Marilyn Manson,Tattooed In Reverse,Heaven Upside Down,MUSIC_VIDEO_TYPE_ATV,265,catalog_or_official_row,0.90
HIM,Gone With The Sin,861,9fr5W0WAFwU,https://music.youtube.com/watch?v=9fr5W0WAFwU,HIM,Gone With The Sin,Razorblade Romance,MUSIC_VIDEO_TYPE_ATV,262,catalog_or_official_row,0.90
HIM,In Joy And Sorrow,862,BiV-t3uZZwc,https://music.youtube.com/watch?v=BiV-t3uZZwc,HIM,In Joy And Sorrow,Deep Shadows And Brilliant Highlights,MUSIC_VIDEO_TYPE_ATV,239,catalog_or_official_row,0.90
Zeraphine,When Love And Death Embrace,863,ql-op7ftTQM,https://music.youtube.com/watch?v=ql-op7ftTQM,Jorge Lobo The Last Czarnian,Zeraphine When Love And Death Embrace,,MUSIC_VIDEO_TYPE_UGC,258,ambiguous_ugc_uploader,1.00
Metallica,One,865,tlO3lZhDukU,https://music.youtube.com/watch?v=tlO3lZhDukU,Metallica,One,...And Justice For All,MUSIC_VIDEO_TYPE_ATV,448,catalog_or_official_row,0.90
Rammstein,Armee der Tristen,869,t-NUBR2kufw,https://music.youtube.com/watch?v=t-NUBR2kufw,Rammstein,Armee der Tristen,Zeit,MUSIC_VIDEO_TYPE_ATV,206,catalog_or_official_row,0.90
Rammstein,Mutter,870,hzZcc611C2A,https://music.youtube.com/watch?v=hzZcc611C2A,Rammstein,Mutter,Mutter,MUSIC_VIDEO_TYPE_ATV,269,catalog_or_official_row,0.90
Ozzy Osbourne,Patient Number 9 (feat. Jeff Beck),872,6c2OCDBVw08,https://music.youtube.com/watch?v=6c2OCDBVw08,Ozzy Osbourne,Patient Number 9 (feat. Jeff Beck),Patient Number 9,MUSIC_VIDEO_TYPE_ATV,442,catalog_or_official_row,0.90
AndrisMusic,Enigma,873,8lMkDwxuM4E,https://music.youtube.com/watch?v=8lMkDwxuM4E,AndrisMusic,Enigma,Enigma,MUSIC_VIDEO_TYPE_ATV,180,catalog_or_official_row,0.90
Dire Straits,You And Your Friend,876,kox6DUtSdAM,https://music.youtube.com/watch?v=kox6DUtSdAM,Dire Straits,You And Your Friend,On Every Street,MUSIC_VIDEO_TYPE_ATV,358,catalog_or_official_row,0.90
Queen,Who Wants To Live Forever,877,zaCbInoHK8I,https://music.youtube.com/watch?v=zaCbInoHK8I,Queen,Who Wants To Live Forever,A Kind Of Magic,MUSIC_VIDEO_TYPE_ATV,316,catalog_or_official_row,0.90
Pink Floyd,Keep Talking,878,IQMvqGqsZHg,https://music.youtube.com/watch?v=IQMvqGqsZHg,Pink Floyd,Keep Talking,The Division Bell,MUSIC_VIDEO_TYPE_ATV,371,catalog_or_official_row,0.90
Scorpions,Send Me An Angel,880,K9RKlz1qpQY,https://music.youtube.com/watch?v=K9RKlz1qpQY,Scorpions,Send Me An Angel,Crazy World,MUSIC_VIDEO_TYPE_ATV,274,catalog_or_official_row,0.90
HIM,Wings of a Butterfly,881,A9-Dsni6slE,https://music.youtube.com/watch?v=A9-Dsni6slE,HIM,Wings of a Butterfly,Dark Light,MUSIC_VIDEO_TYPE_ATV,212,catalog_or_official_row,0.90
Ozzy Osbourne,Ordinary Man (feat. Elton John),882,EJeEvRv1xjI,https://music.youtube.com/watch?v=EJeEvRv1xjI,Ozzy Osbourne,Ordinary Man (feat. Elton John),Ordinary Man,MUSIC_VIDEO_TYPE_ATV,302,catalog_or_official_row,0.90
Rammstein,Spieluhr,883,bWtYzU40N-M,https://music.youtube.com/watch?v=bWtYzU40N-M,Rammstein,Spieluhr,Mutter,MUSIC_VIDEO_TYPE_ATV,287,catalog_or_official_row,0.90
Metallica,Welcome Home (Sanitarium),884,ZiIc0HuJ78Q,https://music.youtube.com/watch?v=ZiIc0HuJ78Q,Metallica,Welcome Home (Sanitarium),Master of Puppets,MUSIC_VIDEO_TYPE_ATV,388,catalog_or_official_row,0.90
Chris Isaak,Wicked Game,885,G8Hq9UB8zB8,https://music.youtube.com/watch?v=G8Hq9UB8zB8,Chris Isaak,Wicked Game,Heart Shaped World,MUSIC_VIDEO_TYPE_ATV,290,catalog_or_official_row,0.90
Harry Nilsson,Without You,886,gQfeNSl6Xck,https://music.youtube.com/watch?v=gQfeNSl6Xck,Harry Nilsson,Without You,Ultimate 70's Party,MUSIC_VIDEO_TYPE_ATV,199,catalog_or_official_row,0.90
Scorpions,No One Like You (Live) (2015 - Remaster),887,-yYqqSyhHhA,https://music.youtube.com/watch?v=-yYqqSyhHhA,Scorpions,No One Like You (Live) (2015 - Remaster),World Wide Live (2015 - Remaster),MUSIC_VIDEO_TYPE_ATV,250,catalog_or_official_row,0.90
Scorpions,When the Smoke Is Going Down (2015 - Remaster),888,Dq6v3BGzzSk,https://music.youtube.com/watch?v=Dq6v3BGzzSk,Scorpions,When the Smoke Is Going Down (2015 - Remaster),Blackout,MUSIC_VIDEO_TYPE_ATV,232,catalog_or_official_row,0.90
Duran Duran,Come Undone,889,5X5KweDhsaI,https://music.youtube.com/watch?v=5X5KweDhsaI,Duran Duran,Come Undone,Duran Duran,MUSIC_VIDEO_TYPE_ATV,257,catalog_or_official_row,0.90
U2,With Or Without You,890,oNvWDP_GkiY,https://music.youtube.com/watch?v=oNvWDP_GkiY,U2,With Or Without You,The Joshua Tree (Super Deluxe),MUSIC_VIDEO_TYPE_ATV,296,catalog_or_official_row,0.90
The Beatles,Something (Remastered 2009),892,VWO3nEuWo4k,https://music.youtube.com/watch?v=VWO3nEuWo4k,The Beatles,Something (Remastered 2009),Abbey Road,MUSIC_VIDEO_TYPE_ATV,183,catalog_or_official_row,0.90
John Lennon,Imagine,893,rAn-AWXtHv0,https://music.youtube.com/watch?v=rAn-AWXtHv0,John Lennon,Imagine,Imagine,MUSIC_VIDEO_TYPE_ATV,188,catalog_or_official_row,0.90
Deep Purple,Soldier Of Fortune (2009 Digital Remaster),894,znW-P7lMKjU,https://music.youtube.com/watch?v=znW-P7lMKjU,Deep Purple,Soldier Of Fortune (2009 Digital Remaster),Stormbringer,MUSIC_VIDEO_TYPE_ATV,205,catalog_or_official_row,0.90
Rob Zombie,Demon Speeding,895,xKSOqLPp16I,https://music.youtube.com/watch?v=xKSOqLPp16I,Rob Zombie,Demon Speeding,The Sinister Urge,MUSIC_VIDEO_TYPE_ATV,225,catalog_or_official_row,0.90
Immortal,Sons of Northern Darkness,896,QH6i7AkdtFQ,https://music.youtube.com/watch?v=QH6i7AkdtFQ,Immortal,Sons of Northern Darkness,Sons of Northern Darkness,MUSIC_VIDEO_TYPE_ATV,286,catalog_or_official_row,0.90
Paul Stanley,Live To Win,897,vuHS9NI_xwY,https://music.youtube.com/watch?v=vuHS9NI_xwY,Paul Stanley,Live To Win,Live To Win,MUSIC_VIDEO_TYPE_ATV,188,catalog_or_official_row,0.90
Korn,Got the Life,898,FChMHEfzOLI,https://music.youtube.com/watch?v=FChMHEfzOLI,Korn,Got the Life,Follow The Leader,MUSIC_VIDEO_TYPE_ATV,226,catalog_or_official_row,0.90
Killswitch Engage,The Arms of Sorrow,899,gX9BwBWGTS8,https://music.youtube.com/watch?v=gX9BwBWGTS8,Killswitch Engage,The Arms of Sorrow,As Daylight Dies (Special Edition),MUSIC_VIDEO_TYPE_ATV,225,catalog_or_official_row,0.90
PATRIARKH,Tretij Czas,900,53dtLBhPi_A,https://music.youtube.com/watch?v=53dtLBhPi_A,PATRIARKH,Tretij Czas,Hospodi,MUSIC_VIDEO_TYPE_ATV,300,catalog_or_official_row,0.90
PATRIARKH,Wieczernia,901,52_OmwfeVSw,https://music.youtube.com/watch?v=52_OmwfeVSw,PATRIARKH,Wieczernia,Hospodi,MUSIC_VIDEO_TYPE_ATV,332,catalog_or_official_row,0.90
"Tchaikovsky, Pyotr I.","Symphony No. 4 in F minor Op. 36: Andante sostenuto, moderato con anima",902,ZKrG1IZVaCQ,https://music.youtube.com/watch?v=ZKrG1IZVaCQ,"Tchaikovsky, Pyotr I.","Symphony No. 4 in F minor Op. 36: Andante sostenuto, moderato con anima",Classical Dinner Moods (The Ultimate Classical Dinner Collection),MUSIC_VIDEO_TYPE_ATV,336,catalog_or_official_row,0.90
Immortal,Tyrants,903,CNjewKOXqf8,https://music.youtube.com/watch?v=CNjewKOXqf8,Immortal,Tyrants,Sons of Northern Darkness,MUSIC_VIDEO_TYPE_ATV,377,catalog_or_official_row,0.90
Immortal,Beyond the North Waves,904,8JQDONbHBsQ,https://music.youtube.com/watch?v=8JQDONbHBsQ,Immortal,Beyond the North Waves,Sons of Northern Darkness,MUSIC_VIDEO_TYPE_ATV,487,catalog_or_official_row,0.90
PATRIARKH,Utrenia,905,mPRfKPZHIJQ,https://music.youtube.com/watch?v=mPRfKPZHIJQ,PATRIARKH,Utrenia,Hospodi,MUSIC_VIDEO_TYPE_ATV,327,catalog_or_official_row,0.90
Thy Art Is Murder,The Son of Misery,906,15v38qJPdeY,https://music.youtube.com/watch?v=15v38qJPdeY,Thy Art Is Murder,The Son of Misery,Dear Desolation,MUSIC_VIDEO_TYPE_ATV,259,catalog_or_official_row,0.90
Ghost,Griftwood,907,ni3IMbhLJ_k,https://music.youtube.com/watch?v=ni3IMbhLJ_k,Ghost,Griftwood,IMPERA,MUSIC_VIDEO_TYPE_ATV,317,catalog_or_official_row,0.90
Randy Crenshaw,Perry the Platypus,908,CdylQOG3Mto,https://music.youtube.com/watch?v=CdylQOG3Mto,Randy Crenshaw,Perry the Platypus,Phineas And Ferb: Across The 1st And 2nd Dimensions,MUSIC_VIDEO_TYPE_ATV,174,catalog_or_official_row,0.90
ghots,Jigolo Har Megiddo (Live) [Acoustic],910,VU_4qFko7NE,https://music.youtube.com/watch?v=VU_4qFko7NE,ghots,Jigolo Har Megiddo (Live) [Acoustic],Jigolo Har Megiddo (Live) [Acoustic],MUSIC_VIDEO_TYPE_ATV,218,catalog_or_official_row,0.90
Ghost,Ghuleh/Zombie Queen,911,VgamwEi90w4,https://music.youtube.com/watch?v=VgamwEi90w4,SiriusXM Hard Rock,"Ghost ""Ghuleh/Zombie Queen"" Live @ SiriusXM // Octane",,MUSIC_VIDEO_TYPE_UGC,407,ambiguous_ugc_uploader,1.00
Ghost,If You Have Ghosts (Live Acoustic) | HardDrive Online,912,vCFwY6ISEMs,https://music.youtube.com/watch?v=vCFwY6ISEMs,HardDrive Radio,Ghost - If You Have Ghosts (Live Acoustic) | HardDrive Online,,MUSIC_VIDEO_TYPE_UGC,271,artist_title_dash,0.86
Ghost,Jigolo Har Megiddo (Live Acoustic) | HardDrive Online,913,xcCPp3l_1T4,https://music.youtube.com/watch?v=xcCPp3l_1T4,HardDrive Radio,Ghost - Jigolo Har Megiddo (Live Acoustic) | HardDrive Online,,MUSIC_VIDEO_TYPE_UGC,284,artist_title_dash,0.86
Ghost,Mary On A Cross (Live),914,NmxFxBiCrL4,https://music.youtube.com/watch?v=NmxFxBiCrL4,Ghost,Mary On A Cross (Live),,MUSIC_VIDEO_TYPE_OMV,273,catalog_or_official_row,0.78
Ghost,Per Aspera Ad Inferi,915,j1bxQW4jyro,https://music.youtube.com/watch?v=j1bxQW4jyro,Ghost,Per Aspera Ad Inferi,Infestissumam,MUSIC_VIDEO_TYPE_ATV,250,catalog_or_official_row,0.90
THY ART IS MURDER,Slaves Beyond Death - Bloodstock 2019,917,4d_5R_noZas,https://music.youtube.com/watch?v=4d_5R_noZas,Bloodstockfestivals,THY ART IS MURDER - Slaves Beyond Death - Bloodstock 2019,,MUSIC_VIDEO_TYPE_UGC,252,artist_title_dash,0.86
Disembodied Tyrant,The Divine Stigmata,918,mG8H7yt8lBc,https://music.youtube.com/watch?v=mG8H7yt8lBc,Disembodied Tyrant,The Divine Stigmata,The Divine Stigmata,MUSIC_VIDEO_TYPE_ATV,394,catalog_or_official_row,0.90
Ghost B.C.,Missionary Man,919,NqUgOFdL6Zg,https://music.youtube.com/watch?v=NqUgOFdL6Zg,Ghost B.C.,Missionary Man,Popestar,MUSIC_VIDEO_TYPE_ATV,223,catalog_or_official_row,0.90
Ghost,Square Hammer,920,5IaLIcuFJeE,https://music.youtube.com/watch?v=5IaLIcuFJeE,Ghost,Square Hammer,Popestar,MUSIC_VIDEO_TYPE_ATV,240,catalog_or_official_row,0.90
Ghost B.C.,Nocturnal Me,921,mTdaLHyXIAk,https://music.youtube.com/watch?v=mTdaLHyXIAk,Ghost B.C.,Nocturnal Me,Popestar,MUSIC_VIDEO_TYPE_ATV,314,catalog_or_official_row,0.90
Ghost,Darkness At The Heart Of My Love,922,3AD-KR-z1x8,https://music.youtube.com/watch?v=3AD-KR-z1x8,Ghost,Darkness At The Heart Of My Love,IMPERA,MUSIC_VIDEO_TYPE_ATV,299,catalog_or_official_row,0.90
Ghost,Mary On A Cross,923,seJ83vfHoIU,https://music.youtube.com/watch?v=seJ83vfHoIU,Ghost,Mary On A Cross,Seven Inches of Satanic Panic,MUSIC_VIDEO_TYPE_ATV,245,catalog_or_official_row,0.90
Ghost,Depth Of Satan's Eyes,924,_8-GtS7PcKg,https://music.youtube.com/watch?v=_8-GtS7PcKg,Ghost,Depth Of Satan's Eyes,Infestissumam,MUSIC_VIDEO_TYPE_ATV,326,catalog_or_official_row,0.90
Ghost,Year Zero,925,wUu5cAFpDjI,https://music.youtube.com/watch?v=wUu5cAFpDjI,Ghost,Year Zero,Infestissumam,MUSIC_VIDEO_TYPE_ATV,351,catalog_or_official_row,0.90
Rob Zombie,Living Dead Girl,927,MwnY8aLSxqE,https://music.youtube.com/watch?v=MwnY8aLSxqE,Rob Zombie,Living Dead Girl,Hellbilly Deluxe,MUSIC_VIDEO_TYPE_ATV,202,catalog_or_official_row,0.90
The Kovenant,The Perfect End,928,T9UjRsggOGg,https://music.youtube.com/watch?v=T9UjRsggOGg,The Kovenant,The Perfect End,Seti,MUSIC_VIDEO_TYPE_ATV,411,catalog_or_official_row,0.90
Ghost,Ritual,929,izi7IfTDSEs,https://music.youtube.com/watch?v=izi7IfTDSEs,Ghost,Ritual,Opus Eponymous,MUSIC_VIDEO_TYPE_ATV,269,catalog_or_official_row,0.90
Ghost,Respite On The Spitalfields,930,OY8kAOv_Z6U,https://music.youtube.com/watch?v=OY8kAOv_Z6U,Ghost,Respite On The Spitalfields,IMPERA,MUSIC_VIDEO_TYPE_ATV,403,catalog_or_official_row,0.90
Ghost,Kiss The Go-Goat,931,i9t1V5GPG8Q,https://music.youtube.com/watch?v=i9t1V5GPG8Q,Ghost,Kiss The Go-Goat,Seven Inches of Satanic Panic,MUSIC_VIDEO_TYPE_ATV,196,catalog_or_official_row,0.90
My Dad Is Dead,Sometimes I Feel,932,wwpft_uQC8Q,https://music.youtube.com/watch?v=wwpft_uQC8Q,My Dad Is Dead,Sometimes I Feel,A New Clear Route,MUSIC_VIDEO_TYPE_ATV,255,catalog_or_official_row,0.90
My Dad Is Dead,Nothing Special,933,YWzkJ1RM8Kk,https://music.youtube.com/watch?v=YWzkJ1RM8Kk,My Dad Is Dead,Nothing Special,Shine(r),MUSIC_VIDEO_TYPE_ATV,287,catalog_or_official_row,0.90
My Dad Is Dead,The Well,934,2GhcH8pwPa0,https://music.youtube.com/watch?v=2GhcH8pwPa0,My Dad Is Dead,The Well,A Divided House,MUSIC_VIDEO_TYPE_ATV,300,catalog_or_official_row,0.90
My Dad Is Dead,Novocain,935,QtvZsDrIq_0,https://music.youtube.com/watch?v=QtvZsDrIq_0,My Dad Is Dead,Novocain,A Divided House,MUSIC_VIDEO_TYPE_ATV,356,catalog_or_official_row,0.90
Ghost,Call Me Little Sunshine,937,1Df28_NCk6s,https://music.youtube.com/watch?v=1Df28_NCk6s,Ghost,Call Me Little Sunshine,IMPERA,MUSIC_VIDEO_TYPE_ATV,285,catalog_or_official_row,0.90
Coal Chamber,Rowboat,941,3-81h8r2_LQ,https://music.youtube.com/watch?v=3-81h8r2_LQ,Coal Chamber,Rowboat,Dark Days,MUSIC_VIDEO_TYPE_ATV,290,catalog_or_official_row,0.90
Coal Chamber,Shock the Monkey,942,ezrRfEEuQ7A,https://music.youtube.com/watch?v=ezrRfEEuQ7A,Coal Chamber,Shock the Monkey,Chamber Music,MUSIC_VIDEO_TYPE_ATV,223,catalog_or_official_row,0.90
Korn,Blind,943,x81SMw8qUh0,https://music.youtube.com/watch?v=x81SMw8qUh0,Korn,Blind,Korn,MUSIC_VIDEO_TYPE_ATV,259,catalog_or_official_row,0.90
Scorpions,Rock You Like a Hurricane (2015 - Remaster),944,KpSGd-5c27s,https://music.youtube.com/watch?v=KpSGd-5c27s,Scorpions,Rock You Like a Hurricane (2015 - Remaster),Love At First Sting,MUSIC_VIDEO_TYPE_ATV,254,catalog_or_official_row,0.90
Cuckold Burger,Машина говновоз,948,iyFG6uA_DLI,https://music.youtube.com/watch?v=iyFG6uA_DLI,Дмитрий Ленковский,Cuckold Burger - Машина говновоз,,MUSIC_VIDEO_TYPE_UGC,217,artist_title_dash,0.86
РУСЛАНА,Це - любов,949,xlxV4yadaZw,https://music.youtube.com/watch?v=xlxV4yadaZw,РУСЛАНА,Це - любов,ДИКІ ТАНЦІ,MUSIC_VIDEO_TYPE_ATV,243,catalog_or_official_row,0.90
Harry Styles,Sign of the Times,950,oHVVoe2Vj8s,https://music.youtube.com/watch?v=oHVVoe2Vj8s,Harry Styles,Sign of the Times,Harry Styles,MUSIC_VIDEO_TYPE_ATV,341,catalog_or_official_row,0.90
Frank Sinatra,It Was A Very Good Year,951,Hei1IN-XXvM,https://music.youtube.com/watch?v=Hei1IN-XXvM,Frank Sinatra,It Was A Very Good Year,September Of My Years,MUSIC_VIDEO_TYPE_ATV,268,catalog_or_official_row,0.90
Mgła,Age of Excuse II,952,RuKR-Q_iuK4,https://music.youtube.com/watch?v=RuKR-Q_iuK4,Mgła,Age of Excuse II,Age of Excuse,MUSIC_VIDEO_TYPE_ATV,418,catalog_or_official_row,0.90
Rotting Christ,The Raven,953,5JsjLEVEshM,https://music.youtube.com/watch?v=5JsjLEVEshM,Rotting Christ,The Raven,The Heretics,MUSIC_VIDEO_TYPE_ATV,324,catalog_or_official_row,0.90
Василь Жданкін,Чорна рілля,954,NY7Dj01LnuE,https://music.youtube.com/watch?v=NY7Dj01LnuE,Василь Жданкін,Чорна рілля,Чорна рілля,MUSIC_VIDEO_TYPE_ATV,154,catalog_or_official_row,0.90
Adele,Easy On Me,955,Oh5DyTk5T-E,https://music.youtube.com/watch?v=Oh5DyTk5T-E,Adele,Easy On Me,30,MUSIC_VIDEO_TYPE_ATV,225,catalog_or_official_row,0.90
Adele,I Drink Wine,956,GDdoEZL3vJg,https://music.youtube.com/watch?v=GDdoEZL3vJg,Adele,I Drink Wine,30,MUSIC_VIDEO_TYPE_ATV,377,catalog_or_official_row,0.90
Leo,Bodies (Acoustic Version),959,6569LN-Lse8,https://music.youtube.com/watch?v=6569LN-Lse8,Leo,Bodies (Acoustic Version),Bodies (Acoustic Version),MUSIC_VIDEO_TYPE_ATV,204,catalog_or_official_row,0.90
Leo,Skyfall (Metal Version),964,YXnQwqTI7kw,https://music.youtube.com/watch?v=YXnQwqTI7kw,Leo,Skyfall (Metal Version),"Leo Metal, Vol. 44",MUSIC_VIDEO_TYPE_ATV,288,catalog_or_official_row,0.90
Василь Жданкін,«Чорна рілля» / Червона рута–1989 / #RutaFEST,965,ZSYtacmNTmw,https://music.youtube.com/watch?v=ZSYtacmNTmw,Ruta Fest,Василь Жданкін – «Чорна рілля» / Червона рута–1989 / #RutaFEST,,MUSIC_VIDEO_TYPE_UGC,266,artist_title_dash,0.86
Urfaust,Unter Töchtern der Wüste,967,Pfa6anjthnY,https://music.youtube.com/watch?v=Pfa6anjthnY,Urfaust,Unter Töchtern der Wüste,Ritual Music for the True Clochard,MUSIC_VIDEO_TYPE_ATV,403,catalog_or_official_row,0.90
Ghost,He Is,968,X0P6mqN3Qg0,https://music.youtube.com/watch?v=X0P6mqN3Qg0,Ghost,He Is,Meliora,MUSIC_VIDEO_TYPE_ATV,254,catalog_or_official_row,0.90
William Maranci Mashups,Paramore - Ain't it Fun But It's In Da Club By 50 Cent,970,-zrR2Ev_xFg,https://music.youtube.com/watch?v=-zrR2Ev_xFg,William Maranci Mashups,Paramore - Ain't it Fun But It's In Da Club By 50 Cent,,MUSIC_VIDEO_TYPE_OMV,227,catalog_or_official_row,0.78
William Maranci Mashups,Papa Roach - Last Resort But It's Rock Your Body By Justin Timberlake,971,3fMgPyjXCSs,https://music.youtube.com/watch?v=3fMgPyjXCSs,William Maranci Mashups,Papa Roach - Last Resort But It's Rock Your Body By Justin Timberlake,,MUSIC_VIDEO_TYPE_OMV,233,catalog_or_official_row,0.78
Ginuwine,Pony,972,ahLY3U2B_lU,https://music.youtube.com/watch?v=ahLY3U2B_lU,Ginuwine,Pony,,MUSIC_VIDEO_TYPE_OMV,215,catalog_or_official_row,0.78
William Maranci Mashups,t h e f u t u r e i s n o w,977,V-yaXJYImt8,https://music.youtube.com/watch?v=V-yaXJYImt8,William Maranci Mashups,t h e  f u t u r e  i s  n o w,,MUSIC_VIDEO_TYPE_OMV,259,catalog_or_official_row,0.78
Ghost,Ghuleh / Zombie Queen,979,mbNkj4qa5ZI,https://music.youtube.com/watch?v=mbNkj4qa5ZI,Ghost,Ghuleh / Zombie Queen,Infestissumam,MUSIC_VIDEO_TYPE_ATV,450,catalog_or_official_row,0.90
Enej,Bilia Topoli,980,6iA8MyGFgkg,https://music.youtube.com/watch?v=6iA8MyGFgkg,Enej,Bilia Topoli,Paparanoja,MUSIC_VIDEO_TYPE_ATV,412,catalog_or_official_row,0.90
Ваиль Жданкін,Чорна рілля ізорана,983,OacloJi50lA,https://music.youtube.com/watch?v=OacloJi50lA,unisonlI,Чорна рілля ізорана (Ukrainian folk song),,MUSIC_VIDEO_TYPE_UGC,214,ambiguous_ugc_uploader,1.00
Aethyrien,Allfather,985,R7JRPh7mpF4,https://music.youtube.com/watch?v=R7JRPh7mpF4,Aethyrien,Allfather,Allfather,MUSIC_VIDEO_TYPE_ATV,210,catalog_or_official_row,0.90
Валентин Стрыкало,"Знаешь, Таня",986,ryWtOu454VE,https://music.youtube.com/watch?v=ryWtOu454VE,Валентин Стрыкало,"Знаешь, Таня",Часть чего-то большего,MUSIC_VIDEO_TYPE_ATV,274,catalog_or_official_row,0.90
Jan J. Močnik,Land of the Gods,987,HjJCWQdoyNU,https://music.youtube.com/watch?v=HjJCWQdoyNU,Jan J. Močnik,Land of the Gods,Pagania,MUSIC_VIDEO_TYPE_ATV,269,catalog_or_official_row,0.90
Pawl D Beats,Viking Music: Rurik,988,DyPJkqkdkY0,https://music.youtube.com/watch?v=DyPJkqkdkY0,Pawl D Beats,Viking Music: Rurik,Viking Music: Rurik,MUSIC_VIDEO_TYPE_ATV,191,catalog_or_official_row,0.90
Rotting Christ,Hallowed Be Thy Name,989,FyANB_pq6oY,https://music.youtube.com/watch?v=FyANB_pq6oY,Rotting Christ,Hallowed Be Thy Name,The Heretics,MUSIC_VIDEO_TYPE_ATV,307,catalog_or_official_row,0.90
Батюшка,Песнь 3,990,pitt7D8jv-Y,https://music.youtube.com/watch?v=pitt7D8jv-Y,Батюшка,Песнь 3,Панихида,MUSIC_VIDEO_TYPE_ATV,276,catalog_or_official_row,0.90
ZODIVK,Devil Eyes,991,2VrAp-jhJh8,https://music.youtube.com/watch?v=2VrAp-jhJh8,ZODIVK,Devil Eyes,Devil Eyes,MUSIC_VIDEO_TYPE_ATV,137,catalog_or_official_row,0.90
FindMyName,Show Me Your Back,993,N_T6bPWvplA,https://music.youtube.com/watch?v=N_T6bPWvplA,FindMyName,Show Me Your Back,Show Me Your Back,MUSIC_VIDEO_TYPE_ATV,195,catalog_or_official_row,0.90
KSLV Noh,Lunatic,994,W1rYElNKY50,https://music.youtube.com/watch?v=W1rYElNKY50,KSLV Noh,Lunatic,Lunatic,MUSIC_VIDEO_TYPE_ATV,223,catalog_or_official_row,0.90
VISXGE,BOROS,995,6RIrderkpVw,https://music.youtube.com/watch?v=6RIrderkpVw,VISXGE,BOROS,BOROS,MUSIC_VIDEO_TYPE_ATV,182,catalog_or_official_row,0.90
líue,Suffer With Me,998,OgmMJGEhwxw,https://music.youtube.com/watch?v=OgmMJGEhwxw,líue,Suffer With Me,Suffer With Me,MUSIC_VIDEO_TYPE_ATV,208,catalog_or_official_row,0.90
PHXXSPHOR; zanudda,BANKAI,1000,gsmECgCO4O0,https://music.youtube.com/watch?v=gsmECgCO4O0,PHXXSPHOR; zanudda,BANKAI,BANKAI,MUSIC_VIDEO_TYPE_ATV,282,catalog_or_official_row,0.90
Wardruna,Skugge,1002,bCOpgZLAwmE,https://music.youtube.com/watch?v=bCOpgZLAwmE,Wardruna,Skugge,Kvitravn,MUSIC_VIDEO_TYPE_ATV,399,catalog_or_official_row,0.90
Munknörr,Thurisaz,1003,G5KLFdwSNog,https://music.youtube.com/watch?v=G5KLFdwSNog,Munknörr,Thurisaz,Futharuna,MUSIC_VIDEO_TYPE_ATV,238,catalog_or_official_row,0.90
Bjorth,Midgard Rising,1004,o_UHeqTe1nQ,https://music.youtube.com/watch?v=o_UHeqTe1nQ,Bjorth,Midgard Rising,Midgard Rising,MUSIC_VIDEO_TYPE_ATV,261,catalog_or_official_row,0.90
Estas Tonne,The Song of the Golden Dragon,1005,WtgKTT-G6do,https://music.youtube.com/watch?v=WtgKTT-G6do,Estas Tonne,The Song of the Golden Dragon,Bohemian Skies,MUSIC_VIDEO_TYPE_ATV,346,catalog_or_official_row,0.90
Lil Peep; Lil Tracy,witchblades,1006,3UfR5HZaMKU,https://music.youtube.com/watch?v=3UfR5HZaMKU,Lil Peep; Lil Tracy,witchblades,CASTLES II,MUSIC_VIDEO_TYPE_ATV,150,catalog_or_official_row,0.90
Sound Healing Center,"Zen Garden (Music for Deep Sleep, Meditation, Spa, Healing, Relaxation)",1007,Pe7_APPZgoE,https://music.youtube.com/watch?v=Pe7_APPZgoE,Sound Healing Center,"Zen Garden (Music for Deep Sleep, Meditation, Spa, Healing, Relaxation)","Zen Garden (Music for Deep Sleep, Meditation, Spa, Healing, Relaxation)",MUSIC_VIDEO_TYPE_ATV,3625,catalog_or_official_row,0.90
Lil Peep,Kiss,1008,8C0SUdGItRA,https://music.youtube.com/watch?v=8C0SUdGItRA,Lil Peep,Kiss,Kiss,MUSIC_VIDEO_TYPE_ATV,251,catalog_or_official_row,0.90
Lil Peep,Problems,1009,ye8wheuwVFs,https://music.youtube.com/watch?v=ye8wheuwVFs,Lil Peep,Problems,"Come Over When You're Sober, Pt. 1",MUSIC_VIDEO_TYPE_ATV,210,catalog_or_official_row,0.90
Lil Peep,Save That Shit,1010,QFUbS7PbI3g,https://music.youtube.com/watch?v=QFUbS7PbI3g,Lil Peep,Save That Shit,"Come Over When You're Sober, Pt. 1",MUSIC_VIDEO_TYPE_ATV,232,catalog_or_official_row,0.90
Lil Peep,U Said,1011,S1JitGiWeFY,https://music.youtube.com/watch?v=S1JitGiWeFY,Lil Peep,U Said,"Come Over When You're Sober, Pt. 1",MUSIC_VIDEO_TYPE_ATV,225,catalog_or_official_row,0.90
Frédéric Chopin,"Nocturne for Piano, No. 8 in D flat Major, Op. 27,2",1012,Mq7kcHnASz0,https://music.youtube.com/watch?v=Mq7kcHnASz0,Frédéric Chopin,"Nocturne for Piano, No. 8 in D flat Major, Op. 27,2",Chopin,MUSIC_VIDEO_TYPE_ATV,334,catalog_or_official_row,0.90
David Bell; Berliner Philharmoniker; Herbert von Karajan; Johann Sebastian Bach,"J.S. Bach: Orchestral Suite No. 3 in D Major, BWV 1068: II. Air ""on the G String",1013,4qKqM0-VBc0,https://music.youtube.com/watch?v=4qKqM0-VBc0,David Bell; Berliner Philharmoniker; Herbert von Karajan; Johann Sebastian Bach,"J.S. Bach: Orchestral Suite No. 3 in D Major, BWV 1068: II. Air ""on the G String""",Karajan & Berliner Philharmoniker - Bach,MUSIC_VIDEO_TYPE_ATV,365,catalog_or_official_row,0.90
Franz Liszt,Liebesträume No. 3,1014,8wIluSCpTaY,https://music.youtube.com/watch?v=8wIluSCpTaY,Franz Liszt,Liebesträume No. 3,Classical Piano Chillout,MUSIC_VIDEO_TYPE_ATV,306,catalog_or_official_row,0.90
Urfaust,The Healer,1016,DduyDUpzj3Y,https://music.youtube.com/watch?v=DduyDUpzj3Y,Urfaust,The Healer,Apparitions,MUSIC_VIDEO_TYPE_ATV,449,catalog_or_official_row,0.90
M8,AzovStahl,1017,NabkPanTpC0,https://music.youtube.com/watch?v=NabkPanTpC0,M8,AzovStahl,AzovStahl,MUSIC_VIDEO_TYPE_ATV,395,catalog_or_official_row,0.90
Евгений Вольнов,Неудобно говорить,1018,ZHXU_TUJq9M,https://music.youtube.com/watch?v=ZHXU_TUJq9M,Евгений Вольнов,Неудобно говорить,Лучшие звонки с Коллекторами,MUSIC_VIDEO_TYPE_ATV,85,catalog_or_official_row,0.90
Marduk,As We Are,1019,3PfJbM9P8CA,https://music.youtube.com/watch?v=3PfJbM9P8CA,Marduk,As We Are,Memento Mori,MUSIC_VIDEO_TYPE_ATV,336,catalog_or_official_row,0.90
Rotting Christ,Ze Nigmar,1020,qWluEv5pzyU,https://music.youtube.com/watch?v=qWluEv5pzyU,Rotting Christ,Ze Nigmar,Rituals,MUSIC_VIDEO_TYPE_ATV,284,catalog_or_official_row,0.90
Rotting Christ,In the Name of God,1021,Qxbqka6bO2Q,https://music.youtube.com/watch?v=Qxbqka6bO2Q,Rotting Christ,In the Name of God,The Heretics,MUSIC_VIDEO_TYPE_ATV,254,catalog_or_official_row,0.90
Burzum,Dunkelheit,1022,-ZENtivAi6I,https://music.youtube.com/watch?v=-ZENtivAi6I,Burzum,Dunkelheit,Filosofem,MUSIC_VIDEO_TYPE_ATV,426,catalog_or_official_row,0.90
Death,Symbolic,1023,ZVtpax8gJGU,https://music.youtube.com/watch?v=ZVtpax8gJGU,Death,Symbolic,Symbolic,MUSIC_VIDEO_TYPE_ATV,393,catalog_or_official_row,0.90
Immortal,One by One,1024,rFMqrVNpw9U,https://music.youtube.com/watch?v=rFMqrVNpw9U,Immortal,One by One,Sons of Northern Darkness,MUSIC_VIDEO_TYPE_ATV,299,catalog_or_official_row,0.90
Urfaust,Behind the Veil of Trance,1025,ZgQAhGwbeiE,https://music.youtube.com/watch?v=ZgQAhGwbeiE,Urfaust,Behind the Veil of Trance,The Constellatory Practice,MUSIC_VIDEO_TYPE_ATV,468,catalog_or_official_row,0.90
Urfaust,Offerschaal Der Astrologische Mengvormen,1027,JfM7h9u1VP0,https://music.youtube.com/watch?v=JfM7h9u1VP0,Urfaust,Offerschaal Der Astrologische Mengvormen,Teufelsgeist,MUSIC_VIDEO_TYPE_ATV,635,catalog_or_official_row,0.90
Urfaust,IX: Der Einsiedler,1028,kEXJeYispmQ,https://music.youtube.com/watch?v=kEXJeYispmQ,Urfaust,IX: Der Einsiedler,IX: Einsiedler,MUSIC_VIDEO_TYPE_ATV,728,catalog_or_official_row,0.90
Urfaust,Die kalte Teufelsfaust,1029,F_IN6anCEJk,https://music.youtube.com/watch?v=F_IN6anCEJk,Urfaust,Die kalte Teufelsfaust,Geist ist Teufel,MUSIC_VIDEO_TYPE_ATV,395,catalog_or_official_row,0.90
M8,And Still It Will Be So,1030,UqWpJ3x_0uE,https://music.youtube.com/watch?v=UqWpJ3x_0uE,M8,And Still It Will Be So,Unbreakable Faith,MUSIC_VIDEO_TYPE_ATV,290,catalog_or_official_row,0.90
Luciano Pavarotti; National Philharmonic Orchestra; Giuseppe Patanè; Ruggero Leoncavallo,"Leoncavallo: Pagliacci, Act I: Recitar! – Vesti la giubba",1031,HzEQkij96hg,https://music.youtube.com/watch?v=HzEQkij96hg,Luciano Pavarotti; National Philharmonic Orchestra; Giuseppe Patanè; Ruggero Leoncavallo,"Leoncavallo: Pagliacci, Act I: Recitar! – Vesti la giubba",Leoncavallo: Pagliacci,MUSIC_VIDEO_TYPE_ATV,249,catalog_or_official_row,0.90
Andrea Bocelli,Con Te Partirò,1032,vF2crB_RcLc,https://music.youtube.com/watch?v=vF2crB_RcLc,Andrea Bocelli,Con Te Partirò,Bocelli,MUSIC_VIDEO_TYPE_ATV,251,catalog_or_official_row,0.90
Metallica,Nothing Else Matters,1033,pTYIf2pkxzQ,https://music.youtube.com/watch?v=pTYIf2pkxzQ,Metallica,Nothing Else Matters,Metallica,MUSIC_VIDEO_TYPE_ATV,389,catalog_or_official_row,0.90
Korn,Coming Undone,1034,Qf1FHLjoRRc,https://music.youtube.com/watch?v=Qf1FHLjoRRc,Korn,Coming Undone,See You On the Other Side,MUSIC_VIDEO_TYPE_ATV,200,catalog_or_official_row,0.90
Biba,ЯШАРЮ,1035,SMPdzrrb6Bk,https://music.youtube.com/watch?v=SMPdzrrb6Bk,Biba,ЯШАРЮ,ЯШАРЮ,MUSIC_VIDEO_TYPE_ATV,107,catalog_or_official_row,0.90
Marilyn Manson,The Fight Song,1036,YMHKxCnl4k4,https://music.youtube.com/watch?v=YMHKxCnl4k4,Marilyn Manson,The Fight Song,Holy Wood,MUSIC_VIDEO_TYPE_ATV,176,catalog_or_official_row,0.90
Dope,Violence,1037,B2-QlpI_B5U,https://music.youtube.com/watch?v=B2-QlpI_B5U,Dope,Violence,No Regrets,MUSIC_VIDEO_TYPE_ATV,172,catalog_or_official_row,0.90
Dope,No Regrets,1038,Fhuc_F_K8nk,https://music.youtube.com/watch?v=Fhuc_F_K8nk,Dope,No Regrets,No Regrets,MUSIC_VIDEO_TYPE_ATV,211,catalog_or_official_row,0.90
Dope,Sick,1040,u823XXTBZt4,https://music.youtube.com/watch?v=u823XXTBZt4,Dope,Sick,Felons And Revolutionaries,MUSIC_VIDEO_TYPE_ATV,189,catalog_or_official_row,0.90
Falling In Reverse,"Watch The World Burn"" LIVE! The Popular Monstour",1042,g10qKRsi28U,https://music.youtube.com/watch?v=g10qKRsi28U,CaliberTV,"Falling In Reverse - ""Watch The World Burn"" LIVE! The Popular Monstour",,MUSIC_VIDEO_TYPE_UGC,340,artist_title_dash,0.86
Marilyn Manson,PAINT YOU WITH MY LOVE,1043,fm4A4htlTZ8,https://music.youtube.com/watch?v=fm4A4htlTZ8,Marilyn Manson,PAINT YOU WITH MY LOVE,WE ARE CHAOS,MUSIC_VIDEO_TYPE_ATV,270,catalog_or_official_row,0.90
Marilyn Manson,DON'T CHASE THE DEAD,1044,AzGqz21BNkM,https://music.youtube.com/watch?v=AzGqz21BNkM,Marilyn Manson,DON'T CHASE THE DEAD,WE ARE CHAOS,MUSIC_VIDEO_TYPE_ATV,258,catalog_or_official_row,0.90
Mudvayne,Live Dosage 50,1045,qW4T5tEOq_E,https://music.youtube.com/watch?v=qW4T5tEOq_E,InfraStudio,Mudvayne - Live Dosage 50,,MUSIC_VIDEO_TYPE_UGC,3996,artist_title_dash,0.86
Marilyn Manson,Coma White,1047,Uv_BzHMtT8E,https://music.youtube.com/watch?v=Uv_BzHMtT8E,Marilyn Manson,Coma White,Mechanical Animals,MUSIC_VIDEO_TYPE_ATV,339,catalog_or_official_row,0.90
Marilyn Manson,Cry Little Sister,1048,cK3hggLUc2g,https://music.youtube.com/watch?v=cK3hggLUc2g,Marilyn Manson,Cry Little Sister,Cry Little Sister,MUSIC_VIDEO_TYPE_ATV,275,catalog_or_official_row,0.90
Marilyn Manson,WE ARE CHAOS,1049,wIVmZt0sSjM,https://music.youtube.com/watch?v=wIVmZt0sSjM,Marilyn Manson,WE ARE CHAOS,WE ARE CHAOS,MUSIC_VIDEO_TYPE_ATV,241,catalog_or_official_row,0.90
System Of A Down,Sad Statue,1050,8IH1JFoiGqU,https://music.youtube.com/watch?v=8IH1JFoiGqU,System Of A Down,Sad Statue,Mezmerize,MUSIC_VIDEO_TYPE_ATV,206,catalog_or_official_row,0.90
Mgła,With Hearts Toward None II,1051,qDCN1MQeGh0,https://music.youtube.com/watch?v=qDCN1MQeGh0,Mgła,With Hearts Toward None II,With Hearts Toward None,MUSIC_VIDEO_TYPE_ATV,275,catalog_or_official_row,0.90
Gnarls Barkley,Crazy - From the Basement,1053,WOjFhKg4h3s,https://music.youtube.com/watch?v=WOjFhKg4h3s,scottybeans,Gnarls Barkley - Crazy - From the Basement,,MUSIC_VIDEO_TYPE_UGC,294,artist_title_dash,0.86
Gary Moore,"Live Blues (1993) #8 ""Still Got The Blues",1057,0o7BwblazjQ,https://music.youtube.com/watch?v=0o7BwblazjQ,OfteN [cp],"Gary Moore - Live Blues (1993) #8 ""Still Got The Blues""",,MUSIC_VIDEO_TYPE_UGC,416,artist_title_dash,0.86
Buster Benton,Money Is the Name of the Game,1059,Zgdk16PQstY,https://music.youtube.com/watch?v=Zgdk16PQstY,Buster Benton,Money Is the Name of the Game,Blues & Trouble (Blues Reference 1983-1985),MUSIC_VIDEO_TYPE_ATV,365,catalog_or_official_row,0.90
Steve Vai,For the Love of God,1060,XvHgs4mBz9w,https://music.youtube.com/watch?v=XvHgs4mBz9w,Steve Vai,For the Love of God,Passion And Warfare,MUSIC_VIDEO_TYPE_ATV,364,catalog_or_official_row,0.90
Gary Moore,Still Got The Blues,1061,JmsUkutNnI0,https://music.youtube.com/watch?v=JmsUkutNnI0,Gary Moore,Still Got The Blues,Still Got The Blues,MUSIC_VIDEO_TYPE_ATV,371,catalog_or_official_row,0.90
Blues Delight,If I Had Money,1062,9_2FrmeV_Yg,https://music.youtube.com/watch?v=9_2FrmeV_Yg,Blues Delight,If I Had Money,Open All Night,MUSIC_VIDEO_TYPE_ATV,407,catalog_or_official_row,0.90
Gary Moore,Parisienne Walkways (Best Version),1064,98eIW6CN62k,https://music.youtube.com/watch?v=98eIW6CN62k,MHZ,Gary Moore - Parisienne Walkways (Best Version),,MUSIC_VIDEO_TYPE_UGC,409,artist_title_dash,0.86
Mgła,Exercises in Futility II,1067,NI02FUXj0VU,https://music.youtube.com/watch?v=NI02FUXj0VU,Mgła,Exercises in Futility II,Exercises in Futility,MUSIC_VIDEO_TYPE_ATV,469,catalog_or_official_row,0.90
Wardruna,Kvitravn,1069,o9wSLUuZh8U,https://music.youtube.com/watch?v=o9wSLUuZh8U,Wardruna,Kvitravn,Kvitravn,MUSIC_VIDEO_TYPE_ATV,378,catalog_or_official_row,0.90
Iron Maiden,Wasting Love,1070,bf0XwX0Bc-0,https://music.youtube.com/watch?v=bf0XwX0Bc-0,Iron Maiden,Wasting Love,Fear of the Dark,MUSIC_VIDEO_TYPE_ATV,352,catalog_or_official_row,0.90
Guns N' Roses,Don't Cry,1071,G-oRhCHID_4,https://music.youtube.com/watch?v=G-oRhCHID_4,Guns N' Roses,Don't Cry,Use Your Illusion I,MUSIC_VIDEO_TYPE_ATV,284,catalog_or_official_row,0.90
Егор Летов,СПАНЧ БОБ | Кто проживает на дне океана,1072,ddhGKqFpPY4,https://music.youtube.com/watch?v=ddhGKqFpPY4,mashuphk,Егор Летов - СПАНЧ БОБ | Кто проживает на дне океана,,MUSIC_VIDEO_TYPE_UGC,42,artist_title_dash,0.86
The Oldest Known Melody (Hurrian Hymn no.6,c.1400 B.C.),1073,QpxN2VXPMLc,https://music.youtube.com/watch?v=QpxN2VXPMLc,DamianMusicChannel4,The Oldest Known Melody (Hurrian Hymn no.6 - c.1400 B.C.),,MUSIC_VIDEO_TYPE_UGC,343,artist_title_dash,0.86
The epic of Gilgamesh,Ancient Sumerian Song by Peter Pringle,1074,62pa9YAf6f8,https://music.youtube.com/watch?v=62pa9YAf6f8,Kutwor,"""The epic of Gilgamesh' - Ancient Sumerian Song by Peter Pringle",,MUSIC_VIDEO_TYPE_UGC,219,artist_title_dash,0.86
Metallica,Carpe Diem Baby,1075,5M652yX6ecE,https://music.youtube.com/watch?v=5M652yX6ecE,Metallica,Carpe Diem Baby,Reload,MUSIC_VIDEO_TYPE_ATV,373,catalog_or_official_row,0.90
Metallica,Sad But True,1076,TpohVYomw2o,https://music.youtube.com/watch?v=TpohVYomw2o,Metallica,Sad But True,Metallica (Remastered Deluxe Box Set),MUSIC_VIDEO_TYPE_ATV,325,catalog_or_official_row,0.90
Grizzly Bear,Two Weeks,1077,VuDcPZl-SY0,https://music.youtube.com/watch?v=VuDcPZl-SY0,Grizzly Bear,Two Weeks,Veckatimest,MUSIC_VIDEO_TYPE_ATV,247,catalog_or_official_row,0.90
Metallica,Fixxxer,1079,jDXqEMB2v2g,https://music.youtube.com/watch?v=jDXqEMB2v2g,Metallica,Fixxxer,Reload,MUSIC_VIDEO_TYPE_ATV,495,catalog_or_official_row,0.90
Metallica,Slither,1080,Kl_ToFZQv2Q,https://music.youtube.com/watch?v=Kl_ToFZQv2Q,Metallica,Slither,Reload,MUSIC_VIDEO_TYPE_ATV,314,catalog_or_official_row,0.90
Metallica,The Unforgiven II,1081,zjy5sq26hTc,https://music.youtube.com/watch?v=zjy5sq26hTc,Metallica,The Unforgiven II,Reload,MUSIC_VIDEO_TYPE_ATV,397,catalog_or_official_row,0.90
Metallica,The Memory Remains (feat. Marianne Faithfull),1082,r-tKBorVGbg,https://music.youtube.com/watch?v=r-tKBorVGbg,Metallica,The Memory Remains (feat. Marianne Faithfull),Reload,MUSIC_VIDEO_TYPE_ATV,280,catalog_or_official_row,0.90
Metallica,Fuel,1083,ttNSr4Ecdzo,https://music.youtube.com/watch?v=ttNSr4Ecdzo,Metallica,Fuel,Reload,MUSIC_VIDEO_TYPE_ATV,270,catalog_or_official_row,0.90
Korn,Twisted Transistor,1084,msTVnawtLVw,https://music.youtube.com/watch?v=msTVnawtLVw,Korn,Twisted Transistor,See You On the Other Side,MUSIC_VIDEO_TYPE_ATV,189,catalog_or_official_row,0.90
Alcest,"Ecailles de lune, Pt. 1",1085,ipWabqtjmkM,https://music.youtube.com/watch?v=ipWabqtjmkM,Alcest,"Ecailles de lune, Pt. 1",Écailles de lune,MUSIC_VIDEO_TYPE_ATV,593,catalog_or_official_row,0.90
Wolves in the Throne Room,Thuja Magus Imperium,1086,8GDK0tcnlk0,https://music.youtube.com/watch?v=8GDK0tcnlk0,Wolves in the Throne Room,Thuja Magus Imperium,Celestial Lineage,MUSIC_VIDEO_TYPE_ATV,702,catalog_or_official_row,0.90
Mgła,With Hearts Toward None VII,1087,OfbqkzRMMMc,https://music.youtube.com/watch?v=OfbqkzRMMMc,Mgła,With Hearts Toward None VII,With Hearts Toward None,MUSIC_VIDEO_TYPE_ATV,602,catalog_or_official_row,0.90
Enigma,From East To West,1088,AURCaf4T00A,https://music.youtube.com/watch?v=AURCaf4T00A,Enigma,From East To West,Voyageur,MUSIC_VIDEO_TYPE_ATV,252,catalog_or_official_row,0.90
ХОР БРАТИИ ВАЛААМСКОГО МОНАСТЫРЯ,"МАРИЕ, ДЕВО ЧИСТАЯ",1090,OYRy9Lv9jPs,https://music.youtube.com/watch?v=OYRy9Lv9jPs,Valaam monastery,"МАРИЕ, ДЕВО ЧИСТАЯ | AGNI PARTHENE | ХОР БРАТИИ ВАЛААМСКОГО МОНАСТЫРЯ",,MUSIC_VIDEO_TYPE_UGC,412,ambiguous_ugc_uploader,1.00
Enigma,Silent Warrior,1091,JpGVFxG8UkA,https://music.youtube.com/watch?v=JpGVFxG8UkA,Enigma,Silent Warrior,The Cross Of Changes,MUSIC_VIDEO_TYPE_ATV,370,catalog_or_official_row,0.90
Enigma,Gravity Of Love,1094,MExoMS5uHnk,https://music.youtube.com/watch?v=MExoMS5uHnk,Enigma,Gravity Of Love,The Screen Behind The Mirror,MUSIC_VIDEO_TYPE_ATV,239,catalog_or_official_row,0.90
Глад Валакас,Бери шинель(Like a rolling stone),1096,ismW4H9ceSk,https://music.youtube.com/watch?v=ismW4H9ceSk,Матвей Щуков,Глад Валакас - Бери шинель(Like a rolling stone),,MUSIC_VIDEO_TYPE_UGC,110,artist_title_dash,0.86
Enigma,Why!...,1097,xpqFGZMBnlk,https://music.youtube.com/watch?v=xpqFGZMBnlk,Enigma,Why!...,"Le Roi Est Mort, Vive Le Roi!",MUSIC_VIDEO_TYPE_ATV,300,catalog_or_official_row,0.90
Batzorig Vaanchig,Chinggis khaanii Magtaal (Live),1098,p_5yt5IX38I,https://music.youtube.com/watch?v=p_5yt5IX38I,Batzorig Vaanchig,Chinggis khaanii Magtaal (Live),,MUSIC_VIDEO_TYPE_OMV,234,catalog_or_official_row,0.78
Moby,New Dawn Fades,1100,J1z3DAr_rpQ,https://music.youtube.com/watch?v=J1z3DAr_rpQ,Moby,New Dawn Fades,Feeling so Real,MUSIC_VIDEO_TYPE_ATV,336,catalog_or_official_row,0.90
Moby,One of These Mornings,1101,eUJGFv7AgdI,https://music.youtube.com/watch?v=eUJGFv7AgdI,Moby,One of These Mornings,18,MUSIC_VIDEO_TYPE_ATV,193,catalog_or_official_row,0.90
Depeche Mode,Enjoy the Silence,1102,Vd_nkokQwnQ,https://music.youtube.com/watch?v=Vd_nkokQwnQ,Depeche Mode,Enjoy the Silence,Violator (Deluxe),MUSIC_VIDEO_TYPE_ATV,373,catalog_or_official_row,0.90
Moby,Porcelain,1103,Mw3LlFb0rRA,https://music.youtube.com/watch?v=Mw3LlFb0rRA,Moby,Porcelain,Play,MUSIC_VIDEO_TYPE_ATV,242,catalog_or_official_row,0.90
Enigma,Almost Full Moon,1104,L1iGXe5bQ2M,https://music.youtube.com/watch?v=L1iGXe5bQ2M,Enigma,Almost Full Moon,"Le Roi Est Mort, Vive Le Roi!",MUSIC_VIDEO_TYPE_ATV,207,catalog_or_official_row,0.90
Enigma,The Screen Behind The Mirror,1105,qQI3Zs6-fRY,https://music.youtube.com/watch?v=qQI3Zs6-fRY,Enigma,The Screen Behind The Mirror,The Screen Behind The Mirror,MUSIC_VIDEO_TYPE_ATV,239,catalog_or_official_row,0.90
Enigma,Voyageur,1106,x-KbNstmJKc,https://music.youtube.com/watch?v=x-KbNstmJKc,Enigma,Voyageur,Voyageur,MUSIC_VIDEO_TYPE_ATV,277,catalog_or_official_row,0.90
Enigma,T.N.T. For The Brain,1107,tBOm6Een0sw,https://music.youtube.com/watch?v=tBOm6Een0sw,Enigma,T.N.T. For The Brain,"Le Roi Est Mort, Vive Le Roi!",MUSIC_VIDEO_TYPE_ATV,267,catalog_or_official_row,0.90
Enigma,Déjà Vu,1108,ZjXj_tLHJ78,https://music.youtube.com/watch?v=ZjXj_tLHJ78,Enigma,Déjà Vu,Seven Lives Many Faces,MUSIC_VIDEO_TYPE_ATV,177,catalog_or_official_row,0.90
Enigma,Silence Must Be Heard,1109,tCUran3CDFg,https://music.youtube.com/watch?v=tCUran3CDFg,Enigma,Silence Must Be Heard,The Screen Behind The Mirror,MUSIC_VIDEO_TYPE_ATV,320,catalog_or_official_row,0.90
Enigma,Prism Of Life,1110,7ZGlPBkXOHI,https://music.youtube.com/watch?v=7ZGlPBkXOHI,Enigma,Prism Of Life,"Le Roi Est Mort, Vive Le Roi!",MUSIC_VIDEO_TYPE_ATV,296,catalog_or_official_row,0.90
America,A Horse with No Name,1112,mSZXWdKSQNM,https://music.youtube.com/watch?v=mSZXWdKSQNM,America,A Horse with No Name,America,MUSIC_VIDEO_TYPE_ATV,253,catalog_or_official_row,0.90
Elvis Presley,Can ́t Help Falling In Love,1113,OjiOTDqYYo0,https://music.youtube.com/watch?v=OjiOTDqYYo0,Elvis Presley,Can´t Help Falling In Love,"Milestones of a Legend - Elvis Presley, Vol. 7",MUSIC_VIDEO_TYPE_ATV,181,catalog_or_official_row,0.90
Jefferson Airplane,Somebody to Love (Mono Single Version),1114,SrGSt5eDt9o,https://music.youtube.com/watch?v=SrGSt5eDt9o,Jefferson Airplane,Somebody to Love (Mono Single Version),Surrealistic Pillow,MUSIC_VIDEO_TYPE_ATV,179,catalog_or_official_row,0.90
Radiohead,Karma Police,1116,nbCOAPR33ME,https://music.youtube.com/watch?v=nbCOAPR33ME,Radiohead,Karma Police,OK Computer OKNOTOK 1997 2017,MUSIC_VIDEO_TYPE_ATV,262,catalog_or_official_row,0.90
Wardruna,Voluspá (Skaldic Version),1117,lt4Z1dvlERc,https://music.youtube.com/watch?v=lt4Z1dvlERc,Wardruna,Voluspá (Skaldic Version),Skald,MUSIC_VIDEO_TYPE_ATV,381,catalog_or_official_row,0.90
Wardruna,Helvegen,1118,g1RJv-27i6Q,https://music.youtube.com/watch?v=g1RJv-27i6Q,Wardruna,Helvegen,Runaljod – Yggdrasil,MUSIC_VIDEO_TYPE_ATV,432,catalog_or_official_row,0.90
Enigma,20.000 Miles Over The Sea,1119,FGr0GbAbloU,https://music.youtube.com/watch?v=FGr0GbAbloU,Enigma,20.000 Miles Over The Sea,A Posteriori,MUSIC_VIDEO_TYPE_ATV,264,catalog_or_official_row,0.90
Enigma,I Love You... I'll Kill You,1121,958SSCqRUo8,https://music.youtube.com/watch?v=958SSCqRUo8,Enigma,I Love You... I'll Kill You,The Cross Of Changes,MUSIC_VIDEO_TYPE_ATV,533,catalog_or_official_row,0.90
Enigma,Push The Limits,1123,YhQ5zYxmCzo,https://music.youtube.com/watch?v=YhQ5zYxmCzo,Enigma,Push The Limits,The Screen Behind The Mirror,MUSIC_VIDEO_TYPE_ATV,387,catalog_or_official_row,0.90
Lucio Dalla,Caruso (Remastered in 192 KHz),1124,wz8-1K9Zw_Q,https://music.youtube.com/watch?v=wz8-1K9Zw_Q,Lucio Dalla,Caruso (Remastered in 192 KHz),duvudubà,MUSIC_VIDEO_TYPE_ATV,313,catalog_or_official_row,0.90
Umberto Tozzi,Ti Amo,1125,kjvSAaRgt5I,https://music.youtube.com/watch?v=kjvSAaRgt5I,Umberto Tozzi,Ti Amo,E' nell' aria…ti amo,MUSIC_VIDEO_TYPE_ATV,246,catalog_or_official_row,0.90
Mireille Mathieu,Pardonne-moi ce caprice d'enfant,1127,WHzo3c6_nQk,https://music.youtube.com/watch?v=WHzo3c6_nQk,Mireille Mathieu,Pardonne-moi ce caprice d'enfant,Une vie d'amour (Best Of),MUSIC_VIDEO_TYPE_ATV,202,catalog_or_official_row,0.90
St. Symeon Orthodox Church Choir,God Is With Us,1128,Ffp0FrCsbb8,https://music.youtube.com/watch?v=Ffp0FrCsbb8,St. Symeon Orthodox Church Choir,God Is With Us,Hymns of the Nativity of Christ,MUSIC_VIDEO_TYPE_ATV,196,catalog_or_official_row,0.90
Aethyrien,"Varðlokkur, Caller of Spirits",1129,VM1YDxh2Hww,https://music.youtube.com/watch?v=VM1YDxh2Hww,Aethyrien,"Varðlokkur, Caller of Spirits","Varðlokkur, Caller of Spirits",MUSIC_VIDEO_TYPE_ATV,278,catalog_or_official_row,0.90
Divna Ljubojevic,Blessed art Thou O Lord: teach me Thy statutes,1130,jQRO_jM4HWQ,https://music.youtube.com/watch?v=jQRO_jM4HWQ,Divna Ljubojevic,Blessed art Thou  O Lord: teach me Thy statutes,Doxology,MUSIC_VIDEO_TYPE_ATV,284,catalog_or_official_row,0.90
Wardruna,Solringen (First Flight of the White Raven LIVE),1131,kNwRebsKfB8,https://music.youtube.com/watch?v=kNwRebsKfB8,Wardruna,Solringen (First Flight of the White Raven LIVE),Kvitravn - First Flight of the White Raven,MUSIC_VIDEO_TYPE_ATV,286,catalog_or_official_row,0.90
Wardruna,Solringen,1132,kAKTQ6t7pzE,https://music.youtube.com/watch?v=kAKTQ6t7pzE,Wardruna,Solringen,Runaljod – Yggdrasil,MUSIC_VIDEO_TYPE_ATV,391,catalog_or_official_row,0.90
Valaam Singing Culture Institute Men's Choir,Vo tsarstvii Tvoem (The Beatitudes): The Beatitudes,1134,lTbtPCx1UTE,https://music.youtube.com/watch?v=lTbtPCx1UTE,Valaam Singing Culture Institute Men's Choir,Vo tsarstvii Tvoem (The Beatitudes): The Beatitudes,Russian Eastern,MUSIC_VIDEO_TYPE_ATV,231,catalog_or_official_row,0.90
Valaam Singing Culture Institute Men's Choir,"Psalm 136, ""By the waters of Babylon"" (arr. N. Uspensky)",1135,mpwGhAD2rrQ,https://music.youtube.com/watch?v=mpwGhAD2rrQ,Valaam Singing Culture Institute Men's Choir,"Psalm 136, ""By the waters of Babylon"" (arr. N. Uspensky)",Hymns of Great Lent and Holy Week,MUSIC_VIDEO_TYPE_ATV,302,catalog_or_official_row,0.90
Chesnokov Op. 24-6,Let My Prayer Arise,1136,gvHAqjODCcI,https://music.youtube.com/watch?v=gvHAqjODCcI,VitaliyGR,"Chesnokov Op. 24-6 - ""Let My Prayer Arise""",,MUSIC_VIDEO_TYPE_UGC,326,artist_title_dash,0.86
Kabarnos,Agni Parthene (Live Lebanon 2017),1137,Y56UcWkJ1Bk,https://music.youtube.com/watch?v=Y56UcWkJ1Bk,Kabarnos,Agni Parthene (Live Lebanon 2017),Agni Parthene (Live Lebanon 2017),MUSIC_VIDEO_TYPE_ATV,268,catalog_or_official_row,0.90
Wardruna,Lyfjaberg,1138,e4iDsbd1fzc,https://music.youtube.com/watch?v=e4iDsbd1fzc,Wardruna,Lyfjaberg,Lyfjaberg,MUSIC_VIDEO_TYPE_ATV,507,catalog_or_official_row,0.90
Aethyrien,"Völuspá, Visions of the Prophecy",1139,Nt9gpQsKgEg,https://music.youtube.com/watch?v=Nt9gpQsKgEg,Aethyrien,"Völuspá, Visions of the Prophecy",Era,MUSIC_VIDEO_TYPE_ATV,294,catalog_or_official_row,0.90
Seraphim Bit-Kharibi,Psalm 53,1140,h8T8iby670s,https://music.youtube.com/watch?v=h8T8iby670s,Seraphim Bit-Kharibi,Psalm 53,Chanting in the Language of Christ,MUSIC_VIDEO_TYPE_ATV,258,catalog_or_official_row,0.90
Der Weg Einer Freiheit,Immortal,1141,CFzGM3x-vbA,https://music.youtube.com/watch?v=CFzGM3x-vbA,Der Weg Einer Freiheit,Immortal,Immortal,MUSIC_VIDEO_TYPE_ATV,411,catalog_or_official_row,0.90
Seraphim Bit-Kharibi,Psalm 50,1142,94ByPx0G6fA,https://music.youtube.com/watch?v=94ByPx0G6fA,Seraphim Bit-Kharibi,Psalm 50,Chanting in the Language of Christ,MUSIC_VIDEO_TYPE_ATV,303,catalog_or_official_row,0.90
Patrick Lenk,Lo Boier,1143,AmZMPUQUFNk,https://music.youtube.com/watch?v=AmZMPUQUFNk,Patrick Lenk,Lo Boier,Lo Boier,MUSIC_VIDEO_TYPE_ATV,527,catalog_or_official_row,0.90
Rousseau,Liebestraum No. 3 - Love Dream (Liszt),1145,IBEQN4Ru6es,https://music.youtube.com/watch?v=IBEQN4Ru6es,Rousseau,Liebestraum No. 3 - Love Dream (Liszt),Liebestraum No. 3 - Love Dream (Liszt),MUSIC_VIDEO_TYPE_ATV,290,catalog_or_official_row,0.90
Alexandr Misko,Smooth Criminal,1146,0EnsQvXw3u0,https://music.youtube.com/watch?v=0EnsQvXw3u0,Alexandr Misko,Smooth Criminal,Smooth Criminal,MUSIC_VIDEO_TYPE_ATV,175,catalog_or_official_row,0.90
РУСЛАНА,Wild Energy,1147,yxXdQWcsh8o,https://music.youtube.com/watch?v=yxXdQWcsh8o,РУСЛАНА,Wild Energy,Wild Energy,MUSIC_VIDEO_TYPE_ATV,243,catalog_or_official_row,0.90
РУСЛАНА,Дика енергія,1148,-k6Bgm8pqho,https://music.youtube.com/watch?v=-k6Bgm8pqho,РУСЛАНА,Дика енергія,АМАЗОНКА,MUSIC_VIDEO_TYPE_ATV,302,catalog_or_official_row,0.90
Ruslana,Miy Brat!,1149,hRFCbEI9j3U,https://music.youtube.com/watch?v=hRFCbEI9j3U,Ruslana,Miy Brat!,Miy Brat! (Razom!),MUSIC_VIDEO_TYPE_ATV,220,catalog_or_official_row,0.90
Ruslana,Rachmaninov (DJ Small’s Remake),1150,LfXsj2H8i9Y,https://music.youtube.com/watch?v=LfXsj2H8i9Y,Ruslana,Rachmaninov (DJ Small’s Remake),Miy Brat! (Razom!),MUSIC_VIDEO_TYPE_ATV,202,catalog_or_official_row,0.90
Holy Transfiguration Monastery,Blessed Is the Man,1151,ekG3q8wPaW4,https://music.youtube.com/watch?v=ekG3q8wPaW4,Holy Transfiguration Monastery,Blessed Is the Man,O Give Thanks Unto the Lord,MUSIC_VIDEO_TYPE_ATV,464,catalog_or_official_row,0.90
Alexander,Christ Has Risen,1152,oQfuvcerLTQ,https://music.youtube.com/watch?v=oQfuvcerLTQ,Alexander,Christ Has Risen,Christ Has Risen,MUSIC_VIDEO_TYPE_ATV,93,catalog_or_official_row,0.90
Lévon Minassian,Siretzi Yares Daran (They Have Taken the One I Love),1153,mLnOpbV4tPU,https://music.youtube.com/watch?v=mLnOpbV4tPU,Lévon Minassian,Siretzi Yares Daran (They Have Taken the One I Love),The Doudouk - Beyond Borders,MUSIC_VIDEO_TYPE_ATV,420,catalog_or_official_row,0.90
Agalloch,Limbs (2016 - Remaster),1156,fC0OFbhLeqk,https://music.youtube.com/watch?v=fC0OFbhLeqk,Agalloch,Limbs (2016 - Remaster),Ashes Against The Grain,MUSIC_VIDEO_TYPE_ATV,592,catalog_or_official_row,0.90
Shinnobu,The Man,1157,9Ic3vl_Zdsc,https://music.youtube.com/watch?v=9Ic3vl_Zdsc,Shinnobu,The Man,The Enigma V (Masterminds),MUSIC_VIDEO_TYPE_ATV,564,catalog_or_official_row,0.90
Vangelis,Blade Runner Blues,1158,ECYLHiXvrBQ,https://music.youtube.com/watch?v=ECYLHiXvrBQ,Vangelis,Blade Runner Blues,Blade Runner (Music From The Original Soundtrack),MUSIC_VIDEO_TYPE_ATV,535,catalog_or_official_row,0.90
Funeral Mist,Metamorphosis,1159,P-c78Ol5VPk,https://music.youtube.com/watch?v=P-c78Ol5VPk,Funeral Mist,Metamorphosis,Hekatomb,MUSIC_VIDEO_TYPE_ATV,455,catalog_or_official_row,0.90
niteboi,we should try,1160,dMhXymfudvA,https://music.youtube.com/watch?v=dMhXymfudvA,niteboi,we should try,we should try,MUSIC_VIDEO_TYPE_ATV,236,catalog_or_official_row,0.90
PATRIARKH,IRMOS I,1161,-9DXT82_25k,https://music.youtube.com/watch?v=-9DXT82_25k,PATRIARKH,IRMOS I,"""RASKOL""",MUSIC_VIDEO_TYPE_ATV,290,catalog_or_official_row,0.90
Elton John; Luciano Pavarotti; Orchestra Filarmonica Di Torino; Marco Armiliato,Live Like Horses (Live Finale Version),1162,6rPN7NMzd8Y,https://music.youtube.com/watch?v=6rPN7NMzd8Y,Elton John; Luciano Pavarotti; Orchestra Filarmonica Di Torino; Marco Armiliato,Live Like Horses (Live Finale Version),Pavarotti & Friends for War Child,MUSIC_VIDEO_TYPE_ATV,300,catalog_or_official_row,0.90
Іво Бобул,Болить душа,1163,-WiBhW7re-Y,https://music.youtube.com/watch?v=-WiBhW7re-Y,Іво Бобул,Болить душа,Осінній сад,MUSIC_VIDEO_TYPE_ATV,269,catalog_or_official_row,0.90
РуханкоМен,Скоро перемога,1164,mHW8VFxPO3M,https://music.youtube.com/watch?v=mHW8VFxPO3M,РуханкоМен,Скоро перемога,Скоро перемога,MUSIC_VIDEO_TYPE_ATV,186,catalog_or_official_row,0.90
Ðóñëàíà,Òè ùå â3äêðèoø î÷3,1165,olDS9TONsSM,https://music.youtube.com/watch?v=olDS9TONsSM,Ðóñëàíà,Òè ùå â³äêðèºø î÷³,Òè ùå â³äêðèºø î÷³,MUSIC_VIDEO_TYPE_ATV,213,catalog_or_official_row,0.90
Alisa Sova,Чорнобривці,1166,5xMzABwELqA,https://music.youtube.com/watch?v=5xMzABwELqA,Alisa Sova,Чорнобривці,Чорнобривці,MUSIC_VIDEO_TYPE_ATV,187,catalog_or_official_row,0.90
Kvitka Cisyk,I Will Go to the Distant Hills,1167,C7kkj5qsayA,https://music.youtube.com/watch?v=C7kkj5qsayA,Kvitka Cisyk,I Will Go to the Distant Hills,Kvitka Two Colors,MUSIC_VIDEO_TYPE_ATV,379,catalog_or_official_row,0.90
Батюшка,Песнь 1,1168,jVO6sY_CVYc,https://music.youtube.com/watch?v=jVO6sY_CVYc,Батюшка,Песнь 1,Панихида,MUSIC_VIDEO_TYPE_ATV,249,catalog_or_official_row,0.90
Sidewalks and Skeletons,White Light,1169,QAmvQeyTAOI,https://music.youtube.com/watch?v=QAmvQeyTAOI,Sidewalks and Skeletons,White Light,White Light,MUSIC_VIDEO_TYPE_ATV,265,catalog_or_official_row,0.90
Nuages,Closer,1170,Fds3Z7TBjlQ,https://music.youtube.com/watch?v=Fds3Z7TBjlQ,Nuages,Closer,Closer,MUSIC_VIDEO_TYPE_ATV,308,catalog_or_official_row,0.90
System Of A Down,Streamline,1171,WkCeY4HK1xk,https://music.youtube.com/watch?v=WkCeY4HK1xk,System Of A Down,Streamline,Steal This Album!,MUSIC_VIDEO_TYPE_ATV,218,catalog_or_official_row,0.90
The HU,The Great Chinggis Khaan,1176,dPZSApUiQuU,https://music.youtube.com/watch?v=dPZSApUiQuU,The HU,The Great Chinggis Khaan,The Gereg (Deluxe Edition),MUSIC_VIDEO_TYPE_ATV,273,catalog_or_official_row,0.90
Mr.Kitty,Hold Me Down,1178,vfmvwFL7iaw,https://music.youtube.com/watch?v=vfmvwFL7iaw,Mr.Kitty,Hold Me Down,Time,MUSIC_VIDEO_TYPE_ATV,237,catalog_or_official_row,0.90
Batzorig Vaanchig; Auli,Hunnu Guren,1179,X5oVGVbbwfI,https://music.youtube.com/watch?v=X5oVGVbbwfI,Batzorig Vaanchig; Auli,Hunnu Guren,Hunnu Guren,MUSIC_VIDEO_TYPE_ATV,238,catalog_or_official_row,0.90
Ihor Cymbrows'kyj,Przyjdź aniele [FULL ALBUM] 1996,1180,SJxAX4MDwNU,https://music.youtube.com/watch?v=SJxAX4MDwNU,cartografia,Ihor Cymbrows'kyj - Przyjdź aniele [FULL ALBUM] 1996,,MUSIC_VIDEO_TYPE_UGC,3508,artist_title_dash,0.86
Johnny Cash,Hurt,1181,gSS2IgnnBo8,https://music.youtube.com/watch?v=gSS2IgnnBo8,Johnny Cash,Hurt,American IV: The Man Comes Around,MUSIC_VIDEO_TYPE_ATV,217,catalog_or_official_row,0.90
Mgła,Exercises in Futility IV,1183,HN7-DmTtNdM,https://music.youtube.com/watch?v=HN7-DmTtNdM,Mgła,Exercises in Futility IV,Exercises in Futility,MUSIC_VIDEO_TYPE_ATV,286,catalog_or_official_row,0.90
Mgła,Exercises in Futility I,1184,uRQPpzE1U9s,https://music.youtube.com/watch?v=uRQPpzE1U9s,Mgła,Exercises in Futility I,Exercises in Futility,MUSIC_VIDEO_TYPE_ATV,479,catalog_or_official_row,0.90
Erik Satie,Gnossiennes 1-5 (3 hour loop),1185,Qr4azoVLqL0,https://music.youtube.com/watch?v=Qr4azoVLqL0,ThatClassicalVibe,Erik Satie - Gnossiennes 1-5 (3 hour loop),,MUSIC_VIDEO_TYPE_UGC,11332,artist_title_dash,0.86
Mgła,With Hearts Toward None I,1186,q_QNLSwMOi4,https://music.youtube.com/watch?v=q_QNLSwMOi4,Mgła,With Hearts Toward None I,With Hearts Toward None,MUSIC_VIDEO_TYPE_ATV,308,catalog_or_official_row,0.90
Kvitka Cisyk,Two Colors,1188,tAy3vB2xCSo,https://music.youtube.com/watch?v=tAy3vB2xCSo,Kvitka Cisyk,Two Colors,Kvitka Two Colors,MUSIC_VIDEO_TYPE_ATV,312,catalog_or_official_row,0.90
Stevie T ft. Jim Carrey,You Don't Bring Me Flowers,1190,7t3a_wk904E,https://music.youtube.com/watch?v=7t3a_wk904E,Steve Terreberry,Stevie T ft. Jim Carrey - You Don't Bring Me Flowers (MUSIC VIDEO),,MUSIC_VIDEO_TYPE_UGC,164,artist_title_dash,0.86
Kvitka Cisyk,Dearest Mother Of Mine,1193,jwtVa5R8qAE,https://music.youtube.com/watch?v=jwtVa5R8qAE,Kvitka Cisyk,Dearest Mother Of Mine,Kvitka,MUSIC_VIDEO_TYPE_ATV,323,catalog_or_official_row,0.90
Electro-Light,Symbolism,1194,f6Zk4Lx0cJ4,https://music.youtube.com/watch?v=f6Zk4Lx0cJ4,Electro-Light,Symbolism,Symbolism,MUSIC_VIDEO_TYPE_ATV,294,catalog_or_official_row,0.90
Василь Жданкін,"Думи мої, думи мої",1196,RrCAHoI8N7c,https://music.youtube.com/watch?v=RrCAHoI8N7c,Василь Жданкін,"Думи мої, думи мої","Думи мої, думи мої",MUSIC_VIDEO_TYPE_ATV,260,catalog_or_official_row,0.90
ДахаБраха,Пливе човен,1199,asts8js-GNk,https://music.youtube.com/watch?v=asts8js-GNk,ДахаБраха,Пливе човен,Пливе човен,MUSIC_VIDEO_TYPE_ATV,289,catalog_or_official_row,0.90
DakhaBrakha,Nad Dunaem,1200,nqng93Gpw4A,https://music.youtube.com/watch?v=nqng93Gpw4A,DakhaBrakha,Nad Dunaem,Bitter Harvest (Original Motion Picture Soundtrack),MUSIC_VIDEO_TYPE_ATV,518,catalog_or_official_row,0.90
DakhaBrakha,Baby,1201,h7wB8qWdmcA,https://music.youtube.com/watch?v=h7wB8qWdmcA,DakhaBrakha,Baby,Light,MUSIC_VIDEO_TYPE_ATV,444,catalog_or_official_row,0.90
Jordan Critz,Starry Night,1202,xSXzw1XiDVw,https://music.youtube.com/watch?v=xSXzw1XiDVw,Jordan Critz,Starry Night,Starry Night,MUSIC_VIDEO_TYPE_ATV,299,catalog_or_official_row,0.90
All Angels,Barber: Agnus Dei,1204,TwSC-nH_td8,https://music.youtube.com/watch?v=TwSC-nH_td8,All Angels,Barber: Agnus Dei,All Angels (EU Version - e-album),MUSIC_VIDEO_TYPE_ATV,385,catalog_or_official_row,0.90
Aurora,Hans Zimmer,1205,1oTbyENpX58,https://music.youtube.com/watch?v=1oTbyENpX58,xNarsil,Aurora - Hans Zimmer,,MUSIC_VIDEO_TYPE_UGC,517,artist_title_dash,0.86
Yoshihisa Hirano,Kyrie II,1206,fr3QRSw-UN0,https://music.youtube.com/watch?v=fr3QRSw-UN0,Yoshihisa Hirano,Kyrie Ⅱ,DEATH NOTE Original Soundtrack Ⅱ,MUSIC_VIDEO_TYPE_ATV,141,catalog_or_official_row,0.90
Чернобривцы,Несе Галя воду,1207,s6zv8Oth5GQ,https://music.youtube.com/watch?v=s6zv8Oth5GQ,Faraon2400,Чернобривцы - Несе Галя воду,,MUSIC_VIDEO_TYPE_UGC,216,artist_title_dash,0.86
Kordhell,Killa,1209,Rvb20s1Ozek,https://music.youtube.com/watch?v=Rvb20s1Ozek,Kordhell,Killa,Beat Tape 2,MUSIC_VIDEO_TYPE_ATV,210,catalog_or_official_row,0.90
FindMyName,Hide N Seek,1210,HtfsDrGEnXk,https://music.youtube.com/watch?v=HtfsDrGEnXk,FindMyName,Hide N Seek,Hide N Seek,MUSIC_VIDEO_TYPE_ATV,168,catalog_or_official_row,0.90
KUTE; Kordhell,Dead on Arrival,1212,bhwEhBRbe4s,https://music.youtube.com/watch?v=bhwEhBRbe4s,KUTE; Kordhell,Dead on Arrival,Dead on Arrival,MUSIC_VIDEO_TYPE_ATV,173,catalog_or_official_row,0.90
KUTE; RAIZHELL,ANUBIS,1213,-My3J4qmlWU,https://music.youtube.com/watch?v=-My3J4qmlWU,KUTE; RAIZHELL,ANUBIS,ANUBIS,MUSIC_VIDEO_TYPE_ATV,132,catalog_or_official_row,0.90
Борис Гмиря,Ніч яка мiсячна,1215,En7TsomfE5A,https://music.youtube.com/watch?v=En7TsomfE5A,levushka kublanov,Борис Гмыря Нич яка мiсячна,,MUSIC_VIDEO_TYPE_UGC,196,ambiguous_ugc_uploader,1.00
Володимир Івасюк,Пісня буде поміж нас (Live),1216,RzZHYHO0Pjw,https://music.youtube.com/watch?v=RzZHYHO0Pjw,Володимир Івасюк,Пісня буде поміж нас (Live),Пісня буде поміж нас (Live),MUSIC_VIDEO_TYPE_ATV,207,catalog_or_official_row,0.90
London Festival Orchestra; Henry Adolph; Pyotr Ilyich Tchaikovsky,Ballet Suite from Swan Lake Op. 20: Dance of the Swans,1217,odnBC05XrnI,https://music.youtube.com/watch?v=odnBC05XrnI,London Festival Orchestra; Henry Adolph; Pyotr Ilyich Tchaikovsky,Ballet Suite from  Swan Lake  Op. 20: Dance of the Swans,Nutcracker * Swan Lake,MUSIC_VIDEO_TYPE_ATV,196,catalog_or_official_row,0.90
Jonas Kaufmann; Prague Philharmonic Orchestra; Marco Armiliato; Giacomo Puccini,"Puccini: Tosca, SC 69 / Act 3: ""E lucevan le stelle",1218,TMfCkeobZ4E,https://music.youtube.com/watch?v=TMfCkeobZ4E,Jonas Kaufmann; Prague Philharmonic Orchestra; Marco Armiliato; Giacomo Puccini,"Puccini: Tosca, SC 69 / Act 3: ""E lucevan le stelle""",Romantic Arias,MUSIC_VIDEO_TYPE_ATV,202,catalog_or_official_row,0.90
Mario Lanza,Na sera 'e maggio (Remastered 1995),1219,b2dhl0xPFLU,https://music.youtube.com/watch?v=b2dhl0xPFLU,Mario Lanza,'Na sera 'e maggio (Remastered 1995),Mario! Lanza At His Best,MUSIC_VIDEO_TYPE_ATV,202,catalog_or_official_row,0.90
Joe Dassin,L'été indien,1220,V1T5sewxgYk,https://music.youtube.com/watch?v=V1T5sewxgYk,Joe Dassin,L'été indien,Taka Takata,MUSIC_VIDEO_TYPE_ATV,271,catalog_or_official_row,0.90
Ricchi e Poveri,Sarà perchè ti amo,1221,H_HNvWkO8T0,https://music.youtube.com/watch?v=H_HNvWkO8T0,Ricchi e Poveri,Sarà perchè ti amo,Le 120 piu' belle di sempre,MUSIC_VIDEO_TYPE_ATV,215,catalog_or_official_row,0.90
Al Bano,Ci sarà,1222,CtjmTns3ZsA,https://music.youtube.com/watch?v=CtjmTns3ZsA,Al Bano,Ci sarà,Di rose e di spine,MUSIC_VIDEO_TYPE_ATV,205,catalog_or_official_row,0.90
Beach House,Space Song,1223,uSDWUx7S8dw,https://music.youtube.com/watch?v=uSDWUx7S8dw,Beach House,Space Song,Depression Cherry,MUSIC_VIDEO_TYPE_ATV,321,catalog_or_official_row,0.90
Ghostface Playa; fkbambam,KILLKA,1224,oalkbgRJAW8,https://music.youtube.com/watch?v=oalkbgRJAW8,Ghostface Playa; fkbambam,KILLKA,FROM THE NORTH,MUSIC_VIDEO_TYPE_ATV,143,catalog_or_official_row,0.90
KSLV Noh,Disaster,1225,7Ua_ilBIx9A,https://music.youtube.com/watch?v=7Ua_ilBIx9A,KSLV Noh,Disaster,Disaster,MUSIC_VIDEO_TYPE_ATV,85,catalog_or_official_row,0.90
Adriano Celentano,Confessa,1226,7uyX3xMc0Do,https://music.youtube.com/watch?v=7uyX3xMc0Do,Adriano Celentano,Confessa,Per Sempre,MUSIC_VIDEO_TYPE_ATV,311,catalog_or_official_row,0.90
PlayaPhonk,IMMORTAL,1227,5BG6o53cJj0,https://music.youtube.com/watch?v=5BG6o53cJj0,PlayaPhonk,IMMORTAL,IMMORTAL,MUSIC_VIDEO_TYPE_ATV,136,catalog_or_official_row,0.90
Kordhell,MURDER PLOT,1228,w1JjPvLAzRE,https://music.youtube.com/watch?v=w1JjPvLAzRE,Kordhell,MURDER PLOT,MURDER PLOT,MUSIC_VIDEO_TYPE_ATV,127,catalog_or_official_row,0.90
Ghostface Playa,I Don't Give a Fuck (feat. Pharmacist),1229,cZfb2HU7c9o,https://music.youtube.com/watch?v=cZfb2HU7c9o,Ghostface Playa,I Don't Give a Fuck (feat. Pharmacist),Cruisin' Down Da Block,MUSIC_VIDEO_TYPE_ATV,122,catalog_or_official_row,0.90
Ariis,Chupki V Krusta Phonk,1230,UumS0KEZdH0,https://music.youtube.com/watch?v=UumS0KEZdH0,Ariis,Chupki V Krusta Phonk,Chupki V Krusta Phonk,MUSIC_VIDEO_TYPE_ATV,122,catalog_or_official_row,0.90
Adriano Celentano,IL RAGAZZO DELLA VIA GLUCK,1231,sKCYFO1hY_U,https://music.youtube.com/watch?v=sKCYFO1hY_U,Adriano Celentano,IL RAGAZZO DELLA VIA GLUCK,Adriano Live,MUSIC_VIDEO_TYPE_ATV,290,catalog_or_official_row,0.90
Adriano Celentano,Susanna,1232,_jz7Csk0fCs,https://music.youtube.com/watch?v=_jz7Csk0fCs,Adriano Celentano,Susanna,I Miei Americani (Tre Puntini),MUSIC_VIDEO_TYPE_ATV,288,catalog_or_official_row,0.90
Adriano Celentano,Il Tempo Se Ne Va,1233,-rkOJfHMmsY,https://music.youtube.com/watch?v=-rkOJfHMmsY,Adriano Celentano,Il Tempo Se Ne Va,Collezione D'Oro,MUSIC_VIDEO_TYPE_ATV,231,catalog_or_official_row,0.90
Igorrr,Himalaya Massive Ritual,1235,-VmaTdnL0ek,https://music.youtube.com/watch?v=-VmaTdnL0ek,Igorrr,Himalaya Massive Ritual,Spirituality and Distortion,MUSIC_VIDEO_TYPE_ATV,427,catalog_or_official_row,0.90
Adriano Celentano,Soli,1236,2r7rQKe3gt4,https://music.youtube.com/watch?v=2r7rQKe3gt4,Adriano Celentano,Soli,Unicamentecelentano,MUSIC_VIDEO_TYPE_ATV,249,catalog_or_official_row,0.90
Chris Norman; Suzi Quatro,Stumblin' In,1237,3fHkPX7U91g,https://music.youtube.com/watch?v=3fHkPX7U91g,Chris Norman; Suzi Quatro,Stumblin' In,The Montreux Album (New Extended Version),MUSIC_VIDEO_TYPE_ATV,237,catalog_or_official_row,0.90
Al Bano & Romina Power,Ci sarà,1239,R5C4shkDVRo,https://music.youtube.com/watch?v=R5C4shkDVRo,Al Bano & Romina Power,Ci sarà,Romantica,MUSIC_VIDEO_TYPE_ATV,208,catalog_or_official_row,0.90
Julio Iglesias,Nostalgie (Nathalie),1240,9jdzcUGJvpo,https://music.youtube.com/watch?v=9jdzcUGJvpo,Julio Iglesias,Nostalgie (Nathalie),Et L' Amour Crea La Femme,MUSIC_VIDEO_TYPE_ATV,237,catalog_or_official_row,0.90
Al Bano & Romina Power,Libertà,1241,s9keQh_dcnU,https://music.youtube.com/watch?v=s9keQh_dcnU,Al Bano & Romina Power,Libertà,Liberta,MUSIC_VIDEO_TYPE_ATV,267,catalog_or_official_row,0.90
Albano Carrisi,Ti Amo (Version 2010),1243,1SeoYxmpwUs,https://music.youtube.com/watch?v=1SeoYxmpwUs,Albano Carrisi,Ti Amo (Version 2010),The Great Italian Songbook,MUSIC_VIDEO_TYPE_ATV,227,catalog_or_official_row,0.90
Al Bano,Felicità,1244,hk_OfhPTd28,https://music.youtube.com/watch?v=hk_OfhPTd28,Al Bano,Felicità,Di rose e di spine,MUSIC_VIDEO_TYPE_ATV,232,catalog_or_official_row,0.90
I Monster,Who Is She ?,1245,4WJoY2aZuVk,https://music.youtube.com/watch?v=4WJoY2aZuVk,I Monster,Who Is She ?,Neveroddoreven,MUSIC_VIDEO_TYPE_ATV,214,catalog_or_official_row,0.90
Sheryl Crow,Tomorrow Never Dies,1246,rwDUWnOVf0c,https://music.youtube.com/watch?v=rwDUWnOVf0c,Sheryl Crow,Tomorrow Never Dies,Tomorrow Never Dies,MUSIC_VIDEO_TYPE_ATV,292,catalog_or_official_row,0.90
Mr.Kitty,XIII,1247,PF4mPa6MBKw,https://music.youtube.com/watch?v=PF4mPa6MBKw,Mr.Kitty,XIII,Time,MUSIC_VIDEO_TYPE_ATV,217,catalog_or_official_row,0.90
Sergio Velesky,MAIAJI MAIAJUUU,1248,1LGEOYF_b0Y,https://music.youtube.com/watch?v=1LGEOYF_b0Y,Sergio Velesky,MAIAJI MAIAJUUU,,MUSIC_VIDEO_TYPE_UGC,213,ambiguous_ugc_uploader,1.00
Radiohead,House Of Cards,1249,Nng0aSsq_XE,https://music.youtube.com/watch?v=Nng0aSsq_XE,Radiohead,House Of Cards,In Rainbows,MUSIC_VIDEO_TYPE_ATV,329,catalog_or_official_row,0.90
Radiohead,No Surprises,1250,7374CZQoS2Y,https://music.youtube.com/watch?v=7374CZQoS2Y,Radiohead,No Surprises,OK Computer OKNOTOK 1997 2017,MUSIC_VIDEO_TYPE_ATV,229,catalog_or_official_row,0.90
Lana Del Rey,Lust For Life (feat. The Weeknd),1252,LCQ_1RyoD5Y,https://music.youtube.com/watch?v=LCQ_1RyoD5Y,Lana Del Rey,Lust For Life (feat. The Weeknd),Lust For Life,MUSIC_VIDEO_TYPE_ATV,265,catalog_or_official_row,0.90
Lana Del Rey,Video Games,1254,mhr4YecSV_Y,https://music.youtube.com/watch?v=mhr4YecSV_Y,Lana Del Rey,Video Games,Born To Die - The Paradise Edition (Special Version),MUSIC_VIDEO_TYPE_ATV,282,catalog_or_official_row,0.90
Lana Del Rey,Born To Die,1255,pOm2JieAuCA,https://music.youtube.com/watch?v=pOm2JieAuCA,Lana Del Rey,Born To Die,Born To Die - The Paradise Edition,MUSIC_VIDEO_TYPE_ATV,286,catalog_or_official_row,0.90
Batushka,Yekteniya VII,1256,EYVDSxpbIWA,https://music.youtube.com/watch?v=EYVDSxpbIWA,Batushka,Yekteniya VII,Litourgiya,MUSIC_VIDEO_TYPE_ATV,335,catalog_or_official_row,0.90
паліндром; Юрій Бондарчук,З букетом троянд,1257,8KIRX9K9vH0,https://music.youtube.com/watch?v=8KIRX9K9vH0,паліндром; Юрій Бондарчук,З букетом троянд,З букетом троянд,MUSIC_VIDEO_TYPE_ATV,174,catalog_or_official_row,0.90
Sade,Smooth Operator (Single Version),1261,mRNcPbCJNJ8,https://music.youtube.com/watch?v=mRNcPbCJNJ8,Sade,Smooth Operator (Single Version),The Best of Sade,MUSIC_VIDEO_TYPE_ATV,259,catalog_or_official_row,0.90
Luciano Pavarotti; Orchestra del Teatro Comunale di Bologna; Giancarlo Chiaramello,Cardillo: Core 'ngrato (Arr. Chiaramello),1263,WiDj69ik9Qs,https://music.youtube.com/watch?v=WiDj69ik9Qs,Luciano Pavarotti; Orchestra del Teatro Comunale di Bologna; Giancarlo Chiaramello,Cardillo: Core 'ngrato (Arr. Chiaramello),Luciano Pavarotti - Passione,MUSIC_VIDEO_TYPE_ATV,296,catalog_or_official_row,0.90
Garou,Autour du feu (Medley: L'été indien / Et si tu n'existais pas / Ça va pas changer le monde / Les yeux d'Émilie),1277,9px_038-bYI,https://music.youtube.com/watch?v=9px_038-bYI,Garou,Autour du feu (Medley: L'été indien / Et si tu n'existais pas / Ça va pas changer le monde / Les yeux d'Émilie),Garou joue Dassin,MUSIC_VIDEO_TYPE_ATV,290,catalog_or_official_row,0.90
Frédéric Chopin,"Nocturne No. 2 in E flat Major, Op. 9,2",1278,bVeOdm-29pU,https://music.youtube.com/watch?v=bVeOdm-29pU,Frédéric Chopin,"Nocturne No. 2 in E flat Major, Op. 9,2",Chopin,MUSIC_VIDEO_TYPE_ATV,284,catalog_or_official_row,0.90
Garou,Gitan,1279,m_OrlxQaKlA,https://music.youtube.com/watch?v=m_OrlxQaKlA,Garou,Gitan,Seul,MUSIC_VIDEO_TYPE_ATV,246,catalog_or_official_row,0.90
BrunoPelletier1,Notre Dame de Paris Le Temps des Cathédrales,1280,dSa0Z0Yd0J0,https://music.youtube.com/watch?v=dSa0Z0Yd0J0,BrunoPelletier1,Notre Dame de Paris Le Temps des Cathédrales,,MUSIC_VIDEO_TYPE_OFFICIAL_SOURCE_MUSIC,192,catalog_or_official_row,0.78
Igorrr,Problème d'émotion,1281,mzv3hfcTGCU,https://music.youtube.com/watch?v=mzv3hfcTGCU,Igorrr,Problème d'émotion,Savage Sinusoid,MUSIC_VIDEO_TYPE_ATV,279,catalog_or_official_row,0.90
Satyricon,Black Crow on a Tombstone,1282,1GXY4tSgCp0,https://music.youtube.com/watch?v=1GXY4tSgCp0,Satyricon,Black Crow on a Tombstone,The Age Of Nero,MUSIC_VIDEO_TYPE_ATV,233,catalog_or_official_row,0.90
Батюшка,Песнь 5,1283,XVBkYi7FoPs,https://music.youtube.com/watch?v=XVBkYi7FoPs,Батюшка,Песнь 5,Панихида,MUSIC_VIDEO_TYPE_ATV,334,catalog_or_official_row,0.90
Ilmari Hakkola,Bad Piggies Theme,1286,EgAOqt8I5ac,https://music.youtube.com/watch?v=EgAOqt8I5ac,Ilmari Hakkola,Bad Piggies Theme,Bad Piggies (Original Game Soundtrack) (Extended Edition),MUSIC_VIDEO_TYPE_ATV,161,catalog_or_official_row,0.90
Moby,Extreme Ways,1287,FmHxcFkajw0,https://music.youtube.com/watch?v=FmHxcFkajw0,Moby,Extreme Ways,18,MUSIC_VIDEO_TYPE_ATV,238,catalog_or_official_row,0.90
Patrick Carney,BoJack's Theme (Full Length) (feat. Ralph Carney),1288,UkhHY7U3LwU,https://music.youtube.com/watch?v=UkhHY7U3LwU,Patrick Carney,BoJack's Theme (Full Length) (feat. Ralph Carney),BoJack Horseman (Music from the Netflix Original Series),MUSIC_VIDEO_TYPE_ATV,264,catalog_or_official_row,0.90
Moby,"Extreme Ways (From The ""Bourne"" Film Series)",1289,aYAoeYE9CLs,https://music.youtube.com/watch?v=aYAoeYE9CLs,Moby,"Extreme Ways (From The ""Bourne"" Film Series)","Extreme Ways (From The ""Bourne"" Film Series)",MUSIC_VIDEO_TYPE_ATV,298,catalog_or_official_row,0.90
Hans Zimmer,No Time for Caution,1291,2o9KfyPqQzY,https://music.youtube.com/watch?v=2o9KfyPqQzY,Hans Zimmer,No Time for Caution,Interstellar (Original Motion Picture Soundtrack) [Expanded Edition],MUSIC_VIDEO_TYPE_ATV,247,catalog_or_official_row,0.90
Hans Zimmer,Wheel of Fortune,1292,XMgMOYKZ96g,https://music.youtube.com/watch?v=XMgMOYKZ96g,Hans Zimmer,Wheel of Fortune,Pirates of the Caribbean:  Dead Man's Chest (Original Motion Picture Soundtrack),MUSIC_VIDEO_TYPE_ATV,406,catalog_or_official_row,0.90
Hans Zimmer,Tia Dalma,1293,Cc3qZ1HtwsM,https://music.youtube.com/watch?v=Cc3qZ1HtwsM,Hans Zimmer,Tia Dalma,Pirates of the Caribbean:  Dead Man's Chest (Original Motion Picture Soundtrack),MUSIC_VIDEO_TYPE_ATV,238,catalog_or_official_row,0.90
Hans Zimmer,Dinner Is Served,1294,z9vs_UCmfdA,https://music.youtube.com/watch?v=z9vs_UCmfdA,Hans Zimmer,Dinner Is Served,Pirates of the Caribbean:  Dead Man's Chest (Original Motion Picture Soundtrack),MUSIC_VIDEO_TYPE_ATV,91,catalog_or_official_row,0.90
Михаил Елизаров,ДЕТИ И ГАШИШ,1295,h0eEsdYOCRE,https://music.youtube.com/watch?v=h0eEsdYOCRE,Михаил Елизаров,Михаил Елизаров —ДЕТИ И ГАШИШ,,MUSIC_VIDEO_TYPE_UGC,181,ambiguous_ugc_uploader,1.00
Shaman's Harvest,Broken Dreams [Drew McIntyre | HQ + full intro + Lyrics],1296,iRyaB8RgU4c,https://music.youtube.com/watch?v=iRyaB8RgU4c,ChrisRyot,Shaman's Harvest - Broken Dreams [Drew McIntyre  | HQ + full intro + Lyrics],,MUSIC_VIDEO_TYPE_UGC,301,artist_title_dash,0.86
Rivers of Nihil,Sand Baptism,1299,BaT6qUGKLbg,https://music.youtube.com/watch?v=BaT6qUGKLbg,Rivers of Nihil,Sand Baptism,Monarchy,MUSIC_VIDEO_TYPE_ATV,290,catalog_or_official_row,0.90
19 Most Romantic Waltzes,Chopin Complete Waltzes,1301,trDOwHzEqMY,https://music.youtube.com/watch?v=trDOwHzEqMY,Traum Piano,19 Most Romantic Waltzes - Chopin Complete Waltzes,,MUSIC_VIDEO_TYPE_UGC,3769,artist_title_dash,0.86
Liszt,"Liebestraum"" (Dream of love)",1302,MygSbWoX-Ys,https://music.youtube.com/watch?v=MygSbWoX-Ys,Traum Piano,"Liszt - ""Liebestraum"" (Dream of love)",,MUSIC_VIDEO_TYPE_UGC,327,artist_title_dash,0.86
Мандри,Дорога,1303,Vn99MTfNBOA,https://music.youtube.com/watch?v=Vn99MTfNBOA,Sergiy Fomenko,"Mandry ""Doroga"" (Мандри ""Дорога"")",,MUSIC_VIDEO_TYPE_UGC,211,ambiguous_ugc_uploader,1.00
TRAUM,"Grandes études de Paganini, S. 141: No. 3 in G-Sharp Minor (Allegretto) ""La campanella",1304,dG-SLTnN9go,https://music.youtube.com/watch?v=dG-SLTnN9go,TRAUM,"Grandes études de Paganini, S. 141: No. 3 in G-Sharp Minor (Allegretto) ""La campanella""",Chopin & Liszt Complete Etudes Vol.1,MUSIC_VIDEO_TYPE_ATV,265,catalog_or_official_row,0.90
Geoff Castellucci,Far over the Misty Mountains Cold,1305,jDFtgMHiPAM,https://music.youtube.com/watch?v=jDFtgMHiPAM,Geoff Castellucci,Far over the Misty Mountains Cold,Far over the Misty Mountains Cold,MUSIC_VIDEO_TYPE_ATV,253,catalog_or_official_row,0.90
Miracle Of Sound; Peyton Parrish,Valhalla Calling - Duet Version,1306,bbdEIzfeDSs,https://music.youtube.com/watch?v=bbdEIzfeDSs,Miracle Of Sound; Peyton Parrish,Valhalla Calling - Duet Version,Valhalla Calling (Duet Version),MUSIC_VIDEO_TYPE_ATV,241,catalog_or_official_row,0.90
Motörhead,Enter Sandman,1307,KS0Tk8UDRno,https://music.youtube.com/watch?v=KS0Tk8UDRno,Motörhead,Enter Sandman,Enter Sandman EP,MUSIC_VIDEO_TYPE_ATV,313,catalog_or_official_row,0.90
Russian Orthodox Male Choir of Australia,"Trisagion (I. Haritonov, arr. N. Kotlaroff)",1308,y6yMdWwyWM0,https://music.youtube.com/watch?v=y6yMdWwyWM0,Russian Orthodox Male Choir of Australia,"Trisagion (I. Haritonov, arr. N. Kotlaroff)",The Divine Liturgy of St. John Chrysostom,MUSIC_VIDEO_TYPE_ATV,182,catalog_or_official_row,0.90
Mozart,"Twinkle Twinkle Little Star"" (12 Variations on ""Ah vous dirai-je, Maman"")",1309,tGSDVrnjDqI,https://music.youtube.com/watch?v=tGSDVrnjDqI,Traum Piano,"Mozart - ""Twinkle Twinkle Little Star"" (12 Variations on ""Ah vous dirai-je, Maman"")",,MUSIC_VIDEO_TYPE_UGC,566,artist_title_dash,0.86
Kassia,Chopin: Nocturne Op. 55 No. 1,1311,_nlqxtsuDus,https://music.youtube.com/watch?v=_nlqxtsuDus,Kassia,Chopin: Nocturne Op. 55 No. 1,Chopin: Nocturne Op. 55 No. 1,MUSIC_VIDEO_TYPE_ATV,335,catalog_or_official_row,0.90
Rousseau,Etude Op. 25 No. 9 - Butterfly (Chopin),1312,EHTz19-brHY,https://music.youtube.com/watch?v=EHTz19-brHY,Rousseau,Etude Op. 25 No. 9 - Butterfly (Chopin),Etude Op. 25 No. 9 - Butterfly (Chopin),MUSIC_VIDEO_TYPE_ATV,84,catalog_or_official_row,0.90
Kassia; Edvard Grieg,Grieg: In the Hall of the Mountain King,1313,WCLCRglJvw4,https://music.youtube.com/watch?v=WCLCRglJvw4,Kassia; Edvard Grieg,Grieg: In the Hall of the Mountain King,Grieg: In the Hall of the Mountain King,MUSIC_VIDEO_TYPE_ATV,134,catalog_or_official_row,0.90
Kassia,Shostakovich: Waltz No. 2,1314,RJTekJw7vIY,https://music.youtube.com/watch?v=RJTekJw7vIY,Kassia,Shostakovich: Waltz No. 2,Shostakovich: Waltz No. 2,MUSIC_VIDEO_TYPE_ATV,212,catalog_or_official_row,0.90
Rousseau,Revolutionary Etude - Op. 10 No. 12 (Chopin),1315,vEicbIksD-I,https://music.youtube.com/watch?v=vEicbIksD-I,Rousseau,Revolutionary Etude - Op. 10 No. 12 (Chopin),Revolutionary Etude - Op. 10 No. 12 (Chopin),MUSIC_VIDEO_TYPE_ATV,182,catalog_or_official_row,0.90
Liszt,"La Campanella (100,000 special)",1316,H1Dvg2MxQn8,https://music.youtube.com/watch?v=H1Dvg2MxQn8,Rousseau,"Liszt - La Campanella (100,000 special)",,MUSIC_VIDEO_TYPE_UGC,318,artist_title_dash,0.86
Kassia,Chopin: Etude Op. 25 No. 11 “Winter Wind”,1317,yRAzxe9wRaQ,https://music.youtube.com/watch?v=yRAzxe9wRaQ,Kassia,Chopin: Etude Op. 25 No. 11 “Winter Wind”,Chopin: Etude Op. 25 No. 11 “Winter Wind”,MUSIC_VIDEO_TYPE_ATV,217,catalog_or_official_row,0.90
Rousseau,Etude Op. 8 No. 12 (Scriabin),1318,8CEjcuYbtIg,https://music.youtube.com/watch?v=8CEjcuYbtIg,Rousseau,Etude Op. 8 No. 12 (Scriabin),Etude Op. 8 No. 12 (Scriabin),MUSIC_VIDEO_TYPE_ATV,181,catalog_or_official_row,0.90
Воплі Відоплясова,Halya Is Carrying,1320,aDo38jxxBkw,https://music.youtube.com/watch?v=aDo38jxxBkw,Воплі Відоплясова,Halya Is Carrying,Halya Is Carrying,MUSIC_VIDEO_TYPE_ATV,184,catalog_or_official_row,0.90
Vopli Vidopliasova,We Were in the Village,1321,fPKR8Uv7Rxo,https://music.youtube.com/watch?v=fPKR8Uv7Rxo,Vopli Vidopliasova,We Were in the Village,Хвилі амура,MUSIC_VIDEO_TYPE_ATV,210,catalog_or_official_row,0.90
Воплі Відоплясова,Land of Dream,1322,iDvEIJtuDYw,https://music.youtube.com/watch?v=iDvEIJtuDYw,Воплі Відоплясова,Land of Dream,Країна Мрій,MUSIC_VIDEO_TYPE_ATV,307,catalog_or_official_row,0.90
БумБокс,Вахтерам,1323,pqIbm7H6E1w,https://music.youtube.com/watch?v=pqIbm7H6E1w,БумБокс,Вахтерам,Family бізнес,MUSIC_VIDEO_TYPE_ATV,241,catalog_or_official_row,0.90
Океан Ельзи,911,1324,dbq3tILUPmg,https://music.youtube.com/watch?v=dbq3tILUPmg,Океан Ельзи,911,Модель,MUSIC_VIDEO_TYPE_ATV,210,catalog_or_official_row,0.90
Океан Ельзи,"Там, де нас нема",1325,kTiiUw2HjjM,https://music.youtube.com/watch?v=kTiiUw2HjjM,Океан Ельзи,"Там, де нас нема","Там, де нас нема",MUSIC_VIDEO_TYPE_ATV,213,catalog_or_official_row,0.90
Moby,Why Does My Heart Feel So Bad?,1326,DLQoFcEF6Ws,https://music.youtube.com/watch?v=DLQoFcEF6Ws,Moby,Why Does My Heart Feel So Bad?,Play,MUSIC_VIDEO_TYPE_ATV,265,catalog_or_official_row,0.90
Воплі Відоплясова,Весна,1327,aLq0gHTvt8w,https://music.youtube.com/watch?v=aLq0gHTvt8w,Воплі Відоплясова,Весна,Найкраще,MUSIC_VIDEO_TYPE_ATV,304,catalog_or_official_row,0.90
Vopli Vidopliasova,Ye-Ye,1328,gmp_J2Si_BU,https://music.youtube.com/watch?v=gmp_J2Si_BU,Vopli Vidopliasova,Ye-Ye,Хвилі амура,MUSIC_VIDEO_TYPE_ATV,212,catalog_or_official_row,0.90
Михаил Елизаров,СТОМАТОЛОГ,1329,52VL7jBq1pc,https://music.youtube.com/watch?v=52VL7jBq1pc,Михаил Елизаров,Михаил Елизаров — СТОМАТОЛОГ,,MUSIC_VIDEO_TYPE_UGC,206,title_prefixed_with_known_artist,0.92
Dying Fetus,Second Skin,1330,gWBbtwdvw4A,https://music.youtube.com/watch?v=gWBbtwdvw4A,Dying Fetus,Second Skin,Reign Supreme (Deluxe Version),MUSIC_VIDEO_TYPE_ATV,283,catalog_or_official_row,0.90
Satyricon,To Your Brethren in the Dark,1331,KpvGI-JmV-c,https://music.youtube.com/watch?v=KpvGI-JmV-c,Satyricon,To Your Brethren in the Dark,Deep Calleth Upon Deep,MUSIC_VIDEO_TYPE_ATV,368,catalog_or_official_row,0.90
Mgła,Exercises in Futility V,1332,gyvRlCmjM2A,https://music.youtube.com/watch?v=gyvRlCmjM2A,Mgła,Exercises in Futility V,Exercises in Futility,MUSIC_VIDEO_TYPE_ATV,496,catalog_or_official_row,0.90
Егор Летов,Всё как у людей,1333,XAJ47jr3h0U,https://music.youtube.com/watch?v=XAJ47jr3h0U,Егор Летов,Всё как у людей,Вершки и корешки,MUSIC_VIDEO_TYPE_ATV,257,catalog_or_official_row,0.90
Егор Летов,Колыбельная,1334,GY8hbWW8Cfg,https://music.youtube.com/watch?v=GY8hbWW8Cfg,Егор Летов,Колыбельная,Вершки и корешки,MUSIC_VIDEO_TYPE_ATV,88,catalog_or_official_row,0.90
Егор Летов,Иуда будет в раю,1335,UdgAHSGvIAg,https://music.youtube.com/watch?v=UdgAHSGvIAg,Егор Летов,Иуда будет в раю,Вершки и корешки,MUSIC_VIDEO_TYPE_ATV,108,catalog_or_official_row,0.90
Егор Летов,Как листовка,1336,T0dUUXaM0Xk,https://music.youtube.com/watch?v=T0dUUXaM0Xk,Егор Летов,Как листовка,Вершки и корешки,MUSIC_VIDEO_TYPE_ATV,173,catalog_or_official_row,0.90
Егор Летов,Философская песня о пуле,1337,1riHV-aLO8Q,https://music.youtube.com/watch?v=1riHV-aLO8Q,Егор Летов,Философская песня о пуле,Вершки и корешки,MUSIC_VIDEO_TYPE_ATV,161,catalog_or_official_row,0.90
Егор Летов,Государство,1340,vBdiuFMScc4,https://music.youtube.com/watch?v=vBdiuFMScc4,Егор Летов,Государство,Вершки и корешки,MUSIC_VIDEO_TYPE_ATV,112,catalog_or_official_row,0.90
Loreena McKennitt,The Mystic's Dream,1341,7hhV4nrs7gk,https://music.youtube.com/watch?v=7hhV4nrs7gk,Loreena McKennitt,The Mystic's Dream,The Mask and Mirror,MUSIC_VIDEO_TYPE_ATV,464,catalog_or_official_row,0.90
Sting,Desert Rose (feat. Cheb Mami),1342,FiApCJWwgOs,https://music.youtube.com/watch?v=FiApCJWwgOs,Sting,Desert Rose (feat. Cheb Mami),Brand New Day,MUSIC_VIDEO_TYPE_ATV,286,catalog_or_official_row,0.90
System Of A Down,Violent Pornography,1343,KP_fR-Uh4OI,https://music.youtube.com/watch?v=KP_fR-Uh4OI,System Of A Down,Violent Pornography,Mezmerize,MUSIC_VIDEO_TYPE_ATV,212,catalog_or_official_row,0.90
System Of A Down,ATWA,1345,Ph8Qt3DHVwo,https://music.youtube.com/watch?v=Ph8Qt3DHVwo,System Of A Down,ATWA,Toxicity,MUSIC_VIDEO_TYPE_ATV,177,catalog_or_official_row,0.90
Батюшка,Песнь 2,1350,-W0aJf5rjEk,https://music.youtube.com/watch?v=-W0aJf5rjEk,Батюшка,Песнь 2,Панихида,MUSIC_VIDEO_TYPE_ATV,461,catalog_or_official_row,0.90
Mgła,Exercises in Futility VI,1351,pqfZIDFi6Bc,https://music.youtube.com/watch?v=pqfZIDFi6Bc,Mgła,Exercises in Futility VI,Exercises in Futility,MUSIC_VIDEO_TYPE_ATV,530,catalog_or_official_row,0.90
System Of A Down,Question! live【Rock In Rio 2011 | 60fpsHD】,1352,0sHvlvEJls0,https://music.youtube.com/watch?v=0sHvlvEJls0,ObeyYourSysteM,System Of A Down - Question! live【Rock In Rio 2011 | 60fpsᴴᴰ】,,MUSIC_VIDEO_TYPE_UGC,261,artist_title_dash,0.86
System Of A Down,Question! - live @ Rock am Ring 2011,1353,P_zvs5Si1ZE,https://music.youtube.com/watch?v=P_zvs5Si1ZE,Sebo8919,System Of A Down - Question! - live @ Rock am Ring 2011 HD,,MUSIC_VIDEO_TYPE_UGC,256,artist_title_dash,0.86
Michael Thomas Connolly,Hallelujah,1354,MWzeCcQqFyM,https://music.youtube.com/watch?v=MWzeCcQqFyM,Michael Thomas Connolly,Hallelujah,Hallelujah,MUSIC_VIDEO_TYPE_ATV,169,catalog_or_official_row,0.90
Radiohead,Black Star,1356,d7lbzUUXj0k,https://music.youtube.com/watch?v=d7lbzUUXj0k,Radiohead,Black Star,The Bends,MUSIC_VIDEO_TYPE_ATV,248,catalog_or_official_row,0.90
Radiohead,Street Spirit (Fade Out),1357,2y6kop0VTXY,https://music.youtube.com/watch?v=2y6kop0VTXY,Radiohead,Street Spirit (Fade Out),The Bends,MUSIC_VIDEO_TYPE_ATV,254,catalog_or_official_row,0.90
System Of A Down,Lost In Hollywood live (HD/DVD Quality),1359,e0YW5ZpQWsM,https://music.youtube.com/watch?v=e0YW5ZpQWsM,ObeyYourSysteM,System Of A Down - Lost In Hollywood live (HD/DVD Quality),,MUSIC_VIDEO_TYPE_UGC,351,artist_title_dash,0.86
System Of A Down,Lost In Hollywood LIVE【Rock In Rio 2015 | 60fpsHD】,1360,8wObL_vXmk0,https://music.youtube.com/watch?v=8wObL_vXmk0,ObeyYourSysteM,System Of A Down - Lost In Hollywood LIVE【Rock In Rio 2015 | 60fpsᴴᴰ】,,MUSIC_VIDEO_TYPE_UGC,332,artist_title_dash,0.86
Океан Ельзи,Мить,1361,QevMTQTPhjg,https://music.youtube.com/watch?v=QevMTQTPhjg,Океан Ельзи,Мить,Без меж,MUSIC_VIDEO_TYPE_ATV,313,catalog_or_official_row,0.90
Fear Factory,Linchpin,1362,NCt5LqvZKbM,https://music.youtube.com/watch?v=NCt5LqvZKbM,Fear Factory,Linchpin,Digimortal,MUSIC_VIDEO_TYPE_ATV,205,catalog_or_official_row,0.90
Renée Fleming; London Philharmonic Orchestra; Sir Charles Mackerras; Giacomo Puccini,Puccini: Gianni Schicchi: O mio babbino caro,1364,DLi25fgVuRs,https://music.youtube.com/watch?v=DLi25fgVuRs,Renée Fleming; London Philharmonic Orchestra; Sir Charles Mackerras; Giacomo Puccini,Puccini: Gianni Schicchi: O mio babbino caro,Renée Fleming,MUSIC_VIDEO_TYPE_ATV,173,catalog_or_official_row,0.90
Rotting christ,Χ Ξ Σ (666),1365,70qPvCKU_m4,https://music.youtube.com/watch?v=70qPvCKU_m4,Rotting christ,Χ Ξ Σ (666),Kata Ton Daimona Eaytoy (Do What Thou Wilt),MUSIC_VIDEO_TYPE_ATV,349,catalog_or_official_row,0.90
Advent Sorrow,Pestilence Shall Come,1366,yEeXq5Rn320,https://music.youtube.com/watch?v=yEeXq5Rn320,Advent Sorrow,Pestilence Shall Come,Pestilence Shall Come,MUSIC_VIDEO_TYPE_ATV,354,catalog_or_official_row,0.90
Mastodon,Steambreather,1367,RlBVgsZ6Y-w,https://music.youtube.com/watch?v=RlBVgsZ6Y-w,Mastodon,Steambreather,Emperor of Sand,MUSIC_VIDEO_TYPE_ATV,304,catalog_or_official_row,0.90
Дмитро Гнатюк,Два Кольори (1966),1369,cvV2cWyQ9ls,https://music.youtube.com/watch?v=cvV2cWyQ9ls,Дмитро Гнатюк,Два Кольори (1966),"Шедеври Української Естради: Два Кольори, Vol. 2",MUSIC_VIDEO_TYPE_ATV,256,catalog_or_official_row,0.90
The Minions,I Swear,1371,Oy39gZzS2m8,https://music.youtube.com/watch?v=Oy39gZzS2m8,The Minions,I Swear,Despicable Me 2 (Original Motion Picture Soundtrack),MUSIC_VIDEO_TYPE_ATV,99,catalog_or_official_row,0.90
Дмитро Гнатюк,Рідна мати моя (Пісня про рушник),1372,XTEMDTVGiKE,https://music.youtube.com/watch?v=XTEMDTVGiKE,Українська естрада,Дмитро Гнатюк - Рідна мати моя (Пісня про рушник),,MUSIC_VIDEO_TYPE_UGC,288,artist_title_dash,0.86
Blackhelm,One Thousand Years,1373,2whmcxjH-k8,https://music.youtube.com/watch?v=2whmcxjH-k8,Blackhelm,One Thousand Years,Dark Clouds of the Inferno,MUSIC_VIDEO_TYPE_ATV,151,catalog_or_official_row,0.90
Dimmu Borgir,Interdimensional Summit,1374,XT-4NaqJTb8,https://music.youtube.com/watch?v=XT-4NaqJTb8,Dimmu Borgir,Interdimensional Summit,Eonian,MUSIC_VIDEO_TYPE_ATV,280,catalog_or_official_row,0.90
PATRIARKH,Pierwyj Czas,1375,hdbHnKoEzUc,https://music.youtube.com/watch?v=hdbHnKoEzUc,PATRIARKH,Pierwyj Czas,Hospodi,MUSIC_VIDEO_TYPE_ATV,278,catalog_or_official_row,0.90
Urfaust,Meditatum II,1377,JM0VKVa_aRo,https://music.youtube.com/watch?v=JM0VKVa_aRo,Urfaust,Meditatum II,Empty Space Meditation,MUSIC_VIDEO_TYPE_ATV,598,catalog_or_official_row,0.90
PATRIARKH,Liturgiya,1378,MY2DF1KVatM,https://music.youtube.com/watch?v=MY2DF1KVatM,PATRIARKH,Liturgiya,Hospodi,MUSIC_VIDEO_TYPE_ATV,393,catalog_or_official_row,0.90
Batushka,Yekteniya VIII,1379,5uu8HewYlMA,https://music.youtube.com/watch?v=5uu8HewYlMA,Batushka,Yekteniya VIII,Litourgiya,MUSIC_VIDEO_TYPE_ATV,310,catalog_or_official_row,0.90
Batushka,Yekteniya VI,1380,IeJeAB-F0Rw,https://music.youtube.com/watch?v=IeJeAB-F0Rw,Batushka,Yekteniya VI,Litourgiya,MUSIC_VIDEO_TYPE_ATV,254,catalog_or_official_row,0.90
Batushka,Yekteniya I,1381,XCMNqKuuFC4,https://music.youtube.com/watch?v=XCMNqKuuFC4,Batushka,Yekteniya I,Litourgiya,MUSIC_VIDEO_TYPE_ATV,346,catalog_or_official_row,0.90
Batushka,Yekteníya 5,1382,6lZUwd7rmOE,https://music.youtube.com/watch?v=6lZUwd7rmOE,Batushka,Yekteníya 5,Litourgiya,MUSIC_VIDEO_TYPE_ATV,361,catalog_or_official_row,0.90
Batushka,Yekteniya IV,1383,o_rKSTh6ViE,https://music.youtube.com/watch?v=o_rKSTh6ViE,Batushka,Yekteniya IV,Litourgiya,MUSIC_VIDEO_TYPE_ATV,320,catalog_or_official_row,0.90
Batushka,Yekteniya II,1384,xxdzwpoIZPA,https://music.youtube.com/watch?v=xxdzwpoIZPA,Batushka,Yekteniya II,Litourgiya,MUSIC_VIDEO_TYPE_ATV,263,catalog_or_official_row,0.90
Batushka,Yekteniya III,1385,DHmZ88ybPtI,https://music.youtube.com/watch?v=DHmZ88ybPtI,Batushka,Yekteniya III,Litourgiya,MUSIC_VIDEO_TYPE_ATV,292,catalog_or_official_row,0.90
Tatiana Serjan; Pyotr Ilyich Tchaikovsky,"Pique dame, Op. 68, TH 10, Act III: Act III Scene 6: Uzh polnoch blizitsya - Akh! Istomilas ya gorem (Lisa)",1386,Xe-O-ExvIfs,https://music.youtube.com/watch?v=Xe-O-ExvIfs,Tatiana Serjan; Pyotr Ilyich Tchaikovsky,"Pique dame, Op. 68, TH 10, Act III: Act III Scene 6: Uzh polnoch blizitsya - Akh! Istomilas ya gorem (Lisa)","Tchaikovsky: Pique dame, Op. 68 (Live)",MUSIC_VIDEO_TYPE_ATV,350,catalog_or_official_row,0.90
Jennifer Larmore; René Jacobs; Concerto Köln; George Frideric Handel,"Giulio Cesare in Egitto, HWV 17, Atto III, Scena 4: ""Dall' ondoso"" & ""Aure, deh, per pietà",1387,hzE5XBoVpJc,https://music.youtube.com/watch?v=hzE5XBoVpJc,Jennifer Larmore; René Jacobs; Concerto Köln; George Frideric Handel,"Giulio Cesare in Egitto, HWV 17, Atto III, Scena 4: ""Dall' ondoso"" & ""Aure, deh, per pietà""",Handel: Giulio Cesare in Egitto,MUSIC_VIDEO_TYPE_ATV,725,catalog_or_official_row,0.90
Rafael Frühbeck de Burgos; Georges Bizet,"Carmen, Act 1: ""Quand je vous aimerai ?"" - Habanera. ""L'amour est un oiseau rebelle"" (Carmen, Chœur) (feat. Choeur du Théâtre National de l'Opéra de Paris & Grace Bumbry)",1388,JR6DH8Msf-w,https://music.youtube.com/watch?v=JR6DH8Msf-w,Rafael Frühbeck de Burgos; Georges Bizet,"Carmen, Act 1: ""Quand je vous aimerai ?"" - Habanera. ""L'amour est un oiseau rebelle"" (Carmen, Chœur) (feat. Choeur du Théâtre National de l'Opéra de Paris & Grace Bumbry)",Bizet: Carmen (Highlights),MUSIC_VIDEO_TYPE_ATV,295,catalog_or_official_row,0.90
Христина Соловій,Тримай,1389,A4ud4WxXTEk,https://music.youtube.com/watch?v=A4ud4WxXTEk,Христина Соловій,Тримай,Жива вода,MUSIC_VIDEO_TYPE_ATV,209,catalog_or_official_row,0.90
William Maranci Mashups,Pizza Balloon Vol. II (FULL MIXTAPE),1390,NqxhVhvHdX8,https://music.youtube.com/watch?v=NqxhVhvHdX8,William Maranci Mashups,William Maranci - Pizza Balloon Vol. II (FULL MIXTAPE),,MUSIC_VIDEO_TYPE_UGC,2970,title_prefixed_with_known_artist,0.92
Andrea Bocelli; Jennifer Lopez,"Quizás, Quizás, Quizás",1392,PwXBA6XTAUY,https://music.youtube.com/watch?v=PwXBA6XTAUY,Andrea Bocelli; Jennifer Lopez,"Quizás, Quizás, Quizás",Passione,MUSIC_VIDEO_TYPE_ATV,198,catalog_or_official_row,0.90
Luciano Pavarotti; National Philharmonic Orchestra; Giancarlo Chiaramello,De Curtis: Torna a Surriento (Arr. Chiaramello),1394,Z5pjO907UG0,https://music.youtube.com/watch?v=Z5pjO907UG0,Luciano Pavarotti; National Philharmonic Orchestra; Giancarlo Chiaramello,De Curtis: Torna a Surriento (Arr. Chiaramello),Pavarotti - The Greatest Hits,MUSIC_VIDEO_TYPE_ATV,265,catalog_or_official_row,0.90
Luciano Pavarotti; Giacomo Puccini,"Tosca: Tosca, Act III: E lucevan le stelle",1395,1SevF1IlHCI,https://music.youtube.com/watch?v=1SevF1IlHCI,Luciano Pavarotti; Giacomo Puccini,"Tosca: Tosca, Act III: E lucevan le stelle",Verdi: Rigoletto (Live),MUSIC_VIDEO_TYPE_ATV,174,catalog_or_official_row,0.90
"Plácido Domingo, Bebu Silvetti, & The VVC Symphonic Orchestra",La malagueña,1396,13yJ1ZdxHAk,https://music.youtube.com/watch?v=13yJ1ZdxHAk,"Plácido Domingo, Bebu Silvetti, & The VVC Symphonic Orchestra",La malagueña,Plácido Domingo - The Latin Album Collection,MUSIC_VIDEO_TYPE_ATV,231,catalog_or_official_row,0.90
Luciano Pavarotti; Tom Krause; Pier Francesco Poli; Piero de Palma,"Puccini: Turandot, Act III: Nessun dorma – Tu che guardi le stelle",1397,lHoYk2mRuSQ,https://music.youtube.com/watch?v=lHoYk2mRuSQ,Luciano Pavarotti; Tom Krause; Pier Francesco Poli; Piero de Palma,"Puccini: Turandot, Act III: Nessun dorma – Tu che guardi le stelle",Puccini: Turandot,MUSIC_VIDEO_TYPE_ATV,403,catalog_or_official_row,0.90
Luciano Pavarotti; Mariah Carey,Hero,1398,t3s-r18MLDI,https://music.youtube.com/watch?v=t3s-r18MLDI,Luciano Pavarotti; Mariah Carey,Hero,Pavarotti - The Greatest Hits,MUSIC_VIDEO_TYPE_ATV,261,catalog_or_official_row,0.90
Luciano Pavarotti; National Philharmonic Orchestra; Giancarlo Chiaramello,"Di Capua, Mazzucchi: 'O sole mio (Orch. Chiaramello)",1399,R2xPqfD54F4,https://music.youtube.com/watch?v=R2xPqfD54F4,Luciano Pavarotti; National Philharmonic Orchestra; Giancarlo Chiaramello,"Di Capua, Mazzucchi: 'O sole mio (Orch. Chiaramello)",Luciano Pavarotti - O Sole Mio - Favourite Neapolitan Songs,MUSIC_VIDEO_TYPE_ATV,205,catalog_or_official_row,0.90
Luciano Pavarotti,"Nel blu, dipinto di blu (Volare)",1400,5ZQtRCcBy4A,https://music.youtube.com/watch?v=5ZQtRCcBy4A,Luciano Pavarotti,"Nel blu, dipinto di blu (Volare)",Pavarotti - The Greatest Hits,MUSIC_VIDEO_TYPE_ATV,208,catalog_or_official_row,0.90
Meshuggah,They Move Below,1404,TM87DMK-q4o,https://music.youtube.com/watch?v=TM87DMK-q4o,Meshuggah,They Move Below,Immutable,MUSIC_VIDEO_TYPE_ATV,576,catalog_or_official_row,0.90
Dio,Holy Diver,1405,uDtgnYZsw7A,https://music.youtube.com/watch?v=uDtgnYZsw7A,Dio,Holy Diver,Holy Diver (Deluxe Edition),MUSIC_VIDEO_TYPE_ATV,351,catalog_or_official_row,0.90
Meshuggah,Dancers to a Discordant System,1406,_YOhKnPq4lU,https://music.youtube.com/watch?v=_YOhKnPq4lU,Meshuggah,Dancers to a Discordant System,ObZen,MUSIC_VIDEO_TYPE_ATV,577,catalog_or_official_row,0.90
Meshuggah,Do Not Look Down,1407,NDstOkt5ibo,https://music.youtube.com/watch?v=NDstOkt5ibo,Meshuggah,Do Not Look Down,Koloss,MUSIC_VIDEO_TYPE_ATV,284,catalog_or_official_row,0.90
Queensrÿche,I Don't Believe In Love (Remastered 2003),1408,_It_k1Ftj1I,https://music.youtube.com/watch?v=_It_k1Ftj1I,Queensrÿche,I Don't Believe In Love (Remastered 2003),Operation: Mindcrime (Deluxe Edition),MUSIC_VIDEO_TYPE_ATV,264,catalog_or_official_row,0.90
Anima Tempo,Deceitful Idols,1409,ZeB4e87tkw4,https://music.youtube.com/watch?v=ZeB4e87tkw4,Anima Tempo,Deceitful Idols,Deceitful Idols,MUSIC_VIDEO_TYPE_ATV,332,catalog_or_official_row,0.90
Gojira,Born For One Thing,1410,_Ebo0ngI4Qk,https://music.youtube.com/watch?v=_Ebo0ngI4Qk,Gojira,Born For One Thing,Fortitude,MUSIC_VIDEO_TYPE_ATV,261,catalog_or_official_row,0.90
ТІК,Олені,1412,75XGMVRDj_A,https://music.youtube.com/watch?v=75XGMVRDj_A,ТІК,Олені,Літерадура,MUSIC_VIDEO_TYPE_ATV,173,catalog_or_official_row,0.90
Океан Ельзи,Квітка,1414,UKmbZb2Yxcc,https://music.youtube.com/watch?v=UKmbZb2Yxcc,Океан Ельзи,Квітка,Модель,MUSIC_VIDEO_TYPE_ATV,255,catalog_or_official_row,0.90
The Platters,Only You (And You Alone),1415,85-6op3kt_g,https://music.youtube.com/watch?v=85-6op3kt_g,The Platters,Only You (And You Alone),Highlights From The Soundtrack Of American Graffiti,MUSIC_VIDEO_TYPE_ATV,162,catalog_or_official_row,0.90
Elvis Presley,Suspicious Minds,1416,xt8XQLvKBUs,https://music.youtube.com/watch?v=xt8XQLvKBUs,Elvis Presley,Suspicious Minds,Elvis 30 #1 Hits,MUSIC_VIDEO_TYPE_ATV,273,catalog_or_official_row,0.90
Foreigner,I Want to Know What Love Is (1999 Remaster),1418,4jA-_g_iSY0,https://music.youtube.com/watch?v=4jA-_g_iSY0,Foreigner,I Want to Know What Love Is (1999 Remaster),Agent Provocateur,MUSIC_VIDEO_TYPE_ATV,305,catalog_or_official_row,0.90
Brian Eno; Bono; The Edge; Luciano Pavarotti,Miss Sarajevo (Live),1419,BHCkSIQQ0K4,https://music.youtube.com/watch?v=BHCkSIQQ0K4,Brian Eno; Bono; The Edge; Luciano Pavarotti,Miss Sarajevo (Live),Pavarotti & Friends Together For The Children Of Bosnia,MUSIC_VIDEO_TYPE_ATV,383,catalog_or_official_row,0.90
Il Volo,Ti voglio tanto bene,1420,gd1l4Bj4WlA,https://music.youtube.com/watch?v=gd1l4Bj4WlA,Il Volo,Ti voglio tanto bene,,MUSIC_VIDEO_TYPE_OMV,181,catalog_or_official_row,0.78
Andrea Bocelli; Orchestra Sinfonica di Milano Giuseppe Verdi; Steven Mercurio,Ti Voglio Tanto Bene,1421,68bBh9zhD_8,https://music.youtube.com/watch?v=68bBh9zhD_8,Andrea Bocelli; Orchestra Sinfonica di Milano Giuseppe Verdi; Steven Mercurio,Ti Voglio Tanto Bene,Rarities,MUSIC_VIDEO_TYPE_ATV,229,catalog_or_official_row,0.90
Davy Jones Theme Suite,Hans Zimmer,1422,3TOzkCIaXjI,https://music.youtube.com/watch?v=3TOzkCIaXjI,Murat Kebir Toplar,Davy Jones Theme Suite - Hans Zimmer,,MUSIC_VIDEO_TYPE_UGC,259,artist_title_dash,0.86
Mario Lanza; MGM Studio Orchestra,"Serenade (featured in ""The Student Prince"")",1423,QKx3bqrg4a4,https://music.youtube.com/watch?v=QKx3bqrg4a4,Mario Lanza; MGM Studio Orchestra,"Serenade (featured in ""The Student Prince"")",The Very Best of Mario Lanza,MUSIC_VIDEO_TYPE_ATV,227,catalog_or_official_row,0.90
Сплин,Выхода нет,1424,o21YLdIvlUs,https://music.youtube.com/watch?v=o21YLdIvlUs,Сплин,Выхода нет,Гранатовый альбом,MUSIC_VIDEO_TYPE_ATV,228,catalog_or_official_row,0.90
Andrea Bocelli,Vivo Per Lei (feat. Giorgia),1425,-L6RtIEUqGE,https://music.youtube.com/watch?v=-L6RtIEUqGE,Andrea Bocelli,Vivo Per Lei (feat. Giorgia),The Best of Andrea Bocelli - 'Vivere',MUSIC_VIDEO_TYPE_ATV,267,catalog_or_official_row,0.90
Rainbow,Catch The Rainbow,1426,V5QukAC-jqE,https://music.youtube.com/watch?v=V5QukAC-jqE,Rainbow,Catch The Rainbow,Ritchie Blackmore's Rainbow,MUSIC_VIDEO_TYPE_ATV,397,catalog_or_official_row,0.90
Hozier,Take Me To Church,1428,JKlYOUfviXM,https://music.youtube.com/watch?v=JKlYOUfviXM,Hozier,Take Me To Church,Hozier,MUSIC_VIDEO_TYPE_ATV,242,catalog_or_official_row,0.90
Lorna Shore,Into the Earth,1429,JEB6jiJ_RBI,https://music.youtube.com/watch?v=JEB6jiJ_RBI,Lorna Shore,Into the Earth,Into the Earth,MUSIC_VIDEO_TYPE_ATV,312,catalog_or_official_row,0.90
Александр Гум,Она ушла,1430,BAV_wBzMqR4,https://music.youtube.com/watch?v=BAV_wBzMqR4,Александр Гум,Она ушла,Она ушла,MUSIC_VIDEO_TYPE_ATV,231,catalog_or_official_row,0.90
Violet Cold,Space Funeral,1431,5VxBq8BkYk8,https://music.youtube.com/watch?v=5VxBq8BkYk8,Violet Cold,Space Funeral,Kosmik,MUSIC_VIDEO_TYPE_ATV,328,catalog_or_official_row,0.90
"Günter Wehinger, Karin Nakagawa, Urs Wiesner, and Andrè Buser",Gnossienne 1,1432,ZeMCX7Bgzkk,https://music.youtube.com/watch?v=ZeMCX7Bgzkk,"Günter Wehinger, Karin Nakagawa, Urs Wiesner, and Andrè Buser",Gnossienne 1,Debussy…,MUSIC_VIDEO_TYPE_ATV,260,catalog_or_official_row,0.90
The Paris Musette,D'accord,1433,cqc4uhlJ66E,https://music.youtube.com/watch?v=cqc4uhlJ66E,The Paris Musette,D'accord,The Music Of France,MUSIC_VIDEO_TYPE_ATV,154,catalog_or_official_row,0.90
Al Marconi,Redemption,1434,LtrxncFfJdU,https://music.youtube.com/watch?v=LtrxncFfJdU,Al Marconi,Redemption,Insomnia,MUSIC_VIDEO_TYPE_ATV,362,catalog_or_official_row,0.90
Luciano Pavarotti; Sting,When We Dance (Live),1435,AFoQ-wA7VBI,https://music.youtube.com/watch?v=AFoQ-wA7VBI,Luciano Pavarotti; Sting,When We Dance (Live),Pavarotti - The Greatest Hits,MUSIC_VIDEO_TYPE_ATV,304,catalog_or_official_row,0.90
Luciano Pavarotti; Orchestra del Teatro Comunale di Bologna,Caruso,1436,9Kr8Q454gv8,https://music.youtube.com/watch?v=9Kr8Q454gv8,Luciano Pavarotti; Orchestra del Teatro Comunale di Bologna,Caruso,Pavarotti - The Greatest Hits,MUSIC_VIDEO_TYPE_ATV,321,catalog_or_official_row,0.90
Вахид Аюбов,Опустилась ночь над Ленинградом,1437,m7XTePLCMHA,https://music.youtube.com/watch?v=m7XTePLCMHA,AlezTV,Вахид Аюбов  - Опустилась ночь над Ленинградом,,MUSIC_VIDEO_TYPE_UGC,155,artist_title_dash,0.86
Blackhelm,Of Serpent and Stone,1439,eXILq9_rM7I,https://music.youtube.com/watch?v=eXILq9_rM7I,Blackhelm,Of Serpent and Stone,Dark Clouds of the Inferno,MUSIC_VIDEO_TYPE_ATV,337,catalog_or_official_row,0.90
Luciano Pavarotti; Coro del Teatro Comunale di Bologna; Henry Mancini,De Curtis: Ti voglio tanto bene (Arr. Mancini),1440,k2mwbQj_wTc,https://music.youtube.com/watch?v=k2mwbQj_wTc,Luciano Pavarotti; Coro del Teatro Comunale di Bologna; Henry Mancini,De Curtis: Ti voglio tanto bene (Arr. Mancini),Volare,MUSIC_VIDEO_TYPE_ATV,183,catalog_or_official_row,0.90
Тимерболат,Галерея памяти - Шахиды в судный день,1441,rYe-d5wSgt8,https://music.youtube.com/watch?v=rYe-d5wSgt8,Тимерболат,Галерея памяти - Шахиды в судный день,Инша Аллах1 сады нас ждут! 2001,MUSIC_VIDEO_TYPE_ATV,460,catalog_or_official_row,0.90
Егор и Опизденевшие,Вечная весна,1442,AqfwEGUuvrA,https://music.youtube.com/watch?v=AqfwEGUuvrA,Егор и Опизденевшие,Вечная весна,Сто лет одиночества,MUSIC_VIDEO_TYPE_ATV,412,catalog_or_official_row,0.90
Stevie Ray Vaughan & Double Trouble,Little Wing,1443,Rj_NUS9hwxA,https://music.youtube.com/watch?v=Rj_NUS9hwxA,Stevie Ray Vaughan & Double Trouble,Little Wing,Couldn't Stand The Weather (Legacy Edition),MUSIC_VIDEO_TYPE_ATV,409,catalog_or_official_row,0.90
Pink Floyd,Wish You Were Here,1444,4K6cvc27_CE,https://music.youtube.com/watch?v=4K6cvc27_CE,Pink Floyd,Wish You Were Here,Wish You Were Here,MUSIC_VIDEO_TYPE_ATV,335,catalog_or_official_row,0.90
The Beatles,With A Little Help From My Friends (Remastered 2009),1445,0C58ttB2-Qg,https://music.youtube.com/watch?v=0C58ttB2-Qg,The Beatles,With A Little Help From My Friends (Remastered 2009),Sgt. Pepper's Lonely Hearts Club Band,MUSIC_VIDEO_TYPE_ATV,165,catalog_or_official_row,0.90
Led Zeppelin,The Rain Song (Remaster),1446,TRt4hQs3nH0,https://music.youtube.com/watch?v=TRt4hQs3nH0,Led Zeppelin,The Rain Song (Remaster),Houses of the Holy (Deluxe Edition),MUSIC_VIDEO_TYPE_ATV,460,catalog_or_official_row,0.90
The Doors,When the Music's Over,1447,nOJSmXSFCWk,https://music.youtube.com/watch?v=nOJSmXSFCWk,The Doors,When the Music's Over,Strange Days,MUSIC_VIDEO_TYPE_ATV,660,catalog_or_official_row,0.90
TOOL,Sober,1448,DhMv5WVOli4,https://music.youtube.com/watch?v=DhMv5WVOli4,TOOL,Sober,Undertow,MUSIC_VIDEO_TYPE_ATV,307,catalog_or_official_row,0.90
Друга Ріка,Три хвилини,1449,nl0ax7LNNmk,https://music.youtube.com/watch?v=nl0ax7LNNmk,Друга Ріка,Три хвилини,Денніч,MUSIC_VIDEO_TYPE_ATV,224,catalog_or_official_row,0.90
Paul Anka,Fly Me to the Moon,1450,pQcLGG74N6E,https://music.youtube.com/watch?v=pQcLGG74N6E,Paul Anka,Fly Me to the Moon,Sings His Favorites,MUSIC_VIDEO_TYPE_ATV,221,catalog_or_official_row,0.90
James Brown & The Famous Flames,"It's A Man's, Man's, Man's World",1451,hK97cdbbsQw,https://music.youtube.com/watch?v=hK97cdbbsQw,James Brown & The Famous Flames,"It's A Man's, Man's, Man's World",It's A Man's Man's Man's World,MUSIC_VIDEO_TYPE_ATV,168,catalog_or_official_row,0.90
Константин Ступин,Когда я умер (Акустика 2014-2015),1453,gbSaNYCGoHI,https://music.youtube.com/watch?v=gbSaNYCGoHI,Константин Ступин,Когда я умер (Акустика 2014-2015),Не ваше дело в чём мне гулять,MUSIC_VIDEO_TYPE_ATV,236,catalog_or_official_row,0.90
André Rieu,The Lonely Shepherd,1456,orL-w2QBiN8,https://music.youtube.com/watch?v=orL-w2QBiN8,André Rieu,André Rieu ft. Gheorghe Zamfir - The Lonely Shepherd,,MUSIC_VIDEO_TYPE_OMV,340,title_prefixed_with_known_artist,0.92
Pavarotti,Сaruso,1457,I8A61eY1Efg,https://music.youtube.com/watch?v=I8A61eY1Efg,noé èon,"Pavarotti ""caruso""",,MUSIC_VIDEO_TYPE_UGC,319,ambiguous_ugc_uploader,1.00
Igorrr,Absolute Psalm,1459,MPhq3C4friw,https://music.youtube.com/watch?v=MPhq3C4friw,Igorrr,Absolute Psalm,Hallelujah,MUSIC_VIDEO_TYPE_ATV,232,catalog_or_official_row,0.90
Igorrr,Unpleasant Sonata,1460,xDc26K8NmnA,https://music.youtube.com/watch?v=xDc26K8NmnA,Igorrr,Unpleasant Sonata,Nostril,MUSIC_VIDEO_TYPE_ATV,133,catalog_or_official_row,0.90
Igorrr,Overweight Poesy,1461,g-ZEqNKOC3Q,https://music.youtube.com/watch?v=g-ZEqNKOC3Q,Igorrr,Overweight Poesy,Spirituality and Distortion,MUSIC_VIDEO_TYPE_ATV,351,catalog_or_official_row,0.90
Igorrr,Very Noise,1462,XDHROtG2sXE,https://music.youtube.com/watch?v=XDHROtG2sXE,Igorrr,Very Noise,Spirituality and Distortion,MUSIC_VIDEO_TYPE_ATV,108,catalog_or_official_row,0.90
Igorrr,Viande,1463,AUPm-1FKLd8,https://music.youtube.com/watch?v=AUPm-1FKLd8,Igorrr,Viande,Savage Sinusoid,MUSIC_VIDEO_TYPE_ATV,116,catalog_or_official_row,0.90
Igorrr,Houmous,1464,SLhFOMywgIc,https://music.youtube.com/watch?v=SLhFOMywgIc,Igorrr,Houmous,Savage Sinusoid,MUSIC_VIDEO_TYPE_ATV,212,catalog_or_official_row,0.90
Igorrr,ieuD,1465,Wu2nfnbF9wA,https://music.youtube.com/watch?v=Wu2nfnbF9wA,Igorrr,ieuD,ieuD,MUSIC_VIDEO_TYPE_ATV,236,catalog_or_official_row,0.90
Igorrr,Cheval,1466,jYI1smPTq9A,https://music.youtube.com/watch?v=jYI1smPTq9A,Igorrr,Cheval,Cheval,MUSIC_VIDEO_TYPE_ATV,187,catalog_or_official_row,0.90
Igorrr,Downgrade Desert,1467,kNafgdJ5K6g,https://music.youtube.com/watch?v=kNafgdJ5K6g,Igorrr,Downgrade Desert,Spirituality and Distortion,MUSIC_VIDEO_TYPE_ATV,264,catalog_or_official_row,0.90
Igorrr,Houmous recording,1470,1U-1h0_ifOc,https://music.youtube.com/watch?v=1U-1h0_ifOc,toinimilio,Igorrr - Houmous recording,,MUSIC_VIDEO_TYPE_UGC,215,artist_title_dash,0.86
Helloween,Hold Me in Your Arms,1471,0JqKAXeM88w,https://music.youtube.com/watch?v=0JqKAXeM88w,Helloween,Hold Me in Your Arms,Straight out of Hell,MUSIC_VIDEO_TYPE_ATV,313,catalog_or_official_row,0.90
Helloween,Best Time,1472,b0_usJ7ghww,https://music.youtube.com/watch?v=b0_usJ7ghww,Helloween,Best Time,Helloween,MUSIC_VIDEO_TYPE_ATV,216,catalog_or_official_row,0.90
Rainbow,Stargazer,1474,YmJIccPWnEk,https://music.youtube.com/watch?v=YmJIccPWnEk,Rainbow,Stargazer,Rising,MUSIC_VIDEO_TYPE_ATV,507,catalog_or_official_row,0.90
Helloween,Keeper of the Seven Keys,1475,iDpAahKUNB4,https://music.youtube.com/watch?v=iDpAahKUNB4,Helloween,Keeper of the Seven Keys,"Keeper of the Seven Keys, Pt. 2 (Expanded Edition)",MUSIC_VIDEO_TYPE_ATV,818,catalog_or_official_row,0.90
The Beatles,Let It Be (Remastered 2009),1477,QDYfEBY9NM4,https://music.youtube.com/watch?v=QDYfEBY9NM4,The Beatles,Let It Be (Remastered 2009),Let It Be,MUSIC_VIDEO_TYPE_ATV,244,catalog_or_official_row,0.90
Pink Floyd,Us and Them,1478,5wth9BScmGY,https://music.youtube.com/watch?v=5wth9BScmGY,Pink Floyd,Us and Them,The Dark Side of the Moon,MUSIC_VIDEO_TYPE_ATV,470,catalog_or_official_row,0.90
Nirvana,Come As You Are (Live),1479,5BUOdyGcJ8U,https://music.youtube.com/watch?v=5BUOdyGcJ8U,Nirvana,Come As You Are (Live),MTV Unplugged In New York,MUSIC_VIDEO_TYPE_ATV,254,catalog_or_official_row,0.90
Nirvana,The Man Who Sold The World (Live),1480,pXBvuBSYaxc,https://music.youtube.com/watch?v=pXBvuBSYaxc,Nirvana,The Man Who Sold The World (Live),MTV Unplugged In New York,MUSIC_VIDEO_TYPE_ATV,262,catalog_or_official_row,0.90
Frank Sinatra,That's Life,1481,XvfImv9NseY,https://music.youtube.com/watch?v=XvfImv9NseY,Frank Sinatra,That's Life,That's Life,MUSIC_VIDEO_TYPE_ATV,188,catalog_or_official_row,0.90
Schubert,Serenade,1482,0bjB-IWEYI0,https://music.youtube.com/watch?v=0bjB-IWEYI0,Sergei Egorov,Schubert - Serenade,,MUSIC_VIDEO_TYPE_UGC,382,artist_title_dash,0.86
Mario Del Monaco,Un Amore Cosi Grande,1483,ZK3_7nDmUh4,https://music.youtube.com/watch?v=ZK3_7nDmUh4,Mario Del Monaco,Un Amore Cosi Grande,Le Canzoni Dei Ricordi Anni 50  Vol. 2 (Cd 2),MUSIC_VIDEO_TYPE_ATV,269,catalog_or_official_row,0.90
Mario Lanza; Franco Ferrara,Na sera 'e maggio (Redbook Stereo),1484,a0jPTlUwqzE,https://music.youtube.com/watch?v=a0jPTlUwqzE,Mario Lanza; Franco Ferrara,'Na sera 'e maggio (Redbook Stereo),Mario! Lanza At His Best + Vagabond King Highlights,MUSIC_VIDEO_TYPE_ATV,203,catalog_or_official_row,0.90
"Luciano Pavarotti; Orchestra of the Royal Opera House, Covent Garden; Edward Downes; Giacomo Puccini","Puccini: Tosca, SC 69 / Act 3: ""E lucevan le stelle",1486,Z1rpgvxWPtQ,https://music.youtube.com/watch?v=Z1rpgvxWPtQ,"Luciano Pavarotti; Orchestra of the Royal Opera House, Covent Garden; Edward Downes; Giacomo Puccini","Puccini: Tosca, SC 69 / Act 3: ""E lucevan le stelle""",Pavarotti - The Greatest Hits,MUSIC_VIDEO_TYPE_ATV,175,catalog_or_official_row,0.90
Luciano Pavarotti; Wiener Volksopernorchester; Leone Magiera; Ruggero Leoncavallo,"Leoncavallo: Pagliacci / Act 1: ""Vesti la giubba",1487,iD8WFIA5IaI,https://music.youtube.com/watch?v=iD8WFIA5IaI,Luciano Pavarotti; Wiener Volksopernorchester; Leone Magiera; Ruggero Leoncavallo,"Leoncavallo: Pagliacci / Act 1: ""Vesti la giubba""",Pavarotti - The Greatest Hits,MUSIC_VIDEO_TYPE_ATV,171,catalog_or_official_row,0.90
Mudvayne,TV Radio,1488,_wn-TsHJ5x4,https://music.youtube.com/watch?v=_wn-TsHJ5x4,Mudvayne,TV Radio,Lost and Found,MUSIC_VIDEO_TYPE_ATV,207,catalog_or_official_row,0.90
Adele,When We Were Young,1489,a1IuJLebHgM,https://music.youtube.com/watch?v=a1IuJLebHgM,Adele,When We Were Young,25,MUSIC_VIDEO_TYPE_ATV,291,catalog_or_official_row,0.90
Kassia; Ludwig van Beethoven,Beethoven: Sonata No. 17 Tempest 3rd Movement,1490,BB42Xx3IP88,https://music.youtube.com/watch?v=BB42Xx3IP88,Kassia; Ludwig van Beethoven,Beethoven: Sonata No. 17 Tempest 3rd Movement,Beethoven: Sonata No. 17 Tempest 3rd Movement,MUSIC_VIDEO_TYPE_ATV,415,catalog_or_official_row,0.90
Joe Hisaishi,Merry-Go-Round of Life (from 'Howl's Moving Castle'),1491,xxsvTvDQKMY,https://music.youtube.com/watch?v=xxsvTvDQKMY,Joe Hisaishi,Merry-Go-Round of Life (from 'Howl's Moving Castle'),FREEDOM PIANO STORIES 4,MUSIC_VIDEO_TYPE_ATV,312,catalog_or_official_row,0.90
System Of A Down,Tentative,1492,Qxxum5ungsA,https://music.youtube.com/watch?v=Qxxum5ungsA,System Of A Down,Tentative,Hypnotize,MUSIC_VIDEO_TYPE_ATV,217,catalog_or_official_row,0.90
System Of A Down,Stealing Society,1493,8gDJglYeCDU,https://music.youtube.com/watch?v=8gDJglYeCDU,System Of A Down,Stealing Society,Hypnotize,MUSIC_VIDEO_TYPE_ATV,178,catalog_or_official_row,0.90
System Of A Down,Soldier Side,1494,JXFtLaWXIY0,https://music.youtube.com/watch?v=JXFtLaWXIY0,System Of A Down,Soldier Side,Hypnotize,MUSIC_VIDEO_TYPE_ATV,221,catalog_or_official_row,0.90
Sibylle Baier,I Lost Something in the Hills,1495,N-oERBst8L0,https://music.youtube.com/watch?v=N-oERBst8L0,Sibylle Baier,I Lost Something in the Hills,Colour Green,MUSIC_VIDEO_TYPE_ATV,209,catalog_or_official_row,0.90
Kassia,Chopin: Waltz Op. 64 No. 2,1496,2e-YhPmLfMI,https://music.youtube.com/watch?v=2e-YhPmLfMI,Kassia,Chopin: Waltz Op. 64 No. 2,Chopin: Waltz Op. 64 No. 2,MUSIC_VIDEO_TYPE_ATV,232,catalog_or_official_row,0.90
Kassia,Chopin: Nocturne Op. 27 No. 2,1497,r0EGDymiDms,https://music.youtube.com/watch?v=r0EGDymiDms,Kassia,Chopin: Nocturne Op. 27 No. 2,Chopin: Nocturne Op. 27 No. 2,MUSIC_VIDEO_TYPE_ATV,353,catalog_or_official_row,0.90
Lana Del Rey,Summertime Sadness,1498,fRQg_9ulGuI,https://music.youtube.com/watch?v=fRQg_9ulGuI,Lana Del Rey,Summertime Sadness,Born To Die - The Paradise Edition (Special Version),MUSIC_VIDEO_TYPE_ATV,265,catalog_or_official_row,0.90
Lana Del Rey,Blue Jeans,1499,hqQeRUg6U3w,https://music.youtube.com/watch?v=hqQeRUg6U3w,Lana Del Rey,Blue Jeans,Born To Die - The Paradise Edition,MUSIC_VIDEO_TYPE_ATV,210,catalog_or_official_row,0.90
System Of A Down,Hypnotize,1500,pvP_YJTpt44,https://music.youtube.com/watch?v=pvP_YJTpt44,System Of A Down,Hypnotize,Hypnotize,MUSIC_VIDEO_TYPE_ATV,190,catalog_or_official_row,0.90
Beware Of Darkness,Muthafucka,1501,Ej66mw0rmuY,https://music.youtube.com/watch?v=Ej66mw0rmuY,Beware Of Darkness,Muthafucka,Are You Real?,MUSIC_VIDEO_TYPE_ATV,213,catalog_or_official_row,0.90
Beware Of Darkness,Howl,1502,2MgEIaqZanM,https://music.youtube.com/watch?v=2MgEIaqZanM,Beware Of Darkness,Howl,Orthodox,MUSIC_VIDEO_TYPE_ATV,244,catalog_or_official_row,0.90
Ozzy Osbourne,"Mama, I'm Coming Home",1503,GL_SEtGA1ag,https://music.youtube.com/watch?v=GL_SEtGA1ag,Ozzy Osbourne,"Mama, I'm Coming Home",No More Tears (Expanded Edition),MUSIC_VIDEO_TYPE_ATV,252,catalog_or_official_row,0.90
Blackhelm,The Infinite Void,1504,otaO29ug5tA,https://music.youtube.com/watch?v=otaO29ug5tA,Blackhelm,The Infinite Void,The Infinite Void,MUSIC_VIDEO_TYPE_ATV,213,catalog_or_official_row,0.90
Grim Cat Piano,After Dark (Piano Version),1506,tckx3AM44dk,https://music.youtube.com/watch?v=tckx3AM44dk,Grim Cat Piano,After Dark (Piano Version),After Dark (Piano Version),MUSIC_VIDEO_TYPE_ATV,233,catalog_or_official_row,0.90
Behemoth,Messe Noire,1507,tevtn3KCNc8,https://music.youtube.com/watch?v=tevtn3KCNc8,Behemoth,Messe Noire,The Satanist,MUSIC_VIDEO_TYPE_ATV,245,catalog_or_official_row,0.90
Static-X,Hypure,1508,jsM0Gtdfj7U,https://music.youtube.com/watch?v=jsM0Gtdfj7U,Static-X,Hypure,Cult of Static,MUSIC_VIDEO_TYPE_ATV,256,catalog_or_official_row,0.90
Adele,To Be Loved,1509,d0fuPEOkKRQ,https://music.youtube.com/watch?v=d0fuPEOkKRQ,Adele,To Be Loved,30,MUSIC_VIDEO_TYPE_ATV,404,catalog_or_official_row,0.90
Adele,All I Ask,1510,jb5g4UFHmfQ,https://music.youtube.com/watch?v=jb5g4UFHmfQ,Adele,All I Ask,25,MUSIC_VIDEO_TYPE_ATV,272,catalog_or_official_row,0.90
Adele,Oh My God,1512,6_mdXb6JDLI,https://music.youtube.com/watch?v=6_mdXb6JDLI,Adele,Oh My God,30,MUSIC_VIDEO_TYPE_ATV,226,catalog_or_official_row,0.90
Adele,Someone Like You,1513,XqoanTj5pNY,https://music.youtube.com/watch?v=XqoanTj5pNY,Adele,Someone Like You,21,MUSIC_VIDEO_TYPE_ATV,286,catalog_or_official_row,0.90
Static-X,Just in Case,1514,bv0tiE3-YlA,https://music.youtube.com/watch?v=bv0tiE3-YlA,Static-X,Just in Case,Start a War,MUSIC_VIDEO_TYPE_ATV,265,catalog_or_official_row,0.90
Static-X,Terminal,1515,JwovnullOQ0,https://music.youtube.com/watch?v=JwovnullOQ0,Static-X,Terminal,Cult of Static,MUSIC_VIDEO_TYPE_ATV,218,catalog_or_official_row,0.90
Static-X,Invincible,1516,8w2hfi-ANGw,https://music.youtube.com/watch?v=8w2hfi-ANGw,Static-X,Invincible,Shadow Zone,MUSIC_VIDEO_TYPE_ATV,246,catalog_or_official_row,0.90
Static-X,Dead Souls,1517,z4TSyDavOqI,https://music.youtube.com/watch?v=z4TSyDavOqI,Static-X,Dead Souls,"Project Regeneration, Vol. 1",MUSIC_VIDEO_TYPE_ATV,285,catalog_or_official_row,0.90
Static-X,I Am,1518,bwtuLUBj1Ec,https://music.youtube.com/watch?v=bwtuLUBj1Ec,Static-X,I Am,Wisconsin Death Trip,MUSIC_VIDEO_TYPE_ATV,168,catalog_or_official_row,0.90
Static-X,This Is Not,1519,Uuxihau-x2s,https://music.youtube.com/watch?v=Uuxihau-x2s,Static-X,This Is Not,Machine,MUSIC_VIDEO_TYPE_ATV,178,catalog_or_official_row,0.90
Static-X,Destroyer,1520,Xdm1k2RjO4g,https://music.youtube.com/watch?v=Xdm1k2RjO4g,Static-X,Destroyer,Cannibal,MUSIC_VIDEO_TYPE_ATV,166,catalog_or_official_row,0.90
Dope,You Spin Me Round (Like a Record),1522,duEzMp0ZhEA,https://music.youtube.com/watch?v=duEzMp0ZhEA,Dope,You Spin Me Round (Like a Record),Felons And Revolutionaries,MUSIC_VIDEO_TYPE_ATV,164,catalog_or_official_row,0.90
"Пьеха Стас, Григорий Лепс",Она не твоя,1524,O-5DOjAoq3k,https://music.youtube.com/watch?v=O-5DOjAoq3k,"Пьеха Стас, Григорий Лепс",Она не твоя,Лепс Г. Водопад,MUSIC_VIDEO_TYPE_ATV,219,catalog_or_official_row,0.90
Lana Del Rey,Ride,1526,oSyDuBGRa3w,https://music.youtube.com/watch?v=oSyDuBGRa3w,Lana Del Rey,Ride,Born To Die - The Paradise Edition,MUSIC_VIDEO_TYPE_ATV,290,catalog_or_official_row,0.90
Lana Del Rey,Dealer,1527,pB8Yrt2x9KA,https://music.youtube.com/watch?v=pB8Yrt2x9KA,Lana Del Rey,Dealer,Blue Banisters,MUSIC_VIDEO_TYPE_ATV,275,catalog_or_official_row,0.90
Mudvayne,Prod,1530,FY34b96b6Qo,https://music.youtube.com/watch?v=FY34b96b6Qo,Mudvayne,Prod,L.D. 50,MUSIC_VIDEO_TYPE_ATV,365,catalog_or_official_row,0.90
Led Zeppelin,Kashmir (Remaster),1532,tzVJPgCn-Z8,https://music.youtube.com/watch?v=tzVJPgCn-Z8,Led Zeppelin,Kashmir (Remaster),Mothership,MUSIC_VIDEO_TYPE_ATV,518,catalog_or_official_row,0.90
Sting,Shape Of My Heart,1533,RVfGFmBFgoc,https://music.youtube.com/watch?v=RVfGFmBFgoc,Sting,Shape Of My Heart,Ten Summoner's Tales (Expanded Edition),MUSIC_VIDEO_TYPE_ATV,280,catalog_or_official_row,0.90
Ed Sheeran,Perfect Symphony (feat. Andrea Bocelli),1534,F1ZyommhrVo,https://music.youtube.com/watch?v=F1ZyommhrVo,Ed Sheeran,Perfect Symphony (feat. Andrea Bocelli),Perfect Symphony,MUSIC_VIDEO_TYPE_ATV,266,catalog_or_official_row,0.90
Queen,Don't Stop Me Now,1535,CczcMarUoVk,https://music.youtube.com/watch?v=CczcMarUoVk,Queen,Don't Stop Me Now,Jazz,MUSIC_VIDEO_TYPE_ATV,210,catalog_or_official_row,0.90
Oasis,Wonderwall,1536,rj5wZqReXQE,https://music.youtube.com/watch?v=rj5wZqReXQE,Oasis,Wonderwall,(What's The Story) Morning Glory? (Remastered),MUSIC_VIDEO_TYPE_ATV,259,catalog_or_official_row,0.90
Céline Dion,All By Myself,1538,OO6rx2YTAyk,https://music.youtube.com/watch?v=OO6rx2YTAyk,Céline Dion,All By Myself,Falling into You,MUSIC_VIDEO_TYPE_ATV,313,catalog_or_official_row,0.90
Adele,Woman Like Me,1539,WaFDFP89Sd0,https://music.youtube.com/watch?v=WaFDFP89Sd0,Adele,Woman Like Me,30,MUSIC_VIDEO_TYPE_ATV,301,catalog_or_official_row,0.90
Adele,Love Is A Game,1540,TyZfupZvA3k,https://music.youtube.com/watch?v=TyZfupZvA3k,Adele,Love Is A Game,30,MUSIC_VIDEO_TYPE_ATV,404,catalog_or_official_row,0.90
Adele,My Little Love,1541,k-mDroLvfEo,https://music.youtube.com/watch?v=k-mDroLvfEo,Adele,My Little Love,30,MUSIC_VIDEO_TYPE_ATV,390,catalog_or_official_row,0.90
Behemoth,Ora Pro Nobis Lucifer,1543,ll9j1bJPwjg,https://music.youtube.com/watch?v=ll9j1bJPwjg,Behemoth,Ora Pro Nobis Lucifer,The Satanist,MUSIC_VIDEO_TYPE_ATV,336,catalog_or_official_row,0.90
ERIK SATIE Gnossienne 1,"Alessio Nanni, piano",1544,oOTpQpoHHaw,https://music.youtube.com/watch?v=oOTpQpoHHaw,Alessio Nanni,"ERIK SATIE Gnossienne 1 - Alessio Nanni, piano",,MUSIC_VIDEO_TYPE_UGC,252,artist_title_dash,0.86
Beethoven,"Symphony No.7 in A major op.92 - II, Allegretto",1545,vCHREyE5GzQ,https://music.youtube.com/watch?v=vCHREyE5GzQ,neuIlaryRheinKlange,"Beethoven - Symphony No.7 in A major op.92 - II, Allegretto",,MUSIC_VIDEO_TYPE_UGC,527,artist_title_dash,0.86
БумБокс,Тримай мене (Acoustic Version) (feat. The Gitas),1547,axAKt_taYHk,https://music.youtube.com/watch?v=axAKt_taYHk,БумБокс,Тримай мене (Acoustic Version) (feat. The Gitas),Тримай мене (Acoustic Version),MUSIC_VIDEO_TYPE_ATV,242,catalog_or_official_row,0.90
Okean Elzy,І я на небі,1548,hLPe_jGmxq0,https://music.youtube.com/watch?v=hLPe_jGmxq0,Okean Elzy,І я на небі,,MUSIC_VIDEO_TYPE_OMV,286,catalog_or_official_row,0.78
Скрябін,Мам,1549,-vqoUmQgT1M,https://music.youtube.com/watch?v=-vqoUmQgT1M,Radial by The Orchard,Скрябін - Мам,,MUSIC_VIDEO_TYPE_UGC,227,artist_title_dash,0.86
Океан Ельзи,Стріляй,1550,R_mi9O6JuTk,https://music.youtube.com/watch?v=R_mi9O6JuTk,Океан Ельзи,Стріляй,Земля,MUSIC_VIDEO_TYPE_ATV,289,catalog_or_official_row,0.90
Скрябін,"Люди, як кораблі",1551,FWH7lRJ6mPw,https://music.youtube.com/watch?v=FWH7lRJ6mPw,Скрябін,"Люди, як кораблі",,MUSIC_VIDEO_TYPE_OMV,258,catalog_or_official_row,0.78
Townes Van Zandt,St. John the Gambler,1552,QVi8Z6jFEwI,https://music.youtube.com/watch?v=QVi8Z6jFEwI,Townes Van Zandt,St. John the Gambler,Our Mother the Mountain,MUSIC_VIDEO_TYPE_ATV,186,catalog_or_official_row,0.90
Josef Sakonov; London Festival Orchestra; Pyotr Ilyich Tchaikovsky,"Tchaikovsky: Valse sentimentale, Op. 51, No. 6",1553,xg9bgO-koPo,https://music.youtube.com/watch?v=xg9bgO-koPo,Josef Sakonov; London Festival Orchestra; Pyotr Ilyich Tchaikovsky,"Tchaikovsky: Valse sentimentale, Op. 51, No. 6",Violinissimo: Great Violin Encores,MUSIC_VIDEO_TYPE_ATV,284,catalog_or_official_row,0.90
Luciano Pavarotti; Ida Bormida; Piero Cappuccilli; Julia Varady,"Mascagni: Cavalleria rusticana: ""Mamma, quel vino è generoso...Turiddu?! Che vuoi dire?",1555,rIRQ5ze9goo,https://music.youtube.com/watch?v=rIRQ5ze9goo,Luciano Pavarotti; Ida Bormida; Piero Cappuccilli; Julia Varady,"Mascagni: Cavalleria rusticana: ""Mamma, quel vino è generoso...Turiddu?! Che vuoi dire?""",Mascagni: Cavalleria Rusticana/Leoncavallo: Pagliacci,MUSIC_VIDEO_TYPE_ATV,312,catalog_or_official_row,0.90
Pavarotti,Vesti La Giubba,1557,Z0PMq4XGtZ4,https://music.youtube.com/watch?v=Z0PMq4XGtZ4,Brother Cron,Pavarotti - Vesti La Giubba,,MUSIC_VIDEO_TYPE_UGC,239,artist_title_dash,0.86
Chopin,Ballade No. 1 in G Minor (1M special),1558,Zj_psrTUW_w,https://music.youtube.com/watch?v=Zj_psrTUW_w,Rousseau,Chopin - Ballade No. 1 in G Minor (1M special),,MUSIC_VIDEO_TYPE_UGC,586,artist_title_dash,0.86
Erik Satie,Once Upon A Time In Paris,1560,b9WKC5sT9Z4,https://music.youtube.com/watch?v=b9WKC5sT9Z4,logansaan,Erik Satie ~ Once Upon A Time In Paris (Artwork by Edouard Leon Cortes),,MUSIC_VIDEO_TYPE_UGC,945,ambiguous_ugc_uploader,1.00
Franz Liszt,Liebestraum - Love Dream,1561,KpOtuoHL45Y,https://music.youtube.com/watch?v=KpOtuoHL45Y,The Wicked North,Franz Liszt - Liebestraum - Love Dream,,MUSIC_VIDEO_TYPE_UGC,351,artist_title_dash,0.86
The USSR Ministry of Culture Chamber Choir,Hymn of the Cherubim (Excerpt),1562,XxepL6rzvW4,https://music.youtube.com/watch?v=XxepL6rzvW4,The USSR Ministry of Culture Chamber Choir,Hymn of the Cherubim (Excerpt),Sacred Treasures: Choral Masterworks from Russia,MUSIC_VIDEO_TYPE_ATV,462,catalog_or_official_row,0.90
"The Orthodox Singers"" Male Choir, Choirmaster: Georgiy Smirnov",Do Not Reject In My Old Age,1563,SEbAlcSRs5U,https://music.youtube.com/watch?v=SEbAlcSRs5U,"""The Orthodox Singers"" Male Choir, Choirmaster: Georgiy Smirnov",Do Not Reject In My Old Age,Basso Profondo From Old Russia. Popular And Sacred Russian Songs,MUSIC_VIDEO_TYPE_ATV,422,catalog_or_official_row,0.90
"The Orthodox Singers"" Male Choir, Choirmaster: Georgiy Smirnov",The Litany Of Supplication,1564,ac8V-dY7n6U,https://music.youtube.com/watch?v=ac8V-dY7n6U,"""The Orthodox Singers"" Male Choir, Choirmaster: Georgiy Smirnov",The Litany Of Supplication,Basso Profondo From Old Russia. Popular And Sacred Russian Songs,MUSIC_VIDEO_TYPE_ATV,351,catalog_or_official_row,0.90
Radiohead,Daydreaming,1566,TkiyWhETiJw,https://music.youtube.com/watch?v=TkiyWhETiJw,Radiohead,Daydreaming,A Moon Shaped Pool,MUSIC_VIDEO_TYPE_ATV,385,catalog_or_official_row,0.90
Jinjer,Pisces,1567,sq7DG1NFXAw,https://music.youtube.com/watch?v=sq7DG1NFXAw,Jinjer,Pisces,King of Everything,MUSIC_VIDEO_TYPE_ATV,306,catalog_or_official_row,0.90
Nina Simone,Feeling Good,1568,BNMKGYiJpvg,https://music.youtube.com/watch?v=BNMKGYiJpvg,Nina Simone,Feeling Good,I Put A Spell On You,MUSIC_VIDEO_TYPE_ATV,174,catalog_or_official_row,0.90
Static-X,Grind 2 Halt,1570,srjdij3qzks,https://music.youtube.com/watch?v=srjdij3qzks,Static-X,Grind 2 Halt,Cult of Static,MUSIC_VIDEO_TYPE_ATV,296,catalog_or_official_row,0.90
Erik Satie,Gymnopédie No. 1,1571,eMnxjdGTK4w,https://music.youtube.com/watch?v=eMnxjdGTK4w,Erik Satie,Gymnopédie No. 1,Gymnopédies,MUSIC_VIDEO_TYPE_ATV,238,catalog_or_official_row,0.90
Yoshihisa Hirano,Kingdom of Predators,1574,LooOkvPQQ2Y,https://music.youtube.com/watch?v=LooOkvPQQ2Y,Yoshihisa Hirano,Kingdom of Predators,HUNTER x HUNTER Original Soundtrack 3,MUSIC_VIDEO_TYPE_ATV,180,catalog_or_official_row,0.90
Константин Ступин,Лёд и ветер (Акустика 2014-2015),1575,kvSFwkgZu8c,https://music.youtube.com/watch?v=kvSFwkgZu8c,Константин Ступин,Лёд и ветер (Акустика 2014-2015),Не ваше дело в чём мне гулять,MUSIC_VIDEO_TYPE_ATV,172,catalog_or_official_row,0.90
System Of A Down,Mr. Jack,1576,J3XnZyz__oU,https://music.youtube.com/watch?v=J3XnZyz__oU,System Of A Down,Mr. Jack,Steal This Album!,MUSIC_VIDEO_TYPE_ATV,250,catalog_or_official_row,0.90
System Of A Down,Psycho,1577,-n90NojU8O0,https://music.youtube.com/watch?v=-n90NojU8O0,System Of A Down,Psycho,Toxicity,MUSIC_VIDEO_TYPE_ATV,226,catalog_or_official_row,0.90
Тимерболат,"Мама приезжай, ты меня забери",1578,DJMA1IXTWj0,https://music.youtube.com/watch?v=DJMA1IXTWj0,Тимерболат,"Мама приезжай, ты меня забери","Мама приезжай, ты меня забери",MUSIC_VIDEO_TYPE_ATV,230,catalog_or_official_row,0.90
Веня Д'ркин,Нибелунг,1579,vIGF-sTBsHU,https://music.youtube.com/watch?v=vIGF-sTBsHU,Сергей «CMak»,Веня Д'ркин - Нибелунг,,MUSIC_VIDEO_TYPE_UGC,222,artist_title_dash,0.86
The Cranberries,Animal Instinct,1580,PSuLP1wUFmM,https://music.youtube.com/watch?v=PSuLP1wUFmM,The Cranberries,Animal Instinct,Bury The Hatchet,MUSIC_VIDEO_TYPE_ATV,212,catalog_or_official_row,0.90
Tina Turner,Goldeneye (2003 Remaster),1581,1_Aq5rQdPso,https://music.youtube.com/watch?v=1_Aq5rQdPso,Tina Turner,Goldeneye (2003 Remaster),Tina!,MUSIC_VIDEO_TYPE_ATV,284,catalog_or_official_row,0.90
Adele,Love In The Dark,1582,-hzFTJDJGkQ,https://music.youtube.com/watch?v=-hzFTJDJGkQ,Adele,Love In The Dark,25,MUSIC_VIDEO_TYPE_ATV,286,catalog_or_official_row,0.90
Adele,Set Fire to the Rain,1583,a2giXO6eyuI,https://music.youtube.com/watch?v=a2giXO6eyuI,Adele,Set Fire to the Rain,21,MUSIC_VIDEO_TYPE_ATV,243,catalog_or_official_row,0.90
Ramin Djawadi,Light of the Seven,1584,6LASz6HAL7E,https://music.youtube.com/watch?v=6LASz6HAL7E,Ramin Djawadi,Light of the Seven,Game of Thrones (Music from the HBO® Series - Season 6),MUSIC_VIDEO_TYPE_ATV,590,catalog_or_official_row,0.90
Shiro SAGISU,never meant to belong,1585,zO_532nbu0c,https://music.youtube.com/watch?v=zO_532nbu0c,Shiro SAGISU,never meant to belong,TV Animation BLEACH Original Soundtrack 1,MUSIC_VIDEO_TYPE_ATV,327,catalog_or_official_row,0.90
Adele,Skyfall,1588,LJzp_mDxaT0,https://music.youtube.com/watch?v=LJzp_mDxaT0,Adele,Skyfall,Skyfall,MUSIC_VIDEO_TYPE_ATV,287,catalog_or_official_row,0.90
Chopin,Relaxing Classical Music,1589,y1dbbrfekAM,https://music.youtube.com/watch?v=y1dbbrfekAM,HALIDONMUSIC,Chopin - Relaxing Classical Music,,MUSIC_VIDEO_TYPE_UGC,9660,artist_title_dash,0.86
Grissini Project,Howl's Moving Castle - Merry Go Round of Life,1590,63OT3_Lfy50,https://music.youtube.com/watch?v=63OT3_Lfy50,Grissini Project,Howl's Moving Castle - Merry Go Round of Life,,MUSIC_VIDEO_TYPE_OMV,363,catalog_or_official_row,0.78
Grissini Project,Merry Go Round of Life (From Howl's Moving Castle Original Motion Picture Soundtrack),1591,sN0Cn1MTNU8,https://music.youtube.com/watch?v=sN0Cn1MTNU8,Grissini Project,Merry Go Round of Life (From Howl's Moving Castle Original Motion Picture Soundtrack),Merry Go Round of Life (From Howl's Moving Castle Original Motion Picture Soundtrack),MUSIC_VIDEO_TYPE_ATV,343,catalog_or_official_row,0.90
Океан Ельзи,Я так хочу...,1592,kKbuv7NAMTc,https://music.youtube.com/watch?v=kKbuv7NAMTc,Океан Ельзи,Я так хочу...,Dolce vita,MUSIC_VIDEO_TYPE_ATV,282,catalog_or_official_row,0.90
"Victor Borba, Nick Totton, Patrick Russell, Cody Johnstone, and Eric Groot",This Fire Burns,1593,cr14ZwD2Moo,https://music.youtube.com/watch?v=cr14ZwD2Moo,"Victor Borba, Nick Totton, Patrick Russell, Cody Johnstone, and Eric Groot",This Fire Burns,This Fire Burns,MUSIC_VIDEO_TYPE_ATV,180,catalog_or_official_row,0.90
Queen,Under Pressure (feat. David Bowie),1594,MkQK83Tf9so,https://music.youtube.com/watch?v=MkQK83Tf9so,Queen,Under Pressure (feat. David Bowie),Hot Space (Deluxe Edition 2011 Remaster),MUSIC_VIDEO_TYPE_ATV,249,catalog_or_official_row,0.90
Andrea Bocelli,E chiove,1596,ELiZUxuZWyI,https://music.youtube.com/watch?v=ELiZUxuZWyI,Andrea Bocelli,E chiove,,MUSIC_VIDEO_TYPE_OMV,283,catalog_or_official_row,0.78
Pearl Django,Under Paris Skies,1597,AStZ34JUqNA,https://music.youtube.com/watch?v=AStZ34JUqNA,Pearl Django,Under Paris Skies,Under Paris Skies,MUSIC_VIDEO_TYPE_ATV,194,catalog_or_official_row,0.90
Abruptum,De Profundis Mors Vas Cousumet,1603,k1Xhi57xE5o,https://music.youtube.com/watch?v=k1Xhi57xE5o,Abruptum,De Profundis Mors Vas Cousumet,Evil Genius,MUSIC_VIDEO_TYPE_ATV,338,catalog_or_official_row,0.90
Yoshihisa Hirano,In The Palace,1606,pucT5R6AV5o,https://music.youtube.com/watch?v=pucT5R6AV5o,Ank Sun Amunn,Hunter x Hunter OST | In The Palace~Lamentoso/In The Palace~Agitato,,MUSIC_VIDEO_TYPE_UGC,208,ambiguous_ugc_uploader,1.00
Vadim Chaimovich,"Frédéric Chopin: Nocturne in E-Flat Major, Op. 9, No. 2",1608,Jz1gvBluvc8,https://music.youtube.com/watch?v=Jz1gvBluvc8,Vadim Chaimovich,"Frédéric Chopin: Nocturne in E-Flat Major, Op. 9, No. 2","Frédéric Chopin: Nocturne in E-Flat Major, Op. 9, No. 2",MUSIC_VIDEO_TYPE_ATV,271,catalog_or_official_row,0.90
George Michael,They Won't Go When I Go,1610,3PY6APTq43s,https://music.youtube.com/watch?v=3PY6APTq43s,George Michael,They Won't Go When I Go,Listen Without Prejudice / MTV Unplugged (Deluxe),MUSIC_VIDEO_TYPE_ATV,307,catalog_or_official_row,0.90
HIM,When Love and Death Embrace,1614,3SQoWq4yevY,https://music.youtube.com/watch?v=3SQoWq4yevY,HIM,When Love and Death Embrace,Greatest Love Songs Vol. 666,MUSIC_VIDEO_TYPE_ATV,368,catalog_or_official_row,0.90
Deutschland Orchestra,The Soldiers,1615,CdnEtmhtcMY,https://music.youtube.com/watch?v=CdnEtmhtcMY,Deutschland Orchestra,The Soldiers,German Patriotic Music,MUSIC_VIDEO_TYPE_ATV,122,catalog_or_official_row,0.90
Element Eighty,Broken Promises,1616,RpWaE6vW8tc,https://music.youtube.com/watch?v=RpWaE6vW8tc,Element Eighty,Broken Promises,Element Eighty,MUSIC_VIDEO_TYPE_ATV,198,catalog_or_official_row,0.90
Ambient Study Music To Concentrate,"4 Hours of Music for Studying, Concentration and Memory",1618,sjkrrmBnpGE,https://music.youtube.com/watch?v=sjkrrmBnpGE,Quiet Quest - Study Music,"Ambient Study Music To Concentrate - 4 Hours of Music for Studying, Concentration and Memory",,MUSIC_VIDEO_TYPE_UGC,14272,artist_title_dash,0.86
Killswitch Engage,This Fire,1619,DMdqsS0a9tY,https://music.youtube.com/watch?v=DMdqsS0a9tY,Killswitch Engage,This Fire,As Daylight Dies (Special Edition),MUSIC_VIDEO_TYPE_ATV,190,catalog_or_official_row,0.90
Killswitch Engage,My Curse,1620,B4vTwppAfDg,https://music.youtube.com/watch?v=B4vTwppAfDg,Killswitch Engage,My Curse,As Daylight Dies (Special Edition),MUSIC_VIDEO_TYPE_ATV,245,catalog_or_official_row,0.90
Gojira,Stranded,1621,zgychWIo6UA,https://music.youtube.com/watch?v=zgychWIo6UA,Gojira,Stranded,Magma,MUSIC_VIDEO_TYPE_ATV,270,catalog_or_official_row,0.90
Rivers of Nihil,Where Owls Know My Name,1622,n7oAPPKtka4,https://music.youtube.com/watch?v=n7oAPPKtka4,Rivers of Nihil,Where Owls Know My Name,Where Owls Know My Name,MUSIC_VIDEO_TYPE_ATV,403,catalog_or_official_row,0.90
Gojira,Amazonia,1625,ilWMxOA9bd8,https://music.youtube.com/watch?v=ilWMxOA9bd8,Gojira,Amazonia,Fortitude,MUSIC_VIDEO_TYPE_ATV,301,catalog_or_official_row,0.90
CharlesBerthoud,When SYSTEM OF A DOWN only give you 60 seconds to audition,1626,xsH3tZ338DA,https://music.youtube.com/watch?v=xsH3tZ338DA,CharlesBerthoud,When SYSTEM OF A DOWN only give you 60 seconds to audition,,MUSIC_VIDEO_TYPE_OFFICIAL_SOURCE_MUSIC,65,catalog_or_official_row,0.78
Machine Head,Locust,1627,xLW422XCCIs,https://music.youtube.com/watch?v=xLW422XCCIs,Machine Head,Locust,Unto the Locust,MUSIC_VIDEO_TYPE_ATV,457,catalog_or_official_row,0.90
Gojira,Magma,1628,QkjKyr5PqsU,https://music.youtube.com/watch?v=QkjKyr5PqsU,Gojira,Magma,Magma,MUSIC_VIDEO_TYPE_ATV,403,catalog_or_official_row,0.90
Shadow of Intent,Barren and Breathless Macrocosm,1629,-y9THpbYZfQ,https://music.youtube.com/watch?v=-y9THpbYZfQ,Shadow of Intent,Barren and Breathless Macrocosm,Barren and Breathless Macrocosm,MUSIC_VIDEO_TYPE_ATV,297,catalog_or_official_row,0.90
Mastodon,The Motherload,1630,_3_nu2aVsOs,https://music.youtube.com/watch?v=_3_nu2aVsOs,Mastodon,The Motherload,Once More 'Round the Sun,MUSIC_VIDEO_TYPE_ATV,300,catalog_or_official_row,0.90
Behemoth,Bartzabel,1631,jATkgqJ4BHI,https://music.youtube.com/watch?v=jATkgqJ4BHI,Behemoth,Bartzabel,I Loved You at Your Darkest,MUSIC_VIDEO_TYPE_ATV,302,catalog_or_official_row,0.90
Meshuggah,Bleed - Tomas Haake - Wincent Drumsticks,1633,bAJ1WTGNISk,https://music.youtube.com/watch?v=bAJ1WTGNISk,Wincent Drumsticks AB,Meshuggah - Bleed - Tomas Haake - Wincent Drumsticks,,MUSIC_VIDEO_TYPE_UGC,455,artist_title_dash,0.86
Gojira,Silvera,1634,-ABqhtOH7TM,https://music.youtube.com/watch?v=-ABqhtOH7TM,Gojira,Silvera,Magma,MUSIC_VIDEO_TYPE_ATV,213,catalog_or_official_row,0.90
Meshuggah,Break Those Bones Whose Sinews Gave It Motion,1635,oqHunVqNaJA,https://music.youtube.com/watch?v=oqHunVqNaJA,Meshuggah,Break Those Bones Whose Sinews Gave It Motion,Koloss,MUSIC_VIDEO_TYPE_ATV,416,catalog_or_official_row,0.90
Led Zeppelin,Kashmir (1990 Remaster),1637,SsaFBNvhceA,https://music.youtube.com/watch?v=SsaFBNvhceA,Led Zeppelin,Kashmir (1990 Remaster),Physical Graffiti (1994 Remaster),MUSIC_VIDEO_TYPE_ATV,509,catalog_or_official_row,0.90
Mudvayne,Dig,1638,cXeP210nwwo,https://music.youtube.com/watch?v=cXeP210nwwo,Mudvayne,Dig,L.D. 50,MUSIC_VIDEO_TYPE_ATV,163,catalog_or_official_row,0.90
Led Zeppelin,"Kashmir (Live: O2 Arena, London - December 10, 2007)",1639,xK68DAzD0eM,https://music.youtube.com/watch?v=xK68DAzD0eM,Led Zeppelin,"Kashmir (Live: O2 Arena, London - December 10, 2007)",Celebration Day,MUSIC_VIDEO_TYPE_ATV,547,catalog_or_official_row,0.90
Asking Alexandria,The Final Episode (Let's Change the Channel),1640,Qi3ZsefSo0o,https://music.youtube.com/watch?v=Qi3ZsefSo0o,Asking Alexandria,The Final Episode (Let's Change the Channel),Stand Up And Scream,MUSIC_VIDEO_TYPE_ATV,243,catalog_or_official_row,0.90
Led Zeppelin,No Quarter (Remaster),1641,wdqDmJbm2eY,https://music.youtube.com/watch?v=wdqDmJbm2eY,Led Zeppelin,No Quarter (Remaster),Houses of the Holy (Deluxe Edition),MUSIC_VIDEO_TYPE_ATV,423,catalog_or_official_row,0.90
Infant Annihilator,Blasphemian,1644,gu0yb9r7CtU,https://music.youtube.com/watch?v=gu0yb9r7CtU,Infant Annihilator,Blasphemian,The Elysian Grandeval Galèriarch,MUSIC_VIDEO_TYPE_ATV,445,catalog_or_official_row,0.90
Bring Me The Horizon,Can You Feel My Heart,1645,H8Wx8GV1Oiw,https://music.youtube.com/watch?v=H8Wx8GV1Oiw,Bring Me The Horizon,Can You Feel My Heart,Sempiternal (Expanded Edition),MUSIC_VIDEO_TYPE_ATV,229,catalog_or_official_row,0.90
Леонид Агутин; Therr Maitz,Что происходит? (LAB с Антоном Беляевым),1650,t3NYBr_QaEU,https://music.youtube.com/watch?v=t3NYBr_QaEU,Леонид Агутин; Therr Maitz,Что происходит? (LAB с Антоном Беляевым),Что происходит? (LAB с Антоном Беляевым),MUSIC_VIDEO_TYPE_ATV,296,catalog_or_official_row,0.90
Thy Art Is Murder,Child of Sorrow,1652,-QR0gAFDOHo,https://music.youtube.com/watch?v=-QR0gAFDOHo,Thy Art Is Murder,Child of Sorrow,Holy War,MUSIC_VIDEO_TYPE_ATV,214,catalog_or_official_row,0.90
The Doors,Touch Me,1653,EZaQyYgAGfQ,https://music.youtube.com/watch?v=EZaQyYgAGfQ,The Doors,Touch Me,The Soft Parade,MUSIC_VIDEO_TYPE_ATV,191,catalog_or_official_row,0.90
The Doors,End of the Night,1654,sO6ouK39mf8,https://music.youtube.com/watch?v=sO6ouK39mf8,The Doors,End of the Night,The Doors,MUSIC_VIDEO_TYPE_ATV,171,catalog_or_official_row,0.90
Ken Tamplin Vocal Academy,Since I've Been Loving You,1656,JWEzmKysWA0,https://music.youtube.com/watch?v=JWEzmKysWA0,Ken Tamplin Vocal Academy,Since I've Been Loving You,Ken Tamplin Vocal Academy Rock,MUSIC_VIDEO_TYPE_ATV,367,catalog_or_official_row,0.90
Михаил Елизаров,Pro Testo,1657,I46-R1wBW84,https://music.youtube.com/watch?v=I46-R1wBW84,Михаил Елизаров,Михаил Елизаров — Pro Testo,,MUSIC_VIDEO_TYPE_UGC,177,title_prefixed_with_known_artist,0.92
Led Zeppelin,Going to California (Remaster),1658,PDIz4talyQk,https://music.youtube.com/watch?v=PDIz4talyQk,Led Zeppelin,Going to California (Remaster),Led Zeppelin IV (Deluxe Edition),MUSIC_VIDEO_TYPE_ATV,213,catalog_or_official_row,0.90
Михаил Елизаров,Селигер,1659,Dgy9hal5I7Y,https://music.youtube.com/watch?v=Dgy9hal5I7Y,Михаил Елизаров,Михаил Елизаров — Селигер,,MUSIC_VIDEO_TYPE_UGC,211,title_prefixed_with_known_artist,0.92
George Michael,One More Try,1660,gQn2xzLLSyo,https://music.youtube.com/watch?v=gQn2xzLLSyo,George Michael,One More Try,Faith,MUSIC_VIDEO_TYPE_ATV,351,catalog_or_official_row,0.90
Rob Zombie,Dragula,1662,SOctyXxCm-4,https://music.youtube.com/watch?v=SOctyXxCm-4,Rob Zombie,Dragula,Hellbilly Deluxe,MUSIC_VIDEO_TYPE_ATV,223,catalog_or_official_row,0.90
Led Zeppelin,All My Love (1990 Remaster),1663,yYDh7lyqwms,https://music.youtube.com/watch?v=yYDh7lyqwms,Led Zeppelin,All My Love (1990 Remaster),In Through the out Door (1994 Remaster),MUSIC_VIDEO_TYPE_ATV,352,catalog_or_official_row,0.90
Михаил Елизаров,Пидарасы Одиночества,1665,roz_LD70HII,https://music.youtube.com/watch?v=roz_LD70HII,Михаил Елизаров,Михаил Елизаров — Пидарасы Одиночества,,MUSIC_VIDEO_TYPE_UGC,183,title_prefixed_with_known_artist,0.92
Static-X,Isolaytore,1666,6yFYHqkgvI0,https://music.youtube.com/watch?v=6yFYHqkgvI0,Static-X,Isolaytore,Cult of Static,MUSIC_VIDEO_TYPE_ATV,166,catalog_or_official_row,0.90
Static-X,Cannibal,1667,TPps3E0Teys,https://music.youtube.com/watch?v=TPps3E0Teys,Static-X,Cannibal,Cannibal,MUSIC_VIDEO_TYPE_ATV,194,catalog_or_official_row,0.90
Frank Sinatra,It Had To Be You,1669,BXmEJL1mnuU,https://music.youtube.com/watch?v=BXmEJL1mnuU,Frank Sinatra,It Had To Be You,"Trilogy: Past, Present & Future",MUSIC_VIDEO_TYPE_ATV,235,catalog_or_official_row,0.90
Static-X,Nocturnally,1671,AX067jOUFHo,https://music.youtube.com/watch?v=AX067jOUFHo,Static-X,Nocturnally,Cult of Static,MUSIC_VIDEO_TYPE_ATV,230,catalog_or_official_row,0.90
Elton John,Sacrifice,1672,RvbjcIQNZJ8,https://music.youtube.com/watch?v=RvbjcIQNZJ8,Elton John,Sacrifice,Sleeping With The Past,MUSIC_VIDEO_TYPE_ATV,305,catalog_or_official_row,0.90
Mariah Carey,Without You (Official HD Music Video),1673,Hat1Hc9SNwE,https://music.youtube.com/watch?v=Hat1Hc9SNwE,Mariah Carey,Without You (Official HD Music Video),,MUSIC_VIDEO_TYPE_OMV,256,catalog_or_official_row,0.78
Michael Jackson,Give In to Me,1674,dqjP5rTOQFc,https://music.youtube.com/watch?v=dqjP5rTOQFc,Michael Jackson,Give In to Me,Dangerous,MUSIC_VIDEO_TYPE_ATV,329,catalog_or_official_row,0.90
Whitney Houston,I Have Nothing,1675,pKnRHLqh4PY,https://music.youtube.com/watch?v=pKnRHLqh4PY,Whitney Houston,I Have Nothing,Whitney The Greatest Hits,MUSIC_VIDEO_TYPE_ATV,288,catalog_or_official_row,0.90
Static-X,Stingwray,1677,Bmgb90jDSCQ,https://music.youtube.com/watch?v=Bmgb90jDSCQ,Static-X,Stingwray,Cult of Static,MUSIC_VIDEO_TYPE_ATV,253,catalog_or_official_row,0.90
"Earth, Wind & Fire",September,1679,B2mmDEv0OEk,https://music.youtube.com/watch?v=B2mmDEv0OEk,"Earth, Wind & Fire",September,Feel Good Friday,MUSIC_VIDEO_TYPE_ATV,218,catalog_or_official_row,0.90
Михаил Елизаров,"Отель ""Лето",1681,Je44HN1OrnI,https://music.youtube.com/watch?v=Je44HN1OrnI,Михаил Елизаров,"Михаил Елизаров — Отель ""Лето""",,MUSIC_VIDEO_TYPE_UGC,165,title_prefixed_with_known_artist,0.92
Michael Jackson,You Are Not Alone,1682,02dMNQxwy48,https://music.youtube.com/watch?v=02dMNQxwy48,Michael Jackson,You Are Not Alone,"HIStory: PAST, PRESENT AND FUTURE, BOOK I",MUSIC_VIDEO_TYPE_ATV,346,catalog_or_official_row,0.90
Erik Satie,Trois Gnossiennes,1684,xwgvEOY0vaA,https://music.youtube.com/watch?v=xwgvEOY0vaA,Foivos Loxias,Erik Satie - Trois Gnossiennes,,MUSIC_VIDEO_TYPE_UGC,627,artist_title_dash,0.86
Luciano Pavarotti; Giacomo Puccini,"Turandot, Act 3: ""Nessun dorma"" (Live)",1685,tfT2iUZ9UP0,https://music.youtube.com/watch?v=tfT2iUZ9UP0,Luciano Pavarotti; Giacomo Puccini,"Turandot, Act 3: ""Nessun dorma"" (Live)","The Three Tenors in Concert, 1994 (Live)",MUSIC_VIDEO_TYPE_ATV,205,catalog_or_official_row,0.90
Luciano Pavarotti; Mariah Carey; Orchestra Sinfonica Italiana; José Molina,Hero (Live),1686,CfzEIe7dlRs,https://music.youtube.com/watch?v=CfzEIe7dlRs,Luciano Pavarotti; Mariah Carey; Orchestra Sinfonica Italiana; José Molina,Hero (Live),Pavarotti & Friends For The Children Of Guatemala And Kosovo (Live),MUSIC_VIDEO_TYPE_ATV,281,catalog_or_official_row,0.90
Luciano Pavarotti; Bryan Adams; Orchestra del Teatro Comunale di Bologna; Leone Magiera,O Sole Mio,1687,hVdk756394U,https://music.youtube.com/watch?v=hVdk756394U,Luciano Pavarotti; Bryan Adams; Orchestra del Teatro Comunale di Bologna; Leone Magiera,'O Sole Mio,Best Of Pavarotti & Friends - The Duets,MUSIC_VIDEO_TYPE_ATV,177,catalog_or_official_row,0.90
Rammstein,Ich will,1688,6BkbHk0iKZc,https://music.youtube.com/watch?v=6BkbHk0iKZc,Rammstein,Ich will,Mutter,MUSIC_VIDEO_TYPE_ATV,218,catalog_or_official_row,0.90
Pavarotti,Caruso (english subtitles),1690,iDEdZfnULIg,https://music.youtube.com/watch?v=iDEdZfnULIg,Mr J.C,Pavarotti - Caruso (english subtitles),,MUSIC_VIDEO_TYPE_UGC,335,artist_title_dash,0.86
Marilyn Manson,Third Day Of A Seven Day Binge,1691,UzvzjIvH2ig,https://music.youtube.com/watch?v=UzvzjIvH2ig,Marilyn Manson,Third Day Of A Seven Day Binge,The Pale Emperor,MUSIC_VIDEO_TYPE_ATV,267,catalog_or_official_row,0.90
Static-X,Terminator Oscillator,1692,UFwmWF0bbQs,https://music.youtube.com/watch?v=UFwmWF0bbQs,Static-X,Terminator Oscillator,"Project Regeneration, Vol. 1",MUSIC_VIDEO_TYPE_ATV,194,catalog_or_official_row,0.90
Static-X,Otsego Placebo,1693,FEiq21N7bdY,https://music.youtube.com/watch?v=FEiq21N7bdY,Static-X,Otsego Placebo,"Project Regeneration, Vol. 1",MUSIC_VIDEO_TYPE_ATV,261,catalog_or_official_row,0.90
Static-X,Get to the Gone,1694,NzXR9Ug6jUg,https://music.youtube.com/watch?v=NzXR9Ug6jUg,Static-X,Get to the Gone,Machine,MUSIC_VIDEO_TYPE_ATV,170,catalog_or_official_row,0.90
Static-X,Fix,1695,MpqQX0dmWGQ,https://music.youtube.com/watch?v=MpqQX0dmWGQ,Static-X,Fix,Wisconsin Death Trip,MUSIC_VIDEO_TYPE_ATV,170,catalog_or_official_row,0.90
Static-X,Otsego Undead,1696,ghNcDH9QDTg,https://music.youtube.com/watch?v=ghNcDH9QDTg,Static-X,Otsego Undead,Machine,MUSIC_VIDEO_TYPE_ATV,210,catalog_or_official_row,0.90
Static-X,Dirthouse,1700,yaApysXYjyo,https://music.youtube.com/watch?v=yaApysXYjyo,Static-X,Dirthouse,Start a War,MUSIC_VIDEO_TYPE_ATV,184,catalog_or_official_row,0.90
Enigma,Modern Crusaders,1704,F48mtaFOccg,https://music.youtube.com/watch?v=F48mtaFOccg,Enigma,Modern Crusaders,The Screen Behind The Mirror,MUSIC_VIDEO_TYPE_ATV,231,catalog_or_official_row,0.90
Static-X,Tera-Fied,1705,bpXChQtGFIs,https://music.youtube.com/watch?v=bpXChQtGFIs,Static-X,Tera-Fied,Cult of Static,MUSIC_VIDEO_TYPE_ATV,320,catalog_or_official_row,0.90
George Michael,Mothers Pride,1706,33tfXEi9x18,https://music.youtube.com/watch?v=33tfXEi9x18,George Michael,Mothers Pride,Listen Without Prejudice / MTV Unplugged (Deluxe),MUSIC_VIDEO_TYPE_ATV,240,catalog_or_official_row,0.90
Eiro Nareth,Bandoleros (Fast&Furious Theme),1709,XFyjdUTUMBQ,https://music.youtube.com/watch?v=XFyjdUTUMBQ,Eiro Nareth,Bandoleros (Fast&Furious Theme),"Acoustic Covers, Vol. 6",MUSIC_VIDEO_TYPE_ATV,103,catalog_or_official_row,0.90
Михаил Елизаров,Пар-голова,1710,H_ezAF1ZvUw,https://music.youtube.com/watch?v=H_ezAF1ZvUw,Михаил Елизаров,Михаил Елизаров — Пар-голова,,MUSIC_VIDEO_TYPE_UGC,195,title_prefixed_with_known_artist,0.92
Отава Ё,"Ой, Дуся, ой, Маруся (казачья лезгинка)",1711,Jnpr-Rohu7U,https://music.youtube.com/watch?v=Jnpr-Rohu7U,Отава Ё,"Ой, Дуся, ой, Маруся (казачья лезгинка)","Ой, Дуся, ой, Маруся",MUSIC_VIDEO_TYPE_ATV,303,catalog_or_official_row,0.90
Led Zeppelin,Babe I'm Gonna Leave You (Remaster),1712,UyOg0mt2R2k,https://music.youtube.com/watch?v=UyOg0mt2R2k,Led Zeppelin,Babe I'm Gonna Leave You (Remaster),Led Zeppelin (Remaster),MUSIC_VIDEO_TYPE_ATV,403,catalog_or_official_row,0.90
Валерий Меладзе,Иностранец,1713,ZTJQhSea6xU,https://music.youtube.com/watch?v=ZTJQhSea6xU,Валерий Меладзе,Иностранец,Океан,MUSIC_VIDEO_TYPE_ATV,246,catalog_or_official_row,0.90
Валерий Меладзе,The Best - Лучшее 2020,1714,0JhlT8CrRTs,https://music.youtube.com/watch?v=0JhlT8CrRTs,МЕЛОМАН THE BEST,Валерий Меладзе - The Best - Лучшее 2020,,MUSIC_VIDEO_TYPE_UGC,7203,artist_title_dash,0.86
Михаил Елизаров,"Ариозо Чикатило ""Фенечка, здравствуй!..",1715,90uinveF_sM,https://music.youtube.com/watch?v=90uinveF_sM,Михаил Елизаров,"Михаил Елизаров — Ариозо Чикатило ""Фенечка, здравствуй!..""",,MUSIC_VIDEO_TYPE_UGC,286,title_prefixed_with_known_artist,0.92
Thy Art Is Murder,The Purest Strain Of Hate,1716,7xIF-8LiJAo,https://music.youtube.com/watch?v=7xIF-8LiJAo,Thy Art Is Murder,The Purest Strain Of Hate,Hate,MUSIC_VIDEO_TYPE_ATV,206,catalog_or_official_row,0.90
Михаил Елизаров,Мама-Гуантанама,1717,s47eNxE9Lts,https://music.youtube.com/watch?v=s47eNxE9Lts,Михаил Елизаров,Михаил Елизаров — Мама-Гуантанама,,MUSIC_VIDEO_TYPE_UGC,194,title_prefixed_with_known_artist,0.92
Михаил Елизаров,Инициатическая,1718,tnrSHPi-HP8,https://music.youtube.com/watch?v=tnrSHPi-HP8,Михаил Елизаров,Михаил Елизаров — Инициатическая,,MUSIC_VIDEO_TYPE_UGC,202,title_prefixed_with_known_artist,0.92
рома майк,Босоніж,1720,DziNa-XGB-E,https://music.youtube.com/watch?v=DziNa-XGB-E,рома майк,Босоніж,Босоніж,MUSIC_VIDEO_TYPE_ATV,176,catalog_or_official_row,0.90
Ghost B.C.,Bible,1721,ex79NyYece8,https://music.youtube.com/watch?v=ex79NyYece8,Ghost B.C.,Bible,Meliora (Deluxe Edition),MUSIC_VIDEO_TYPE_ATV,395,catalog_or_official_row,0.90
Ghost B.C.,I Believe,1722,k1sDdx8UOI4,https://music.youtube.com/watch?v=k1sDdx8UOI4,Ghost B.C.,I Believe,Meliora (Deluxe Edition),MUSIC_VIDEO_TYPE_ATV,247,catalog_or_official_row,0.90
Infant Annihilator,A Rape of Sirens (feat. Alex Terrible),1725,jFhsMAQJLIs,https://music.youtube.com/watch?v=jFhsMAQJLIs,Infant Annihilator,A Rape of Sirens (feat. Alex Terrible),The Battle of Yaldabaoth,MUSIC_VIDEO_TYPE_ATV,280,catalog_or_official_row,0.90
Infant Annihilator,Empusa: Queen of the Damned,1726,6RE0wVAO1Rs,https://music.youtube.com/watch?v=6RE0wVAO1Rs,Infant Annihilator,Empusa: Queen of the Damned,The Battle of Yaldabaoth,MUSIC_VIDEO_TYPE_ATV,307,catalog_or_official_row,0.90
Just Do It,Tender Acoustic Version!,1728,qDQIon7SrOg,https://music.youtube.com/watch?v=qDQIon7SrOg,The Gregory Brothers,Just Do It - Tender Acoustic Version!,,MUSIC_VIDEO_TYPE_UGC,112,artist_title_dash,0.86
Daniel Paterok,Serenity,1729,1De0_7XJk1c,https://music.youtube.com/watch?v=1De0_7XJk1c,Daniel Paterok,Serenity,Serenity,MUSIC_VIDEO_TYPE_ATV,154,catalog_or_official_row,0.90
Infant Annihilator,Three Bastards,1732,-pk5miFbS5s,https://music.youtube.com/watch?v=-pk5miFbS5s,Infant Annihilator,Three Bastards,The Battle of Yaldabaoth,MUSIC_VIDEO_TYPE_ATV,258,catalog_or_official_row,0.90
Infant Annihilator,Decapitation Fornication,1733,eR11sbtmisM,https://music.youtube.com/watch?v=eR11sbtmisM,Infant Annihilator,Decapitation Fornication,The Palpable Leprosy of Pollution,MUSIC_VIDEO_TYPE_ATV,208,catalog_or_official_row,0.90
Infant Annihilator,Pelt of Innocent Flesh,1734,67wlg_NlxWw,https://music.youtube.com/watch?v=67wlg_NlxWw,Infant Annihilator,Pelt of Innocent Flesh,The Elysian Grandeval Galèriarch,MUSIC_VIDEO_TYPE_ATV,425,catalog_or_official_row,0.90
Infant Annihilator,Cuntcrusher,1735,WjOZiRlCFCU,https://music.youtube.com/watch?v=WjOZiRlCFCU,Infant Annihilator,Cuntcrusher,The Palpable Leprosy of Pollution (Instrumental),MUSIC_VIDEO_TYPE_ATV,299,catalog_or_official_row,0.90
Infant Annihilator,Paedophilic Supremacy,1737,oBni1QiQNVs,https://music.youtube.com/watch?v=oBni1QiQNVs,Infant Annihilator,Paedophilic Supremacy,The Palpable Leprosy of Pollution,MUSIC_VIDEO_TYPE_ATV,56,catalog_or_official_row,0.90
Infant Annihilator,Immeasurable Foetal Mutilation,1738,Es5arL6M_bQ,https://music.youtube.com/watch?v=Es5arL6M_bQ,Infant Annihilator,Immeasurable Foetal Mutilation,The Palpable Leprosy of Pollution,MUSIC_VIDEO_TYPE_ATV,218,catalog_or_official_row,0.90
Paul Anka,You Are My Destiny,1739,mKKht5gM8cs,https://music.youtube.com/watch?v=mKKht5gM8cs,Paul Anka,You Are My Destiny,A Table For Two,MUSIC_VIDEO_TYPE_ATV,168,catalog_or_official_row,0.90
Егор Летов,Никто не хотел умирать,1740,cb-lRR9DWtw,https://music.youtube.com/watch?v=cb-lRR9DWtw,Егор Летов,Никто не хотел умирать,Всё как у людей,MUSIC_VIDEO_TYPE_ATV,199,catalog_or_official_row,0.90
Infant Annihilator,The Battle of Yaldabaoth (feat. Alex Teyen),1741,ChOk4g5v_SI,https://music.youtube.com/watch?v=ChOk4g5v_SI,Infant Annihilator,The Battle of Yaldabaoth (feat. Alex Teyen),The Battle of Yaldabaoth,MUSIC_VIDEO_TYPE_ATV,366,catalog_or_official_row,0.90
Михаил Елизаров,Ебанутое счастье,1742,gyL6a0m9Q6Y,https://music.youtube.com/watch?v=gyL6a0m9Q6Y,Михаил Елизаров,Михаил Елизаров — Ебанутое счастье,,MUSIC_VIDEO_TYPE_UGC,227,title_prefixed_with_known_artist,0.92
Егор Летов,Кайф или больше,1743,pxu3NRhQzFA,https://music.youtube.com/watch?v=pxu3NRhQzFA,Егор Летов,Кайф или больше,Вершки и корешки,MUSIC_VIDEO_TYPE_ATV,131,catalog_or_official_row,0.90
The Mamas & The Papas,California Dreamin' (Single Version),1744,oU6uUEwZ8FM,https://music.youtube.com/watch?v=oU6uUEwZ8FM,The Mamas & The Papas,California Dreamin' (Single Version),If You Can Believe Your Eyes & Ears,MUSIC_VIDEO_TYPE_ATV,163,catalog_or_official_row,0.90
Flaer Smin,Wish You Were Here,1746,N_tJBqa-EQ0,https://music.youtube.com/watch?v=N_tJBqa-EQ0,Flaer Smin,Wish You Were Here,Collapse,MUSIC_VIDEO_TYPE_ATV,530,catalog_or_official_row,0.90
Enigma,Principles Of Lust,1747,HhhprPW_iZo,https://music.youtube.com/watch?v=HhhprPW_iZo,Enigma,Principles Of Lust,Love Sensuality Devotion: The Greatest Hits,MUSIC_VIDEO_TYPE_ATV,189,catalog_or_official_row,0.90
Massive Attack,Teardrop (feat. Elizabeth Fraser),1748,3h-JYx76QNM,https://music.youtube.com/watch?v=3h-JYx76QNM,Massive Attack,Teardrop (feat. Elizabeth Fraser),Mezzanine,MUSIC_VIDEO_TYPE_ATV,331,catalog_or_official_row,0.90
Enigma,Back To The Rivers Of Belief: Way To Eternity / Hallelujah / The Rivers Of Belief,1749,u9P2rlQkmMs,https://music.youtube.com/watch?v=u9P2rlQkmMs,Enigma,Back To The Rivers Of Belief: Way To Eternity / Hallelujah / The Rivers Of Belief,MCMXC a.D.,MUSIC_VIDEO_TYPE_ATV,637,catalog_or_official_row,0.90
Enya,Only Time,1750,YArQ641o8V8,https://music.youtube.com/watch?v=YArQ641o8V8,Enya,Only Time,A Day Without Rain,MUSIC_VIDEO_TYPE_ATV,219,catalog_or_official_row,0.90
Karunesh,Solitude,1751,Dl7hwzQ6YoA,https://music.youtube.com/watch?v=Dl7hwzQ6YoA,Karunesh,Solitude,Global Spirit,MUSIC_VIDEO_TYPE_ATV,435,catalog_or_official_row,0.90
Enigma,The Alchemist (The Alchemist's Vision By Ralf Hildenbeutel),1752,s8s2Ocqd6Kk,https://music.youtube.com/watch?v=s8s2Ocqd6Kk,Enigma,The Alchemist (The Alchemist's Vision By Ralf Hildenbeutel),A Posteriori (Private Lounge Remix),MUSIC_VIDEO_TYPE_ATV,437,catalog_or_official_row,0.90
Enigma,Endless Quest,1753,oI5QPk-PZUU,https://music.youtube.com/watch?v=oI5QPk-PZUU,Enigma,Endless Quest,The Screen Behind The Mirror,MUSIC_VIDEO_TYPE_ATV,187,catalog_or_official_row,0.90
Dying Fetus,From Womb to Waste,1754,bD11cJp2usM,https://music.youtube.com/watch?v=bD11cJp2usM,Dying Fetus,From Womb to Waste,Reign Supreme (Deluxe Version),MUSIC_VIDEO_TYPE_ATV,297,catalog_or_official_row,0.90
Enigma,Principles Of Lust: Sadeness / Find Love / Sadeness (Reprise),1755,ZvQcX5yfTD8,https://music.youtube.com/watch?v=ZvQcX5yfTD8,Enigma,Principles Of Lust: Sadeness / Find Love / Sadeness (Reprise),MCMXC a.D.,MUSIC_VIDEO_TYPE_ATV,704,catalog_or_official_row,0.90
Михаил Елизаров,КОНДУКТОР,1756,U1FgauwrXDc,https://music.youtube.com/watch?v=U1FgauwrXDc,Михаил Елизаров,Михаил Елизаров — КОНДУКТОР,,MUSIC_VIDEO_TYPE_UGC,96,title_prefixed_with_known_artist,0.92
Михаил Елизаров,МЫ ЕДЕМ JEDEM DAS SEINE,1757,DS4JGToewj8,https://music.youtube.com/watch?v=DS4JGToewj8,Михаил Елизаров,Михаил Елизаров — МЫ ЕДЕМ   JEDEM DAS SEINE,,MUSIC_VIDEO_TYPE_UGC,136,title_prefixed_with_known_artist,0.92
Михаил Елизаров,ХОЛОДИЛЬНИК-ХОЛОДЕЦ,1758,7QnTiJHexUI,https://music.youtube.com/watch?v=7QnTiJHexUI,Михаил Елизаров,Михаил Елизаров — ХОЛОДИЛЬНИК-ХОЛОДЕЦ,,MUSIC_VIDEO_TYPE_UGC,103,title_prefixed_with_known_artist,0.92
Егор Летов,Мне насрать на моё лицо (2021 Remastered Version),1759,ycBNZEZafAs,https://music.youtube.com/watch?v=ycBNZEZafAs,Егор Летов,Мне насрать на моё лицо (2021 Remastered Version),Концерт в городе-герое Ленинграде (2021 Remastered Version),MUSIC_VIDEO_TYPE_ATV,172,catalog_or_official_row,0.90
Михаил Елизаров,МАТРИЦА,1760,M3fbg2rAe-I,https://music.youtube.com/watch?v=M3fbg2rAe-I,Михаил Елизаров,Михаил Елизаров — МАТРИЦА,,MUSIC_VIDEO_TYPE_UGC,208,title_prefixed_with_known_artist,0.92
Михаил Елизаров,Летчик-потребитель,1761,wWBqfoQkJ9Y,https://music.youtube.com/watch?v=wWBqfoQkJ9Y,Михаил Елизаров,Михаил Елизаров — Летчик-потребитель,,MUSIC_VIDEO_TYPE_UGC,163,title_prefixed_with_known_artist,0.92
Михаил Елизаров,Комендант,1762,vIZSwFI_ugw,https://music.youtube.com/watch?v=vIZSwFI_ugw,Михаил Елизаров,Михаил Елизаров — Комендант,,MUSIC_VIDEO_TYPE_UGC,258,title_prefixed_with_known_artist,0.92
Константин Ступин,Ночью всякое бывает (Акустика 2014-2015),1763,UtLh8aoko24,https://music.youtube.com/watch?v=UtLh8aoko24,Константин Ступин,Ночью всякое бывает (Акустика 2014-2015),Не ваше дело в чём мне гулять,MUSIC_VIDEO_TYPE_ATV,135,catalog_or_official_row,0.90
Михаил Елизаров,Солдатский Гранж,1764,pbozVGDYEmo,https://music.youtube.com/watch?v=pbozVGDYEmo,Михаил Елизаров,Михаил Елизаров — Солдатский Гранж,,MUSIC_VIDEO_TYPE_UGC,152,title_prefixed_with_known_artist,0.92
Константин Ступин,Пушистый хвост лисицы (Акустика 2014-2015),1765,yHC1oncZ8B4,https://music.youtube.com/watch?v=yHC1oncZ8B4,Константин Ступин,Пушистый хвост лисицы (Акустика 2014-2015),Не ваше дело в чём мне гулять,MUSIC_VIDEO_TYPE_ATV,142,catalog_or_official_row,0.90
Jacek Kaczmarski,Kara Barabasza,1766,_iUQk2ulUgk,https://music.youtube.com/watch?v=_iUQk2ulUgk,Jacek Kaczmarski,Kara Barabasza,Glupi Jasio,MUSIC_VIDEO_TYPE_ATV,185,catalog_or_official_row,0.90
Ночная трость; Константин Ступин,Ганс (14.08.2016),1767,gx6faweC5g4,https://music.youtube.com/watch?v=gx6faweC5g4,Ночная трость; Константин Ступин,Константин Ступин - Ганс (14.08.2016),,MUSIC_VIDEO_TYPE_OMV,179,title_prefixed_with_known_artist,0.92
Михаил Елизаров,Тональ и Нагваль,1768,evbvxnecO0Q,https://music.youtube.com/watch?v=evbvxnecO0Q,Михаил Елизаров,Михаил Елизаров — Тональ и Нагваль,,MUSIC_VIDEO_TYPE_UGC,203,title_prefixed_with_known_artist,0.92
Михаил Елизаров,КВАРТИРА НА ПР. МИРА(2010),1769,yDZnx4sFrHM,https://music.youtube.com/watch?v=yDZnx4sFrHM,Михаил Елизаров,Михаил Елизаров —  КВАРТИРА НА ПР. МИРА(2010),,MUSIC_VIDEO_TYPE_UGC,210,title_prefixed_with_known_artist,0.92
Back to The Rivers Of Belief (Complete),Enigma,1770,i-WxpWM6twY,https://music.youtube.com/watch?v=i-WxpWM6twY,Isaías Roldán D,Back to The Rivers Of Belief (Complete) - Enigma,,MUSIC_VIDEO_TYPE_UGC,863,artist_title_dash,0.86
Enigma,Mea Culpa,1771,BuYZ-Mc8iTQ,https://music.youtube.com/watch?v=BuYZ-Mc8iTQ,Enigma,Mea Culpa,MCMXC a.D.,MUSIC_VIDEO_TYPE_ATV,302,catalog_or_official_row,0.90
Михаил Елизаров,АНТИФАШИСТСКАЯ ПЕСНЯ,1772,RV1j5_91OgU,https://music.youtube.com/watch?v=RV1j5_91OgU,Михаил Елизаров,Михаил Елизаров  — АНТИФАШИСТСКАЯ ПЕСНЯ,,MUSIC_VIDEO_TYPE_UGC,202,title_prefixed_with_known_artist,0.92
Михаил Елизаров,Некрономикон,1774,OySiCE_bsR4,https://music.youtube.com/watch?v=OySiCE_bsR4,Михаил Елизаров,Михаил Елизаров — Некрономикон,,MUSIC_VIDEO_TYPE_UGC,212,title_prefixed_with_known_artist,0.92
Михаил Елизаров,ТЮРЕМНАЯ,1775,X_kSwAjkkgw,https://music.youtube.com/watch?v=X_kSwAjkkgw,Михаил Елизаров,Михаил Елизаров — ТЮРЕМНАЯ,,MUSIC_VIDEO_TYPE_UGC,263,title_prefixed_with_known_artist,0.92
Егор Летов,Мне насрать на моё лицо,1776,qGHKIw6jxHE,https://music.youtube.com/watch?v=qGHKIw6jxHE,Егор Летов,Мне насрать на моё лицо,Всё как у людей,MUSIC_VIDEO_TYPE_ATV,175,catalog_or_official_row,0.90
Death Grips,No Love,1783,1GL9l1DXTsQ,https://music.youtube.com/watch?v=1GL9l1DXTsQ,Death Grips,No Love,No Love Deep Web,MUSIC_VIDEO_TYPE_ATV,304,catalog_or_official_row,0.90
Infant Annihilator,Soil the Stillborn,1784,-8B2Ok16gzs,https://music.youtube.com/watch?v=-8B2Ok16gzs,Infant Annihilator,Soil the Stillborn,The Elysian Grandeval Galèriarch,MUSIC_VIDEO_TYPE_ATV,240,catalog_or_official_row,0.90
Михаил Елизаров,СОВЕТСКАЯ,1785,TdSpZF36OHg,https://music.youtube.com/watch?v=TdSpZF36OHg,Михаил Елизаров,Михаил Елизаров СОВЕТСКАЯ,,MUSIC_VIDEO_TYPE_UGC,173,ambiguous_ugc_uploader,1.00
The Beatles,I Want You (She's So Heavy) (Remastered 2009),1786,tAe2Q_LhY8g,https://music.youtube.com/watch?v=tAe2Q_LhY8g,The Beatles,I Want You (She's So Heavy) (Remastered 2009),Abbey Road,MUSIC_VIDEO_TYPE_ATV,468,catalog_or_official_row,0.90
Pantera,5 Minutes Alone,1787,vvhJXgYfgy8,https://music.youtube.com/watch?v=vvhJXgYfgy8,Pantera,5 Minutes Alone,Far Beyond Driven,MUSIC_VIDEO_TYPE_ATV,348,catalog_or_official_row,0.90
Rage Against The Machine,Killing In the Name,1788,2o9aoL0NWpw,https://music.youtube.com/watch?v=2o9aoL0NWpw,Rage Against The Machine,Killing In the Name,Rage Against The Machine,MUSIC_VIDEO_TYPE_ATV,314,catalog_or_official_row,0.90
Deftones,My Own Summer (Shove It),1789,PIF4So6xcU8,https://music.youtube.com/watch?v=PIF4So6xcU8,Deftones,My Own Summer (Shove It),Around the Fur,MUSIC_VIDEO_TYPE_ATV,215,catalog_or_official_row,0.90
Led Zeppelin,Since I've Been Loving You (Remaster),1790,N_lSJ-0Gl7Q,https://music.youtube.com/watch?v=N_lSJ-0Gl7Q,Led Zeppelin,Since I've Been Loving You (Remaster),Led Zeppelin III (Remaster),MUSIC_VIDEO_TYPE_ATV,445,catalog_or_official_row,0.90
Frank Sinatra,There's No You,1791,5NYYv_x3jmQ,https://music.youtube.com/watch?v=5NYYv_x3jmQ,Frank Sinatra,There's No You,Where Are You? (Remastered / Expanded Edition),MUSIC_VIDEO_TYPE_ATV,228,catalog_or_official_row,0.90
Егор Летов,Харакири (2021 Remastered Version),1794,x06MOwnE6P0,https://music.youtube.com/watch?v=x06MOwnE6P0,Егор Летов,Харакири (2021 Remastered Version),Концерт в городе-герое Ленинграде (2021 Remastered Version),MUSIC_VIDEO_TYPE_ATV,139,catalog_or_official_row,0.90
B.J. Thomas,Raindrops Keep Falling on my Head,1795,sySlY1XKlhM,https://music.youtube.com/watch?v=sySlY1XKlhM,B.J. Thomas,Raindrops Keep Falling on my Head,The Very Best of B.J. Thomas,MUSIC_VIDEO_TYPE_ATV,177,catalog_or_official_row,0.90
Frank Sinatra,I'm A Fool To Want You (Remastered 1999),1796,wV9OcYhk4CU,https://music.youtube.com/watch?v=wV9OcYhk4CU,Frank Sinatra,I'm A Fool To Want You (Remastered 1999),Where Are You? (Remastered / Expanded Edition),MUSIC_VIDEO_TYPE_ATV,292,catalog_or_official_row,0.90
Neil Young,Harvest Moon,1799,HDzHhqWZMD0,https://music.youtube.com/watch?v=HDzHhqWZMD0,Neil Young,Harvest Moon,Harvest Moon,MUSIC_VIDEO_TYPE_ATV,304,catalog_or_official_row,0.90
Ирина Аллегрова,Императрица,1801,EgRWaldVG2E,https://music.youtube.com/watch?v=EgRWaldVG2E,Елена С.,"Ирина Аллегрова - ""Императрица""",,MUSIC_VIDEO_TYPE_UGC,258,artist_title_dash,0.86
Король и Шут,Воспоминания о былой любви,1802,3sNdqNJnhhM,https://music.youtube.com/watch?v=3sNdqNJnhhM,Король и Шут,Воспоминания о былой любви,Как в старой сказке,MUSIC_VIDEO_TYPE_ATV,296,catalog_or_official_row,0.90
Infant Annihilator,I. Infant Annihilator,1803,ZP1lSYV5ENs,https://music.youtube.com/watch?v=ZP1lSYV5ENs,Infant Annihilator,I. Infant Annihilator,The Palpable Leprosy of Pollution,MUSIC_VIDEO_TYPE_ATV,174,catalog_or_official_row,0.90
MORGENSHTERN ft. OBEME,ДУЛО (prod. checkoff),1806,qHgLyODFCQE,https://music.youtube.com/watch?v=qHgLyODFCQE,checkoff,MORGENSHTERN ft. OBEME - ДУЛО (prod. checkoff),,MUSIC_VIDEO_TYPE_UGC,124,artist_title_dash,0.86
William Maranci Mashups,supermassive bottom jeans (muse x flo rida),1811,3kxXOnbHI08,https://music.youtube.com/watch?v=3kxXOnbHI08,William Maranci Mashups,supermassive bottom jeans (muse x flo rida),,MUSIC_VIDEO_TYPE_OMV,243,catalog_or_official_row,0.78
Ti voglio tanto bene,Italian Song | Piano Accompaniment 伴奏用,1812,rcPJgpZVCcM,https://music.youtube.com/watch?v=rcPJgpZVCcM,Nana Morimoto Classical Piano & Voice,Ti voglio tanto bene – Italian Song | Piano Accompaniment 伴奏用,,MUSIC_VIDEO_TYPE_UGC,161,artist_title_dash,0.86
ЕвГЕНИЙ Понасенков поёт Rammstein,Ich Will,1813,_wGxcRg2W2w,https://music.youtube.com/watch?v=_wGxcRg2W2w,oselish,ЕвГЕНИЙ Понасенков поёт Rammstein - Ich Will,,MUSIC_VIDEO_TYPE_UGC,16,artist_title_dash,0.86
Jonas Kaufmann; Jochen Rieder; Rundfunk-Sinfonieorchester Berlin,Ti voglio tanto bene,1814,2nKHr_TBSuU,https://music.youtube.com/watch?v=2nKHr_TBSuU,Jonas Kaufmann; Jochen Rieder; Rundfunk-Sinfonieorchester Berlin,Ti voglio tanto bene,Ti voglio tanto bene,MUSIC_VIDEO_TYPE_ATV,183,catalog_or_official_row,0.90
Frank Sinatra,My Way (2008 Remastered),1817,qQzdAsjWGPg,https://music.youtube.com/watch?v=qQzdAsjWGPg,Frank Sinatra,My Way (2008 Remastered),Nothing But The Best (2008 Remastered),MUSIC_VIDEO_TYPE_ATV,277,catalog_or_official_row,0.90
The Righteous Brothers,Unchained Melody,1818,te51eVrFWEc,https://music.youtube.com/watch?v=te51eVrFWEc,The Righteous Brothers,Unchained Melody,The Very Best Of The Righteous Brothers - Unchained Melody,MUSIC_VIDEO_TYPE_ATV,217,catalog_or_official_row,0.90
Tanita Tikaram,Twist in My Sobriety,1819,QbD5tGj3KW4,https://music.youtube.com/watch?v=QbD5tGj3KW4,Tanita Tikaram,Twist in My Sobriety,Ancient Heart,MUSIC_VIDEO_TYPE_ATV,293,catalog_or_official_row,0.90
The Beatles,While My Guitar Gently Weeps (Remastered 2009),1822,bI8P6ZSHSvE,https://music.youtube.com/watch?v=bI8P6ZSHSvE,The Beatles,While My Guitar Gently Weeps (Remastered 2009),The Beatles,MUSIC_VIDEO_TYPE_ATV,285,catalog_or_official_row,0.90
TILL LINDEMANN,Любимый город,1823,reD1JDyvdvg,https://music.youtube.com/watch?v=reD1JDyvdvg,TILL LINDEMANN,Любимый город,Любимый город,MUSIC_VIDEO_TYPE_ATV,153,catalog_or_official_row,0.90
Radiohead,Creep,1825,9RfVp-GhKfs,https://music.youtube.com/watch?v=9RfVp-GhKfs,Radiohead,Creep,Creep,MUSIC_VIDEO_TYPE_ATV,239,catalog_or_official_row,0.90
Limp Bizkit,Behind Blue Eyes,1826,ozllPih3hOk,https://music.youtube.com/watch?v=ozllPih3hOk,Limp Bizkit,Behind Blue Eyes,Results May Vary,MUSIC_VIDEO_TYPE_ATV,270,catalog_or_official_row,0.90
Staind,It's Been Awhile,1827,RNDWIh3Z_zo,https://music.youtube.com/watch?v=RNDWIh3Z_zo,Staind,It's Been Awhile,Break the Cycle,MUSIC_VIDEO_TYPE_ATV,265,catalog_or_official_row,0.90
Staind,Outside,1828,2j8SyixzzQY,https://music.youtube.com/watch?v=2j8SyixzzQY,Staind,Outside,Break the Cycle,MUSIC_VIDEO_TYPE_ATV,294,catalog_or_official_row,0.90
Mr.Kitty,After Dark,1829,Cl5Vkd4N03Q,https://music.youtube.com/watch?v=Cl5Vkd4N03Q,Mr.Kitty,After Dark,Time,MUSIC_VIDEO_TYPE_ATV,260,catalog_or_official_row,0.90
Kavinsky,Nightcall,1831,LfgNorryffc,https://music.youtube.com/watch?v=LfgNorryffc,Kavinsky,Nightcall,OutRun,MUSIC_VIDEO_TYPE_ATV,258,catalog_or_official_row,0.90
Devin Townsend Project,Supercrush!,1832,HGe0giPi8vQ,https://music.youtube.com/watch?v=HGe0giPi8vQ,Devin Townsend Project,Supercrush!,Addicted,MUSIC_VIDEO_TYPE_ATV,312,catalog_or_official_row,0.90
Scorpions,Wind Of Change,1833,Ukh1zoiV304,https://music.youtube.com/watch?v=Ukh1zoiV304,Scorpions,Wind Of Change,Crazy World,MUSIC_VIDEO_TYPE_ATV,313,catalog_or_official_row,0.90
Abominable Iron Sloth,Hats Made Of Veal and That New Car Scent,1835,PnR5-ctMXqw,https://music.youtube.com/watch?v=PnR5-ctMXqw,Abominable Iron Sloth,Hats Made Of Veal and That New Car Scent,Abominable Iron Sloth,MUSIC_VIDEO_TYPE_ATV,196,catalog_or_official_row,0.90
The Moody Blues,Nights In White Satin (Single Version / Mono),1836,iVusUjyby18,https://music.youtube.com/watch?v=iVusUjyby18,The Moody Blues,Nights In White Satin (Single Version / Mono),Days Of Future Passed (Deluxe Version),MUSIC_VIDEO_TYPE_ATV,270,catalog_or_official_row,0.90
Jim Croce,Time in a Bottle,1837,gnrSpwb2Ax4,https://music.youtube.com/watch?v=gnrSpwb2Ax4,Jim Croce,Time in a Bottle,You Don't Mess Around With Jim,MUSIC_VIDEO_TYPE_ATV,149,catalog_or_official_row,0.90
MORGENSHTERN ft. OBEME,Володя быдло! (prod. checkoff),1838,iZnEl3AD2TY,https://music.youtube.com/watch?v=iZnEl3AD2TY,checkoff,MORGENSHTERN ft. OBEME - Володя быдло! (prod. checkoff),,MUSIC_VIDEO_TYPE_UGC,78,artist_title_dash,0.86
MORGENSHTERN ft. OBEME,Vodka & ПИВО (prod. checkoff),1839,B6d0mZTClfc,https://music.youtube.com/watch?v=B6d0mZTClfc,checkoff,MORGENSHTERN ft. OBEME - Vodka & ПИВО (prod. checkoff),,MUSIC_VIDEO_TYPE_UGC,138,artist_title_dash,0.86
Crazy Obeme,Axel F (prod. checkoff),1840,Z1lIl9ZVXdQ,https://music.youtube.com/watch?v=Z1lIl9ZVXdQ,checkoff,Crazy Obeme - Axel F (prod. checkoff),,MUSIC_VIDEO_TYPE_UGC,170,artist_title_dash,0.86
Tsutomu Torii,Sous Le Ciel De Paris,1841,LO8K29YeaNI,https://music.youtube.com/watch?v=LO8K29YeaNI,Tsutomu Torii,Sous Le Ciel De Paris,Accordion No Miryoku Les Champs-Elysees,MUSIC_VIDEO_TYPE_ATV,237,catalog_or_official_row,0.90
John Williams; London Symphony Orchestra,Duel of the Fates,1842,D_2bluVPsb0,https://music.youtube.com/watch?v=D_2bluVPsb0,John Williams; London Symphony Orchestra,Duel of the Fates,Star Wars: The Phantom Menace (Original Motion Picture Soundtrack),MUSIC_VIDEO_TYPE_ATV,255,catalog_or_official_row,0.90
Hans Zimmer,The Kraken,1843,GFY7i7pJAXg,https://music.youtube.com/watch?v=GFY7i7pJAXg,Hans Zimmer,The Kraken,Pirates of the Caribbean:  Dead Man's Chest (Original Motion Picture Soundtrack),MUSIC_VIDEO_TYPE_ATV,414,catalog_or_official_row,0.90
Howard Shore,The Battle of the Pelennor Fields,1844,8t9eL-5wMFc,https://music.youtube.com/watch?v=8t9eL-5wMFc,Howard Shore,The Battle of the Pelennor Fields,The Lord of the Rings - The Return of the King - The Complete Recordings (Limited Edition),MUSIC_VIDEO_TYPE_ATV,251,catalog_or_official_row,0.90
The Animals,House of the Rising Sun,1845,VixdIglCZXk,https://music.youtube.com/watch?v=VixdIglCZXk,The Animals,House of the Rising Sun,Most of the Animals,MUSIC_VIDEO_TYPE_ATV,270,catalog_or_official_row,0.90
The Paris Musette,C'est Tout,1846,h497OPVQYYA,https://music.youtube.com/watch?v=h497OPVQYYA,The Paris Musette,C'est Tout,The Music Of France,MUSIC_VIDEO_TYPE_ATV,153,catalog_or_official_row,0.90
Thy Art Is Murder,Light Bearer,1849,RVMQSZ3sAno,https://music.youtube.com/watch?v=RVMQSZ3sAno,Thy Art Is Murder,Light Bearer,Holy War,MUSIC_VIDEO_TYPE_ATV,236,catalog_or_official_row,0.90
Carnifex,Die Without Hope,1850,0VtjYeVJ-mc,https://music.youtube.com/watch?v=0VtjYeVJ-mc,Carnifex,Die Without Hope,Die Without Hope,MUSIC_VIDEO_TYPE_ATV,324,catalog_or_official_row,0.90
Conchita Wurst,Rise Like a Phoenix,1851,0FUo6EWDB2E,https://music.youtube.com/watch?v=0FUo6EWDB2E,Conchita Wurst,Rise Like a Phoenix,Conchita,MUSIC_VIDEO_TYPE_ATV,183,catalog_or_official_row,0.90
Rousseau,Hungarian Rhapsody No. 2 (Liszt),1852,03Kf4tbSnGo,https://music.youtube.com/watch?v=03Kf4tbSnGo,Rousseau,Hungarian Rhapsody No. 2 (Liszt),Hungarian Rhapsody No. 2 (Liszt),MUSIC_VIDEO_TYPE_ATV,775,catalog_or_official_row,0.90
Billy Joel,Piano Man,1853,LLbew85exp0,https://music.youtube.com/watch?v=LLbew85exp0,Billy Joel,Piano Man,Piano Man (Legacy Edition),MUSIC_VIDEO_TYPE_ATV,339,catalog_or_official_row,0.90
George Harrison,My Sweet Lord,1854,6wHBsMoHFWs,https://music.youtube.com/watch?v=6wHBsMoHFWs,George Harrison,My Sweet Lord,All Things Must Pass,MUSIC_VIDEO_TYPE_ATV,282,catalog_or_official_row,0.90
Deathwhite,Funeral Ground,1857,3uRznLJnsuw,https://music.youtube.com/watch?v=3uRznLJnsuw,Deathwhite,Funeral Ground,Funeral Ground,MUSIC_VIDEO_TYPE_ATV,305,catalog_or_official_row,0.90
Nick Cave,Higgs Boson Blues,1859,1GWsdqCYvgw,https://music.youtube.com/watch?v=1GWsdqCYvgw,Nick Cave,Higgs Boson Blues,,MUSIC_VIDEO_TYPE_OMV,555,catalog_or_official_row,0.78
The Cure,Pictures Of You,1860,YHXWRoFCyS8,https://music.youtube.com/watch?v=YHXWRoFCyS8,The Cure,Pictures Of You,Valentine Disaster (International Version),MUSIC_VIDEO_TYPE_ATV,289,catalog_or_official_row,0.90
azotnyturbopascal,Солнце над Твин Пиксом,1864,N5IlSG49xa4,https://music.youtube.com/watch?v=N5IlSG49xa4,_morris_,azotnyturbopascal - Солнце над Твин Пиксом,,MUSIC_VIDEO_TYPE_UGC,181,artist_title_dash,0.86
Killswitch Engage,The End of Heartache,1865,h4QGc06KnBE,https://music.youtube.com/watch?v=h4QGc06KnBE,Killswitch Engage,The End of Heartache,The End of Heartache,MUSIC_VIDEO_TYPE_ATV,299,catalog_or_official_row,0.90
Godsmack,Awake (Official Acapella),1868,LaHQyRXmlIg,https://music.youtube.com/watch?v=LaHQyRXmlIg,Cringe Lord,Godsmack - Awake (Official Acapella),,MUSIC_VIDEO_TYPE_UGC,302,artist_title_dash,0.86
Hello Relatives!,Bohemian Rhapsody (in G minor),1876,6g1nqamb31M,https://music.youtube.com/watch?v=6g1nqamb31M,Hello Relatives!,Hello Relatives! - Bohemian Rhapsody (in G minor),,MUSIC_VIDEO_TYPE_UGC,260,title_prefixed_with_known_artist,0.92
Blackhelm,Dark Clouds of the Inferno,1877,vur5tnt5QAc,https://music.youtube.com/watch?v=vur5tnt5QAc,Blackhelm,Dark Clouds of the Inferno,Dark Clouds of the Inferno,MUSIC_VIDEO_TYPE_ATV,607,catalog_or_official_row,0.90
DJ Cummerbund,It's Raining Bloody Bodies,1879,Fz-ABmyvyVY,https://music.youtube.com/watch?v=Fz-ABmyvyVY,DJ Cummerbund,DJ Cummerbund - It's Raining Bloody Bodies,,MUSIC_VIDEO_TYPE_UGC,177,title_prefixed_with_known_artist,0.92
William Maranci Mashups,hall of the soulja king,1880,7PuITsSoLN4,https://music.youtube.com/watch?v=7PuITsSoLN4,William Maranci Mashups,hall of the soulja king,,MUSIC_VIDEO_TYPE_OMV,149,catalog_or_official_row,0.78
avbbav,Михаил Елизаров 29.03.14 — Лучший,1881,g-mWTPQj48A,https://music.youtube.com/watch?v=g-mWTPQj48A,avbbav,Михаил Елизаров 29.03.14 — Лучший,,MUSIC_VIDEO_TYPE_OMV,188,catalog_or_official_row,0.78
avbbav,Летела речка,1882,_2IkG2OebIQ,https://music.youtube.com/watch?v=_2IkG2OebIQ,avbbav,Летела речка,,MUSIC_VIDEO_TYPE_OMV,153,catalog_or_official_row,0.78
DJ Cummerbund,King Nobody,1883,BDFmUz0Njio,https://music.youtube.com/watch?v=BDFmUz0Njio,DJ Cummerbund,DJ Cummerbund - King Nobody,,MUSIC_VIDEO_TYPE_UGC,289,title_prefixed_with_known_artist,0.92
DJ Cummerbund,A Thousand Rapes,1884,QgAiN5NYlB4,https://music.youtube.com/watch?v=QgAiN5NYlB4,DJ Cummerbund,DJ Cummerbund - A Thousand Rapes,,MUSIC_VIDEO_TYPE_UGC,310,title_prefixed_with_known_artist,0.92
DJ Cummerbund,Long Train Culting,1885,0e5sPNm71fM,https://music.youtube.com/watch?v=0e5sPNm71fM,DJ Cummerbund,DJ Cummerbund - Long Train Culting,,MUSIC_VIDEO_TYPE_UGC,207,title_prefixed_with_known_artist,0.92
DJ Cummerbund,"Earth, Sand & Fire",1886,d6R8YpIC78Y,https://music.youtube.com/watch?v=d6R8YpIC78Y,DJ Cummerbund,"DJ Cummerbund - Earth, Sand & Fire",,MUSIC_VIDEO_TYPE_UGC,242,title_prefixed_with_known_artist,0.92
DJ Cummerbund,Old Staind Road,1887,xTKlizBS9eA,https://music.youtube.com/watch?v=xTKlizBS9eA,DJ Cummerbund,DJ Cummerbund - Old Staind Road,,MUSIC_VIDEO_TYPE_UGC,278,title_prefixed_with_known_artist,0.92
avbbav,"Ледокол ""Красин",1891,DorEhjyK_eA,https://music.youtube.com/watch?v=DorEhjyK_eA,avbbav,"Ледокол ""Красин""",,MUSIC_VIDEO_TYPE_OMV,212,catalog_or_official_row,0.78
Реквием Моцарта (Requiem de Mozart,Lacrimosa - Karl Böhm - Sinfónica de Viena),1892,MlAuHoRXLes,https://music.youtube.com/watch?v=MlAuHoRXLes,Nijat Namazly,Реквием Моцарта (Requiem de Mozart - Lacrimosa - Karl Böhm - Sinfónica de Viena),,MUSIC_VIDEO_TYPE_UGC,284,artist_title_dash,0.86
Infernum,Royal Noises from Dead Kingdoms: The Music of Double King #06 - Felix Colgrave,1893,v0TWuQVUKLk,https://music.youtube.com/watch?v=v0TWuQVUKLk,Misc. Music Vault,Infernum - Royal Noises from Dead Kingdoms: The Music of Double King #06 - Felix Colgrave,,MUSIC_VIDEO_TYPE_UGC,171,artist_title_dash,0.86
Staind,Epiphany,1895,ej2BBjPqu0Q,https://music.youtube.com/watch?v=ej2BBjPqu0Q,Staind,Epiphany,Break the Cycle,MUSIC_VIDEO_TYPE_ATV,257,catalog_or_official_row,0.90
Journey,Don't Stop Believin' But It's Dig by Mudvayne,1896,QK-boYW3CfA,https://music.youtube.com/watch?v=QK-boYW3CfA,William Maranci Mashups,Journey - Don't Stop Believin' But It's Dig by Mudvayne,,MUSIC_VIDEO_TYPE_UGC,221,artist_title_dash,0.86
Mudvayne,Dig live ozzfest,1899,G7LNWX3pU74,https://music.youtube.com/watch?v=G7LNWX3pU74,peptobizmol,Mudvayne - Dig live ozzfest,,MUSIC_VIDEO_TYPE_UGC,173,artist_title_dash,0.86
Mudvayne,Dig [CHIPMUNK Version],1910,3moq63pisjQ,https://music.youtube.com/watch?v=3moq63pisjQ,Nazrif,Mudvayne - Dig [CHIPMUNK Version],,MUSIC_VIDEO_TYPE_UGC,169,artist_title_dash,0.86
Mudvayne,Cradle,1911,KQggDNA7Jfw,https://music.youtube.com/watch?v=KQggDNA7Jfw,Mudvayne,Cradle,L.D. 50,MUSIC_VIDEO_TYPE_ATV,316,catalog_or_official_row,0.90
Mudvayne,Internal Primates Forever,1912,_hsYarRL1sY,https://music.youtube.com/watch?v=_hsYarRL1sY,Mudvayne,Internal Primates Forever,L.D. 50,MUSIC_VIDEO_TYPE_ATV,266,catalog_or_official_row,0.90
Slipknot,Psychosocial But It's Sexyback by Justin Timberlake,1916,o-vHiR-GCzs,https://music.youtube.com/watch?v=o-vHiR-GCzs,William Maranci Mashups,Slipknot - Psychosocial But It's Sexyback by Justin Timberlake,,MUSIC_VIDEO_TYPE_UGC,247,artist_title_dash,0.86
ВИА ГРА,Поцелуи,1919,kIaMS8i-2L0,https://music.youtube.com/watch?v=kIaMS8i-2L0,ВИА ГРА,Поцелуи,Поцелуи,MUSIC_VIDEO_TYPE_ATV,258,catalog_or_official_row,0.90
Gipsy Kings,No Volvere ( Amor Mio) / Un Amor,1920,Md2r0Fmpps0,https://music.youtube.com/watch?v=Md2r0Fmpps0,Hülya Ünalmış Video Creations,Gipsy Kings - No Volvere ( Amor Mio) / Un Amor,,MUSIC_VIDEO_TYPE_UGC,447,artist_title_dash,0.86
Richard Clayderman,Nostalgy,1921,R41pROiE1hQ,https://music.youtube.com/watch?v=R41pROiE1hQ,Richard Clayderman,Nostalgy,Lettre à ma mère,MUSIC_VIDEO_TYPE_ATV,180,catalog_or_official_row,0.90
Justin Bieber and Rob Zombie,Dragula Baby,1923,cj64226m_LU,https://music.youtube.com/watch?v=cj64226m_LU,William Maranci Mashups,Justin Bieber and Rob Zombie - Dragula Baby,,MUSIC_VIDEO_TYPE_UGC,225,artist_title_dash,0.86
London Symphony Orchestra,Stravinsky The Rite of Spring // London Symphony Orchestra/Sir Simon Rattle,1926,EkwqPJZe8ms,https://music.youtube.com/watch?v=EkwqPJZe8ms,London Symphony Orchestra,Stravinsky The Rite of Spring // London Symphony Orchestra/Sir Simon Rattle,,MUSIC_VIDEO_TYPE_OFFICIAL_SOURCE_MUSIC,2159,catalog_or_official_row,0.78
Пахомушки International,Кирпичи-герои,1928,3EPyLF6Cakc,https://music.youtube.com/watch?v=3EPyLF6Cakc,E777,Пахомушки International - Кирпичи-герои,,MUSIC_VIDEO_TYPE_UGC,163,artist_title_dash,0.86
Хлебные жуки,Зелёная батарейка (Неизданное 2014),1929,NbEy5C3AeU0,https://music.youtube.com/watch?v=NbEy5C3AeU0,E777,Хлебные жуки - Зелёная батарейка (Неизданное 2014),,MUSIC_VIDEO_TYPE_UGC,86,artist_title_dash,0.86
Зелёный слоник,Where Is My Mind,1933,VhrT7gxlxfE,https://music.youtube.com/watch?v=VhrT7gxlxfE,[donozavr],Зелёный слоник - Where Is My Mind,,MUSIC_VIDEO_TYPE_UGC,229,artist_title_dash,0.86
Open Wound,Stranglehold EP,1935,OUttzDsNk_4,https://music.youtube.com/watch?v=OUttzDsNk_4,Hullefu,Open Wound - Stranglehold EP,,MUSIC_VIDEO_TYPE_UGC,688,artist_title_dash,0.86
STRAPPING YOUNG LAD,All Hail The New Flesh (Album Track),1938,FfQe1TZOImQ,https://music.youtube.com/watch?v=FfQe1TZOImQ,Century Media Records,STRAPPING YOUNG LAD - All Hail The New Flesh (Album Track),,MUSIC_VIDEO_TYPE_UGC,334,artist_title_dash,0.86
Rousseau,Minecraft (C418),1940,oMTp-iAHNFk,https://music.youtube.com/watch?v=oMTp-iAHNFk,Rousseau,Minecraft (C418),Minecraft (C418),MUSIC_VIDEO_TYPE_ATV,239,catalog_or_official_row,0.90
Kassia; Ludwig van Beethoven,Beethoven: Moonlight Sonata 3rd Movement,1942,PUmOAm9lG4A,https://music.youtube.com/watch?v=PUmOAm9lG4A,Kassia; Ludwig van Beethoven,Beethoven: Moonlight Sonata 3rd Movement,Beethoven: Moonlight Sonata 3rd Movement,MUSIC_VIDEO_TYPE_ATV,408,catalog_or_official_row,0.90
Claude Debussy; Kassia,Debussy: Clair de Lune,1943,mtQ0A5Gak5A,https://music.youtube.com/watch?v=mtQ0A5Gak5A,Claude Debussy; Kassia,Debussy: Clair de Lune,Debussy: Clair de Lune,MUSIC_VIDEO_TYPE_ATV,301,catalog_or_official_row,0.90
Kassia; Pyotr Ilyich Tchaikovsky,Tchaikovsky: Piano Concerto No. 1,1944,h6sKSgiKD2g,https://music.youtube.com/watch?v=h6sKSgiKD2g,Kassia; Pyotr Ilyich Tchaikovsky,Tchaikovsky: Piano Concerto No. 1,Tchaikovsky: Piano Concerto No. 1,MUSIC_VIDEO_TYPE_ATV,208,catalog_or_official_row,0.90
Kassia; Frédéric Chopin,Chopin: Nocturne Op. 9 No. 1,1945,ph7nsCIqcgI,https://music.youtube.com/watch?v=ph7nsCIqcgI,Kassia; Frédéric Chopin,Chopin: Nocturne Op. 9 No. 1,Chopin: Nocturne Op. 9 No. 1,MUSIC_VIDEO_TYPE_ATV,400,catalog_or_official_row,0.90
Kassia,Beethoven: Sonata No. 21 Waldstein 1st Movement,1946,4z6apjs0DLk,https://music.youtube.com/watch?v=4z6apjs0DLk,Kassia,Beethoven: Sonata No. 21 Waldstein 1st Movement,Beethoven: Sonata No. 21 Waldstein 1st Movement,MUSIC_VIDEO_TYPE_ATV,637,catalog_or_official_row,0.90
Kassia,Glinka/Balakirev: The Lark,1947,klogkmrXAYc,https://music.youtube.com/watch?v=klogkmrXAYc,Kassia,Glinka/Balakirev: The Lark,Glinka/Balakirev: The Lark,MUSIC_VIDEO_TYPE_ATV,325,catalog_or_official_row,0.90
Benighted,Forgive Me Father (feat. Trevor Strnad),1949,7OIZQgXU8Ag,https://music.youtube.com/watch?v=7OIZQgXU8Ag,Benighted,Forgive Me Father (feat. Trevor Strnad),Forgive Me Father,MUSIC_VIDEO_TYPE_ATV,257,catalog_or_official_row,0.90
Tchaikovsky,Waltz of the Flowers (The Nutcracker Suite),1951,1aR92yQUS7s,https://music.youtube.com/watch?v=1aR92yQUS7s,Rousseau,Tchaikovsky - Waltz of the Flowers (The Nutcracker Suite),,MUSIC_VIDEO_TYPE_UGC,483,artist_title_dash,0.86
Rousseau,Moonlight Sonata - 3rd Movement (Beethoven),1952,u30LsgDAcKs,https://music.youtube.com/watch?v=u30LsgDAcKs,Rousseau,Moonlight Sonata - 3rd Movement (Beethoven),Moonlight Sonata - 3rd Movement (Beethoven),MUSIC_VIDEO_TYPE_ATV,455,catalog_or_official_row,0.90
XAVLEGBMAOFFFASSSSITIMIWOAMNDUTROABCWAPWAEIIPPOHFFFX,GORE [OFFICIAL EP STREAM] (2016) SW EXCLUSIVE,1955,6ho9T2RmMJ8,https://music.youtube.com/watch?v=6ho9T2RmMJ8,SLAM WORLDWIDE,XAVLEGBMAOFFFASSSSITIMIWOAMNDUTROABCWAPWAEIIPPOHFFFX - GORE [OFFICIAL EP STREAM] (2016) SW EXCLUSIVE,,MUSIC_VIDEO_TYPE_UGC,735,artist_title_dash,0.86
Thy Art Is Murder,Slaves Beyond Death,1957,sJES-d1Qriw,https://music.youtube.com/watch?v=sJES-d1Qriw,Thy Art Is Murder,Slaves Beyond Death,Dear Desolation,MUSIC_VIDEO_TYPE_ATV,225,catalog_or_official_row,0.90
Whitechapel,The Saw Is the Law,1959,rQqgjVAklHQ,https://music.youtube.com/watch?v=rQqgjVAklHQ,Whitechapel,The Saw Is the Law,Our Endless War,MUSIC_VIDEO_TYPE_ATV,268,catalog_or_official_row,0.90
Lorna Shore,King Ov Deception,1960,-ls-UC6OQBM,https://music.youtube.com/watch?v=-ls-UC6OQBM,Lorna Shore,King Ov Deception,Immortal,MUSIC_VIDEO_TYPE_ATV,234,catalog_or_official_row,0.90
Dawn of Demise,Juggernaut,1961,Ab9fN1XEFDE,https://music.youtube.com/watch?v=Ab9fN1XEFDE,Dawn of Demise,Juggernaut,Dawn of Demise,MUSIC_VIDEO_TYPE_ATV,187,catalog_or_official_row,0.90
Powfu; beabadoobee,death bed (coffee for your head),1972,JApegyYlvyY,https://music.youtube.com/watch?v=JApegyYlvyY,Powfu; beabadoobee,death bed (coffee for your head),poems of the past,MUSIC_VIDEO_TYPE_ATV,174,catalog_or_official_row,0.90
Notre Dame de Paris,Belle Subtitled English,1973,Lefbtf5jjbg,https://music.youtube.com/watch?v=Lefbtf5jjbg,Frollo1906,Notre Dame de Paris - Belle Subtitled English HD,,MUSIC_VIDEO_TYPE_UGC,300,artist_title_dash,0.86
Frank Sinatra,Strangers In The Night (2008 Remastered),1974,Fd_3EkGr0-4,https://music.youtube.com/watch?v=Fd_3EkGr0-4,Frank Sinatra,Strangers In The Night (2008 Remastered),Nothing But The Best (2008 Remastered),MUSIC_VIDEO_TYPE_ATV,165,catalog_or_official_row,0.90
Infant Annihilator,Feast Ov Goreglutton,1975,M7S_5qUHd28,https://music.youtube.com/watch?v=M7S_5qUHd28,Infant Annihilator,Feast Ov Goreglutton,The Battle of Yaldabaoth,MUSIC_VIDEO_TYPE_ATV,143,catalog_or_official_row,0.90
Infant Annihilator,The Kingdom Sitteth Lonely Beneath Thine Hollowed Heavens (feat. Trevor Strnad),1976,gfL2mV94F-0,https://music.youtube.com/watch?v=gfL2mV94F-0,Infant Annihilator,The Kingdom Sitteth Lonely Beneath Thine Hollowed Heavens (feat. Trevor Strnad),The Battle of Yaldabaoth,MUSIC_VIDEO_TYPE_ATV,427,catalog_or_official_row,0.90
Hayaino Daisuki,Blood,1977,opzf1ZGeda8,https://music.youtube.com/watch?v=opzf1ZGeda8,The Grind Show,Hayaino Daisuki - Blood,,MUSIC_VIDEO_TYPE_UGC,141,artist_title_dash,0.86
Michael Bolton; Seal,When a Man Loves a Woman / It's a Man's Man's Man's World,1979,Ht3JrykyW74,https://music.youtube.com/watch?v=Ht3JrykyW74,Michael Bolton; Seal,When a Man Loves a Woman / It's a Man's Man's Man's World,GEMS: The Duets Collection,MUSIC_VIDEO_TYPE_ATV,336,catalog_or_official_row,0.90
Luciano Pavarotti; James Brown,It's A Man's World (Live),1980,qhtsnFhtIxg,https://music.youtube.com/watch?v=qhtsnFhtIxg,Luciano Pavarotti; James Brown,It's A Man's World (Live),Pavarotti - The Greatest Hits,MUSIC_VIDEO_TYPE_ATV,257,catalog_or_official_row,0.90
Acrania,Servants of Hypocrisy,1981,uygFRMVQroI,https://music.youtube.com/watch?v=uygFRMVQroI,Acrania,Servants of Hypocrisy,Totalitarian Dystopia,MUSIC_VIDEO_TYPE_ATV,223,catalog_or_official_row,0.90
Silencer,Death - Pierce Me,1982,V3HibSBlqbw,https://music.youtube.com/watch?v=V3HibSBlqbw,Silencer,Death - Pierce Me,"Death, Pierce Me",MUSIC_VIDEO_TYPE_ATV,631,catalog_or_official_row,0.90
Mudvayne,(Per)Version of a Truth,1983,4Wp71PHqcPo,https://music.youtube.com/watch?v=4Wp71PHqcPo,Mudvayne,(Per)Version of a Truth,The End Of All Things To Come,MUSIC_VIDEO_TYPE_ATV,280,catalog_or_official_row,0.90
Mudvayne,Trapped In the Wake of a Dream,1984,fB8nGDkYdR4,https://music.youtube.com/watch?v=fB8nGDkYdR4,Mudvayne,Trapped In the Wake of a Dream,The End Of All Things To Come,MUSIC_VIDEO_TYPE_ATV,282,catalog_or_official_row,0.90
Tame Impala,The Less I Know the Better But It's Crawling by Linkin Park,1989,m02CCAkR-Mk,https://music.youtube.com/watch?v=m02CCAkR-Mk,William Maranci Mashups,Tame Impala - The Less I Know the Better But It's Crawling by Linkin Park,,MUSIC_VIDEO_TYPE_UGC,227,artist_title_dash,0.86
Linkin Park,Numb But It's Party Rock Anthem By LMFAO,1990,JnyMegOMDdM,https://music.youtube.com/watch?v=JnyMegOMDdM,William Maranci Mashups,Linkin Park - Numb But It's Party Rock Anthem By LMFAO,,MUSIC_VIDEO_TYPE_UGC,185,artist_title_dash,0.86
Настасья Самбурская,фраер (Михаил Круг),1991,7oZuk_n-QmY,https://music.youtube.com/watch?v=7oZuk_n-QmY,Л Р,Настасья Самбурская - фраер (Михаил Круг),,MUSIC_VIDEO_TYPE_UGC,120,artist_title_dash,0.86
Napalm Death,Short-Lived,1992,5iMowRINf-E,https://music.youtube.com/watch?v=5iMowRINf-E,Napalm Death,Short-Lived,Smear Campaign,MUSIC_VIDEO_TYPE_ATV,187,catalog_or_official_row,0.90
Serj Tankian,Sky Is Over (Live) (feat. Auckland Philharmonia Orchestra & John Psathas),1995,WDaqeJqgD7M,https://music.youtube.com/watch?v=WDaqeJqgD7M,Serj Tankian,Sky Is Over (Live) (feat. Auckland Philharmonia Orchestra & John Psathas),Elect the Dead Symphony (Live),MUSIC_VIDEO_TYPE_ATV,189,catalog_or_official_row,0.90
System of a Down,Toxicity But It's Bad Day By Daniel Powter,1997,dBfAN20t-m0,https://music.youtube.com/watch?v=dBfAN20t-m0,William Maranci Mashups,System of a Down - Toxicity But It's Bad Day By Daniel Powter,,MUSIC_VIDEO_TYPE_UGC,234,artist_title_dash,0.86
Oleg Skoblja,Golgofa,2000,fWjjZ1WgKfs,https://music.youtube.com/watch?v=fWjjZ1WgKfs,Oleg Skoblja,Golgofa,Krylatyy lev,MUSIC_VIDEO_TYPE_ATV,319,catalog_or_official_row,0.90
D̲e̲a̲t̲h̲,S̲y̲m̲b̲o̲l̲i̲c̲ (1995),2002,ld4Hd_zyJa4,https://music.youtube.com/watch?v=ld4Hd_zyJa4,Sound Of Storm,D̲e̲a̲t̲h̲ - S̲y̲m̲b̲o̲l̲i̲c̲ (1995),,MUSIC_VIDEO_TYPE_UGC,3041,artist_title_dash,0.86
OblivionFall | AD,Welcome To The Cum Zone,2003,j0lN0w5HVT8,https://music.youtube.com/watch?v=j0lN0w5HVT8,OblivionFall | AD,Welcome To The Cum Zone | Official Music Video,,MUSIC_VIDEO_TYPE_UGC,158,ambiguous_ugc_uploader,1.00
Alexandr Misko,Careless Whisper,2004,SocOo_N40PA,https://music.youtube.com/watch?v=SocOo_N40PA,Alexandr Misko,Careless Whisper,Beyond the Box,MUSIC_VIDEO_TYPE_ATV,250,catalog_or_official_row,0.90
Rousseau,Dance of the Sugar Plum Fairy - The Nutcracker Suite (Tchaikovsky),2005,0aYAVB0g2BE,https://music.youtube.com/watch?v=0aYAVB0g2BE,Rousseau,Dance of the Sugar Plum Fairy - The Nutcracker Suite (Tchaikovsky),Dance of the Sugar Plum Fairy - The Nutcracker Suite (Tchaikovsky),MUSIC_VIDEO_TYPE_ATV,148,catalog_or_official_row,0.90
Rousseau,Marche Funèbre - Funeral March (Chopin),2006,Ds2X0QPtxm4,https://music.youtube.com/watch?v=Ds2X0QPtxm4,Rousseau,Marche Funèbre - Funeral March (Chopin),Marche Funèbre - Funeral March (Chopin),MUSIC_VIDEO_TYPE_ATV,552,catalog_or_official_row,0.90
Михаил Шуфутинский,Третье сентября (3-е сентября),2007,PQ02jz-UgeA,https://music.youtube.com/watch?v=PQ02jz-UgeA,Alexey Dubodelov,Михаил Шуфутинский - Третье сентября (3-е сентября),,MUSIC_VIDEO_TYPE_UGC,371,artist_title_dash,0.86
Grégoire Blanc,Debussy - « Clair de Lune » on the theremin,2008,PjnaciNT-wQ,https://music.youtube.com/watch?v=PjnaciNT-wQ,Grégoire Blanc,Debussy - « Clair de Lune » on the theremin,,MUSIC_VIDEO_TYPE_OMV,221,catalog_or_official_row,0.78
Devin Townsend; Devin Townsend Project,Deadhead (Live),2009,MvBSI2JE6tA,https://music.youtube.com/watch?v=MvBSI2JE6tA,Devin Townsend; Devin Townsend Project,Deadhead (Live),,MUSIC_VIDEO_TYPE_OMV,491,catalog_or_official_row,0.78
Devin Townsend Project,Stormbending,2010,FjDm4U2RmDQ,https://music.youtube.com/watch?v=FjDm4U2RmDQ,Devin Townsend Project,Stormbending,Transcendence (Deluxe Edition),MUSIC_VIDEO_TYPE_ATV,323,catalog_or_official_row,0.90
Estas Tonne,Internal Flight,2011,uI2mUctUIuQ,https://music.youtube.com/watch?v=uI2mUctUIuQ,Estas Tonne,Internal Flight,Internal Flight,MUSIC_VIDEO_TYPE_ATV,3877,catalog_or_official_row,0.90
Soften the Glare,Turn Around,2012,52-tLxhYpHs,https://music.youtube.com/watch?v=52-tLxhYpHs,Soften the Glare,Turn Around,Making Faces,MUSIC_VIDEO_TYPE_ATV,320,catalog_or_official_row,0.90
Eminem,"Lose Yourself But It's 4'33"" by John Cage",2015,LbsUzqBGLLE,https://music.youtube.com/watch?v=LbsUzqBGLLE,William Maranci Mashups,"Eminem - Lose Yourself But It's 4'33"" by John Cage",,MUSIC_VIDEO_TYPE_UGC,274,artist_title_dash,0.86
Hans Zimmer,Jack Sparrow,2016,JZeNYaTmVP4,https://music.youtube.com/watch?v=JZeNYaTmVP4,Hans Zimmer,Jack Sparrow,Pirates of the Caribbean:  Dead Man's Chest (Original Motion Picture Soundtrack),MUSIC_VIDEO_TYPE_ATV,366,catalog_or_official_row,0.90
Rousseau,Nocturne in E Flat Major - Op. 9 No. 2 (Chopin),2017,jp7euLdd3is,https://music.youtube.com/watch?v=jp7euLdd3is,Rousseau,Nocturne in E Flat Major - Op. 9 No. 2 (Chopin),Nocturne in E Flat Major - Op. 9 No. 2 (Chopin),MUSIC_VIDEO_TYPE_ATV,297,catalog_or_official_row,0.90
Itzhak Perlman,"24 Caprices, Op. 1: No. 24 in A Minor",2018,YxPTb0I3SrU,https://music.youtube.com/watch?v=YxPTb0I3SrU,Itzhak Perlman,"24 Caprices, Op. 1: No. 24 in A Minor",Paganini: 24 Caprices,MUSIC_VIDEO_TYPE_ATV,269,catalog_or_official_row,0.90
Alexander Markov,"24 Caprices, Op. 1: No. 24 in A Minor",2020,_AITvKVqeLE,https://music.youtube.com/watch?v=_AITvKVqeLE,Alexander Markov,"24 Caprices, Op. 1: No. 24 in A Minor","Paganini : Violin Concertos 1, 2 & 24 Caprices (- APEX)",MUSIC_VIDEO_TYPE_ATV,305,catalog_or_official_row,0.90
Михаил Елизаров,ХУЁВОЕ МЕСТО,2024,XH6NGA3Ig6o,https://music.youtube.com/watch?v=XH6NGA3Ig6o,Михаил Елизаров,Михаил Елизаров — ХУЁВОЕ МЕСТО,,MUSIC_VIDEO_TYPE_UGC,117,title_prefixed_with_known_artist,0.92
Михаил Елизаров,ЮРКА,2025,1aewOPHU4D8,https://music.youtube.com/watch?v=1aewOPHU4D8,Михаил Елизаров,Михаил Елизаров — ЮРКА,,MUSIC_VIDEO_TYPE_UGC,66,title_prefixed_with_known_artist,0.92
Михаил Елизаров,БЕРРИМОР,2026,OnZFyphLodk,https://music.youtube.com/watch?v=OnZFyphLodk,Михаил Елизаров,Михаил Елизаров — БЕРРИМОР,,MUSIC_VIDEO_TYPE_UGC,112,title_prefixed_with_known_artist,0.92
Devin Townsend Project,Failure,2029,8nHBXtvAJVQ,https://music.youtube.com/watch?v=8nHBXtvAJVQ,Devin Townsend Project,Failure,Transcendence (Deluxe Edition),MUSIC_VIDEO_TYPE_ATV,363,catalog_or_official_row,0.90
John Kalligan,20000 Лет (MuzClass LIVE),2032,wp8VG_5rvkU,https://music.youtube.com/watch?v=wp8VG_5rvkU,John Kalligan,John Kalligan – 20000 Лет (MuzClass LIVE),,MUSIC_VIDEO_TYPE_UGC,243,title_prefixed_with_known_artist,0.92
Михаил Елизаров,ДОБРЫЙ МАНЬЯК ТИХОН,2034,FHjyotbglSY,https://music.youtube.com/watch?v=FHjyotbglSY,Михаил Елизаров,Михаил Елизаров — ДОБРЫЙ  МАНЬЯК ТИХОН,,MUSIC_VIDEO_TYPE_UGC,182,title_prefixed_with_known_artist,0.92
Валерий Меладзе,Сэра,2035,VNtmO1fy03M,https://music.youtube.com/watch?v=VNtmO1fy03M,Валерий Меладзе,Сэра,Сэра,MUSIC_VIDEO_TYPE_ATV,233,catalog_or_official_row,0.90
Vacuum,"I Breathe"" (1997 год)",2036,gdcv7Shi9rM,https://music.youtube.com/watch?v=gdcv7Shi9rM,Alexander Bard,"Vacuum - ""I Breathe"" (1997 год)",,MUSIC_VIDEO_TYPE_UGC,237,artist_title_dash,0.86
PSY,GENTLEMAN,2038,Y7n5JX0zxSw,https://music.youtube.com/watch?v=Y7n5JX0zxSw,PSY,GENTLEMAN,GENTLEMAN,MUSIC_VIDEO_TYPE_ATV,234,catalog_or_official_row,0.90
Ислам Итляшев,Салам алейкум братьям,2039,uO3R2IBRcIc,https://music.youtube.com/watch?v=uO3R2IBRcIc,Ислам Итляшев,Салам алейкум братьям,Салам алейкум братьям,MUSIC_VIDEO_TYPE_ATV,178,catalog_or_official_row,0.90
Ляпис Трубецкой,Капитал,2040,RbrkbUv66xk,https://music.youtube.com/watch?v=RbrkbUv66xk,Ляпис Трубецкой,Капитал,Капитал,MUSIC_VIDEO_TYPE_ATV,196,catalog_or_official_row,0.90
ВИА ГРА,Попытка No 5,2041,g_5djgZTsro,https://music.youtube.com/watch?v=g_5djgZTsro,ВИА ГРА,Попытка № 5,Попытка №5,MUSIC_VIDEO_TYPE_ATV,204,catalog_or_official_row,0.90
Brushy One String,Brushy One String | Grey In My Blue,2043,0JTZ4kbe8Wg,https://music.youtube.com/watch?v=0JTZ4kbe8Wg,Brushy One String,Brushy One String | Grey In My Blue,,MUSIC_VIDEO_TYPE_OMV,255,catalog_or_official_row,0.78
Brushy One String,Home Away from Home,2045,UHFLmNZKL_s,https://music.youtube.com/watch?v=UHFLmNZKL_s,Brushy One String,Home Away from Home,"All You Need Is One, Vol. 1",MUSIC_VIDEO_TYPE_ATV,248,catalog_or_official_row,0.90
Brushy One String,Brushy One String | Just Want To Be Me,2047,MfAqRlP8kkk,https://music.youtube.com/watch?v=MfAqRlP8kkk,Brushy One String,Brushy One String | Just Want To Be Me,,MUSIC_VIDEO_TYPE_OMV,274,catalog_or_official_row,0.78
Brushy One String,Chicken In The Corn,2048,EqZ1fi-M6RM,https://music.youtube.com/watch?v=EqZ1fi-M6RM,Brushy One String,Chicken In The Corn,The King of One String (Acoustic),MUSIC_VIDEO_TYPE_ATV,172,catalog_or_official_row,0.90
Korn,Here to Stay,2058,BaFJpIFKjmE,https://music.youtube.com/watch?v=BaFJpIFKjmE,Korn,Here to Stay,Untouchables,MUSIC_VIDEO_TYPE_ATV,271,catalog_or_official_row,0.90
Korn,Did My Time,2059,VkNt-7xdquQ,https://music.youtube.com/watch?v=VkNt-7xdquQ,Korn,Did My Time,Take A Look In The Mirror,MUSIC_VIDEO_TYPE_ATV,245,catalog_or_official_row,0.90
Static-X,I'm With Stupid,2062,FEnvCrvAPt0,https://music.youtube.com/watch?v=FEnvCrvAPt0,Static-X,I'm With Stupid,Wisconsin Death Trip,MUSIC_VIDEO_TYPE_ATV,205,catalog_or_official_row,0.90
Static-X,Brainfog,2063,LmuiYJ1pFks,https://music.youtube.com/watch?v=LmuiYJ1pFks,Static-X,Brainfog,Start a War,MUSIC_VIDEO_TYPE_ATV,141,catalog_or_official_row,0.90
Static-X,Love Dump,2064,izWx8XB2CRg,https://music.youtube.com/watch?v=izWx8XB2CRg,Static-X,Love Dump,Wisconsin Death Trip,MUSIC_VIDEO_TYPE_ATV,260,catalog_or_official_row,0.90
Static-X,Cold,2066,ylAF0WNvLx0,https://music.youtube.com/watch?v=ylAF0WNvLx0,Static-X,Cold,Machine,MUSIC_VIDEO_TYPE_ATV,223,catalog_or_official_row,0.90
Static-X,Bled for Days,2068,xdeK2Ixr1h8,https://music.youtube.com/watch?v=xdeK2Ixr1h8,Static-X,Bled for Days,Cyberpunk,MUSIC_VIDEO_TYPE_ATV,226,catalog_or_official_row,0.90
Static-X,S.O.M.,2070,t5OSfEo7LKQ,https://music.youtube.com/watch?v=t5OSfEo7LKQ,Static-X,S.O.M.,Beneath...Between...Beyond...,MUSIC_VIDEO_TYPE_ATV,203,catalog_or_official_row,0.90
Static-X,Anything but This,2071,UK4V3Js4weo,https://music.youtube.com/watch?v=UK4V3Js4weo,Static-X,Anything but This,Beneath...Between...Beyond...,MUSIC_VIDEO_TYPE_ATV,244,catalog_or_official_row,0.90
Static-X,So Real,2075,STWs7d8sli8,https://music.youtube.com/watch?v=STWs7d8sli8,Static-X,So Real,Beneath...Between...Beyond...,MUSIC_VIDEO_TYPE_ATV,342,catalog_or_official_row,0.90
Static-X,The Trance Is the Motion,2076,Clrck8pj7Ig,https://music.youtube.com/watch?v=Clrck8pj7Ig,Static-X,The Trance Is the Motion,Wisconsin Death Trip,MUSIC_VIDEO_TYPE_ATV,291,catalog_or_official_row,0.90
Static-X,Push It (Vocals Only + Backing Vocals),2078,v6trccLcDIA,https://music.youtube.com/watch?v=v6trccLcDIA,Eduardo Culpi,Static-X - Push It (Vocals Only + Backing Vocals),,MUSIC_VIDEO_TYPE_UGC,160,artist_title_dash,0.86
DJ Cummerbund,Play That Funky Music Rammstein,2079,tcUB-3lud60,https://music.youtube.com/watch?v=tcUB-3lud60,DJ Cummerbund,DJ Cummerbund - Play That Funky Music Rammstein,,MUSIC_VIDEO_TYPE_UGC,217,title_prefixed_with_known_artist,0.92
DJ Cummerbund,Mundian To Bach Nu,2080,KmXCdPSDsmg,https://music.youtube.com/watch?v=KmXCdPSDsmg,DJ Cummerbund,DJ Cummerbund - Mundian To Bach Nu,,MUSIC_VIDEO_TYPE_UGC,335,title_prefixed_with_known_artist,0.92
Godsmack,Sick Of Life,2085,-Ljv-XVwqTA,https://music.youtube.com/watch?v=-Ljv-XVwqTA,Godsmack,Sick Of Life,Awake,MUSIC_VIDEO_TYPE_ATV,233,catalog_or_official_row,0.90
System Of A Down,Dreaming,2086,wVO7zmHfedw,https://music.youtube.com/watch?v=wVO7zmHfedw,System Of A Down,Dreaming,Hypnotize,MUSIC_VIDEO_TYPE_ATV,240,catalog_or_official_row,0.90
Static-X,The Only,2088,h2cd5JyPR5o,https://music.youtube.com/watch?v=h2cd5JyPR5o,Static-X,The Only,Shadow Zone,MUSIC_VIDEO_TYPE_ATV,172,catalog_or_official_row,0.90
Queen,Bohemian Rhapsody Performed in 42 Styles,2090,8ydY8-Uzah8,https://music.youtube.com/watch?v=8ydY8-Uzah8,Anthony Vincent,Queen - Bohemian Rhapsody Performed in 42 Styles,,MUSIC_VIDEO_TYPE_UGC,501,artist_title_dash,0.86
William Maranci Mashups,"System of a Down - B.Y.O.B. But it's Take Me Home, Country Roads",2091,zdohpTAFQqE,https://music.youtube.com/watch?v=zdohpTAFQqE,William Maranci Mashups,"System of a Down - B.Y.O.B. But it's Take Me Home, Country Roads",,MUSIC_VIDEO_TYPE_OMV,129,catalog_or_official_row,0.78
M'siou Rigolitch,Major Scaled # 01 : 'Nothing Else Majeur' (Metallica's Famous Ballad with Major Scale),2092,h7FzLX0Ql8M,https://music.youtube.com/watch?v=h7FzLX0Ql8M,M'siou Rigolitch,Major Scaled # 01 : 'Nothing Else Majeur' (Metallica's Famous Ballad with Major Scale),,MUSIC_VIDEO_TYPE_OMV,381,catalog_or_official_row,0.78
Red Hot Chili Peppers,Snow (Hey Oh),2093,s6GIT4RhFv0,https://music.youtube.com/watch?v=s6GIT4RhFv0,Red Hot Chili Peppers,Snow (Hey Oh),Stadium Arcadium,MUSIC_VIDEO_TYPE_ATV,335,catalog_or_official_row,0.90
HOMIE,Безумно можно быть первым,2096,8IlRPs975Ew,https://music.youtube.com/watch?v=8IlRPs975Ew,HOMIE,Безумно можно быть первым,Безумно можно быть первым,MUSIC_VIDEO_TYPE_ATV,233,catalog_or_official_row,0.90
Devin Townsend,Stormbending ! Live Plovdiv (Blu-Ray),2102,xd8eCAh0oNw,https://music.youtube.com/watch?v=xd8eCAh0oNw,Devin Townsend,Devin Townsend Project - Stormbending ! Live Plovdiv (Blu-Ray),,MUSIC_VIDEO_TYPE_OMV,285,title_prefixed_with_known_artist,0.92
Devin Townsend Project,Bastard (Live),2104,ysRy9_yrcZw,https://music.youtube.com/watch?v=ysRy9_yrcZw,Devin Townsend Project,Bastard (Live),Devin Townsend Presents: Ziltoid Live at the Royal Albert Hall,MUSIC_VIDEO_TYPE_ATV,646,catalog_or_official_row,0.90
Devin Townsend Project,Higher,2105,oVaseuH2aUA,https://music.youtube.com/watch?v=oVaseuH2aUA,Devin Townsend Project,Higher,Transcendence (Deluxe Edition),MUSIC_VIDEO_TYPE_ATV,581,catalog_or_official_row,0.90
Radio Tapok,Атака мертвецов,2106,f1nMhSP6VAE,https://music.youtube.com/watch?v=f1nMhSP6VAE,Radio Tapok,Атака мертвецов,Атака мертвецов,MUSIC_VIDEO_TYPE_ATV,237,catalog_or_official_row,0.90
RADIO TAPOK,Square Hammer,2108,oiIDauWWH94,https://music.youtube.com/watch?v=oiIDauWWH94,RADIO TAPOK,Square Hammer,Square Hammer,MUSIC_VIDEO_TYPE_ATV,238,catalog_or_official_row,0.90
Slaughter To Prevail,Demolisher,2111,VBK2oMr4Z3c,https://music.youtube.com/watch?v=VBK2oMr4Z3c,Slaughter To Prevail,Demolisher,Kostolom,MUSIC_VIDEO_TYPE_ATV,216,catalog_or_official_row,0.90
Slaughter To Prevail,Agony,2112,8RJWnali8yg,https://music.youtube.com/watch?v=8RJWnali8yg,Slaughter To Prevail,Agony,Kostolom,MUSIC_VIDEO_TYPE_ATV,237,catalog_or_official_row,0.90
The Temptations,My Girl,2115,SSF1026hHd0,https://music.youtube.com/watch?v=SSF1026hHd0,The Temptations,My Girl,50th Anniversary: The Singles Collection 1961-1971,MUSIC_VIDEO_TYPE_ATV,177,catalog_or_official_row,0.90
Andrea Bocelli; Marta Sánchez,Vivo por ella (Spanish Version),2118,2gTfde2npkM,https://music.youtube.com/watch?v=2gTfde2npkM,Andrea Bocelli; Marta Sánchez,Vivo por ella (Spanish Version),Romanza (Edición Especial En Español),MUSIC_VIDEO_TYPE_ATV,265,catalog_or_official_row,0.90
Signs of the Swarm,Cesspool of Ignorance,2119,DHSmbbGCBfg,https://music.youtube.com/watch?v=DHSmbbGCBfg,Signs of the Swarm,Cesspool of Ignorance,The Disfigurement of Existence,MUSIC_VIDEO_TYPE_ATV,282,catalog_or_official_row,0.90
Gutalax,Strejda Donald,2120,-Dcbe45yG_c,https://music.youtube.com/watch?v=-Dcbe45yG_c,Gutalax,Strejda Donald,The Best (S)hits,MUSIC_VIDEO_TYPE_ATV,86,catalog_or_official_row,0.90
ERNESTO CORTAZAR music videos,Beethoven's Silence,2121,SwwhPSiKSD8,https://music.youtube.com/watch?v=SwwhPSiKSD8,ERNESTO CORTAZAR music videos,ERNESTO CORTAZAR - Beethoven's Silence,,MUSIC_VIDEO_TYPE_UGC,256,title_prefixed_with_known_artist,0.92
Mordechai Ben David,Nekom,2123,c725mr89fFk,https://music.youtube.com/watch?v=c725mr89fFk,Mordechai Ben David,Nekom,Nekom,MUSIC_VIDEO_TYPE_ATV,375,catalog_or_official_row,0.90
Пионерлагерь Пыльная Радуга,Пшлнхй,2124,PB91hGOrZVY,https://music.youtube.com/watch?v=PB91hGOrZVY,Пионерлагерь Пыльная Радуга,Пшлнхй,Пшлнхй,MUSIC_VIDEO_TYPE_ATV,232,catalog_or_official_row,0.90
Slayer,Hell Awaits,2125,R5tdujFUXYg,https://music.youtube.com/watch?v=R5tdujFUXYg,Slayer,Hell Awaits,Hell Awaits,MUSIC_VIDEO_TYPE_ATV,377,catalog_or_official_row,0.90
Cannibal Corpse,A Cauldron Of Hate,2126,UYDkzsF5jVY,https://music.youtube.com/watch?v=UYDkzsF5jVY,Cannibal Corpse,A Cauldron Of Hate,Evisceration Plague,MUSIC_VIDEO_TYPE_ATV,300,catalog_or_official_row,0.90
Royal Blood,Out of the Black,2127,Ob5qbhPBUEQ,https://music.youtube.com/watch?v=Ob5qbhPBUEQ,Royal Blood,Out of the Black,Royal Blood,MUSIC_VIDEO_TYPE_ATV,241,catalog_or_official_row,0.90
Пророк Сан Бой,Остров (rock версия),2129,nl8JxdX3A-g,https://music.youtube.com/watch?v=nl8JxdX3A-g,300Buks prod.,Пророк Сан Бой - Остров (rock версия),,MUSIC_VIDEO_TYPE_UGC,237,artist_title_dash,0.86
Босиком по солнцу,А по тёмным улицам гуляет дождь (Одинокий вечер 2001),2131,-xxWaHZShZQ,https://music.youtube.com/watch?v=-xxWaHZShZQ,Босиком по солнцу,А по тёмным улицам гуляет дождь (Одинокий вечер 2001),А по тёмным улицам гуляет дождь (Одинокий вечер 2001),MUSIC_VIDEO_TYPE_ATV,223,catalog_or_official_row,0.90
neil young,love to burn,2132,TjhstCOoauc,https://music.youtube.com/watch?v=TjhstCOoauc,ntnvigo309,neil young - love to burn,,MUSIC_VIDEO_TYPE_UGC,1307,artist_title_dash,0.86
Oleg Skoblja,Rekviem,2134,zNpxYQUd-E8,https://music.youtube.com/watch?v=zNpxYQUd-E8,Oleg Skoblja,Rekviem,Krylatyy lev,MUSIC_VIDEO_TYPE_ATV,339,catalog_or_official_row,0.90
Soen,Lucidity,2135,M9uf3W2764A,https://music.youtube.com/watch?v=M9uf3W2764A,Soen,Lucidity,Lykaia,MUSIC_VIDEO_TYPE_ATV,395,catalog_or_official_row,0.90
Leprous,Below,2136,zJrG0B3Pdm8,https://music.youtube.com/watch?v=zJrG0B3Pdm8,Leprous,Below,Pitfalls,MUSIC_VIDEO_TYPE_ATV,353,catalog_or_official_row,0.90
Porcupine Tree,Russia On Ice,2137,wwTbL1ZD_yk,https://music.youtube.com/watch?v=wwTbL1ZD_yk,Porcupine Tree,Russia On Ice,Lightbulb Sun,MUSIC_VIDEO_TYPE_ATV,786,catalog_or_official_row,0.90
Porcupine Tree,Anesthetize (Live),2138,nqCRnZr_03I,https://music.youtube.com/watch?v=nqCRnZr_03I,Porcupine Tree,Anesthetize (Live),Anesthetize,MUSIC_VIDEO_TYPE_ATV,1041,catalog_or_official_row,0.90
Devin Townsend Project,The Death of Music (Live),2142,u2sDQ_6DrtM,https://music.youtube.com/watch?v=u2sDQ_6DrtM,Devin Townsend Project,The Death of Music (Live),Devin Townsend Presents: Ziltoid Live at the Royal Albert Hall,MUSIC_VIDEO_TYPE_ATV,624,catalog_or_official_row,0.90
Devin Townsend,Spirits Will Collide,2143,kNPhi1gfMgw,https://music.youtube.com/watch?v=kNPhi1gfMgw,Devin Townsend,Spirits Will Collide,Empath,MUSIC_VIDEO_TYPE_ATV,280,catalog_or_official_row,0.90
Joy,Touch By Touch (Touch Maxi Version),2144,PkiC3j--1tY,https://music.youtube.com/watch?v=PkiC3j--1tY,Joy,Touch By Touch (Touch Maxi Version),Hits & More (Remixes & Classics),MUSIC_VIDEO_TYPE_ATV,332,catalog_or_official_row,0.90
Modern Talking,Brother Louie,2145,b5EZp76Oxhw,https://music.youtube.com/watch?v=b5EZp76Oxhw,Modern Talking,Brother Louie,Ready For Romance,MUSIC_VIDEO_TYPE_ATV,223,catalog_or_official_row,0.90
Modern Talking,Atlantis Is Calling (S.O.S. for Love),2146,iw9jkZyNrvY,https://music.youtube.com/watch?v=iw9jkZyNrvY,Modern Talking,Atlantis Is Calling (S.O.S. for Love),Ready For Romance,MUSIC_VIDEO_TYPE_ATV,230,catalog_or_official_row,0.90
The Police,Every Breath You Take,2147,-SaUrDhp034,https://music.youtube.com/watch?v=-SaUrDhp034,The Police,Every Breath You Take,Synchronicity (Remastered 2003),MUSIC_VIDEO_TYPE_ATV,254,catalog_or_official_row,0.90
Men At Work,Down Under,2148,hfmxO-HQ5rU,https://music.youtube.com/watch?v=hfmxO-HQ5rU,Men At Work,Down Under,Business As Usual,MUSIC_VIDEO_TYPE_ATV,223,catalog_or_official_row,0.90
Ace of Base,All That She Wants,2149,FpkawF5GWMI,https://music.youtube.com/watch?v=FpkawF5GWMI,Ace of Base,All That She Wants,Happy Nation,MUSIC_VIDEO_TYPE_ATV,212,catalog_or_official_row,0.90
Modern Talking,Jet Airliner,2150,kXQBY8T8pIQ,https://music.youtube.com/watch?v=kXQBY8T8pIQ,Modern Talking,Jet Airliner,Romantic Warriors,MUSIC_VIDEO_TYPE_ATV,263,catalog_or_official_row,0.90
Bad Boys Blue,I Wanna Hear Your Heartbeat (Sunday Girl),2151,MSaacmyYQhU,https://music.youtube.com/watch?v=MSaacmyYQhU,Bad Boys Blue,I Wanna Hear Your Heartbeat (Sunday Girl),Heartbeat,MUSIC_VIDEO_TYPE_ATV,244,catalog_or_official_row,0.90
Bad Boys Blue,You're a Woman,2152,m08O1uD-Ra4,https://music.youtube.com/watch?v=m08O1uD-Ra4,Bad Boys Blue,You're a Woman,"Hot Girls, Bad Boys",MUSIC_VIDEO_TYPE_ATV,322,catalog_or_official_row,0.90
Devin Townsend Project,Kingdom,2158,9pq3w12McyM,https://music.youtube.com/watch?v=9pq3w12McyM,Devin Townsend Project,Kingdom,Epicloud,MUSIC_VIDEO_TYPE_ATV,330,catalog_or_official_row,0.90
Six Feet Under,Seed Of Filth,2159,NT8g6kdcsmY,https://music.youtube.com/watch?v=NT8g6kdcsmY,Six Feet Under,Seed Of Filth,Death Rituals,MUSIC_VIDEO_TYPE_ATV,298,catalog_or_official_row,0.90
Dying Fetus,Conceived into Enslavement,2161,5ZukGrmGexU,https://music.youtube.com/watch?v=5ZukGrmGexU,Dying Fetus,Conceived into Enslavement,Descend into Depravity (Deluxe Version),MUSIC_VIDEO_TYPE_ATV,265,catalog_or_official_row,0.90
Death,Pull the Plug,2162,pbQsHtqDkIY,https://music.youtube.com/watch?v=pbQsHtqDkIY,Death,Pull the Plug,Leprosy,MUSIC_VIDEO_TYPE_ATV,267,catalog_or_official_row,0.90
Dying Fetus,Atrocious by Nature,2163,-ZiTQNdFQ6E,https://music.youtube.com/watch?v=-ZiTQNdFQ6E,Dying Fetus,Atrocious by Nature,Descend into Depravity (Deluxe Version),MUSIC_VIDEO_TYPE_ATV,233,catalog_or_official_row,0.90
Dying Fetus,Shepherd's Commandment,2164,CU40wMhxpmQ,https://music.youtube.com/watch?v=CU40wMhxpmQ,Dying Fetus,Shepherd's Commandment,Descend into Depravity (Deluxe Version),MUSIC_VIDEO_TYPE_ATV,269,catalog_or_official_row,0.90
William Maranci Mashups,Imagine Dragons - U.S.S.R. National Anthem,2165,V7KM3dEO6ZY,https://music.youtube.com/watch?v=V7KM3dEO6ZY,William Maranci Mashups,Imagine Dragons - U.S.S.R. National Anthem,,MUSIC_VIDEO_TYPE_OMV,189,catalog_or_official_row,0.78
Cannibal Corpse,Death Walking Terror,2166,7qqcZIHxyRI,https://music.youtube.com/watch?v=7qqcZIHxyRI,Cannibal Corpse,Death Walking Terror,Kill,MUSIC_VIDEO_TYPE_ATV,212,catalog_or_official_row,0.90
Beyond Creation,Omnipresent Perception,2167,UFeOgwFxYnE,https://music.youtube.com/watch?v=UFeOgwFxYnE,Beyond Creation,Omnipresent Perception,The Aura,MUSIC_VIDEO_TYPE_ATV,372,catalog_or_official_row,0.90
Death,Lack of Comprehension,2168,_Qpn6ePQsxc,https://music.youtube.com/watch?v=_Qpn6ePQsxc,Death,Lack of Comprehension,Human (Deluxe Version),MUSIC_VIDEO_TYPE_ATV,224,catalog_or_official_row,0.90
THY ART IS MURDER,Son Of Misery - Bloodstock 2019,2169,fTzmBmrd_2Y,https://music.youtube.com/watch?v=fTzmBmrd_2Y,Bloodstockfestivals,THY ART IS MURDER - Son Of Misery - Bloodstock 2019,,MUSIC_VIDEO_TYPE_UGC,278,artist_title_dash,0.86
Dying Fetus,Reveling in the Abyss,2170,exygNjOvdtY,https://music.youtube.com/watch?v=exygNjOvdtY,Dying Fetus,Reveling in the Abyss,Wrong One to Fuck With,MUSIC_VIDEO_TYPE_ATV,390,catalog_or_official_row,0.90
Entombed,Left Hand Path,2171,knQEA9D-Qq0,https://music.youtube.com/watch?v=knQEA9D-Qq0,Entombed,Left Hand Path,Left Hand Path,MUSIC_VIDEO_TYPE_ATV,400,catalog_or_official_row,0.90
Dawn of Demise,Intent to Kill,2172,an3YVWK-jq0,https://music.youtube.com/watch?v=an3YVWK-jq0,Dawn of Demise,Intent to Kill,Hate Takes Its Form,MUSIC_VIDEO_TYPE_ATV,223,catalog_or_official_row,0.90
Dying Fetus,In the Trenches,2173,0n3kHpQv0eM,https://music.youtube.com/watch?v=0n3kHpQv0eM,Dying Fetus,In the Trenches,Reign Supreme (Deluxe Version),MUSIC_VIDEO_TYPE_ATV,225,catalog_or_official_row,0.90
Cryptopsy,Crown of Horns,2174,3UHKlfywGig,https://music.youtube.com/watch?v=3UHKlfywGig,Cryptopsy,Crown of Horns,None So Vile,MUSIC_VIDEO_TYPE_ATV,238,catalog_or_official_row,0.90
Gruesome,A Waste of Life,2175,FjixGgPmrPQ,https://music.youtube.com/watch?v=FjixGgPmrPQ,Gruesome,A Waste of Life,Twisted Prayers,MUSIC_VIDEO_TYPE_ATV,361,catalog_or_official_row,0.90
Dying Fetus,Die with Integrity,2176,53q6LUFjjlk,https://music.youtube.com/watch?v=53q6LUFjjlk,Dying Fetus,Die with Integrity,Wrong One to Fuck With,MUSIC_VIDEO_TYPE_ATV,315,catalog_or_official_row,0.90
Obituary,Visions in My Head,2177,IuzFyjBgk6U,https://music.youtube.com/watch?v=IuzFyjBgk6U,Obituary,Visions in My Head,Inked in Blood,MUSIC_VIDEO_TYPE_ATV,255,catalog_or_official_row,0.90
Dying Fetus,Subjected to a Beating,2178,Z46G70ZbisA,https://music.youtube.com/watch?v=Z46G70ZbisA,Dying Fetus,Subjected to a Beating,Reign Supreme (Deluxe Version),MUSIC_VIDEO_TYPE_ATV,294,catalog_or_official_row,0.90
Dying Fetus,Wrong One to Fuck With,2179,gqnnbk7Tu_o,https://music.youtube.com/watch?v=gqnnbk7Tu_o,Dying Fetus,Wrong One to Fuck With,Wrong One to Fuck With,MUSIC_VIDEO_TYPE_ATV,293,catalog_or_official_row,0.90
Visceral Disgorge,Colostomy Bag Asphyxiation,2180,bdAU-Od4258,https://music.youtube.com/watch?v=bdAU-Od4258,Visceral Disgorge,Colostomy Bag Asphyxiation,Ingesting Putridity,MUSIC_VIDEO_TYPE_ATV,302,catalog_or_official_row,0.90
Psycroptic,Carriers of the Plague,2181,pqyagau130s,https://music.youtube.com/watch?v=pqyagau130s,Psycroptic,Carriers of the Plague,The Inherited Repression,MUSIC_VIDEO_TYPE_ATV,368,catalog_or_official_row,0.90
Death,Flesh and the Power It Holds,2182,wK4VPM-0ssU,https://music.youtube.com/watch?v=wK4VPM-0ssU,Death,Flesh and the Power It Holds,The Sound of Perseverance,MUSIC_VIDEO_TYPE_ATV,507,catalog_or_official_row,0.90
Death,Without Judgement,2183,_JkK0IlEDB4,https://music.youtube.com/watch?v=_JkK0IlEDB4,Death,Without Judgement,Symbolic,MUSIC_VIDEO_TYPE_ATV,329,catalog_or_official_row,0.90
Dying Fetus,Fade Into Obscurity,2185,oI9hb478iK0,https://music.youtube.com/watch?v=oI9hb478iK0,Dying Fetus,Fade Into Obscurity,History Repeats,MUSIC_VIDEO_TYPE_ATV,265,catalog_or_official_row,0.90
Cannibal Corpse,Scourge of Iron,2186,uaFzmZrKKKw,https://music.youtube.com/watch?v=uaFzmZrKKKw,Cannibal Corpse,Scourge of Iron,Torture,MUSIC_VIDEO_TYPE_ATV,285,catalog_or_official_row,0.90
Владимир Дантес,Оля,2189,XhUKp4_j4V4,https://music.youtube.com/watch?v=XhUKp4_j4V4,Rexi999,"Владимир Дантес - ""Оля""",,MUSIC_VIDEO_TYPE_UGC,234,artist_title_dash,0.86
Bach,"Air on the G string"" played with air on the G string (w/air compressor)",2191,GxNU4Dkxggk,https://music.youtube.com/watch?v=GxNU4Dkxggk,Davidlap,"Bach - ""Air on the G string"" played with air on the G string (w/air compressor)",,MUSIC_VIDEO_TYPE_UGC,104,artist_title_dash,0.86
Пророк Санбой,Пророк Санбой РАССВЕТ 1992,2192,JRVjBSagvQs,https://music.youtube.com/watch?v=JRVjBSagvQs,Пророк Санбой,Пророк Санбой РАССВЕТ 1992,,MUSIC_VIDEO_TYPE_OMV,124,catalog_or_official_row,0.78
Eagles feat М.Круг,Central California (Владимирский отель),2194,nfDf9HdG_jg,https://music.youtube.com/watch?v=nfDf9HdG_jg,Petr Gorst,Eagles feat М.Круг - Central California (Владимирский отель),,MUSIC_VIDEO_TYPE_UGC,168,artist_title_dash,0.86
Infant Annihilator,Motherless Miscarriage,2198,HzN8PyZRnlI,https://music.youtube.com/watch?v=HzN8PyZRnlI,Infant Annihilator,Motherless Miscarriage,The Elysian Grandeval Galèriarch,MUSIC_VIDEO_TYPE_ATV,139,catalog_or_official_row,0.90
Devin Townsend Project,Deadhead (Live),2199,MCKMdU6ed5g,https://music.youtube.com/watch?v=MCKMdU6ed5g,Devin Townsend Project,Deadhead (Live),Devin Townsend Presents: Ziltoid Live at the Royal Albert Hall,MUSIC_VIDEO_TYPE_ATV,470,catalog_or_official_row,0.90
Devin Townsend,Genesis,2200,jKvbChCrLsM,https://music.youtube.com/watch?v=jKvbChCrLsM,Devin Townsend,Genesis,Empath,MUSIC_VIDEO_TYPE_ATV,366,catalog_or_official_row,0.90
All-4-One,I Swear,2202,CA-aneBpSEQ,https://music.youtube.com/watch?v=CA-aneBpSEQ,All-4-One,I Swear,All-4-One,MUSIC_VIDEO_TYPE_ATV,260,catalog_or_official_row,0.90
Lil Peep,Broken Smile (My All),2207,Awtr8SyortY,https://music.youtube.com/watch?v=Awtr8SyortY,Lil Peep,Broken Smile (My All),"Come Over When You're Sober, Pt. 2",MUSIC_VIDEO_TYPE_ATV,281,catalog_or_official_row,0.90
Dobranotch,В Семнадцатом Году,2209,XsdmtDf5DXw,https://music.youtube.com/watch?v=XsdmtDf5DXw,Dobranotch,В Семнадцатом Году,,MUSIC_VIDEO_TYPE_OMV,218,catalog_or_official_row,0.78
Псой Короленко,Невский проспект,2210,E3iRthrh9m4,https://music.youtube.com/watch?v=E3iRthrh9m4,Suren Semerjyan,Псой Короленко -  Невский проспект,,MUSIC_VIDEO_TYPE_UGC,185,artist_title_dash,0.86
Old Roman chant,Kyrie eleison,2211,KDJtBh3LGJg,https://music.youtube.com/watch?v=KDJtBh3LGJg,Callixtus,Old Roman chant - Kyrie eleison,,MUSIC_VIDEO_TYPE_UGC,415,artist_title_dash,0.86
"Miserere mei, Deus",Allegri - Tenebrae conducted by Nigel Short,2213,H3v9unphfi0,https://music.youtube.com/watch?v=H3v9unphfi0,Tenebrae Choir,"Miserere mei, Deus - Allegri - Tenebrae conducted by Nigel Short",,MUSIC_VIDEO_TYPE_UGC,330,artist_title_dash,0.86
Marcel Pérès; Ensemble Organum,Gradual of Eleanor of Brittany: Kyrie: Orbis factor,2214,p0w8GD4y0cY,https://music.youtube.com/watch?v=p0w8GD4y0cY,Marcel Pérès; Ensemble Organum,Gradual of Eleanor of Brittany: Kyrie: Orbis factor,Sacred Music,MUSIC_VIDEO_TYPE_ATV,342,catalog_or_official_row,0.90
Jared Dines,The Biggest Shred Collab Song in the World III,2215,3Z0c378AMYw,https://music.youtube.com/watch?v=3Z0c378AMYw,Jared Dines,The Biggest Shred Collab Song in the World III,The Biggest Shred Collab Song in the World III,MUSIC_VIDEO_TYPE_ATV,576,catalog_or_official_row,0.90
"Nocturne ""Reverie"" Op. 19",Giulio Regondi,2216,mxi9843_NUk,https://music.youtube.com/watch?v=mxi9843_NUk,Drew Henderson,"Nocturne ""Reverie"" Op. 19 - Giulio Regondi",,MUSIC_VIDEO_TYPE_UGC,546,artist_title_dash,0.86
Paganini,Caprice No.24,2217,f6mJ5G5mxvg,https://music.youtube.com/watch?v=f6mJ5G5mxvg,HMFPAC07,Caprice No.24 N.Paganini played by Su Meng,,MUSIC_VIDEO_TYPE_UGC,419,ambiguous_ugc_uploader,1.00
Acrania,Exterminate the Liberated,2220,I6-rek-tfrw,https://music.youtube.com/watch?v=I6-rek-tfrw,Acrania,Exterminate the Liberated,Exterminate the Liberated,MUSIC_VIDEO_TYPE_ATV,288,catalog_or_official_row,0.90
Acrania,The Face of Humanity,2221,4Ue1u4R22hQ,https://music.youtube.com/watch?v=4Ue1u4R22hQ,Acrania,The Face of Humanity,"Tyrannical Hierarchy, Vol. 1",MUSIC_VIDEO_TYPE_ATV,248,catalog_or_official_row,0.90
Zurab Sotkilava,Ti voglio tanto bene,2225,ypWppC8xO4k,https://music.youtube.com/watch?v=ypWppC8xO4k,MUSIC FOR ALL TIMES,Zurab Sotkilava - Ti voglio tanto bene,,MUSIC_VIDEO_TYPE_UGC,197,artist_title_dash,0.86
Inferi,Behold the Bearer of Light (feat. Trevor Strnad),2226,DgLeSK6bI8A,https://music.youtube.com/watch?v=DgLeSK6bI8A,Inferi,Behold the Bearer of Light (feat. Trevor Strnad),Behold the Bearer of Light,MUSIC_VIDEO_TYPE_ATV,392,catalog_or_official_row,0.90
Sale Only,Палай,2227,Mq54BueWKbA,https://music.youtube.com/watch?v=Mq54BueWKbA,Sale Only,Палай,Палай,MUSIC_VIDEO_TYPE_ATV,248,catalog_or_official_row,0.90
Carpenters,I Won't Last A Day Without You,2229,tZxtqfHNUjQ,https://music.youtube.com/watch?v=tZxtqfHNUjQ,Carpenters,I Won't Last A Day Without You,Singles 1969-1981,MUSIC_VIDEO_TYPE_ATV,270,catalog_or_official_row,0.90
Dwayne Johnson; Disney,You're Welcome,2230,CTvjhbfrgEY,https://music.youtube.com/watch?v=CTvjhbfrgEY,Dwayne Johnson; Disney,You're Welcome,Vaiana (English Version/Original Motion Picture Soundtrack/Deluxe Edition),MUSIC_VIDEO_TYPE_ATV,164,catalog_or_official_row,0.90
Gianna Nannini,Ti voglio tanto bene,2233,8bxabSpAMoI,https://music.youtube.com/watch?v=8bxabSpAMoI,Gianna Nannini,Ti voglio tanto bene,Io E Te,MUSIC_VIDEO_TYPE_ATV,203,catalog_or_official_row,0.90
Михаил Круг; Михаил Гулько,Купола [Золотые купола],2235,gi4PS6AXyS8,https://music.youtube.com/watch?v=gi4PS6AXyS8,Михаил Круг; Михаил Гулько,Купола [Золотые купола],Посвящение,MUSIC_VIDEO_TYPE_ATV,312,catalog_or_official_row,0.90
Jared Dines,The Saxy Djent Song,2237,CJB_DaCa6_U,https://music.youtube.com/watch?v=CJB_DaCa6_U,Jared Dines,The Saxy Djent Song,The Saxy Djent Song,MUSIC_VIDEO_TYPE_ATV,243,catalog_or_official_row,0.90
System Of A Down,Chop Suey!,2238,-cid1qHuy_U,https://music.youtube.com/watch?v=-cid1qHuy_U,System Of A Down,Chop Suey!,Chop Suey!,MUSIC_VIDEO_TYPE_ATV,211,catalog_or_official_row,0.90
Pyotr Ilyich Tchaikovsky,Hymn of the Cherubim,2240,OPlK5HwFxcw,https://music.youtube.com/watch?v=OPlK5HwFxcw,Wrengan,Pyotr Ilyich Tchaikovsky - Hymn of the Cherubim,,MUSIC_VIDEO_TYPE_UGC,459,artist_title_dash,0.86
All Angels,Agnus Dei,2241,RGbfmhfv4c8,https://music.youtube.com/watch?v=RGbfmhfv4c8,uzugabuzuga,All Angels- Agnus Dei,,MUSIC_VIDEO_TYPE_UGC,592,ambiguous_ugc_uploader,1.00
Antonina Lisohorska,"choir DUDARYK - Air ""on the G string"" by J. S. Bach (arr. MLK)",2242,MWwa2soslig,https://music.youtube.com/watch?v=MWwa2soslig,Antonina Lisohorska,"Antonina Lisohorska - choir DUDARYK - Air ""on the G string"" by J. S. Bach (arr. MLK)",,MUSIC_VIDEO_TYPE_UGC,386,title_prefixed_with_known_artist,0.92
Rousseau,Air (Bach),2244,SFtQoqpdrzk,https://music.youtube.com/watch?v=SFtQoqpdrzk,Rousseau,Air (Bach),Air (Bach),MUSIC_VIDEO_TYPE_ATV,337,catalog_or_official_row,0.90
Andrea Bocelli,Time to Say Goodbye,2245,TdWEhMOrRpQ,https://music.youtube.com/watch?v=TdWEhMOrRpQ,Andrea Bocelli,Time to Say Goodbye,,MUSIC_VIDEO_TYPE_OMV,281,catalog_or_official_row,0.78
Andrea Bocelli; Matteo Bocelli,Fall On Me,2247,FEnzRk8nP3o,https://music.youtube.com/watch?v=FEnzRk8nP3o,Andrea Bocelli; Matteo Bocelli,Fall On Me,Fall On Me,MUSIC_VIDEO_TYPE_ATV,259,catalog_or_official_row,0.90
Staind,Falling,2251,XzSHHqmspx0,https://music.youtube.com/watch?v=XzSHHqmspx0,Staind,Falling,Chapter V,MUSIC_VIDEO_TYPE_ATV,261,catalog_or_official_row,0.90
Matt Mulholland,My Heart Will Go On - Recorder By Candlelight by Matt Mulholland,2253,X2WH8mHJnhM,https://music.youtube.com/watch?v=X2WH8mHJnhM,Matt Mulholland,My Heart Will Go On - Recorder By Candlelight by Matt Mulholland,,MUSIC_VIDEO_TYPE_OMV,256,catalog_or_official_row,0.78
Михей,Cука-любовь,2254,2Ax_KKk0nF4,https://music.youtube.com/watch?v=2Ax_KKk0nF4,armaturich,Михей - Cука-любовь,,MUSIC_VIDEO_TYPE_UGC,234,artist_title_dash,0.86
Pianoбой,Так добре з тобою,2256,ZdLVw-mCR4A,https://music.youtube.com/watch?v=ZdLVw-mCR4A,Pianoбой,Так добре з тобою,Take Off,MUSIC_VIDEO_TYPE_ATV,253,catalog_or_official_row,0.90
Vitas,Opera #2,2259,8-qZD6XHVCA,https://music.youtube.com/watch?v=8-qZD6XHVCA,Vitas,Vitas - Opera #2,,MUSIC_VIDEO_TYPE_OMV,208,title_prefixed_with_known_artist,0.92
БумБокс; The Gitas,Тримай мене,2260,PErsengn-ZQ,https://music.youtube.com/watch?v=PErsengn-ZQ,БумБокс; The Gitas,Тримай мене,Тримай мене,MUSIC_VIDEO_TYPE_ATV,274,catalog_or_official_row,0.90
Death,Crystal Mountain,2261,dRx2qP8yXuY,https://music.youtube.com/watch?v=dRx2qP8yXuY,Death,Crystal Mountain,Symbolic,MUSIC_VIDEO_TYPE_ATV,308,catalog_or_official_row,0.90
Death,Sacred Serenity,2262,Xf2x7PQ8l1E,https://music.youtube.com/watch?v=Xf2x7PQ8l1E,Death,Sacred Serenity,Symbolic,MUSIC_VIDEO_TYPE_ATV,268,catalog_or_official_row,0.90
Greig,Anitra's Dance,2267,8MOaRs9SF6A,https://music.youtube.com/watch?v=8MOaRs9SF6A,Michael Bester,Anitra's Dance by Greig for Guitar Duo,,MUSIC_VIDEO_TYPE_UGC,201,ambiguous_ugc_uploader,1.00
Bring Me The VITAS,Can You Feel My 7th Element,2268,AaTnCiegnqg,https://music.youtube.com/watch?v=AaTnCiegnqg,SATIV,Bring Me The VITAS - Can You Feel My 7th Element,,MUSIC_VIDEO_TYPE_UGC,221,artist_title_dash,0.86
Ozzy Osbourne,See You on the Other Side,2269,IiZ7tpjac-g,https://music.youtube.com/watch?v=IiZ7tpjac-g,Ozzy Osbourne,See You on the Other Side,Ozzmosis (Expanded Edition),MUSIC_VIDEO_TYPE_ATV,371,catalog_or_official_row,0.90
Melodicka Bros,Lonely Day (Way Too Happy),2271,oJy7hH4tFFs,https://music.youtube.com/watch?v=oJy7hH4tFFs,Melodicka Bros,Lonely Day (Way Too Happy),"Way Too... Covers, Vol. 2",MUSIC_VIDEO_TYPE_ATV,159,catalog_or_official_row,0.90
Last Days Of Humanity,A Divine Proclamation of Finishing the Present Existence,2272,ZW6lnrUpX1o,https://music.youtube.com/watch?v=ZW6lnrUpX1o,Last Days Of Humanity,A Divine Proclamation of Finishing the Present Existence,Putrefaction in Progress,MUSIC_VIDEO_TYPE_ATV,192,catalog_or_official_row,0.90
"The Orthodox Singers"" Male Choir, Choirmaster: Georgiy Smirnov","Verily, He Is Worthy",2275,JTb2p_N5zbc,https://music.youtube.com/watch?v=JTb2p_N5zbc,"""The Orthodox Singers"" Male Choir, Choirmaster: Georgiy Smirnov","Verily, He Is Worthy",Basso Profondo From Old Russia. Popular And Sacred Russian Songs,MUSIC_VIDEO_TYPE_ATV,315,catalog_or_official_row,0.90
Ozzy Osbourne,I Just Want You,2276,p95jkEd40x4,https://music.youtube.com/watch?v=p95jkEd40x4,Ozzy Osbourne,I Just Want You,Ozzmosis (Expanded Edition),MUSIC_VIDEO_TYPE_ATV,297,catalog_or_official_row,0.90
Ozzy Osbourne,No More Tears,2278,5foQanhdArA,https://music.youtube.com/watch?v=5foQanhdArA,Ozzy Osbourne,No More Tears,No More Tears (Expanded Edition),MUSIC_VIDEO_TYPE_ATV,444,catalog_or_official_row,0.90
Metallica,The Unforgiven,2280,IKhscaE_9Ks,https://music.youtube.com/watch?v=IKhscaE_9Ks,Metallica,The Unforgiven,Metallica,MUSIC_VIDEO_TYPE_ATV,388,catalog_or_official_row,0.90
Ozzy Osbourne,Shot in the Dark,2281,Mzyz2egx_0c,https://music.youtube.com/watch?v=Mzyz2egx_0c,Ozzy Osbourne,Shot in the Dark,The Ultimate Sin,MUSIC_VIDEO_TYPE_ATV,257,catalog_or_official_row,0.90
Ozzy Osbourne,Goodbye to Romance,2282,WCA0LyJ9r2g,https://music.youtube.com/watch?v=WCA0LyJ9r2g,Ozzy Osbourne,Goodbye to Romance,Blizzard Of Ozz (40th Anniversary Expanded Edition),MUSIC_VIDEO_TYPE_ATV,336,catalog_or_official_row,0.90
Зануда,Нахуй (feat. П.Ё.С. & Манька),2284,2SV0OjsTk6w,https://music.youtube.com/watch?v=2SV0OjsTk6w,Зануда,Нахуй (feat. П.Ё.С. & Манька),Папиросы,MUSIC_VIDEO_TYPE_ATV,253,catalog_or_official_row,0.90
Dying Fetus,"One Shot, One Kill",2285,J7vT2-dNx_0,https://music.youtube.com/watch?v=J7vT2-dNx_0,Dying Fetus,"One Shot, One Kill",Stop At Nothing,MUSIC_VIDEO_TYPE_ATV,266,catalog_or_official_row,0.90
Cattle Decapitation,The Prophets of Loss,2286,PVii-tCu3V8,https://music.youtube.com/watch?v=PVii-tCu3V8,Cattle Decapitation,The Prophets of Loss,The Anthropocene Extinction,MUSIC_VIDEO_TYPE_ATV,248,catalog_or_official_row,0.90
Dying Fetus,Fixated on Devastation,2287,UhJ-0a-CM_Y,https://music.youtube.com/watch?v=UhJ-0a-CM_Y,Dying Fetus,Fixated on Devastation,Wrong One to Fuck With,MUSIC_VIDEO_TYPE_ATV,246,catalog_or_official_row,0.90
Sodom,M-16 (2021 - Remaster),2288,fVAptMz283k,https://music.youtube.com/watch?v=fVAptMz283k,Sodom,M-16 (2021 - Remaster),M-16 (20th Anniversary Edition),MUSIC_VIDEO_TYPE_ATV,290,catalog_or_official_row,0.90
Behemoth,Blow Your Trumpets Gabriel,2289,Txgv6IaD4kk,https://music.youtube.com/watch?v=Txgv6IaD4kk,Behemoth,Blow Your Trumpets Gabriel,The Satanist,MUSIC_VIDEO_TYPE_ATV,266,catalog_or_official_row,0.90
Dying Fetus,Grotesque Impalement (LIVE @ Summer Breeze Open Air 2016),2290,cK8dbiyGydc,https://music.youtube.com/watch?v=cK8dbiyGydc,SUMMER BREEZE,Dying Fetus – Grotesque Impalement (LIVE @ Summer Breeze Open Air 2016),,MUSIC_VIDEO_TYPE_UGC,306,artist_title_dash,0.86
The Doors,"Yes, the River Knows",2294,VFCCvaghUnU,https://music.youtube.com/watch?v=VFCCvaghUnU,The Doors,"Yes, the River Knows",Waiting for the Sun,MUSIC_VIDEO_TYPE_ATV,155,catalog_or_official_row,0.90
Modern Talking,"You're My Heart, You're My Soul",2295,VR0_hgiDCk0,https://music.youtube.com/watch?v=VR0_hgiDCk0,Modern Talking,"You're My Heart, You're My Soul",The First Album,MUSIC_VIDEO_TYPE_ATV,333,catalog_or_official_row,0.90
Patrik Pietschmann,Skyrim - Dragonborn (Piano Version),2297,1PetRVcM2sk,https://music.youtube.com/watch?v=1PetRVcM2sk,Patrik Pietschmann,Skyrim - Dragonborn (Piano Version),,MUSIC_VIDEO_TYPE_OMV,198,catalog_or_official_row,0.78
Aaron Lewis,Outside [Family Values Live Version] (feat. Fred Durst),2300,wlErVKh1ewg,https://music.youtube.com/watch?v=wlErVKh1ewg,Aaron Lewis,Outside [Family Values Live Version] (feat. Fred Durst),The Singles 1996-2006,MUSIC_VIDEO_TYPE_ATV,341,catalog_or_official_row,0.90
[LIVE DM] МВиПД,Какой Же Я Милый,2301,qcK2IcCy0Z0,https://music.youtube.com/watch?v=qcK2IcCy0Z0,Тот самый Моисей Великанов,[LIVE DM] МВиПД — Какой Же Я Милый,,MUSIC_VIDEO_TYPE_UGC,189,artist_title_dash,0.86
Limp Bizkit,Rollin' (Air Raid Vehicle),2303,f6z2dS5KHgc,https://music.youtube.com/watch?v=f6z2dS5KHgc,Limp Bizkit,Rollin' (Air Raid Vehicle),Chocolate Starfish And The Hot Dog Flavored Water,MUSIC_VIDEO_TYPE_ATV,214,catalog_or_official_row,0.90
HADREN,Shira Falkowitz & Yitzy Rosinger - Acapella הדרן ווקאלי - שירה פולקוביץ וילד הפלא,2305,gRpA7-10clI,https://music.youtube.com/watch?v=gRpA7-10clI,shiezoli,HADREN - Shira Falkowitz & Yitzy Rosinger - Acapella הדרן ווקאלי - שירה פולקוביץ וילד הפלא,,MUSIC_VIDEO_TYPE_UGC,590,artist_title_dash,0.86
B’chol Yom . Yitsy Rosinger & Shira Choir,בכל יום - בביצוע ילד הפלא ייצי רוזינגר ומקהלת שירה,2306,XgzkLykUjpM,https://music.youtube.com/watch?v=XgzkLykUjpM,shiezoli,B’chol Yom . Yitsy Rosinger & Shira Choir - בכל יום - בביצוע ילד הפלא ייצי רוזינגר ומקהלת שירה,,MUSIC_VIDEO_TYPE_UGC,368,artist_title_dash,0.86
Freilach Band,"Meshoich - Beri Weber, Freilach & Shira Live! משוך - פריילך מארחת את וובר ושירה",2307,fOpV_6ZVlF8,https://music.youtube.com/watch?v=fOpV_6ZVlF8,Freilach Band,"Meshoich - Beri Weber, Freilach & Shira Live! משוך - פריילך מארחת את וובר ושירה",,MUSIC_VIDEO_TYPE_OMV,381,catalog_or_official_row,0.78
Shlomo Yehuda Rechnitz,"אל הנער (feat. Motty Shteinmetz, Moishe Mendelowitz & Levi Lefkowitz)",2308,m6svdoGQnKE,https://music.youtube.com/watch?v=m6svdoGQnKE,Shlomo Yehuda Rechnitz,"אל הנער (feat. Motty Shteinmetz, Moishe Mendelowitz & Levi Lefkowitz)",שיר - שלמה יהודה רכניץ,MUSIC_VIDEO_TYPE_ATV,374,catalog_or_official_row,0.90
Phil Collins,In The Air Tonight LIVE,2312,IeDMnyQzS88,https://music.youtube.com/watch?v=IeDMnyQzS88,Hard Force,Phil Collins - In The Air Tonight LIVE HD,,MUSIC_VIDEO_TYPE_UGC,462,artist_title_dash,0.86
Sam Tinnesz,Man or a Monster (feat. Zayde Wølf),2313,pl37j_Qqipc,https://music.youtube.com/watch?v=pl37j_Qqipc,Sam Tinnesz,Man or a Monster (feat. Zayde Wølf),Man or a Monster,MUSIC_VIDEO_TYPE_ATV,206,catalog_or_official_row,0.90
Pink Guy,Stfu,2314,GhJ043zp8hI,https://music.youtube.com/watch?v=GhJ043zp8hI,Pink Guy,Stfu,Pink Season,MUSIC_VIDEO_TYPE_ATV,225,catalog_or_official_row,0.90
Acrania,Gagged With Propaganda,2315,bWRYXvWp4FM,https://music.youtube.com/watch?v=bWRYXvWp4FM,Acrania,Gagged With Propaganda,"Tyrannical Hierarchy, Vol. 1",MUSIC_VIDEO_TYPE_ATV,145,catalog_or_official_row,0.90
Acrania,Disillusion in a Discordant System,2316,S1jpivGF2xk,https://music.youtube.com/watch?v=S1jpivGF2xk,Acrania,Disillusion in a Discordant System,Totalitarian Dystopia,MUSIC_VIDEO_TYPE_ATV,174,catalog_or_official_row,0.90
Державний Гімн України,National Anthem of Ukraine - Rock version by Nicky Rubchenko,2320,1VCQDoYop64,https://music.youtube.com/watch?v=1VCQDoYop64,5 канал,Державний Гімн України - National Anthem of Ukraine - Rock version by Nicky Rubchenko,,MUSIC_VIDEO_TYPE_UGC,101,artist_title_dash,0.86
Five Finger Death Punch,Wrong Side of Heaven,2324,3vPo2ADzJKo,https://music.youtube.com/watch?v=3vPo2ADzJKo,Five Finger Death Punch,Wrong Side of Heaven,"The Wrong Side Of Heaven And The Righteous Side Of Hell, Volume 1 (Deluxe)",MUSIC_VIDEO_TYPE_ATV,271,catalog_or_official_row,0.90
J. S. Bach: Air (Classical guitar),Per-Olov Kindgren,2326,FUPx42UmSng,https://music.youtube.com/watch?v=FUPx42UmSng,Per-Olov Kindgren,J. S. Bach: Air (Classical guitar)  - Per-Olov Kindgren,,MUSIC_VIDEO_TYPE_UGC,217,artist_title_dash,0.86
Mudvayne,Nothing To Gein,2328,2Bukkhhy8qs,https://music.youtube.com/watch?v=2Bukkhhy8qs,Mudvayne,Nothing To Gein,L.D. 50,MUSIC_VIDEO_TYPE_ATV,329,catalog_or_official_row,0.90
"The Orthodox Singers"" Male Choir, Choirmaster: Georgiy Smirnov",We Bow Down Before Your Cross,2329,9r6viiU5-Ss,https://music.youtube.com/watch?v=9r6viiU5-Ss,"""The Orthodox Singers"" Male Choir, Choirmaster: Georgiy Smirnov",We Bow Down Before Your Cross,Basso Profondo From Old Russia. Popular And Sacred Russian Songs,MUSIC_VIDEO_TYPE_ATV,238,catalog_or_official_row,0.90
Lord Vinheteiro,9 Russian Songs You ́ve Heard And Don ́t Know The Name,2332,L-vN3x2Am6g,https://music.youtube.com/watch?v=L-vN3x2Am6g,Lord Vinheteiro,9 Russian Songs You´ve Heard And Don´t Know The Name,,MUSIC_VIDEO_TYPE_OMV,270,catalog_or_official_row,0.78
Скрябін,Місця Щасливих Людей,2338,9AverhY6qAo,https://music.youtube.com/watch?v=9AverhY6qAo,Скрябін,Скрябін – Місця Щасливих Людей [Official Video],,MUSIC_VIDEO_TYPE_OMV,273,title_prefixed_with_known_artist,0.92
Lich King,Combat Mosh,2339,IopCxEnVgYg,https://music.youtube.com/watch?v=IopCxEnVgYg,Lich King,Combat Mosh,Born Of The Bomb,MUSIC_VIDEO_TYPE_ATV,280,catalog_or_official_row,0.90
Visceral Disgorge,Force Fed Shredded Genetalia,2340,unWJPknC0ZU,https://music.youtube.com/watch?v=unWJPknC0ZU,Visceral Disgorge,Force Fed Shredded Genetalia,Ingesting Putridity,MUSIC_VIDEO_TYPE_ATV,293,catalog_or_official_row,0.90
Saxon,Princess of the Night,2341,RPmkv4ochsI,https://music.youtube.com/watch?v=RPmkv4ochsI,Saxon,Princess of the Night,The Best of Saxon,MUSIC_VIDEO_TYPE_ATV,243,catalog_or_official_row,0.90
Океан Ельзи,Ордени (Хіба нам не сниться),2343,HL3QxRcFde0,https://music.youtube.com/watch?v=HL3QxRcFde0,Океан Ельзи,Ордени (Хіба нам не сниться),Dolce vita,MUSIC_VIDEO_TYPE_ATV,230,catalog_or_official_row,0.90
Михей,Сука Любовь,2344,AccbNbqN2RQ,https://music.youtube.com/watch?v=AccbNbqN2RQ,mblkolavl,Михей - Сука Любовь,,MUSIC_VIDEO_TYPE_UGC,172,artist_title_dash,0.86
Ёлка,На большом воздушном шаре,2346,F3SZZVmv0Ic,https://music.youtube.com/watch?v=F3SZZVmv0Ic,Ёлка,На большом воздушном шаре,Точки расставлены,MUSIC_VIDEO_TYPE_ATV,193,catalog_or_official_row,0.90
Земфира,ХОЧЕШЬ?,2347,iz6S2a94Gy4,https://music.youtube.com/watch?v=iz6S2a94Gy4,Земфира,ХОЧЕШЬ?,ПРОСТИ МЕНЯ МОЯ ЛЮБОВЬ,MUSIC_VIDEO_TYPE_ATV,198,catalog_or_official_row,0.90
My Chemical Romance,I'm Not Okay (I Promise),2348,UgmY2sB71Hc,https://music.youtube.com/watch?v=UgmY2sB71Hc,My Chemical Romance,I'm Not Okay (I Promise),Three Cheers for Sweet Revenge,MUSIC_VIDEO_TYPE_ATV,187,catalog_or_official_row,0.90
Menstrual Cocktail,Prolapse Job (Full Demo),2351,Hr0dN262Lt0,https://music.youtube.com/watch?v=Hr0dN262Lt0,UltimateNoise,Menstrual Cocktail - Prolapse Job (Full Demo),,MUSIC_VIDEO_TYPE_UGC,611,artist_title_dash,0.86
Ёлка,Прованс,2352,8tBxbVEJ_LM,https://music.youtube.com/watch?v=8tBxbVEJ_LM,Ёлка,Прованс,Точки расставлены,MUSIC_VIDEO_TYPE_ATV,205,catalog_or_official_row,0.90
Brainstorm,Na Zare,2354,Cv5JJ8h03Ow,https://music.youtube.com/watch?v=Cv5JJ8h03Ow,rishargese6,Brainstorm - Na Zare,,MUSIC_VIDEO_TYPE_UGC,391,artist_title_dash,0.86
Альянс,На заре (1987),2355,x4xCSVl833I,https://music.youtube.com/watch?v=x4xCSVl833I,Олег Парастаев,Альянс - На заре (1987),,MUSIC_VIDEO_TYPE_UGC,357,artist_title_dash,0.86
LINKIN PARK,BURN IT DOWN,2356,vIOO_7DLr3M,https://music.youtube.com/watch?v=vIOO_7DLr3M,LINKIN PARK,BURN IT DOWN,LIVING THINGS,MUSIC_VIDEO_TYPE_ATV,231,catalog_or_official_row,0.90
Linkin Park,One More Light,2357,H1LdQntDnFY,https://music.youtube.com/watch?v=H1LdQntDnFY,Linkin Park,One More Light,One More Light,MUSIC_VIDEO_TYPE_ATV,256,catalog_or_official_row,0.90
Linkin Park,Enth E Nd (Kutmasta Kurt Reanimation) (feat. Motion Man),2358,KWS1bZVoaGQ,https://music.youtube.com/watch?v=KWS1bZVoaGQ,Linkin Park,Enth E Nd (Kutmasta Kurt Reanimation) (feat. Motion Man),Hybrid Theory (20th Anniversary Edition),MUSIC_VIDEO_TYPE_ATV,240,catalog_or_official_row,0.90
Linkin Park,Given Up,2359,iw35Pfqf4U8,https://music.youtube.com/watch?v=iw35Pfqf4U8,Linkin Park,Given Up,Minutes to Midnight,MUSIC_VIDEO_TYPE_ATV,190,catalog_or_official_row,0.90
Motionless In White,Disguise,2360,PFqxon3HwsQ,https://music.youtube.com/watch?v=PFqxon3HwsQ,Motionless In White,Disguise,Disguise,MUSIC_VIDEO_TYPE_ATV,238,catalog_or_official_row,0.90
Berlin,"Take My Breath Away (Love Theme from ""Top Gun"")",2362,_T7Mb3hj1Ls,https://music.youtube.com/watch?v=_T7Mb3hj1Ls,Berlin,"Take My Breath Away (Love Theme from ""Top Gun"")",TOP GUN/SOUNDTRACK,MUSIC_VIDEO_TYPE_ATV,252,catalog_or_official_row,0.90
brbr DENG... But it's tuned down (Mudvayne,Dig),2363,x0BvEE4OIi0,https://music.youtube.com/watch?v=x0BvEE4OIi0,Andrew Baena,brbr DENG... But it's tuned down (Mudvayne - Dig),,MUSIC_VIDEO_TYPE_UGC,37,artist_title_dash,0.86
Oh Camper,Camper Song With,2364,innJxQM_-CE,https://music.youtube.com/watch?v=innJxQM_-CE,OfficalAdityaVideos,Oh Camper - Camper Song With Lyrics,,MUSIC_VIDEO_TYPE_UGC,211,artist_title_dash,0.86
"Yes, The River Knows",The Doors,2365,8RyC-azVYX8,https://music.youtube.com/watch?v=8RyC-azVYX8,Charl Basurto,"Yes, The River Knows - The Doors (lyrics)",,MUSIC_VIDEO_TYPE_UGC,163,artist_title_dash,0.86
PainKiller,Hostage,2368,hhlHPwbm_NY,https://music.youtube.com/watch?v=hhlHPwbm_NY,215Days,PainKiller - Hostage,,MUSIC_VIDEO_TYPE_UGC,143,artist_title_dash,0.86
My Chemical Romance,Welcome to the Black Parade,2371,v_uncMEJkBc,https://music.youtube.com/watch?v=v_uncMEJkBc,My Chemical Romance,Welcome to the Black Parade,The Black Parade,MUSIC_VIDEO_TYPE_ATV,312,catalog_or_official_row,0.90
Alexandr Misko,Thrones Theme,2372,D5je-gDRwZk,https://music.youtube.com/watch?v=D5je-gDRwZk,Alexandr Misko,Thrones Theme,,MUSIC_VIDEO_TYPE_OFFICIAL_SOURCE_MUSIC,90,catalog_or_official_row,0.78
Shira Choir,Zusha Songs,2375,zAkdAwCj78c,https://music.youtube.com/watch?v=zAkdAwCj78c,shiezoli,"Shira Choir Singing New ""Zusha Songs"" with Avrum Mordche Schwartz",,MUSIC_VIDEO_TYPE_UGC,593,ambiguous_ugc_uploader,1.00
My Chemical Romance,Teenagers,2377,jLKOBJR5vHs,https://music.youtube.com/watch?v=jLKOBJR5vHs,My Chemical Romance,Teenagers,The Black Parade,MUSIC_VIDEO_TYPE_ATV,162,catalog_or_official_row,0.90
a-ha,Take on Me,2380,HzdD8kbDzZA,https://music.youtube.com/watch?v=HzdD8kbDzZA,a-ha,Take on Me,Hunting High and Low,MUSIC_VIDEO_TYPE_ATV,226,catalog_or_official_row,0.90
Green Day,Boulevard of Broken Dreams,2382,0-q83p_o-Lg,https://music.youtube.com/watch?v=0-q83p_o-Lg,Green Day,Boulevard of Broken Dreams,Oh Love,MUSIC_VIDEO_TYPE_ATV,263,catalog_or_official_row,0.90
My Chemical Romance,Helena,2383,a_1tA0bpDQs,https://music.youtube.com/watch?v=a_1tA0bpDQs,My Chemical Romance,Helena,Three Cheers for Sweet Revenge,MUSIC_VIDEO_TYPE_ATV,205,catalog_or_official_row,0.90
Painkiller,Morning of Balachaturdasi,2384,3VdZThb9UgY,https://music.youtube.com/watch?v=3VdZThb9UgY,Dana “Dane” Paton,Painkiller - Morning of Balachaturdasi,,MUSIC_VIDEO_TYPE_UGC,879,artist_title_dash,0.86
PainKiller,Damage To The Mask,2385,S9s5dF2RhYs,https://music.youtube.com/watch?v=S9s5dF2RhYs,215Days,PainKiller - Damage To The Mask,,MUSIC_VIDEO_TYPE_UGC,160,artist_title_dash,0.86
Tobi King,Da da da,2386,dwHVqFyAfeE,https://music.youtube.com/watch?v=dwHVqFyAfeE,Tobi King,Da da da,Śląska karuzela z gwiazdami TVS,MUSIC_VIDEO_TYPE_ATV,236,catalog_or_official_row,0.90
Rammstein,Deutschland,2387,vGtaDvhSxaI,https://music.youtube.com/watch?v=vGtaDvhSxaI,Rammstein,Deutschland,Rammstein,MUSIC_VIDEO_TYPE_ATV,323,catalog_or_official_row,0.90
Coal Chamber,Amir of the Desert,2390,Aj8YuHcuTps,https://music.youtube.com/watch?v=Aj8YuHcuTps,Coal Chamber,Amir of the Desert,Coal Chamber,MUSIC_VIDEO_TYPE_ATV,46,catalog_or_official_row,0.90
John Kalligan,20000 лет (Live),2391,4Jh_MFRs2NQ,https://music.youtube.com/watch?v=4Jh_MFRs2NQ,John Kalligan,20000 лет (Live),Живой,MUSIC_VIDEO_TYPE_ATV,258,catalog_or_official_row,0.90
Rudolf Baumgartner,The Best of Bach,2392,6JQm5aSjX6g,https://music.youtube.com/watch?v=6JQm5aSjX6g,Rudolf Baumgartner,The Best of Bach,,MUSIC_VIDEO_TYPE_OMV,6681,catalog_or_official_row,0.78
Oleg Skoblja,Poigray v ljubov,2393,hplsKo2WPz8,https://music.youtube.com/watch?v=hplsKo2WPz8,Oleg Skoblja,Poigray v ljubov',Krylatyy lev,MUSIC_VIDEO_TYPE_ATV,331,catalog_or_official_row,0.90
Alexandr Misko,Dubstep Guitar 2019,2394,Nr5iNLkdKmo,https://music.youtube.com/watch?v=Nr5iNLkdKmo,Alexandr Misko,Dubstep Guitar 2019,"Covers and New Versions, Vol. 2",MUSIC_VIDEO_TYPE_ATV,237,catalog_or_official_row,0.90
Patrik Pietschmann,Light of the Seven - Game of Thrones (Piano Version),2400,OCqMDeD6Fmc,https://music.youtube.com/watch?v=OCqMDeD6Fmc,Patrik Pietschmann,Light of the Seven - Game of Thrones (Piano Version),,MUSIC_VIDEO_TYPE_OMV,394,catalog_or_official_row,0.78
Village People,YMCA (Original Version 1978),2401,7-F8wkjKWg8,https://music.youtube.com/watch?v=7-F8wkjKWg8,Village People,YMCA (Original Version 1978),YMCA (Original Version 1978),MUSIC_VIDEO_TYPE_ATV,285,catalog_or_official_row,0.90
Ghost Shirt,Not In Nottingham | Sofar London,2404,bR24yRUl7mM,https://music.youtube.com/watch?v=bR24yRUl7mM,Sofar Sounds,Ghost Shirt - Not In Nottingham | Sofar London,,MUSIC_VIDEO_TYPE_UGC,166,artist_title_dash,0.86
Logan Kendell,Not in Nottingham,2405,g9Bii1q-65Y,https://music.youtube.com/watch?v=g9Bii1q-65Y,Logan Kendell,Not in Nottingham,Let the Sun In,MUSIC_VIDEO_TYPE_ATV,170,catalog_or_official_row,0.90
מוטי שטיינמץ,צאינה וראינה - ישיבה עטרת שלמה | Motty Steinmetz - Tseno Ureno,2406,O9m5e-oPl5I,https://music.youtube.com/watch?v=O9m5e-oPl5I,shiezoli,מוטי שטיינמץ - צאינה וראינה - ישיבה עטרת שלמה | Motty Steinmetz - Tseno Ureno,,MUSIC_VIDEO_TYPE_UGC,386,artist_title_dash,0.86
Shira Choir Singing New Rechnitz,Medley at Kumzits Live מקהלת שירה/ רכניץ קומזיץ,2407,MnxO7LS4gq0,https://music.youtube.com/watch?v=MnxO7LS4gq0,Yankie Edelstien,Shira Choir Singing New Rechnitz - Medley at Kumzits Live מקהלת שירה/ רכניץ קומזיץ,,MUSIC_VIDEO_TYPE_UGC,653,artist_title_dash,0.86
Машина Времени,Однажды Мир Прогнется под Нас,2408,pa8tJbJkg7g,https://music.youtube.com/watch?v=pa8tJbJkg7g,Машина Времени,Однажды Мир Прогнется под Нас,Отрываясь,MUSIC_VIDEO_TYPE_ATV,195,catalog_or_official_row,0.90
Jew Boys,Im Hashem Lo Yivneh Bayis,2409,evrm-rTeTNY,https://music.youtube.com/watch?v=evrm-rTeTNY,Jew Boys,Im Hashem Lo Yivneh Bayis,Bar Mitzvah Songs,MUSIC_VIDEO_TYPE_ATV,299,catalog_or_official_row,0.90
Gotye,Somebody That I Used To Know (feat. Kimbra),2410,xOazTYPrt64,https://music.youtube.com/watch?v=xOazTYPrt64,Gotye,Somebody That I Used To Know (feat. Kimbra),Making Mirrors,MUSIC_VIDEO_TYPE_ATV,245,catalog_or_official_row,0.90
Валерий Меладзе,Небеса,2411,HE1C1ZjfcMw,https://music.youtube.com/watch?v=HE1C1ZjfcMw,Валерий Меладзе,Небеса,Небеса,MUSIC_VIDEO_TYPE_ATV,237,catalog_or_official_row,0.90
The Cranberries,When You're Gone,2412,xkbVRGxsd8E,https://music.youtube.com/watch?v=xkbVRGxsd8E,The Cranberries,When You're Gone,To The Faithful Departed,MUSIC_VIDEO_TYPE_ATV,297,catalog_or_official_row,0.90
Егор Летов,Отряд не заметил потери бойца (2021 Remastered Version),2416,SxB4LkvQOSQ,https://music.youtube.com/watch?v=SxB4LkvQOSQ,Егор Летов,Отряд не заметил потери бойца (2021 Remastered Version),Концерт в городе-герое Ленинграде (2021 Remastered Version),MUSIC_VIDEO_TYPE_ATV,118,catalog_or_official_row,0.90
Batushka,Litourgiya [Full - HD],2417,xgfa5UlZAL8,https://music.youtube.com/watch?v=xgfa5UlZAL8,OdiumNostrum,Batushka - Litourgiya [Full - HD],,MUSIC_VIDEO_TYPE_UGC,2478,artist_title_dash,0.86
Ани Лорак,Зеркала,2418,Fs8Q_JfRiDo,https://music.youtube.com/watch?v=Fs8Q_JfRiDo,Ани Лорак,Зеркала,Разве ты любил,MUSIC_VIDEO_TYPE_ATV,223,catalog_or_official_row,0.90
Т. Буланова,Не плачь,2419,QsxBckAVRzY,https://music.youtube.com/watch?v=QsxBckAVRzY,uubambr,Т. Буланова - Не плачь,,MUSIC_VIDEO_TYPE_UGC,331,artist_title_dash,0.86
Григорий Лепс & Ирина Аллегрова,Я тебе не верю,2422,QYNNOlqXC1s,https://music.youtube.com/watch?v=QYNNOlqXC1s,Григорий Лепс & Ирина Аллегрова,Я тебе не верю,Виктор Дробыш - 50 (Юбилейный концерт),MUSIC_VIDEO_TYPE_ATV,240,catalog_or_official_row,0.90
Конкурс от John Kalligan и Fender | IV,Панихида,2424,qrtoKtZ_fLo,https://music.youtube.com/watch?v=qrtoKtZ_fLo,IVEMBR,Конкурс от John Kalligan и Fender | IV - Панихида,,MUSIC_VIDEO_TYPE_UGC,269,artist_title_dash,0.86
Red Hot Chili Peppers,Dani California,2425,4FkfyssnHqU,https://music.youtube.com/watch?v=4FkfyssnHqU,Red Hot Chili Peppers,Dani California,Stadium Arcadium,MUSIC_VIDEO_TYPE_ATV,283,catalog_or_official_row,0.90
Rick-Grohl-ed,Nirvana vs Rick Astley - Never Gonna Give Your Teen Spirit up,2426,NN75im_us4k,https://music.youtube.com/watch?v=NN75im_us4k,Thriftshop XL,Rick-Grohl-ed - Nirvana vs Rick Astley - Never Gonna Give Your Teen Spirit up,,MUSIC_VIDEO_TYPE_UGC,229,artist_title_dash,0.86
The Cranberries,Ode To My Family,2428,0MBIlOaIfmY,https://music.youtube.com/watch?v=0MBIlOaIfmY,The Cranberries,Ode To My Family,No Need to Argue (The Complete Sessions 1994–1995),MUSIC_VIDEO_TYPE_ATV,272,catalog_or_official_row,0.90
Bitard671,Я титан (музыка без авторских прав),2429,5NxKeLeKm5U,https://music.youtube.com/watch?v=5NxKeLeKm5U,Iryna Levchyk,Bitard671 - Я титан (музыка без авторских прав),,MUSIC_VIDEO_TYPE_UGC,116,artist_title_dash,0.86
Тот самый Моисей Великанов,Я ЗНАМЕНИТОСТЬ (2018 клип),2431,fPSFmRalrcE,https://music.youtube.com/watch?v=fPSFmRalrcE,Тот самый Моисей Великанов,Моисей Великанов — Я ЗНАМЕНИТОСТЬ (2018 клип),,MUSIC_VIDEO_TYPE_UGC,99,title_prefixed_with_known_artist,0.92
МВиПД,Универсальный Комментарий (Studio Live),2433,2sbpCbENkjo,https://music.youtube.com/watch?v=2sbpCbENkjo,Тот самый Моисей Великанов,МВиПД — Универсальный Комментарий (Studio Live),,MUSIC_VIDEO_TYPE_UGC,65,artist_title_dash,0.86
МВиПД,Какой же я милый,2434,f79iXuSsUtI,https://music.youtube.com/watch?v=f79iXuSsUtI,МВиПД,Какой же я милый,Какой же я милый,MUSIC_VIDEO_TYPE_ATV,72,catalog_or_official_row,0.90
Remco Hendriks,Fretless Fornication,2436,6-dNPDoyEbc,https://music.youtube.com/watch?v=6-dNPDoyEbc,Remco Hendriks,Fretless Fornication,Groove-A-Holic,MUSIC_VIDEO_TYPE_ATV,313,catalog_or_official_row,0.90
Alexandr Misko,Russian Christmas Carol,2437,YjZkgvcZAGc,https://music.youtube.com/watch?v=YjZkgvcZAGc,Alexandr Misko,Russian Christmas Carol,"Covers and New Versions, Vol. 1",MUSIC_VIDEO_TYPE_ATV,77,catalog_or_official_row,0.90
Beware Of Darkness,All Who Remain,2440,kh8PEUoL130,https://music.youtube.com/watch?v=kh8PEUoL130,Beware Of Darkness,All Who Remain,Orthodox,MUSIC_VIDEO_TYPE_ATV,225,catalog_or_official_row,0.90
Beware Of Darkness,Heart Attack,2441,TRT22PS4oKA,https://music.youtube.com/watch?v=TRT22PS4oKA,Beware Of Darkness,Heart Attack,Orthodox,MUSIC_VIDEO_TYPE_ATV,215,catalog_or_official_row,0.90
Diabarha,Dead Zone,2444,9pRpkbJdqVg,https://music.youtube.com/watch?v=9pRpkbJdqVg,Diabarha,Splittercore: [Cyberpunk Machine] 16. Diabarha - Dead Zone,,MUSIC_VIDEO_TYPE_OMV,467,title_prefixed_with_known_artist,0.92
Nekrosystem,No Relax Frank,2445,S5rCBdfYzPo,https://music.youtube.com/watch?v=S5rCBdfYzPo,Speedcore Worldwide Audio Netlabel,Nekrosystem - No Relax Frank,,MUSIC_VIDEO_TYPE_UGC,204,artist_title_dash,0.86
Blur,Song 2,2447,SQrKCytWbj8,https://music.youtube.com/watch?v=SQrKCytWbj8,Blur,Song 2,Blur,MUSIC_VIDEO_TYPE_ATV,122,catalog_or_official_row,0.90
The Cranberries,Dreams,2448,SezuFrHm8f0,https://music.youtube.com/watch?v=SezuFrHm8f0,The Cranberries,Dreams,"Everybody Else Is Doing It, So Why Can't We?",MUSIC_VIDEO_TYPE_ATV,272,catalog_or_official_row,0.90
The Doors,The Crystal Ship,2450,GKa1W4a_5mI,https://music.youtube.com/watch?v=GKa1W4a_5mI,The Doors,The Crystal Ship,The Doors,MUSIC_VIDEO_TYPE_ATV,152,catalog_or_official_row,0.90
Epic Rap Battles of History,Elon Musk vs Mark Zuckerberg,2451,XytGk-ijNJ0,https://music.youtube.com/watch?v=XytGk-ijNJ0,Epic Rap Battles of History,Elon Musk vs Mark Zuckerberg,Elon Musk vs Mark Zuckerberg,MUSIC_VIDEO_TYPE_ATV,180,catalog_or_official_row,0.90
Валентин Стрыкало,Всё решено,2453,_Yq2QAhLt_w,https://music.youtube.com/watch?v=_Yq2QAhLt_w,Валентин Стрыкало,Всё решено,Смирись и расслабься,MUSIC_VIDEO_TYPE_ATV,192,catalog_or_official_row,0.90
The Cranberries,Shattered,2454,11JjCLoKHlg,https://music.youtube.com/watch?v=11JjCLoKHlg,The Cranberries,Shattered,Bury The Hatchet (The Complete Sessions 1998-1999),MUSIC_VIDEO_TYPE_ATV,223,catalog_or_official_row,0.90
The Doors,The End,2458,BXqPNlng6uI,https://music.youtube.com/watch?v=BXqPNlng6uI,The Doors,The End,The Doors,MUSIC_VIDEO_TYPE_ATV,704,catalog_or_official_row,0.90
Shinedown,Diamond Eyes (Boom-Lay Boom-Lay Boom),2459,ZboIu0IXf44,https://music.youtube.com/watch?v=ZboIu0IXf44,Shinedown,Diamond Eyes (Boom-Lay Boom-Lay Boom),The Sound of Madness,MUSIC_VIDEO_TYPE_ATV,337,catalog_or_official_row,0.90
Static-X,Skinnyman,2461,EIZa5k7Wgsk,https://music.youtube.com/watch?v=EIZa5k7Wgsk,Static-X,Skinnyman,Start a War,MUSIC_VIDEO_TYPE_ATV,221,catalog_or_official_row,0.90
Rage Against The Machine,Take the Power Back,2462,rMXlAJOQsss,https://music.youtube.com/watch?v=rMXlAJOQsss,Rage Against The Machine,Take the Power Back,Rage Against The Machine,MUSIC_VIDEO_TYPE_ATV,336,catalog_or_official_row,0.90
The Cranberries,Just My Imagination,2463,A0JMejMGA0M,https://music.youtube.com/watch?v=A0JMejMGA0M,The Cranberries,Just My Imagination,Bury The Hatchet (The Complete Sessions 1998-1999),MUSIC_VIDEO_TYPE_ATV,222,catalog_or_official_row,0.90
Aerosmith,Dream On,2464,EcKnq50F0pE,https://music.youtube.com/watch?v=EcKnq50F0pE,Aerosmith,Dream On,Greatest Hits (Deluxe),MUSIC_VIDEO_TYPE_ATV,266,catalog_or_official_row,0.90
The Police,Every Breath You Take (Remastered 2003),2465,G9Pag6dbsjc,https://music.youtube.com/watch?v=G9Pag6dbsjc,The Police,Every Breath You Take (Remastered 2003),The Police,MUSIC_VIDEO_TYPE_ATV,255,catalog_or_official_row,0.90
The Cranberries,Promises,2468,nB7N4AKt35g,https://music.youtube.com/watch?v=nB7N4AKt35g,The Cranberries,Promises,Bury The Hatchet (The Complete Sessions 1998-1999),MUSIC_VIDEO_TYPE_ATV,328,catalog_or_official_row,0.90
4 Non Blondes,What's Up?,2469,B6GdsRIbTSk,https://music.youtube.com/watch?v=B6GdsRIbTSk,4 Non Blondes,What's Up?,"Bigger, Better, Faster, More !",MUSIC_VIDEO_TYPE_ATV,296,catalog_or_official_row,0.90
Guns N' Roses,Sweet Child O' Mine,2470,jq_FWScqyG8,https://music.youtube.com/watch?v=jq_FWScqyG8,Guns N' Roses,Sweet Child O' Mine,Appetite For Destruction,MUSIC_VIDEO_TYPE_ATV,355,catalog_or_official_row,0.90
Linkin Park,Numb,2472,5qZQEq_C3vc,https://music.youtube.com/watch?v=5qZQEq_C3vc,Linkin Park,Numb,Meteora (Bonus Edition),MUSIC_VIDEO_TYPE_ATV,188,catalog_or_official_row,0.90
R.E.M.,Losing My Religion,2474,Efa6BAWPm9o,https://music.youtube.com/watch?v=Efa6BAWPm9o,R.E.M.,Losing My Religion,Out Of Time,MUSIC_VIDEO_TYPE_ATV,269,catalog_or_official_row,0.90
The Cranberries,Zombie,2475,yGxHDmHoqXc,https://music.youtube.com/watch?v=yGxHDmHoqXc,The Cranberries,Zombie,No Need to Argue (The Complete Sessions 1994–1995),MUSIC_VIDEO_TYPE_ATV,307,catalog_or_official_row,0.90
Static-X,Push It,2478,qYmSVJpy8j0,https://music.youtube.com/watch?v=qYmSVJpy8j0,Static-X,Push It,Wisconsin Death Trip,MUSIC_VIDEO_TYPE_ATV,155,catalog_or_official_row,0.90
Alexandr Misko,He's a Pirate,2480,1xhOJ86Mmts,https://music.youtube.com/watch?v=1xhOJ86Mmts,Alexandr Misko,He's a Pirate,"Covers and New Versions, Vol. 1",MUSIC_VIDEO_TYPE_ATV,89,catalog_or_official_row,0.90
Killer King,New Year's Eve,2481,p1r49SBAPCs,https://music.youtube.com/watch?v=p1r49SBAPCs,Killer King,New Year's Eve,New Year's Eve,MUSIC_VIDEO_TYPE_ATV,178,catalog_or_official_row,0.90
New Signature 7 String,playthrough of “chronosil” - Rob Scallon,2482,5KdiDCCUHlc,https://music.youtube.com/watch?v=5KdiDCCUHlc,Rob Scallon,New Signature 7 String - playthrough of “chronosil” - Rob Scallon,,MUSIC_VIDEO_TYPE_UGC,204,artist_title_dash,0.86
F.B. Piano Anime,History Maker (Yuri!!! on ICE Opening),2483,xYzS1fgBGos,https://music.youtube.com/watch?v=xYzS1fgBGos,F.B. Piano Anime,History Maker (Yuri!!! on ICE Opening),History Maker (Yuri on ICE!!! Opening),MUSIC_VIDEO_TYPE_ATV,107,catalog_or_official_row,0.90
Patrik Pietschmann,Tetris Theme (piano version),2488,Ci5squuWW3Q,https://music.youtube.com/watch?v=Ci5squuWW3Q,Patrik Pietschmann,Tetris Theme (piano version),,MUSIC_VIDEO_TYPE_OMV,187,catalog_or_official_row,0.78
Soften The Glare,Making Faces (2017) (Full Album),2493,fonDsCqxxT0,https://music.youtube.com/watch?v=fonDsCqxxT0,WankyShitDemon,Soften The Glare - Making Faces (2017) (Full Album),,MUSIC_VIDEO_TYPE_UGC,3218,artist_title_dash,0.86
В траве сидел Кузнечик,Во Всех Стилях | Нескучный Коллаб,2495,CINERx2q7sc,https://music.youtube.com/watch?v=CINERx2q7sc,Нескучный Саунд,В траве сидел Кузнечик - Во Всех Стилях | Нескучный Коллаб,,MUSIC_VIDEO_TYPE_UGC,628,artist_title_dash,0.86
RADIO TAPOK,Wrong Side of Heaven,2496,mRqYHeOtSUo,https://music.youtube.com/watch?v=mRqYHeOtSUo,RADIO TAPOK,Wrong Side of Heaven,Wrong Side of Heaven,MUSIC_VIDEO_TYPE_ATV,274,catalog_or_official_row,0.90
Nirvana,Come As You Are,2498,ZEMBDKMtHqM,https://music.youtube.com/watch?v=ZEMBDKMtHqM,Nirvana,Come As You Are,Nevermind,MUSIC_VIDEO_TYPE_ATV,219,catalog_or_official_row,0.90
Nirvana,Heart-Shaped Box,2499,8eGY-4OALgM,https://music.youtube.com/watch?v=8eGY-4OALgM,Nirvana,Heart-Shaped Box,In Utero (20th Anniversary Remaster),MUSIC_VIDEO_TYPE_ATV,282,catalog_or_official_row,0.90
Dead Or Alive,You Spin Me Round (Like a Record),2501,BUYLdVeny5g,https://music.youtube.com/watch?v=BUYLdVeny5g,Dead Or Alive,You Spin Me Round (Like a Record),You Spin Me Round,MUSIC_VIDEO_TYPE_ATV,197,catalog_or_official_row,0.90
Bassists Alliance,Forecast (Ryan Martinie & Leonid Maksimov),2503,_qScajDUBn4,https://music.youtube.com/watch?v=_qScajDUBn4,Framus & Warwick,Bassists Alliance  - Forecast (Ryan Martinie & Leonid Maksimov),,MUSIC_VIDEO_TYPE_UGC,182,artist_title_dash,0.86
John Kalligan,Панихида (Live),2507,JSUAfDr4ZKI,https://music.youtube.com/watch?v=JSUAfDr4ZKI,John Kalligan,Панихида (Live),Живой,MUSIC_VIDEO_TYPE_ATV,260,catalog_or_official_row,0.90
Bizet: Carmen-Toreador song,Laurent Naouri,2508,e5qmSEvDEGs,https://music.youtube.com/watch?v=e5qmSEvDEGs,AchillesValda,Bizet: Carmen-Toreador song - Laurent Naouri,,MUSIC_VIDEO_TYPE_UGC,348,artist_title_dash,0.86
Eiro Nareth,Rammstein Medley,2509,CNGYCIax1jA,https://music.youtube.com/watch?v=CNGYCIax1jA,Eiro Nareth,Rammstein Medley,"Acoustic Covers, Vol. 1",MUSIC_VIDEO_TYPE_ATV,407,catalog_or_official_row,0.90
The best voice in the world. Dimash Kudaibergenov,Opera 2 (2017),2510,anKmU1J0l9g,https://music.youtube.com/watch?v=anKmU1J0l9g,NoniShow,The best voice in the world. Dimash Kudaibergenov - Opera 2 (2017),,MUSIC_VIDEO_TYPE_UGC,250,artist_title_dash,0.86
Mudvayne,"Mercy, Severity (Studio Vocals...mostly)",2511,h7qEzGMLE3g,https://music.youtube.com/watch?v=h7qEzGMLE3g,Slaytounge,"Mudvayne - Mercy, Severity (Studio Vocals...mostly)",,MUSIC_VIDEO_TYPE_UGC,294,artist_title_dash,0.86
System Of A Down,Suggestions live【Reading Festival | 60fps】,2513,3wsW1E55eV8,https://music.youtube.com/watch?v=3wsW1E55eV8,ObeyYourSysteM,System Of A Down - Suggestions live【Reading Festival | 60fps】,,MUSIC_VIDEO_TYPE_UGC,220,artist_title_dash,0.86
The Police,King Of Pain,2514,SZlRX03BzeA,https://music.youtube.com/watch?v=SZlRX03BzeA,The Police,King Of Pain,Synchronicity (Remastered 2003),MUSIC_VIDEO_TYPE_ATV,300,catalog_or_official_row,0.90
Mudvayne,"Pharmaecopia (Live - Bass ""Emphasized"")",2519,PYXUV4Ed-Bs,https://music.youtube.com/watch?v=PYXUV4Ed-Bs,Slaytounge,"Mudvayne - Pharmaecopia (Live - Bass ""Emphasized"")",,MUSIC_VIDEO_TYPE_UGC,318,artist_title_dash,0.86
Mudvayne,Not Falling (Live Rock Am Ring 2005),2521,NkkyZjNN8XI,https://music.youtube.com/watch?v=NkkyZjNN8XI,Death Metal Ao Extremo,Mudvayne - Not Falling (Live Rock Am Ring 2005),,MUSIC_VIDEO_TYPE_UGC,282,artist_title_dash,0.86
Mudvayne,Prod and Death Blooms,2524,wQgyZToVsto,https://music.youtube.com/watch?v=wQgyZToVsto,Erik Sánchez Nuñez,Mudvayne - Prod and Death Blooms,,MUSIC_VIDEO_TYPE_UGC,646,artist_title_dash,0.86
Dying Fetus,Your Treachery Will Die with You,2527,A239nkeBM1k,https://music.youtube.com/watch?v=A239nkeBM1k,Dying Fetus,Your Treachery Will Die with You,Descend into Depravity (Deluxe Version),MUSIC_VIDEO_TYPE_ATV,215,catalog_or_official_row,0.90
Mudvayne,Death Blooms Live,2528,EOvAy3evU3k,https://music.youtube.com/watch?v=EOvAy3evU3k,ejatt,Mudvayne - Death Blooms Live,,MUSIC_VIDEO_TYPE_UGC,293,artist_title_dash,0.86
The Doors,Love Me Two Times,2529,DMYRXBsIOxs,https://music.youtube.com/watch?v=DMYRXBsIOxs,The Doors,Love Me Two Times,"Alive, She Cried",MUSIC_VIDEO_TYPE_ATV,197,catalog_or_official_row,0.90
Bill Wurtz,And the Day Goes On,2530,3XNsBpH5VwM,https://music.youtube.com/watch?v=3XNsBpH5VwM,Bill Wurtz,And the Day Goes On,And the Day Goes On,MUSIC_VIDEO_TYPE_ATV,131,catalog_or_official_row,0.90
Hayaino Daisuki,Invincible Gate Mind EP (2010) Full Album HQ (Thrash/Melodic/Grind),2533,VGj7nmUy4PY,https://music.youtube.com/watch?v=VGj7nmUy4PY,"Death, Gore & Grindcore",Hayaino Daisuki - Invincible Gate Mind EP (2010) Full Album HQ (Thrash/Melodic/Grind),,MUSIC_VIDEO_TYPE_UGC,740,artist_title_dash,0.86
Estas Tonne,Internal Flight @ 432 Hz,2535,A3uhsPEPfrk,https://music.youtube.com/watch?v=A3uhsPEPfrk,Andrej Šunko,Estas Tonne - Internal Flight @ 432 Hz,,MUSIC_VIDEO_TYPE_UGC,3831,artist_title_dash,0.86
Alexandr Misko,Treasured Memory,2537,UKS0Xm-WpZA,https://music.youtube.com/watch?v=UKS0Xm-WpZA,Alexandr Misko,Treasured Memory,Beyond the Box,MUSIC_VIDEO_TYPE_ATV,260,catalog_or_official_row,0.90
Mudvaynefan968,Nothing To Gein [Rock Am Ring 2001],2542,iOH7TfNlMzs,https://music.youtube.com/watch?v=iOH7TfNlMzs,Mudvaynefan968,MuDvAyNe - Nothing To Gein [Rock Am Ring 2001],,MUSIC_VIDEO_TYPE_UGC,450,title_prefixed_with_known_artist,0.92
Rammstein,Links 2 3 4 (Live),2543,ZQlOdkCkNgI,https://music.youtube.com/watch?v=ZQlOdkCkNgI,Rammstein,Links 2 3 4 (Live),Paris (Live),MUSIC_VIDEO_TYPE_ATV,303,catalog_or_official_row,0.90
HELLYEAH,Hush,2544,-cyqPSE_83k,https://music.youtube.com/watch?v=-cyqPSE_83k,HELLYEAH,Hush,Blood For Blood,MUSIC_VIDEO_TYPE_ATV,234,catalog_or_official_row,0.90
Mudvayne,Forget to Remember (From Saw II - Original Soundtrack),2546,x-1e32tfbeQ,https://music.youtube.com/watch?v=x-1e32tfbeQ,Mudvayne,Forget to Remember (From Saw II - Original Soundtrack),Lost and Found,MUSIC_VIDEO_TYPE_ATV,216,catalog_or_official_row,0.90
Steve Ibsen,The Kitty Cat Dance,2547,60t8A0n5uQQ,https://music.youtube.com/watch?v=60t8A0n5uQQ,Steve Ibsen,The Kitty Cat Dance,The Kitty Cat Dance,MUSIC_VIDEO_TYPE_ATV,84,catalog_or_official_row,0.90
Alex Terrible,Barbie Girl METAL VERSION,2551,1RW4HBRmY1s,https://music.youtube.com/watch?v=1RW4HBRmY1s,Alex Terrible,ALEX TERRIBLE Aqua - Barbie Girl METAL VERSION,,MUSIC_VIDEO_TYPE_OMV,229,title_prefixed_with_known_artist,0.92
Остров в океане ане ане,ПРОРОК САН БОЙ (MemMusic #12),2552,rjvImL06_1k,https://music.youtube.com/watch?v=rjvImL06_1k,Mem Music,Остров в океане ане ане - ПРОРОК САН БОЙ (MemMusic #12),,MUSIC_VIDEO_TYPE_UGC,294,artist_title_dash,0.86
Mudvayne,Pharmaecopia Live [w/ Lyrics],2553,ojPbD3BIM9E,https://music.youtube.com/watch?v=ojPbD3BIM9E,benz1n,Mudvayne - Pharmaecopia Live [w/ Lyrics],,MUSIC_VIDEO_TYPE_UGC,334,artist_title_dash,0.86
Mudvayne,Severed Live [w/ Lyrics],2554,zwQQZPo3k_s,https://music.youtube.com/watch?v=zwQQZPo3k_s,benz1n,Mudvayne -  Severed Live [w/ Lyrics],,MUSIC_VIDEO_TYPE_UGC,342,artist_title_dash,0.86
Mudvayne,Nothing To Gein Live Ozzfest 2001!,2555,O2ZL2NPzWzQ,https://music.youtube.com/watch?v=O2ZL2NPzWzQ,Mudshadow8,Mudvayne - Nothing To Gein Live Ozzfest 2001!,,MUSIC_VIDEO_TYPE_UGC,403,artist_title_dash,0.86
Audiotopsy,LYLAB,2558,87tXE1N_f8o,https://music.youtube.com/watch?v=87tXE1N_f8o,Audiotopsy,LYLAB,Natural Causes,MUSIC_VIDEO_TYPE_ATV,259,catalog_or_official_row,0.90
Whitney Houston,I Will Always Love You,2562,m4QZL7whs10,https://music.youtube.com/watch?v=m4QZL7whs10,Whitney Houston,I Will Always Love You,Whitney The Greatest Hits,MUSIC_VIDEO_TYPE_ATV,264,catalog_or_official_row,0.90
Bryan Adams,(Everything I Do) I Do It For You,2563,Y0pdQU87dc8,https://music.youtube.com/watch?v=Y0pdQU87dc8,Bryan Adams,Bryan Adams - (Everything I Do) I Do It For You,,MUSIC_VIDEO_TYPE_OMV,393,title_prefixed_with_known_artist,0.92
Rage Against The Machine,Testify,2565,DVB3upn54AY,https://music.youtube.com/watch?v=DVB3upn54AY,Rage Against The Machine,Testify,The Battle Of Los Angeles,MUSIC_VIDEO_TYPE_ATV,211,catalog_or_official_row,0.90
Dope,1999,2566,B67jwszx2J0,https://music.youtube.com/watch?v=B67jwszx2J0,Dope,1999,Blood Money,MUSIC_VIDEO_TYPE_ATV,223,catalog_or_official_row,0.90
Kurai,Breaking the Broken,2569,Fud3i1XNpDU,https://music.youtube.com/watch?v=Fud3i1XNpDU,Kurai,Breaking the Broken,Breaking the Broken,MUSIC_VIDEO_TYPE_ATV,292,catalog_or_official_row,0.90
HELLYEAH,Human,2570,e7fa6snnX8s,https://music.youtube.com/watch?v=e7fa6snnX8s,HELLYEAH,Human,UNDEN!ABLE,MUSIC_VIDEO_TYPE_ATV,214,catalog_or_official_row,0.90
Lana Del Rey,Young And Beautiful (DH Orchestral Version),2578,HxBNiUOOaMI,https://music.youtube.com/watch?v=HxBNiUOOaMI,Lana Del Rey,Young And Beautiful (DH Orchestral Version),Music From Baz Luhrmann's Film The Great Gatsby (International Streaming Version),MUSIC_VIDEO_TYPE_ATV,232,catalog_or_official_row,0.90
System Of A Down,B.Y.O.B. live (HD/DVD Quality),2579,w00v2zVkX9g,https://music.youtube.com/watch?v=w00v2zVkX9g,ObeyYourSysteM,System Of A Down - B.Y.O.B. live (HD/DVD Quality),,MUSIC_VIDEO_TYPE_UGC,255,artist_title_dash,0.86
Cloud 9+,Hide the Pain,2580,gGh9vQOQoJ4,https://music.youtube.com/watch?v=gGh9vQOQoJ4,Cloud 9+,Hide the Pain,Mixtape,MUSIC_VIDEO_TYPE_ATV,206,catalog_or_official_row,0.90
Enjoykin,Полковник,2587,diLV_LkZK8w,https://music.youtube.com/watch?v=diLV_LkZK8w,Enjoykin,Enjoykin - Полковник,,MUSIC_VIDEO_TYPE_UGC,118,title_prefixed_with_known_artist,0.92
Breaking Benjamin,Red Cold River,2588,3DGdtKWLNaA,https://music.youtube.com/watch?v=3DGdtKWLNaA,Breaking Benjamin,Red Cold River,Ember,MUSIC_VIDEO_TYPE_ATV,201,catalog_or_official_row,0.90
MetallicA & Ozzy,Iron Man & Paranoid (RnR Hall of Fame '09),2591,x6LXp9uWQUk,https://music.youtube.com/watch?v=x6LXp9uWQUk,metallivideo,MetallicA & Ozzy - Iron Man & Paranoid (RnR Hall of Fame '09),,MUSIC_VIDEO_TYPE_UGC,316,artist_title_dash,0.86
Eiro Nareth,Interstellar Theme,2592,cslkGvmOFPg,https://music.youtube.com/watch?v=cslkGvmOFPg,Eiro Nareth,Interstellar Theme,"Acoustic Covers, Vol. 2",MUSIC_VIDEO_TYPE_ATV,329,catalog_or_official_row,0.90
Release,Big Enough Screaming Cowboy Meme (8 Bit Version),2593,c5End86ZGiA,https://music.youtube.com/watch?v=c5End86ZGiA,Release - Topic,Big Enough Screaming Cowboy Meme (8 Bit Version),8 Bit Bounty,MUSIC_VIDEO_TYPE_ATV,121,catalog_or_official_row,0.90
Asking Alexandria,The Black,2598,TTKcCni5G4M,https://music.youtube.com/watch?v=TTKcCni5G4M,Asking Alexandria,The Black,The Black,MUSIC_VIDEO_TYPE_ATV,282,catalog_or_official_row,0.90
Coal Chamber,Fiend,2600,vxjAe9OUw9M,https://music.youtube.com/watch?v=vxjAe9OUw9M,Coal Chamber,Fiend,Dark Days,MUSIC_VIDEO_TYPE_ATV,181,catalog_or_official_row,0.90
Epic Rap Battles of History,Rasputin vs Stalin,2602,QfQJOcdpGZQ,https://music.youtube.com/watch?v=QfQJOcdpGZQ,Epic Rap Battles of History,Rasputin vs Stalin,Rasputin vs Stalin,MUSIC_VIDEO_TYPE_ATV,266,catalog_or_official_row,0.90
Peter Gabriel,Shock The Monkey,2606,4Z9ZHcyCpxM,https://music.youtube.com/watch?v=4Z9ZHcyCpxM,Peter Gabriel,Shock The Monkey,Peter Gabriel 4: Security,MUSIC_VIDEO_TYPE_ATV,329,catalog_or_official_row,0.90
Alexandr Misko,Linkin Park - Numb (Old) (Alex Misko),2608,bc7JCxUlHOU,https://music.youtube.com/watch?v=bc7JCxUlHOU,Alexandr Misko,Linkin Park - Numb (Old) (Alex Misko),,MUSIC_VIDEO_TYPE_OMV,183,catalog_or_official_row,0.78
Alexandr Misko,Billie Jean,2609,Jx4okVd3K14,https://music.youtube.com/watch?v=Jx4okVd3K14,Alexandr Misko,Billie Jean,,MUSIC_VIDEO_TYPE_OMV,234,catalog_or_official_row,0.78
Alexandr Misko,Guitar + Pen Tapping Song,2610,F1V3Pt7aFnI,https://music.youtube.com/watch?v=F1V3Pt7aFnI,Alexandr Misko,Guitar + Pen Tapping Song,,MUSIC_VIDEO_TYPE_OMV,146,catalog_or_official_row,0.78
Mudvayne,Not Falling,2613,u9KR6liceOM,https://music.youtube.com/watch?v=u9KR6liceOM,Mudvayne,Not Falling,The End Of All Things To Come,MUSIC_VIDEO_TYPE_ATV,244,catalog_or_official_row,0.90
Mudvayne,Happy?,2614,gYED_UYMaXQ,https://music.youtube.com/watch?v=gYED_UYMaXQ,Mudvayne,Happy?,Lost and Found,MUSIC_VIDEO_TYPE_ATV,217,catalog_or_official_row,0.90
Ghost,SECULAR HAZE,2615,oLF4B6R76vo,https://music.youtube.com/watch?v=oLF4B6R76vo,Ghost,SECULAR HAZE,Infestissumam,MUSIC_VIDEO_TYPE_ATV,312,catalog_or_official_row,0.90
E.Grieg,"Peer Gynt. Anitra's Dance . Suite No. 1, Op. 46. piano (Synthesia)",2618,BsUoOhm2_N4,https://music.youtube.com/watch?v=BsUoOhm2_N4,Lana Banana,"E.Grieg - Peer Gynt. Anitra's Dance . Suite No. 1, Op. 46. piano (Synthesia)",,MUSIC_VIDEO_TYPE_UGC,214,artist_title_dash,0.86
RAMMELHOF,Wladimir (Put Put Putin),2619,ElZ2P8Xdr7c,https://music.youtube.com/watch?v=ElZ2P8Xdr7c,RAMMELHOF,Wladimir (Put Put Putin),Die ganze Welt ist ein RAMMELHOF,MUSIC_VIDEO_TYPE_ATV,223,catalog_or_official_row,0.90
Feign,Dig (feat. Anthony Alexander),2625,MBIGMh1yg5U,https://music.youtube.com/watch?v=MBIGMh1yg5U,Feign,Dig (feat. Anthony Alexander),Dig (feat. Anthony Alexander),MUSIC_VIDEO_TYPE_ATV,170,catalog_or_official_row,0.90
GREEN DAY,BOULEVARD OF BROKEN DREAMS - SHITTYFLUTED,2626,d4fsMPCv18I,https://music.youtube.com/watch?v=d4fsMPCv18I,shittyflute,GREEN DAY - BOULEVARD OF BROKEN DREAMS - SHITTYFLUTED,,MUSIC_VIDEO_TYPE_UGC,263,artist_title_dash,0.86
Егор Летов,Всё идёт по плану (2021 Remastered Version),2627,mrRf9gsHzJM,https://music.youtube.com/watch?v=mrRf9gsHzJM,Егор Летов,Всё идёт по плану (2021 Remastered Version),Концерт в городе-герое Ленинграде (2021 Remastered Version),MUSIC_VIDEO_TYPE_ATV,196,catalog_or_official_row,0.90
Srod Almenara,Game Of Thrones,2628,qv6jWWG3Ijw,https://music.youtube.com/watch?v=qv6jWWG3Ijw,Srod Almenara,Game Of Thrones,Game Of Thrones,MUSIC_VIDEO_TYPE_ATV,193,catalog_or_official_row,0.90
2CELLOS,Thunderstruck,2629,w4uprzkSXfc,https://music.youtube.com/watch?v=w4uprzkSXfc,2CELLOS,Thunderstruck,Celloverse,MUSIC_VIDEO_TYPE_ATV,221,catalog_or_official_row,0.90
J. S. Bach,Toccata in D Minor - Konstandinos Boudounis - Solo Cello - live,2630,mmJim2h-byQ,https://music.youtube.com/watch?v=mmJim2h-byQ,Dimitrios Doulias,J. S. Bach - Toccata in D Minor - Konstandinos Boudounis - Solo Cello - live,,MUSIC_VIDEO_TYPE_UGC,321,artist_title_dash,0.86
RADIO TAPOK,20 голосов | Русский рок | Пародии,2631,RSI_ZPdpuSM,https://music.youtube.com/watch?v=RSI_ZPdpuSM,RADIO TAPOK,RADIO TAPOK - 20 голосов | Русский рок | Пародии,,MUSIC_VIDEO_TYPE_OMV,403,title_prefixed_with_known_artist,0.92
QUEEN,BOHEMIAN RHAPSODY - SHITTYFLUTED,2635,aIcdj4UH9u0,https://music.youtube.com/watch?v=aIcdj4UH9u0,shittyflute,QUEEN - BOHEMIAN RHAPSODY - SHITTYFLUTED,,MUSIC_VIDEO_TYPE_UGC,357,artist_title_dash,0.86
Smash Mouth,All Star,2638,8ay_BkRuv-o,https://music.youtube.com/watch?v=8ay_BkRuv-o,Smash Mouth,All Star,Astro Lounge,MUSIC_VIDEO_TYPE_ATV,201,catalog_or_official_row,0.90
Totality,Death Metal Friday,2639,7U7FizJjvD8,https://music.youtube.com/watch?v=7U7FizJjvD8,Totality,Death Metal Friday,Death Metal Friday,MUSIC_VIDEO_TYPE_ATV,208,catalog_or_official_row,0.90
Pirates of the Caribbean,He ́s a pirate (organ) / Fluch der Karibik OST (Orgel),2640,xsm1Nd83rtY,https://music.youtube.com/watch?v=xsm1Nd83rtY,Ben das Brot,Pirates of the Caribbean - He´s a pirate (organ) / Fluch der Karibik OST (Orgel),,MUSIC_VIDEO_TYPE_UGC,403,artist_title_dash,0.86
Remy Zero,Save Me,2641,Qu0dIn3_2Zc,https://music.youtube.com/watch?v=Qu0dIn3_2Zc,Remy Zero,Save Me,The Golden Hum,MUSIC_VIDEO_TYPE_ATV,240,catalog_or_official_row,0.90
Leo Moracchioli,Hello (feat. Pete Cottrell),2645,LtQUJMBH8uE,https://music.youtube.com/watch?v=LtQUJMBH8uE,Leo Moracchioli,Hello (feat. Pete Cottrell),,MUSIC_VIDEO_TYPE_OMV,363,catalog_or_official_row,0.78
System Of A Down,B.Y.O.B.,2646,OMtq6JzREcA,https://music.youtube.com/watch?v=OMtq6JzREcA,System Of A Down,B.Y.O.B.,Mezmerize,MUSIC_VIDEO_TYPE_ATV,256,catalog_or_official_row,0.90
Rob Scallon,Psychosocial (feat. Leo Moracchioli),2647,TJfGoA6BP7I,https://music.youtube.com/watch?v=TJfGoA6BP7I,Rob Scallon,Psychosocial (feat. Leo Moracchioli),Psychosocial,MUSIC_VIDEO_TYPE_ATV,253,catalog_or_official_row,0.90
Bots,Sieben Tage Lang,2648,lKwIvzFX5ck,https://music.youtube.com/watch?v=lKwIvzFX5ck,Bots,Sieben Tage Lang,Aufstehn,MUSIC_VIDEO_TYPE_ATV,299,catalog_or_official_row,0.90
Powerwolf,We Drink Your Blood,2649,iCKYetNYR2M,https://music.youtube.com/watch?v=iCKYetNYR2M,Powerwolf,We Drink Your Blood,Blood of the Saints,MUSIC_VIDEO_TYPE_ATV,223,catalog_or_official_row,0.90
Grissini Project,Main Theme (From ''Game of Thrones''),2652,vfI-Zb5oWzM,https://music.youtube.com/watch?v=vfI-Zb5oWzM,Grissini Project,Main Theme (From ''Game of Thrones''),Main Theme (From ''Game of Thrones''),MUSIC_VIDEO_TYPE_ATV,203,catalog_or_official_row,0.90
Okilly Dokilly,White Wine Spritzer,2654,1mDT51Cb31A,https://music.youtube.com/watch?v=1mDT51Cb31A,Okilly Dokilly,White Wine Spritzer,Howdilly Doodilly,MUSIC_VIDEO_TYPE_ATV,191,catalog_or_official_row,0.90
Би-2,Полковнику никто не пишет,2655,ihOxsYme6pk,https://music.youtube.com/watch?v=ihOxsYme6pk,Би-2,Полковнику никто не пишет,Би-2,MUSIC_VIDEO_TYPE_ATV,293,catalog_or_official_row,0.90
Би-2,Варвара,2656,pLI54N-NOEs,https://music.youtube.com/watch?v=pLI54N-NOEs,Би-2,Варвара,Би-2,MUSIC_VIDEO_TYPE_ATV,302,catalog_or_official_row,0.90
PHARAOH,Фосфор,2657,lqoCZ5k45A8,https://music.youtube.com/watch?v=lqoCZ5k45A8,PHARAOH,Фосфор,PHOSPHOR,MUSIC_VIDEO_TYPE_ATV,159,catalog_or_official_row,0.90
Korol i Shut,Танец злобного гения,2658,C48NTipyBXc,https://music.youtube.com/watch?v=C48NTipyBXc,Korol i Shut,Танец злобного гения,,MUSIC_VIDEO_TYPE_OMV,264,catalog_or_official_row,0.78
Grissini Project,No Time for Caution (From “Interstellar”),2663,rOYhNTtjyW8,https://music.youtube.com/watch?v=rOYhNTtjyW8,Grissini Project,No Time for Caution (From “Interstellar”),"Grissini Project : Musique de jeux vidéos, animés et films",MUSIC_VIDEO_TYPE_ATV,214,catalog_or_official_row,0.90
Eddie van der Meer,Davy Jones Theme,2664,Kdd4_DXNb-s,https://music.youtube.com/watch?v=Kdd4_DXNb-s,Eddie van der Meer,Davy Jones Theme,Cover Songs #6,MUSIC_VIDEO_TYPE_ATV,89,catalog_or_official_row,0.90
Patrik Pietschmann,Game of Thrones Main Theme,2665,yZGBxiNPu3k,https://music.youtube.com/watch?v=yZGBxiNPu3k,Patrik Pietschmann,Game of Thrones Main Theme,,MUSIC_VIDEO_TYPE_OMV,173,catalog_or_official_row,0.78
System Of A Down,War? (Official HD Video),2669,F46r-_jPPHY,https://music.youtube.com/watch?v=F46r-_jPPHY,System Of A Down,War? (Official HD Video),,MUSIC_VIDEO_TYPE_OMV,193,catalog_or_official_row,0.78
Patrik Pietschmann,Hans Zimmer - Inception - Time (Piano Version) + Sheet Music,2670,Dspmds_7mlI,https://music.youtube.com/watch?v=Dspmds_7mlI,Patrik Pietschmann,Hans Zimmer - Inception - Time (Piano Version) + Sheet Music,,MUSIC_VIDEO_TYPE_OMV,250,catalog_or_official_row,0.78
Grissini Project,Davy Jones's Theme (From ''Pirates of the Caribbean''),2671,0VpeZ6wTe08,https://music.youtube.com/watch?v=0VpeZ6wTe08,Grissini Project,Davy Jones's Theme (From ''Pirates of the Caribbean''),Davy Jones's Theme (From ''Pirates of the Caribbean''),MUSIC_VIDEO_TYPE_ATV,220,catalog_or_official_row,0.90
Uriël,Interstellar Main Theme,2672,K5T0WWB_Dv0,https://music.youtube.com/watch?v=K5T0WWB_Dv0,Uriël,Interstellar Main Theme,"Musical History in Piano, Vol. 5",MUSIC_VIDEO_TYPE_ATV,281,catalog_or_official_row,0.90
THE DOORS,De La Fokoff Selection,2674,_Btn5KloZng,https://music.youtube.com/watch?v=_Btn5KloZng,De La Fokoff Selection,THE DOORS - De La Fokoff Selection,,MUSIC_VIDEO_TYPE_UGC,4019,artist_title_dash,0.86
Ghost,"Ritual ""live"" Lollapalooza Chile 2016.",2676,F2CfL0L2-20,https://music.youtube.com/watch?v=F2CfL0L2-20,Sunraven Ghoul,"Ghost - Ritual ""live"" Lollapalooza Chile 2016.(HD)",,MUSIC_VIDEO_TYPE_UGC,278,artist_title_dash,0.86
Gridscape,"Jacked-In - Album Previews (Release Date: April 3, 2017)",2679,VrUIiA4Au3g,https://music.youtube.com/watch?v=VrUIiA4Au3g,Gridscape,"Gridscape - Jacked-In - Album Previews (Release Date: April 3, 2017)",,MUSIC_VIDEO_TYPE_UGC,708,title_prefixed_with_known_artist,0.92
Stellamara,Kyrie Eleison,2680,R4C3JsanB08,https://music.youtube.com/watch?v=R4C3JsanB08,Stellamara,Kyrie Eleison,The Seven Valleys,MUSIC_VIDEO_TYPE_ATV,344,catalog_or_official_row,0.90
Metal Guitar Stuff / Tore Fagerheim,Ultimate Metal / Metalcore Gaming Music Compilation // NO VOCALS // Playlist,2681,a48_Q1b0nas,https://music.youtube.com/watch?v=a48_Q1b0nas,Metal Guitar Stuff / Tore Fagerheim,Ultimate Metal / Metalcore Gaming Music Compilation // NO VOCALS // Playlist,,MUSIC_VIDEO_TYPE_OFFICIAL_SOURCE_MUSIC,4067,catalog_or_official_row,0.78
Pentatonix,Bohemian Rhapsody,2686,54wE05XxVww,https://music.youtube.com/watch?v=54wE05XxVww,Pentatonix,Bohemian Rhapsody,Bohemian Rhapsody,MUSIC_VIDEO_TYPE_ATV,356,catalog_or_official_row,0.90
Andy McKee,Guitar - Drifting - www.candyrat.com,2689,Ddn4MGaS3N4,https://music.youtube.com/watch?v=Ddn4MGaS3N4,Andy McKee,Andy McKee - Guitar - Drifting - www.candyrat.com,,MUSIC_VIDEO_TYPE_OMV,199,title_prefixed_with_known_artist,0.92
RADIO TAPOK,Numb,2690,O8u61dQut1E,https://music.youtube.com/watch?v=O8u61dQut1E,RADIO TAPOK,Numb,,MUSIC_VIDEO_TYPE_OMV,208,catalog_or_official_row,0.78
Rammstein,Wollt ihr das Bett in Flammen Sehen (Live),2695,9IpBSkiuub0,https://music.youtube.com/watch?v=9IpBSkiuub0,Rammstein,Wollt ihr das Bett in Flammen Sehen (Live),Paris (Live),MUSIC_VIDEO_TYPE_ATV,307,catalog_or_official_row,0.90
Rick Astley,Never Gonna Give You Up,2697,lYBUbBu4W08,https://music.youtube.com/watch?v=lYBUbBu4W08,Rick Astley,Never Gonna Give You Up,Whenever You Need Somebody,MUSIC_VIDEO_TYPE_ATV,214,catalog_or_official_row,0.90
Disturbed,The Vengeful One,2699,O_ItSLCZWb0,https://music.youtube.com/watch?v=O_ItSLCZWb0,Disturbed,The Vengeful One,Immortalized (Deluxe Edition),MUSIC_VIDEO_TYPE_ATV,253,catalog_or_official_row,0.90
Slipknot,Psychosocial,2700,-XlW-cyAdiw,https://music.youtube.com/watch?v=-XlW-cyAdiw,Slipknot,Psychosocial,All Hope Is Gone,MUSIC_VIDEO_TYPE_ATV,284,catalog_or_official_row,0.90
Smash Mouth,Shooting All Star,2701,ifY-5UZRamU,https://music.youtube.com/watch?v=ifY-5UZRamU,Grandayy,Smash Mouth - Shooting All Star,,MUSIC_VIDEO_TYPE_UGC,139,artist_title_dash,0.86
Ghost,"He Is (Live ""Grammis 2016"")",2702,xQm8Ssh4ynQ,https://music.youtube.com/watch?v=xQm8Ssh4ynQ,TheSweMusicMan,"Ghost - He Is  (Live ""Grammis 2016"")",,MUSIC_VIDEO_TYPE_UGC,252,artist_title_dash,0.86
Anthony Vincent,Chop Suey (In the style of Ghost),2703,JRo4iWjCHcs,https://music.youtube.com/watch?v=JRo4iWjCHcs,Anthony Vincent,Chop Suey (In the style of Ghost),Chop Suey (In the style of Ghost),MUSIC_VIDEO_TYPE_ATV,275,catalog_or_official_row,0.90
Marilyn Manson,The Beautiful People,2705,aFIwUqEiEnw,https://music.youtube.com/watch?v=aFIwUqEiEnw,Marilyn Manson,The Beautiful People,Antichrist Superstar,MUSIC_VIDEO_TYPE_ATV,219,catalog_or_official_row,0.90
Anthony Vincent,In The End,2706,yGI2efVvLrw,https://music.youtube.com/watch?v=yGI2efVvLrw,Anthony Vincent,In The End,In The End,MUSIC_VIDEO_TYPE_ATV,237,catalog_or_official_row,0.90
Anthony Vincent,Chop Suey in 20 Styles,2707,L451uSkE_1Q,https://music.youtube.com/watch?v=L451uSkE_1Q,Anthony Vincent,Chop Suey in 20 Styles,Songs in 20 Styles or More,MUSIC_VIDEO_TYPE_ATV,281,catalog_or_official_row,0.90
Clhmes,EUFORIA,2708,yeTUjKUVYhM,https://music.youtube.com/watch?v=yeTUjKUVYhM,Clhmes,EUFORIA,TUTTO HA UN ALTRO SIGNIFICATO (completo),MUSIC_VIDEO_TYPE_ATV,211,catalog_or_official_row,0.90
Marilyn Manson,This Is The New Shit,2709,NefPxlL5o8g,https://music.youtube.com/watch?v=NefPxlL5o8g,Marilyn Manson,This Is The New Shit,This Is The New Shit,MUSIC_VIDEO_TYPE_ATV,261,catalog_or_official_row,0.90
Marilyn Manson,Personal Jesus,2710,7Vd1F12wjOc,https://music.youtube.com/watch?v=7Vd1F12wjOc,Marilyn Manson,Personal Jesus,Personal Jesus,MUSIC_VIDEO_TYPE_ATV,247,catalog_or_official_row,0.90
Epic Celtic Music-Benevolent Wolf Pack,March to War,2711,N8ORTiDU7Ss,https://music.youtube.com/watch?v=N8ORTiDU7Ss,Logan Epic Canto,Epic Celtic Music-Benevolent Wolf Pack - March to War,,MUSIC_VIDEO_TYPE_UGC,154,artist_title_dash,0.86
Mark Fowler,Numb,2712,pak09eBXAO8,https://music.youtube.com/watch?v=pak09eBXAO8,Mark Fowler,Numb,The Essential Collection - Volume 2,MUSIC_VIDEO_TYPE_ATV,178,catalog_or_official_row,0.90
Sungha Jung,Pirates of the Caribbean,2713,jUDJCZ4HplI,https://music.youtube.com/watch?v=jUDJCZ4HplI,Sungha Jung,Pirates of the Caribbean,Sungha Jung Cover Compilation 4,MUSIC_VIDEO_TYPE_ATV,82,catalog_or_official_row,0.90
Miguel Carvena; Antonio Vivaldi,Summer,2714,Hf-hck8vQZU,https://music.youtube.com/watch?v=Hf-hck8vQZU,Miguel Carvena; Antonio Vivaldi,Summer,The Four Seasons,MUSIC_VIDEO_TYPE_ATV,152,catalog_or_official_row,0.90
Linkin Park,In the End,2715,BLZWkjBXfN8,https://music.youtube.com/watch?v=BLZWkjBXfN8,Linkin Park,In the End,Hybrid Theory (Bonus Edition),MUSIC_VIDEO_TYPE_ATV,217,catalog_or_official_row,0.90
Skillet,Hero,2717,EDNZ2zubuKg,https://music.youtube.com/watch?v=EDNZ2zubuKg,Skillet,Hero,Awake,MUSIC_VIDEO_TYPE_ATV,187,catalog_or_official_row,0.90
System Of A Down,Aerials,2719,e-2251_at-k,https://music.youtube.com/watch?v=e-2251_at-k,System Of A Down,Aerials,Toxicity,MUSIC_VIDEO_TYPE_ATV,236,catalog_or_official_row,0.90
Depeche Mode,Personal Jesus,2720,pm3sP0n7F-M,https://music.youtube.com/watch?v=pm3sP0n7F-M,Depeche Mode,Personal Jesus,Violator (Deluxe),MUSIC_VIDEO_TYPE_ATV,296,catalog_or_official_row,0.90
We Are Number One but it's Darude,Sandstorm,2721,P6ESEvXiMPw,https://music.youtube.com/watch?v=P6ESEvXiMPw,Grandayy,We Are Number One but it's Darude - Sandstorm,,MUSIC_VIDEO_TYPE_UGC,200,artist_title_dash,0.86
nirvana,rape me,2723,3rS6mZUo3fg,https://music.youtube.com/watch?v=3rS6mZUo3fg,Martin Flaa,nirvana - rape me,,MUSIC_VIDEO_TYPE_UGC,171,artist_title_dash,0.86
Nirvana,Smells Like Teen Spirit,2724,ljUtuoFt-8c,https://music.youtube.com/watch?v=ljUtuoFt-8c,Nirvana,Smells Like Teen Spirit,Nevermind,MUSIC_VIDEO_TYPE_ATV,302,catalog_or_official_row,0.90
System Of A Down,Toxicity,2728,mUEsqQpact0,https://music.youtube.com/watch?v=mUEsqQpact0,System Of A Down,Toxicity,Toxicity,MUSIC_VIDEO_TYPE_ATV,219,catalog_or_official_row,0.90
Motörhead,God Was Never on Your Side,2732,o1hSSuc42P8,https://music.youtube.com/watch?v=o1hSSuc42P8,Motörhead,God Was Never on Your Side,Kiss of Death,MUSIC_VIDEO_TYPE_ATV,262,catalog_or_official_row,0.90
Justin Bieber,Baby (feat. Ludacris),2734,GqWYJT-iMTw,https://music.youtube.com/watch?v=GqWYJT-iMTw,Justin Bieber,Baby (feat. Ludacris),My World 2.0,MUSIC_VIDEO_TYPE_ATV,215,catalog_or_official_row,0.90
Azis,Mrazish,2735,u3zVGKrP2J8,https://music.youtube.com/watch?v=u3zVGKrP2J8,Azis,Mrazish,Gadna Poroda,MUSIC_VIDEO_TYPE_ATV,203,catalog_or_official_row,0.90
Miley Cyrus,Wrecking Ball,2736,iqXxfOnk-Z4,https://music.youtube.com/watch?v=iqXxfOnk-Z4,Miley Cyrus,Wrecking Ball,Bangerz (Deluxe Version),MUSIC_VIDEO_TYPE_ATV,222,catalog_or_official_row,0.90
Pat&Stanley,The Lion Sleeps tonight,2740,mrOWDPkYyP0,https://music.youtube.com/watch?v=mrOWDPkYyP0,RemoteSojourner,Pat&Stanley - The Lion Sleeps tonight,,MUSIC_VIDEO_TYPE_UGC,157,artist_title_dash,0.86
Logan Epic Canto,Song of Glorious Life,2741,ngk--7Pihvc,https://music.youtube.com/watch?v=ngk--7Pihvc,Logan Epic Canto,Song of Glorious Life,The Legends of Sherwood Forest,MUSIC_VIDEO_TYPE_ATV,149,catalog_or_official_row,0.90
Logan Epic Canto,Song of the Lonely Rocks,2743,sWAy5mj0INI,https://music.youtube.com/watch?v=sWAy5mj0INI,Logan Epic Canto,Song of the Lonely Rocks,The Legends of Sherwood Forest,MUSIC_VIDEO_TYPE_ATV,133,catalog_or_official_row,0.90
Hypnogaja; ShyBoy,They Don't Care,2746,ERmILnpJ0Io,https://music.youtube.com/watch?v=ERmILnpJ0Io,Hypnogaja; ShyBoy,They Don't Care,Below Sunset,MUSIC_VIDEO_TYPE_ATV,235,catalog_or_official_row,0.90
Enjoykin,Ламповая Няша,2748,cwJKjuyLv80,https://music.youtube.com/watch?v=cwJKjuyLv80,Enjoykin,Enjoykin — Ламповая Няша,,MUSIC_VIDEO_TYPE_UGC,103,title_prefixed_with_known_artist,0.92
Tobi King,Loli Mou,2749,IXHqVnJx0yw,https://music.youtube.com/watch?v=IXHqVnJx0yw,Tobi King,Loli Mou,Loli Mou,MUSIC_VIDEO_TYPE_ATV,221,catalog_or_official_row,0.90
Logan Epic Canto,Song Of The Round Table,2750,FjVpzztMmpw,https://music.youtube.com/watch?v=FjVpzztMmpw,Logan Epic Canto,Song Of The Round Table,Legends Of Camelot,MUSIC_VIDEO_TYPE_ATV,156,catalog_or_official_row,0.90
Logan Epic Canto,The Song Of Excalibur,2751,eeG17loR0Hw,https://music.youtube.com/watch?v=eeG17loR0Hw,Logan Epic Canto,The Song Of Excalibur,Legends Of Camelot,MUSIC_VIDEO_TYPE_ATV,162,catalog_or_official_row,0.90
Arija,Bespechnyy angel,2753,qXBORMBTfDs,https://music.youtube.com/watch?v=qXBORMBTfDs,Arija,Bespechnyy angel,Legendy russkogo roka: Arija,MUSIC_VIDEO_TYPE_ATV,239,catalog_or_official_row,0.90
JUST DO IT!!! ft. Shia LaBeouf,Songify This,2754,UhRXn2NRiWI,https://music.youtube.com/watch?v=UhRXn2NRiWI,schmoyoho,JUST DO IT!!! ft. Shia LaBeouf - Songify This,,MUSIC_VIDEO_TYPE_UGC,143,artist_title_dash,0.86
Кино,Кукушка,2755,iXk8QXhr7Fk,https://music.youtube.com/watch?v=iXk8QXhr7Fk,Кино,Кукушка,Чёрный альбом,MUSIC_VIDEO_TYPE_ATV,399,catalog_or_official_row,0.90
Кипелов,Ya Svoboden,2756,WWGq-wlTLnk,https://music.youtube.com/watch?v=WWGq-wlTLnk,Кипелов,Ya Svoboden,Vavilon,MUSIC_VIDEO_TYPE_ATV,434,catalog_or_official_row,0.90
Кипелов,Vavilon,2757,D-J-H3Q3RKs,https://music.youtube.com/watch?v=D-J-H3Q3RKs,Кипелов,Vavilon,Vavilon,MUSIC_VIDEO_TYPE_ATV,346,catalog_or_official_row,0.90
Enjoykin,Космос Будет Наш,2759,n-AdoTkXwbc,https://music.youtube.com/watch?v=n-AdoTkXwbc,Enjoykin,Enjoykin — Космос Будет Наш,,MUSIC_VIDEO_TYPE_OMV,124,title_prefixed_with_known_artist,0.92
Tyler Bates,Returns a King (Based Upon Themes by Elliot Goldenthal),2760,N5wBTBCRsmQ,https://music.youtube.com/watch?v=N5wBTBCRsmQ,Tyler Bates,Returns a King (Based Upon Themes by Elliot Goldenthal),300 Original Motion Picture Soundtrack (U.S. Version),MUSIC_VIDEO_TYPE_ATV,144,catalog_or_official_row,0.90
Logan Epic Canto,Dance Around The Campfire,2765,aeqBHVEHgvk,https://music.youtube.com/watch?v=aeqBHVEHgvk,Logan Epic Canto,Dance Around The Campfire,Magic everywhere,MUSIC_VIDEO_TYPE_ATV,233,catalog_or_official_row,0.90
Logan Epic Canto,The Northern Route,2766,--XEAEmqMhI,https://music.youtube.com/watch?v=--XEAEmqMhI,Logan Epic Canto,The Northern Route,Legends Of Camelot,MUSIC_VIDEO_TYPE_ATV,166,catalog_or_official_row,0.90
Idina Menzel,"Let It Go (From ""Frozen""/Soundtrack Version)",2767,qSU560anReg,https://music.youtube.com/watch?v=qSU560anReg,Idina Menzel,"Let It Go (From ""Frozen""/Soundtrack Version)",Frozen (Original Motion Picture Soundtrack),MUSIC_VIDEO_TYPE_ATV,224,catalog_or_official_row,0.90
Alex Boyé,Let It Go (feat. One Voice Childrens Choir),2768,_lbYQSRO6QA,https://music.youtube.com/watch?v=_lbYQSRO6QA,Alex Boyé,Let It Go (feat. One Voice Childrens Choir),Africanized,MUSIC_VIDEO_TYPE_ATV,185,catalog_or_official_row,0.90
Rob Cantor,Shia LaBeouf Live,2769,5PltmYbSBss,https://music.youtube.com/watch?v=5PltmYbSBss,Rob Cantor,Shia LaBeouf Live,Shia LaBeouf Live,MUSIC_VIDEO_TYPE_ATV,155,catalog_or_official_row,0.90
Salt-N-Pepa,Shoop,2770,r0H3-0U-jvU,https://music.youtube.com/watch?v=r0H3-0U-jvU,Salt-N-Pepa,Shoop,Very Necessary,MUSIC_VIDEO_TYPE_ATV,249,catalog_or_official_row,0.90
Logan Epic Canto,Rings Of Power,2771,aY0gj4X52YA,https://music.youtube.com/watch?v=aY0gj4X52YA,Logan Epic Canto,Rings Of Power,Stories of the old wizard,MUSIC_VIDEO_TYPE_ATV,152,catalog_or_official_row,0.90
Logan Epic Canto,Mystery Of The Unicorn,2772,J30kFWRAFi0,https://music.youtube.com/watch?v=J30kFWRAFi0,Logan Epic Canto,Mystery Of The Unicorn,Stories of the old wizard,MUSIC_VIDEO_TYPE_ATV,130,catalog_or_official_row,0.90
Meghan Trainor,All About That Bass,2774,phEyvmvIvZs,https://music.youtube.com/watch?v=phEyvmvIvZs,Meghan Trainor,All About That Bass,Title,MUSIC_VIDEO_TYPE_ATV,188,catalog_or_official_row,0.90
Enjoykin,Безысходность,2776,2d9q4r54fco,https://music.youtube.com/watch?v=2d9q4r54fco,Enjoykin,Enjoykin - Безысходность,,MUSIC_VIDEO_TYPE_UGC,102,title_prefixed_with_known_artist,0.92
Ludacris,Move Bitch,2777,UC86yQAzaxg,https://music.youtube.com/watch?v=UC86yQAzaxg,KaraAdamX,Ludacris - Move Bitch,,MUSIC_VIDEO_TYPE_UGC,230,artist_title_dash,0.86
Enjoykin,"Не унывайте, пацаны",2778,wE3svJxtND0,https://music.youtube.com/watch?v=wE3svJxtND0,Enjoykin,"Enjoykin — Не унывайте, пацаны",,MUSIC_VIDEO_TYPE_UGC,118,title_prefixed_with_known_artist,0.92
ERA,Reborn,2779,RQGRP5FrL1w,https://music.youtube.com/watch?v=RQGRP5FrL1w,ERA,Reborn,,MUSIC_VIDEO_TYPE_OMV,210,catalog_or_official_row,0.78
Совергон,Где мой нож,2782,YmSg3VHmSPg,https://music.youtube.com/watch?v=YmSg3VHmSPg,Совергон,Где мой нож,Старые песни о главном,MUSIC_VIDEO_TYPE_ATV,175,catalog_or_official_row,0.90
Conchita Wurst,Austria: Rise Like a Phoenix,2783,SaolVEJEjV4,https://music.youtube.com/watch?v=SaolVEJEjV4,Conchita Wurst,Austria: Rise Like a Phoenix,,MUSIC_VIDEO_TYPE_OMV,203,catalog_or_official_row,0.78
Final Hope,BGH Music (Epic Orchestra),2785,y3I_Drqk6wQ,https://music.youtube.com/watch?v=y3I_Drqk6wQ,BGH Music,Final Hope - BGH Music (Epic Orchestra),,MUSIC_VIDEO_TYPE_UGC,232,artist_title_dash,0.86
Quest Pistols,Санта Лючия (СЛОВОБЛУД),2786,oyk3nUT-edU,https://music.youtube.com/watch?v=oyk3nUT-edU,[ПШ] — Послышалось!,Quest Pistols - Санта Лючия (СЛОВОБЛУД),,MUSIC_VIDEO_TYPE_UGC,41,artist_title_dash,0.86
Enjoykin,Жить по-пацански,2787,lJvvagxYoZ4,https://music.youtube.com/watch?v=lJvvagxYoZ4,Enjoykin,Жить по-пацански,,MUSIC_VIDEO_TYPE_OMV,138,catalog_or_official_row,0.78
Pirates of the Caribbean,He's a Pirate (Extended),2793,yRh-dzrI4Z4,https://music.youtube.com/watch?v=yRh-dzrI4Z4,Sunderbraze,Pirates of the Caribbean - He's a Pirate (Extended),,MUSIC_VIDEO_TYPE_UGC,885,artist_title_dash,0.86
Enjoykin,Пацан к успеху шел,2800,SkCKNdqkjbA,https://music.youtube.com/watch?v=SkCKNdqkjbA,Enjoykin,Enjoykin - Пацан к успеху шел,,MUSIC_VIDEO_TYPE_UGC,106,title_prefixed_with_known_artist,0.92
DONI,"Борода (Премьера клипа, 2014)",2802,7mvqAEe58oM,https://music.youtube.com/watch?v=7mvqAEe58oM,DONI,"Doni ft Тимати - Борода (Премьера клипа, 2014)",,MUSIC_VIDEO_TYPE_OMV,233,title_prefixed_with_known_artist,0.92
Epic Sax Guy,"10 hours (original, HQ)",2803,q44qwyHlMfk,https://music.youtube.com/watch?v=q44qwyHlMfk,e7edit,"Epic Sax Guy - 10 hours (original, HQ)",,MUSIC_VIDEO_TYPE_UGC,36001,artist_title_dash,0.86
Carl Orff,Carmina Burana,2804,GD3VsesSBsw,https://music.youtube.com/watch?v=GD3VsesSBsw,ingifrance,Carmina Burana ~ O Fortuna | Carl Orff ~ André Rieu,,MUSIC_VIDEO_TYPE_UGC,313,ambiguous_ugc_uploader,1.00
Edith Piaf,"Non, je ne regrette rien",2805,t6wjCcWC2aE,https://music.youtube.com/watch?v=t6wjCcWC2aE,Edith Piaf,"Non, je ne regrette rien",Eternelle,MUSIC_VIDEO_TYPE_ATV,143,catalog_or_official_row,0.90
Группа КЕЙН,Новый,2806,0Ha-qxqWWIk,https://music.youtube.com/watch?v=0Ha-qxqWWIk,D3 Media Official,Группа КЕЙН — Новый,,MUSIC_VIDEO_TYPE_UGC,223,artist_title_dash,0.86
Klaus Badelt,He's a Pirate,2807,wRfSeZSc3zc,https://music.youtube.com/watch?v=wRfSeZSc3zc,Klaus Badelt,He's a Pirate,Pirates Of The Caribbean Original Soundtrack,MUSIC_VIDEO_TYPE_ATV,91,catalog_or_official_row,0.90
"Skrillex; Damian ""Jr Gong"" Marley",Make It Bun Dem,2808,vY6B8uj1plY,https://music.youtube.com/watch?v=vY6B8uj1plY,"Skrillex; Damian ""Jr Gong"" Marley",Make It Bun Dem,Make It Bun Dem,MUSIC_VIDEO_TYPE_ATV,214,catalog_or_official_row,0.90
