normalized_artists,normalized_title,source_position,video_id,video_url,original_artists,original_title,album,duration_seconds,getsongbpm_song_id,getsongbpm_title,getsongbpm_artist,getsongbpm_uri,tempo,time_sig,key_of,mode,open_key,danceability,acousticness,match_score,match_status
Rob Zombie,Superbeast,1,QC0BBgOdspo,https://music.youtube.com/watch?v=QC0BBgOdspo,Rob Zombie,Superbeast,Hellbilly Deluxe,221,zmrY,Superbeast,Rob Zombie,https://getsongbpm.com/song/superbeast/zmrY,152,4/4,Bm,minor,3m,50,1,1.0000,matched
System Of A Down,Innervision,3,jjnt-KS0ozE,https://music.youtube.com/watch?v=jjnt-KS0ozE,System Of A Down,Innervision,Steal This Album!,154,VNOD9,Innervision,System of a Down,https://getsongbpm.com/song/innervision/VNOD9,120,4/4,Fm,minor,9m,45,1,1.0000,matched
Mudvayne,Seed,7,2t3LgcIOhx8,https://music.youtube.com/watch?v=2t3LgcIOhx8,Mudvayne,Seed,The Beginning Of All Things To End,208,L8Q0j,Seed,Mudvayne,https://getsongbpm.com/song/seed/L8Q0j,122,4/4,D,major,3d,37,1,1.0000,matched
Lady Gaga,Just Dance (feat. Colby O'Donis),8,ACNwMzZejQQ,https://music.youtube.com/watch?v=ACNwMzZejQQ,Lady Gaga,Just Dance (feat. Colby O'Donis),The Fame,242,xkYWgB,Just Dance,Lady Gaga,https://getsongbpm.com/song/just-dance/xkYWgB,117,4/4,C♯m,minor,5m,82,4,1.0000,matched
Eminem,Love The Way You Lie (feat. Rihanna),9,RnkShwdXfyc,https://music.youtube.com/watch?v=RnkShwdXfyc,Eminem,Love The Way You Lie (feat. Rihanna),Recovery,264,9QOQA4,Love the Way You Lie,Eminem,https://getsongbpm.com/song/love-the-way-you-lie/9QOQA4,86,4/4,A♯,major,11d,75,25,1.0000,matched
Serj Tankian,The Unthinking Majority,12,sgaVOUE3pRM,https://music.youtube.com/watch?v=sgaVOUE3pRM,Serj Tankian,The Unthinking Majority,Elect the Dead,229,M8lD8G,The Unthinking Majority,Serj Tankian,https://getsongbpm.com/song/the-unthinking-majority/M8lD8G,119,4/4,G♯,major,9d,66,1,1.0000,matched
Deftones,Pompeji,13,_bkbq7BBomA,https://music.youtube.com/watch?v=_bkbq7BBomA,Deftones,Pompeji,Ohms,326,x6Z9j9,Pompeji,Deftones,https://getsongbpm.com/song/pompeji/x6Z9j9,147,3/4,Am,minor,1m,25,1,1.0000,matched
Mudvayne,IMN,20,QAXkeqs2o9g,https://music.youtube.com/watch?v=QAXkeqs2o9g,Mudvayne,IMN,Lost and Found,352,2VPLN,IMN,Mudvayne,https://getsongbpm.com/song/imn/2VPLN,128,4/4,G,major,2d,47,1,1.0000,matched
Mudvayne,Fall Into Sleep,21,O6jQmBJzolc,https://music.youtube.com/watch?v=O6jQmBJzolc,Mudvayne,Fall Into Sleep,Lost and Found,232,3WgMx,Fall Into Sleep,Mudvayne,https://getsongbpm.com/song/fall-into-sleep/3WgMx,146,4/4,F,major,12d,47,1,1.0000,matched
Ill Nino,I Am Loco,24,T7KC7jUlQuk,https://music.youtube.com/watch?v=T7KC7jUlQuk,Ill Nino,I Am Loco,Revolution Revolucion,211,vl0vM,I Am Loco,Ill Niño,https://getsongbpm.com/song/i-am-loco/vl0vM,174,4/4,G,major,2d,52,1,1.0000,matched
Mudvayne,Some Assembly Required,25,uqSsW7pZNeE,https://music.youtube.com/watch?v=uqSsW7pZNeE,Mudvayne,Some Assembly Required,The Beginning Of All Things To End,167,N9VXN,Some Assembly Required,Mudvayne,https://getsongbpm.com/song/some-assembly-required/N9VXN,92,4/4,Fm,minor,9m,44,1,1.0000,matched
Mudvayne,Cultivate,26,zFYWxrW28ms,https://music.youtube.com/watch?v=zFYWxrW28ms,Mudvayne,Cultivate,The Beginning Of All Things To End,258,MQRNR,Cultivate,Mudvayne,https://getsongbpm.com/song/cultivate/MQRNR,88,4/4,G,major,2d,43,1,1.0000,matched
System Of A Down,Roulette,27,ByBhN_X5nVg,https://music.youtube.com/watch?v=ByBhN_X5nVg,System Of A Down,Roulette,Steal This Album!,202,92rz4,Roulette,System of a Down,https://getsongbpm.com/song/roulette/92rz4,129,4/4,Fm,minor,9m,48,56,1.0000,matched
Serj Tankian,Harakiri,29,DaH4Pd6zsXM,https://music.youtube.com/watch?v=DaH4Pd6zsXM,Serj Tankian,Harakiri,Harakiri,260,JqApRK,Harakiri,Serj Tankian,https://getsongbpm.com/song/harakiri/JqApRK,136,4/4,Fm,minor,9m,51,1,1.0000,matched
Serj Tankian,Sky Is Over,31,HYoSsYPgRJo,https://music.youtube.com/watch?v=HYoSsYPgRJo,Serj Tankian,Sky Is Over,Elect the Dead,177,QWpJW9,Sky Is Over,Serj Tankian,https://getsongbpm.com/song/sky-is-over/QWpJW9,103,4/4,Fm,minor,9m,55,4,1.0000,matched
Mastodon,Oblivion,36,sg6jwDXpw9M,https://music.youtube.com/watch?v=sg6jwDXpw9M,Mastodon,Oblivion,Crack the Skye,347,9D21V3,Oblivion,Mastodon,https://getsongbpm.com/song/oblivion/9D21V3,132,3/4,Fm,minor,9m,27,1,1.0000,matched
Slipknot,Purity,37,HtMxyNqQCH4,https://music.youtube.com/watch?v=HtMxyNqQCH4,Slipknot,Purity,Slipknot (10th Anniversary Edition),266,NxlZN,Purity,Slipknot,https://getsongbpm.com/song/purity/NxlZN,166,4/4,F♯,major,7d,29,1,0.9904,matched
Type O Negative,Everything Dies,42,xwJDfeJJ6Tg,https://music.youtube.com/watch?v=xwJDfeJJ6Tg,Type O Negative,Everything Dies,World Coming Down,464,66PxV,Everything Dies,Type O Negative,https://getsongbpm.com/song/everything-dies/66PxV,166,4/4,B,major,6d,25,1,1.0000,matched
Marilyn Manson,Blood Honey,44,kuhGTiXWjok,https://music.youtube.com/watch?v=kuhGTiXWjok,Marilyn Manson,Blood Honey,Heaven Upside Down,251,Dq5vQn,Blood Honey,Marilyn Manson,https://getsongbpm.com/song/blood-honey/Dq5vQn,180,4/4,A♯,major,11d,42,1,1.0000,matched
Metallica,St. Anger,47,80xgvSCwjAY,https://music.youtube.com/watch?v=80xgvSCwjAY,Metallica,St. Anger,St. Anger,442,mGjKA,St. Anger,Metallica,https://getsongbpm.com/song/stpoint-anger/mGjKA,185,4/4,Dm,minor,12m,25,1,1.0000,matched
Deftones,Rosemary,49,fZcAQ0kuw1s,https://music.youtube.com/watch?v=fZcAQ0kuw1s,Deftones,Rosemary,Koi No Yokan,414,7LmW2w,Rosemary,Deftones,https://getsongbpm.com/song/rosemary/7LmW2w,126,4/4,F,major,12d,29,2,1.0000,matched
System Of A Down,Mind,51,2GXPV95nKJQ,https://music.youtube.com/watch?v=2GXPV95nKJQ,System Of A Down,Mind,System Of A Down,377,31grp,Mind,System of a Down,https://getsongbpm.com/song/mind/31grp,143,4/4,G,major,2d,44,1,1.0000,matched
Deftones,976-EVIL,52,2EShccuWJk4,https://music.youtube.com/watch?v=2EShccuWJk4,Deftones,976-EVIL,Diamond Eyes (Deluxe),273,r0NO26,976-EVIL,Deftones,https://getsongbpm.com/song/976-evil/r0NO26,78,4/4,C,major,1d,25,1,0.9904,matched
Eminem,No Love (feat. Lil Wayne),53,i4CaamMGj9s,https://music.youtube.com/watch?v=i4CaamMGj9s,Eminem,No Love (feat. Lil Wayne),Recovery,300,32O2rn,No Love,Eminem,https://getsongbpm.com/song/no-love/32O2rn,129,4/4,B,major,6d,53,12,1.0000,matched
Joe Cocker,My Father's Son,54,uMeePhFHk_A,https://music.youtube.com/watch?v=uMeePhFHk_A,Joe Cocker,My Father's Son,No Ordinary World,270,Ro1JQR,My Father's Son,Joe Cocker,https://getsongbpm.com/song/my-father-s-son/Ro1JQR,96,4/4,Fm,minor,9m,74,9,1.0000,matched
Rotting Christ,Fire God and Fear,57,1g3uqoXKmhE,https://music.youtube.com/watch?v=1g3uqoXKmhE,Rotting Christ,Fire God and Fear,Fire God and Fear,290,J8v01v,Fire God and Fear,Rotting Christ,https://getsongbpm.com/song/fire-god-and-fear/J8v01v,120,4/4,F♯,major,7d,44,1,0.9328,matched
Russell Simins,Comfortable Place,61,p0dHBWqnzNA,https://music.youtube.com/watch?v=p0dHBWqnzNA,Russell Simins,Comfortable Place,Public Places,255,qxQm1y,Comfortable Place,Russell Simins,https://getsongbpm.com/song/comfortable-place/qxQm1y,144,4/4,Em,minor,2m,61,16,1.0000,matched
Meshuggah,Lethargica,71,UYLO1nqkCak,https://music.youtube.com/watch?v=UYLO1nqkCak,Meshuggah,Lethargica,ObZen,348,PNLjp6,Lethargica,Meshuggah,https://getsongbpm.com/song/lethargica/PNLjp6,104,3/4,A♯,major,11d,38,1,1.0000,matched
Gary Moore,Parisienne Walkways,74,lUBCXGeK694,https://music.youtube.com/watch?v=lUBCXGeK694,Gary Moore,Parisienne Walkways,Back on the Streets,201,6P4ml,Parisienne Walkways,Gary Moore,https://getsongbpm.com/song/parisienne-walkways/6P4ml,87,4/4,Am,minor,1m,37,67,1.0000,matched
Thy Art Is Murder,Reign Of Darkness,75,g2SlebrICqg,https://music.youtube.com/watch?v=g2SlebrICqg,Thy Art Is Murder,Reign Of Darkness,Hate,216,nrAkjE,Reign of Darkness,Thy Art Is Murder,https://getsongbpm.com/song/reign-of-darkness/nrAkjE,136,4/4,A,major,4d,40,1,1.0000,matched
Bill Evans,Night and day,76,P1JqWeg0Fec,https://music.youtube.com/watch?v=P1JqWeg0Fec,Bill Evans,Night and day,Everybody Digs Bill Evans,457,0jW4L,Night and Day,Bill Evans,https://getsongbpm.com/song/night-and-day/0jW4L,83,4/4,Cm,minor,10m,55,86,1.0000,matched
Julee Cruise,She Would Die for Love,82,PhXwg7JjbMg,https://music.youtube.com/watch?v=PhXwg7JjbMg,Julee Cruise,She Would Die for Love,The Voice Of Love,367,D8zvK,She Would Die for Love,Julee Cruise,https://getsongbpm.com/song/she-would-die-for-love/D8zvK,139,4/4,Cm,minor,10m,18,84,1.0000,matched
Dead To Fall,Cross Section,83,QBdnREZ7C3o,https://music.youtube.com/watch?v=QBdnREZ7C3o,Dead To Fall,Cross Section,Villainy And Virtue,122,AGzwp,Cross Section,Dead to Fall,https://getsongbpm.com/song/cross-section/AGzwp,53,4/4,B,major,6d,42,1,1.0000,matched
Meshuggah,New Millennium Cyanide Christ,92,QdUny2XVZ5o,https://music.youtube.com/watch?v=QdUny2XVZ5o,Meshuggah,New Millennium Cyanide Christ,Chaosphere (25th Anniversary Remastered 2023 Edition),336,MJ38B,New Millennium Cyanide Christ,Meshuggah,https://getsongbpm.com/song/new-millennium-cyanide-christ/MJ38B,152,4/4,A♯m,minor,8m,36,1,0.9904,matched
Meshuggah,Demiurge,93,1DtDTj_4D_Q,https://music.youtube.com/watch?v=1DtDTj_4D_Q,Meshuggah,Demiurge,Koloss,373,32jg9O,Demiurge,Meshuggah,https://getsongbpm.com/song/demiurge/32jg9O,113,4/4,C♯,major,8d,21,1,1.0000,matched
Guns N' Roses,November Rain,94,y6lfK3bH4z8,https://music.youtube.com/watch?v=y6lfK3bH4z8,Guns N' Roses,November Rain,Use Your Illusion I,537,v20qV,November Rain,Guns N' Roses,https://getsongbpm.com/song/november-rain/v20qV,78,4/4,B,major,6d,30,2,1.0000,matched
Pink Floyd,High Hopes,95,pCrQMvoMVHk,https://music.youtube.com/watch?v=pCrQMvoMVHk,Pink Floyd,High Hopes,The Division Bell,511,9rK43,High Hopes,Pink Floyd,https://getsongbpm.com/song/high-hopes/9rK43,75,4/4,Cm,minor,10m,52,21,1.0000,matched
Vangelis,Prelude,98,L5pSCJ-yaok,https://music.youtube.com/watch?v=L5pSCJ-yaok,Vangelis,Prelude,Reprise 1990-1999,291,OyPylp,Prelude,Vangelis,https://getsongbpm.com/song/prelude/OyPylp,82,4/4,F♯m,minor,4m,17,96,0.9345,matched
Pink Floyd,The Great Gig in the Sky,101,hOhTDRdcx4o,https://music.youtube.com/watch?v=hOhTDRdcx4o,Pink Floyd,The Great Gig in the Sky,The Dark Side of the Moon,284,48ZJk,The Great Gig in the Sky,Pink Floyd,https://getsongbpm.com/song/the-great-gig-in-the-sky/48ZJk,116,4/4,F,major,12d,28,77,1.0000,matched
Pink Floyd,Time,102,80LhtHY_fHw,https://music.youtube.com/watch?v=80LhtHY_fHw,Pink Floyd,Time,The Dark Side of the Moon,414,3l8G9,Time,Pink Floyd,https://getsongbpm.com/song/time/3l8G9,122,4/4,F♯m,minor,4m,36,53,1.0000,matched
System Of A Down,Ego Brain,105,SCXdbOsP5Ew,https://music.youtube.com/watch?v=SCXdbOsP5Ew,System Of A Down,Ego Brain,Steal This Album!,202,7A3xG,Ego Brain,System of a Down,https://getsongbpm.com/song/ego-brain/7A3xG,86,4/4,G,major,2d,29,1,1.0000,matched
System Of A Down,War?,106,wmkXQeqEbL8,https://music.youtube.com/watch?v=wmkXQeqEbL8,System Of A Down,War?,System Of A Down,161,2kPqA,War?,System of a Down,https://getsongbpm.com/song/warquestion/2kPqA,98,4/4,G♯,major,9d,37,9,1.0000,matched
System Of A Down,Lost In Hollywood,107,xj7RMPM3A2c,https://music.youtube.com/watch?v=xj7RMPM3A2c,System Of A Down,Lost In Hollywood,Mezmerize,321,lZNWV,Lost in Hollywood,System of a Down,https://getsongbpm.com/song/lost-in-hollywood/lZNWV,152,4/4,G♯m,minor,6m,30,60,1.0000,matched
System Of A Down,Radio/,108,nvHq4siXbPo,https://music.youtube.com/watch?v=nvHq4siXbPo,System Of A Down,Radio/Video,Mezmerize,250,rjnWB,Radio/Video,System of a Down,https://getsongbpm.com/song/radio-video/rjnWB,136,4/4,F♯m,minor,4m,37,18,0.9304,matched
System Of A Down,Question!,109,Am3mycbR4C4,https://music.youtube.com/watch?v=Am3mycbR4C4,System Of A Down,Question!,Mezmerize,201,gRNWD,Question!,System of a Down,https://getsongbpm.com/song/questionexclamation/gRNWD,90,4/4,Em,minor,2m,21,1,1.0000,matched
System Of A Down,Spiders,110,3dsmBiiGTWY,https://music.youtube.com/watch?v=3dsmBiiGTWY,System Of A Down,Spiders,System Of A Down,216,YEwYY,Spiders,System of a Down,https://getsongbpm.com/song/spiders/YEwYY,68,4/4,Cm,minor,10m,46,4,1.0000,matched
Lisa Gerrard; Astrid Williamson; Daniel Johns,Estelita,111,0vws00ocWvU,https://music.youtube.com/watch?v=0vws00ocWvU,Lisa Gerrard; Astrid Williamson; Daniel Johns,Estelita,Twilight Kingdom,238,VAj5Go,Estelita,Lisa Gerrard,https://getsongbpm.com/song/estelita/VAj5Go,65,3/4,Fm,minor,9m,11,99,1.0000,matched
Corrosion of Conformity,On Your Way,120,VxiY0HXL4q8,https://music.youtube.com/watch?v=VxiY0HXL4q8,Corrosion of Conformity,On Your Way,IX,219,mOVPkE,On Your Way,Corrosion of Conformity,https://getsongbpm.com/song/on-your-way/mOVPkE,115,4/4,A♯m,minor,8m,34,1,1.0000,matched
Crowbar,Empty Room,121,W1c06Ym3A6E,https://music.youtube.com/watch?v=W1c06Ym3A6E,Crowbar,Empty Room,Sonic Excess In Its Purest Form,293,gnRD6,Empty Room,Crowbar,https://getsongbpm.com/song/empty-room/gnRD6,104,4/4,Am,minor,1m,33,1,1.0000,matched
Metatron Omega,Transfiguration,130,PsGZAB358-Q,https://music.youtube.com/watch?v=PsGZAB358-Q,Metatron Omega,Transfiguration,Gnosis Dei,641,wZADNz,Transfiguration,Metatron Omega,https://getsongbpm.com/song/transfiguration/wZADNz,,,m,minor,,,,1.0000,matched
Julio Iglesias,Mammy Blue,131,2ZrdFqza28k,https://music.youtube.com/watch?v=2ZrdFqza28k,Julio Iglesias,Mammy Blue,Crazy,256,2726v,Mammy Blue,Julio Iglesias,https://getsongbpm.com/song/mammy-blue/2726v,107,4/4,Am,minor,1m,64,68,1.0000,matched
Black Label Society,Superterrorizer,132,TNdS1lxvtkU,https://music.youtube.com/watch?v=TNdS1lxvtkU,Black Label Society,Superterrorizer,Stronger Than Death,334,oZO6X,Superterrorizer,Black Label Society,https://getsongbpm.com/song/superterrorizer/oZO6X,124,4/4,F♯,major,7d,37,1,1.0000,matched
Ozzy Osbourne,Dreamer,133,p1g0qoJWUgU,https://music.youtube.com/watch?v=p1g0qoJWUgU,Ozzy Osbourne,Dreamer,Down To Earth,285,19VXq,Dreamer,Ozzy Osbourne,https://getsongbpm.com/song/dreamer/19VXq,79,4/4,C♯,major,8d,50,7,1.0000,matched
Metatron Omega,Apotheosis,136,7UCQMt0k4zk,https://music.youtube.com/watch?v=7UCQMt0k4zk,Metatron Omega,Apotheosis,Gnosis Dei,461,n8oqAP,Apotheosis,Metatron Omega,https://getsongbpm.com/song/apotheosis/n8oqAP,,,m,minor,,,,1.0000,matched
Hélène Ségara; Joe Dassin,Salut,138,MY0F-caCOiw,https://music.youtube.com/watch?v=MY0F-caCOiw,Hélène Ségara; Joe Dassin,Salut,Et si tu n'existais pas,195,YWy0OA,Salut,Hélène Ségara,https://getsongbpm.com/song/salut/YWy0OA,86,4/4,Dm,minor,12m,34,83,1.0000,matched
Raison D'être,Towards Desolation,141,wSl1UKYH6eI,https://music.youtube.com/watch?v=wSl1UKYH6eI,Raison D'être,Towards Desolation,Requiem for Abandoned Souls (Expanded),525,KL6Ggn,Towards Desolation,raison d'être,https://getsongbpm.com/song/towards-desolation/KL6Ggn,87,4/4,D,major,3d,9,63,0.9904,matched
Heilung,Afhomon,142,PqWhoDc0PdE,https://music.youtube.com/watch?v=PqWhoDc0PdE,Heilung,Afhomon,Ofnir,821,VvpZlz,Afhomon,Heilung,https://getsongbpm.com/song/afhomon/VvpZlz,88,4/4,C♯,major,8d,28,5,1.0000,matched
Crowbar,REPULSIVE IN ITS SPLENDID BEAUTY,143,AGXxQ1QMhYw,https://music.youtube.com/watch?v=AGXxQ1QMhYw,Crowbar,REPULSIVE IN ITS SPLENDID BEAUTY,Sonic Excess In Its Purest Form,239,5RBwR,Repulsive in Its Splendid Beauty,Crowbar,https://getsongbpm.com/song/repulsive-in-its-splendid-beauty/5RBwR,132,4/4,A,major,4d,22,1,1.0000,matched
Lisa Gerrard; Patrick Cassidy,I Asked For Love,147,Lv2RhoQRig0,https://music.youtube.com/watch?v=Lv2RhoQRig0,Lisa Gerrard; Patrick Cassidy,I Asked For Love,Immortal Memory,301,PZ3lB6,I Asked for Love,Lisa Gerrard,https://getsongbpm.com/song/i-asked-for-love/PZ3lB6,67,3/4,F♯,major,7d,11,95,1.0000,matched
Crowbar,Embracing Emptiness,148,cSTBio-SnRw,https://music.youtube.com/watch?v=cSTBio-SnRw,Crowbar,Embracing Emptiness,Time Heals Nothing,218,gE5j,Embracing Emptiness,Crowbar,https://getsongbpm.com/song/embracing-emptiness/gE5j,128,4/4,E,major,5d,51,2,1.0000,matched
Modern Talking,Cheri Cheri Lady,165,c1ZCYY-4lAM,https://music.youtube.com/watch?v=c1ZCYY-4lAM,Modern Talking,Cheri Cheri Lady,Let's Talk About Love,227,BQ0Ok,Cheri Cheri Lady,Modern Talking,https://getsongbpm.com/song/cheri-cheri-lady/BQ0Ok,117,4/4,A♯,major,11d,68,50,0.9904,matched
Marilyn Manson,Angel With The Scabbed Wings,166,RTf2xoWGAJo,https://music.youtube.com/watch?v=RTf2xoWGAJo,Marilyn Manson,Angel With The Scabbed Wings,Antichrist Superstar,232,KZ5qGl,Angel With the Scabbed Wings,Marilyn Manson,https://getsongbpm.com/song/angel-with-the-scabbed-wings/KZ5qGl,108,4/4,G♯,major,9d,63,1,1.0000,matched
Eminem,Not Afraid,173,-grPV-Fae6I,https://music.youtube.com/watch?v=-grPV-Fae6I,Eminem,Not Afraid,Recovery,249,1rQrpo,Not Afraid,Eminem,https://getsongbpm.com/song/not-afraid/1rQrpo,112,5/4,Cm,minor,10m,86,53,1.0000,matched
DESIRELESS,"Voyage, Voyage",187,dB_c7oZWo1g,https://music.youtube.com/watch?v=dB_c7oZWo1g,DESIRELESS,"Voyage, Voyage",Francois,265,ol2qz,"Voyage, voyage",Desireless,https://getsongbpm.com/song/voyage-voyage/ol2qz,123,4/4,B,major,6d,61,25,1.0000,matched
Irfan,Outremer,192,dWRgADGoEIw,https://music.youtube.com/watch?v=dWRgADGoEIw,Irfan,Outremer,Irfan,258,vGlG0,Outremer,Irfan,https://getsongbpm.com/song/outremer/vGlG0,150,4/4,F,major,12d,63,85,1.0000,matched
Jocelyn Pook,Backwards Priests,195,8XX6qHRQV7I,https://music.youtube.com/watch?v=8XX6qHRQV7I,Jocelyn Pook,Backwards Priests,Deluge,218,Oyqq8r,Backwards Priests,Jocelyn Pook,https://getsongbpm.com/song/backwards-priests/Oyqq8r,,,m,minor,,,,1.0000,matched
Pogo,Here Now,199,pXO588Hzmjg,https://music.youtube.com/watch?v=pXO588Hzmjg,Pogo,Here Now,Kindred Shadow,170,gpJj9D,Here Now,Pogo,https://getsongbpm.com/song/here-now/gpJj9D,122,4/4,Bm,minor,3m,78,4,1.0000,matched
Pogo,Forget,200,3M7_SeLICbg,https://music.youtube.com/watch?v=3M7_SeLICbg,Pogo,Forget,Kindred Shadow,165,28kmwW,Forget,Pogo,https://getsongbpm.com/song/forget/28kmwW,108,4/4,G♯m,minor,6m,84,15,1.0000,matched
Pogo,No Worries,202,irjLJca6PHI,https://music.youtube.com/watch?v=irjLJca6PHI,Pogo,No Worries,Kindred Shadow,209,361nx9,No Worries,Pogo,https://getsongbpm.com/song/no-worries/361nx9,106,4/4,F♯m,minor,4m,79,24,1.0000,matched
Lady Gaga,Poker Face,206,oG-4Uvhm4lI,https://music.youtube.com/watch?v=oG-4Uvhm4lI,Lady Gaga,Poker Face,The Fame,238,DkGKvK,Poker Face,Lady Gaga,https://getsongbpm.com/song/poker-face/DkGKvK,234,4/4,G♯m,minor,6m,85,14,1.0000,matched
Daft Punk,"Harder, Better, Faster, Stronger",207,JhulBGMA7G4,https://music.youtube.com/watch?v=JhulBGMA7G4,Daft Punk,"Harder, Better, Faster, Stronger",Discovery,227,Z4n5J,"Harder, Better, Faster, Stronger",Daft Punk,https://getsongbpm.com/song/harder-better-faster-stronger/Z4n5J,123,4/4,F♯m,minor,4m,82,5,1.0000,matched
Ottawan,Hands Up,210,0XckZswzCKs,https://music.youtube.com/watch?v=0XckZswzCKs,Ottawan,Hands Up,Ottawan 2,290,gLjZv6,Hands Up,Ottawan,https://getsongbpm.com/song/hands-up/gLjZv6,123,4/4,G♯,major,9d,89,61,1.0000,matched
Ottawan,D.I.S.C.O.,211,EO51YkA3qys,https://music.youtube.com/watch?v=EO51YkA3qys,Ottawan,D.I.S.C.O.,D.I.S.C.O.,302,rRx8K6,D.I.S.C.O.,Ottawan,https://getsongbpm.com/song/dpointipointspointcpointopoint/rRx8K6,122,4/4,Gm,minor,11m,72,12,0.9333,matched
Kansas,Carry on Wayward Son,213,tz6u9suVNlY,https://music.youtube.com/watch?v=tz6u9suVNlY,Kansas,Carry on Wayward Son,Leftoverture (Expanded Edition),323,nrg0E,Carry On Wayward Son,Kansas,https://getsongbpm.com/song/carry-on-wayward-son/nrg0E,123,4/4,G,major,2d,49,1,0.9904,matched
The Doors,Strange Days,216,qOja7RR16Hw,https://music.youtube.com/watch?v=qOja7RR16Hw,The Doors,Strange Days,Strange Days,190,L8m0RX,Strange Days,The Doors,https://getsongbpm.com/song/strange-days/L8m0RX,119,4/4,Em,minor,2m,70,69,1.0000,matched
Pink Floyd,Money,217,q9NtWkikVAE,https://music.youtube.com/watch?v=q9NtWkikVAE,Pink Floyd,Money,The Dark Side of the Moon,383,58ZgA,Money,Pink Floyd,https://getsongbpm.com/song/money/58ZgA,122,1/4,Bm,minor,3m,47,3,1.0000,matched
Big Brother & The Holding Company; Janis Joplin,I Need a Man to Love,218,rd3pCS4fkFA,https://music.youtube.com/watch?v=rd3pCS4fkFA,Big Brother & The Holding Company; Janis Joplin,I Need a Man to Love,Cheap Thrills,294,Q1J2G,I Need a Man to Love,Big Brother & The Holding Company,https://getsongbpm.com/song/i-need-a-man-to-love/Q1J2G,182,4/4,Em,minor,2m,32,8,1.0000,matched
The Animals,It's My Life,220,qftKX487O6E,https://music.youtube.com/watch?v=qftKX487O6E,The Animals,It's My Life,Most of the Animals,190,Qkx17l,It's My Life,The Animals,https://getsongbpm.com/song/it-s-my-life/Qkx17l,122,4/4,C♯,major,8d,56,1,0.9893,matched
Metallica,Bleeding Me,223,WX843EZZdLI,https://music.youtube.com/watch?v=WX843EZZdLI,Metallica,Bleeding Me,Load,499,o795j,Bleeding Me,Metallica,https://getsongbpm.com/song/bleeding-me/o795j,117,4/4,D♯m,minor,7m,40,1,1.0000,matched
Dope,Dirty World,224,hJijVHeL5sA,https://music.youtube.com/watch?v=hJijVHeL5sA,Dope,Dirty World,No Regrets,181,xvWVVn,Dirty World,Dope,https://getsongbpm.com/song/dirty-world/xvWVVn,152,4/4,D,major,3d,53,1,1.0000,matched
Scott McKenzie,San Francisco (Be Sure to Wear Flowers in Your Hair) (Single Version),227,UBExi-V4r80,https://music.youtube.com/watch?v=UBExi-V4r80,Scott McKenzie,San Francisco (Be Sure to Wear Flowers in Your Hair) (Single Version),San Francisco,179,yPwWnz,San Francisco (Be Sure to Wear Flowers in Your Hair),Scott McKenzie,https://getsongbpm.com/song/san-francisco-be-sure-to-wear-flowers-in-your-hair/yPwWnz,113,4/4,G,major,2d,57,43,0.9208,matched
Shirley Bassey,(Where Do I Begin) Love Story,229,QzrFE8Geq_8,https://music.youtube.com/watch?v=QzrFE8Geq_8,Shirley Bassey,(Where Do I Begin) Love Story,The Singles,198,xk7oLz,(Where Do I Begin) Love Story,Shirley Bassey,https://getsongbpm.com/song/where-do-i-begin-love-story/xk7oLz,94,4/4,Dm,minor,12m,39,64,0.9657,matched
Behemoth,We Are the Next 1000 Years,234,OHeerXT7vyY,https://music.youtube.com/watch?v=OHeerXT7vyY,Behemoth,We Are the Next 1000 Years,I Loved You at Your Darkest,204,k2AZkK,We Are the Next 1000 Years,Behemoth,https://getsongbpm.com/song/we-are-the-next-1000-years/k2AZkK,168,3/4,D,major,3d,10,1,1.0000,matched
Septicflesh,The Vampire from Nazareth,236,L2HkiP45ajY,https://music.youtube.com/watch?v=L2HkiP45ajY,Septicflesh,The Vampire from Nazareth,The Great Mass,249,48AQjJ,The Vampire From Nazareth,Septicflesh,https://getsongbpm.com/song/the-vampire-from-nazareth/48AQjJ,105,4/4,C,major,1d,51,1,1.0000,matched
Deftones,Risk,242,RyQh66_YMrQ,https://music.youtube.com/watch?v=RyQh66_YMrQ,Deftones,Risk,Diamond Eyes (Deluxe),219,qjXNQr,Risk,Deftones,https://getsongbpm.com/song/risk/qjXNQr,119,4/4,D,major,3d,37,1,0.9904,matched
Andy Williams,I Won't Last a Day Without You,243,X_0RjEFEJgk,https://music.youtube.com/watch?v=X_0RjEFEJgk,Andy Williams,I Won't Last a Day Without You,The Way We Were,317,ER8gvl,I Won't Last a Day Without You,Andy Williams,https://getsongbpm.com/song/i-won-t-last-a-day-without-you/ER8gvl,100,4/4,D♯m,minor,7m,51,84,0.9904,matched
Deftones,Kimdracula,244,WLO2fppkO14,https://music.youtube.com/watch?v=WLO2fppkO14,Deftones,Kimdracula,Saturday Night Wrist,195,BBXj5W,Kimdracula,Deftones,https://getsongbpm.com/song/kimdracula/BBXj5W,152,4/4,F♯m,minor,4m,30,1,1.0000,matched
Superheaven,Around The Railing,245,_c64sDEjbh8,https://music.youtube.com/watch?v=_c64sDEjbh8,Superheaven,Around The Railing,Jar,310,jqGNWz,Around the Railing,Superheaven,https://getsongbpm.com/song/around-the-railing/jqGNWz,138,4/4,C♯,major,8d,49,1,1.0000,matched
Black Label Society,Love Reign Down,270,SneTkr9rj9Y,https://music.youtube.com/watch?v=SneTkr9rj9Y,Black Label Society,Love Reign Down,Stronger Than Death,485,w0kR8,Love Reign Down,Black Label Society,https://getsongbpm.com/song/love-reign-down/w0kR8,135,4/4,D,major,3d,30,1,1.0000,matched
Meshuggah,Bleed,274,GTbYuIKibk4,https://music.youtube.com/watch?v=GTbYuIKibk4,Meshuggah,Bleed,ObZen,443,OYKgoE,Bleed,Meshuggah,https://getsongbpm.com/song/bleed/OYKgoE,114,4/4,C♯m,minor,5m,25,1,1.0000,matched
Dope,Rebel Yell,275,dCA48NSfHuI,https://music.youtube.com/watch?v=dCA48NSfHuI,Dope,Rebel Yell,No Regrets,246,E9LZZK,Rebel Yell,Dope,https://getsongbpm.com/song/rebel-yell/E9LZZK,166,4/4,A♯m,minor,8m,33,1,1.0000,matched
Ghost,Absolution,279,qPIy9U7T_CE,https://music.youtube.com/watch?v=qPIy9U7T_CE,Ghost,Absolution,Meliora,291,E8rJqN,Absolution,Ghost,https://getsongbpm.com/song/absolution/E8rJqN,121,4/4,G,major,2d,57,1,1.0000,matched
Ghost,See The Light,280,YNOLfVAv_28,https://music.youtube.com/watch?v=YNOLfVAv_28,Ghost,See The Light,Prequelle,246,x6RxBz,See The Light,Ghost,https://getsongbpm.com/song/see-the-light/x6RxBz,178,4/4,G♯,major,9d,41,1,1.0000,matched
Planning For Burial,Whiskey and Wine,285,dShT4cyj7uo,https://music.youtube.com/watch?v=dShT4cyj7uo,Planning For Burial,Whiskey and Wine,Whiskey and Wine,251,PjLGM4,Whiskey and Wine,Planning for Burial,https://getsongbpm.com/song/whiskey-and-wine/PjLGM4,71,4/4,A,major,4d,17,1,0.9437,matched
Death,Empty Words,286,LBIFlz__1EY,https://music.youtube.com/watch?v=LBIFlz__1EY,Death,Empty Words,Symbolic,383,vj2P5,Empty Words,Death,https://getsongbpm.com/song/empty-words/vj2P5,116,3/4,D,major,3d,35,1,1.0000,matched
Staind,Right Here,288,PXu0N7Y6j0s,https://music.youtube.com/watch?v=PXu0N7Y6j0s,Staind,Right Here,Chapter V,252,4gVvJ,Right Here,Staind,https://getsongbpm.com/song/right-here/4gVvJ,112,4/4,A♯m,minor,8m,50,1,1.0000,matched
Ozzy Osbourne,Under the Graveyard,290,7MDoHOzKZ_c,https://music.youtube.com/watch?v=7MDoHOzKZ_c,Ozzy Osbourne,Under the Graveyard,Ordinary Man,298,QkVGwG,Under the Graveyard,Ozzy Osbourne,https://getsongbpm.com/song/under-the-graveyard/QkVGwG,140,4/4,C♯m,minor,5m,50,1,1.0000,matched
Deftones,Digital Bath,292,iEtJQmv7-LY,https://music.youtube.com/watch?v=iEtJQmv7-LY,Deftones,Digital Bath,White Pony,256,r0gWW,Digital Bath,Deftones,https://getsongbpm.com/song/digital-bath/r0gWW,92,4/4,Em,minor,2m,34,1,1.0000,matched
Black Label Society,A Love Unreal,296,4P7nzFMtkrQ,https://music.youtube.com/watch?v=4P7nzFMtkrQ,Black Label Society,A Love Unreal,Grimmest Hits,359,16Kn4j,A Love Unreal,Black Label Society,https://getsongbpm.com/song/a-love-unreal/16Kn4j,146,4/4,Bm,minor,3m,43,1,1.0000,matched
Ghost,Life Eternal,300,RL8Ct8dKmAk,https://music.youtube.com/watch?v=RL8Ct8dKmAk,Ghost,Life Eternal,Prequelle,208,Eqzp2m,Life Eternal,Ghost,https://getsongbpm.com/song/life-eternal/Eqzp2m,155,4/4,C♯,major,8d,45,2,1.0000,matched
Ghost,Idolatrine,301,y_YOuhz9XhU,https://music.youtube.com/watch?v=y_YOuhz9XhU,Ghost,Idolatrine,Infestissumam,264,gLAlpk,Idolatrine,Ghost,https://getsongbpm.com/song/idolatrine/gLAlpk,144,4/4,Fm,minor,9m,51,1,1.0000,matched
Bonnie Tyler,Total Eclipse of the Heart,304,fSeFxzeo5Ts,https://music.youtube.com/watch?v=fSeFxzeo5Ts,Bonnie Tyler,Total Eclipse of the Heart,Faster Than the Speed of Night,418,gZrW9,Total Eclipse of the Heart,Bonnie Tyler,https://getsongbpm.com/song/total-eclipse-of-the-heart/gZrW9,129,4/4,G♯,major,9d,44,20,1.0000,matched
Barbra Streisand,Woman in Love,305,ryGlgkvqzKE,https://music.youtube.com/watch?v=ryGlgkvqzKE,Barbra Streisand,Woman in Love,Guilty,232,y8Eqg,Woman in Love,Barbra Streisand,https://getsongbpm.com/song/woman-in-love/y8Eqg,169,4/4,D♯m,minor,7m,49,49,1.0000,matched
Clutch,The Regulator,307,WGE7GAjlV3k,https://music.youtube.com/watch?v=WGE7GAjlV3k,Clutch,The Regulator,Blast Tyrant (Deluxe Edition),326,XA40W,The Regulator,Clutch,https://getsongbpm.com/song/the-regulator/XA40W,89,4/4,G,major,2d,57,12,0.9904,matched
Serj Tankian,Empty Walls,308,e1wrSR7qGh0,https://music.youtube.com/watch?v=e1wrSR7qGh0,Serj Tankian,Empty Walls,Elect the Dead,231,L9k69r,Empty Walls,Serj Tankian,https://getsongbpm.com/song/empty-walls/L9k69r,160,4/4,Cm,minor,10m,47,1,1.0000,matched
Ghost,Jigolo Har Megiddo,310,2vHDXkO1-BY,https://music.youtube.com/watch?v=2vHDXkO1-BY,Ghost,Jigolo Har Megiddo,Infestissumam,239,7LoQ91,Jigolo Har Megiddo,Ghost,https://getsongbpm.com/song/jigolo-har-megiddo/7LoQ91,132,4/4,F,major,12d,46,1,1.0000,matched
Deftones,Engine No. 9,311,OC8x9_App2I,https://music.youtube.com/watch?v=OC8x9_App2I,Deftones,Engine No. 9,Adrenaline,205,pQo0p,Engine No. 9,Deftones,https://getsongbpm.com/song/engine-nopoint-9/pQo0p,186,4/4,D,major,3d,36,1,1.0000,matched
Cult Leader,The Broken Right Hand of God,313,VCLUEfDzYds,https://music.youtube.com/watch?v=VCLUEfDzYds,Cult Leader,The Broken Right Hand of God,A Patient Man,393,r2zpKw,The Broken Right Hand of God,Cult Leader,https://getsongbpm.com/song/the-broken-right-hand-of-god/r2zpKw,112,4/4,D♯m,minor,7m,21,1,1.0000,matched
Black Label Society,Rust,315,cxGZj3xLzfI,https://music.youtube.com/watch?v=cxGZj3xLzfI,Black Label Society,Rust,Stronger Than Death,369,nRzN7,Rust,Black Label Society,https://getsongbpm.com/song/rust/nRzN7,127,4/4,Bm,minor,3m,44,12,1.0000,matched
Staind,So Far Away,317,vTxFQGb3Op4,https://music.youtube.com/watch?v=vTxFQGb3Op4,Staind,So Far Away,14 Shades of Grey,245,VlPy9,So Far Away,Staind,https://getsongbpm.com/song/so-far-away/VlPy9,69,3/4,F♯,major,7d,41,2,1.0000,matched
Paysage d'Hiver,Alt,318,qF5M7GnPe-Q,https://music.youtube.com/watch?v=qF5M7GnPe-Q,Paysage d'Hiver,Alt,Im Wald,634,k2yoyX,Alt,Paysage d'Hiver,https://getsongbpm.com/song/alt/k2yoyX,,,m,minor,,,,1.0000,matched
Slowdive,Slomo,321,KDIDLIE7Z1E,https://music.youtube.com/watch?v=KDIDLIE7Z1E,Slowdive,Slomo,Slowdive,414,J8oknP,Slomo,Slowdive,https://getsongbpm.com/song/slomo/J8oknP,107,4/4,G,major,2d,19,6,1.0000,matched
Slowdive,Dagger,324,7kHqIQVxIuA,https://music.youtube.com/watch?v=7kHqIQVxIuA,Slowdive,Dagger,Souvlaki,219,wVzmg,Dagger,Slowdive,https://getsongbpm.com/song/dagger/wVzmg,73,4/4,G♯m,minor,6m,51,63,1.0000,matched
Slipknot,Prosthetics,325,sFAMuSvLG5Y,https://music.youtube.com/watch?v=sFAMuSvLG5Y,Slipknot,Prosthetics,Slipknot,299,P1n22,Prosthetics,Slipknot,https://getsongbpm.com/song/prosthetics/P1n22,146,4/4,F♯,major,7d,27,1,1.0000,matched
Queen,Bohemian Rhapsody,326,hZdiwHHxay4,https://music.youtube.com/watch?v=hZdiwHHxay4,Queen,Bohemian Rhapsody,Greatest Hits In Japan,356,Y69Dp,Bohemian Rhapsody,Queen,https://getsongbpm.com/song/bohemian-rhapsody/Y69Dp,72,4/4,A♯,major,11d,40,26,0.9411,matched
The Doors,Moonlight Drive,332,iNilmUzcB0s,https://music.youtube.com/watch?v=iNilmUzcB0s,The Doors,Moonlight Drive,Strange Days,182,Q0rjB0,Moonlight Drive,The Doors,https://getsongbpm.com/song/moonlight-drive/Q0rjB0,113,4/4,D,major,3d,62,61,1.0000,matched
The Doors,Love Street,333,vf7m-ogAW5A,https://music.youtube.com/watch?v=vf7m-ogAW5A,The Doors,Love Street,Waiting for the Sun (50th Anniversary Deluxe Edition),173,jqWErl,Love Street,The Doors,https://getsongbpm.com/song/love-street/jqWErl,118,4/4,Am,minor,1m,71,69,0.9904,matched
Andy Williams,Michelle,334,XqaxtscI7mM,https://music.youtube.com/watch?v=XqaxtscI7mM,Andy Williams,Michelle,The Shadow of Your Smile,203,Ro0o4O,Michelle,Andy Williams,https://getsongbpm.com/song/michelle/Ro0o4O,100,4/4,Fm,minor,9m,32,93,0.9904,matched
Frank Sinatra,Rain In My Heart,337,b_vPrhPl5uY,https://music.youtube.com/watch?v=b_vPrhPl5uY,Frank Sinatra,Rain In My Heart,Cycles,202,pQrKz2,Rain in My Heart,Frank Sinatra,https://getsongbpm.com/song/rain-in-my-heart/pQrKz2,171,3/4,Bm,minor,3m,19,92,1.0000,matched
HIM,Bury me deep inside,340,q0xFztPoziU,https://music.youtube.com/watch?v=q0xFztPoziU,HIM,Bury me deep inside,Razorblade Romance,257,XogJDV,Bury Me Deep Inside Your Heart,HIM,https://getsongbpm.com/song/bury-me-deep-inside-your-heart/XogJDV,85,4/4,F♯m,minor,4m,52,28,0.9304,matched
Gojira,The Heaviest Matter of the Universe,341,BRELs2SQPeE,https://music.youtube.com/watch?v=BRELs2SQPeE,Gojira,The Heaviest Matter of the Universe,From Mars to Sirius,238,Z6OG7R,The Heaviest Matter of the Universe,Gojira,https://getsongbpm.com/song/the-heaviest-matter-of-the-universe/Z6OG7R,206,4/4,Fm,minor,9m,25,1,1.0000,matched
Low,Lullaby,342,zEmtfA8FETc,https://music.youtube.com/watch?v=zEmtfA8FETc,Low,Lullaby,I Could Live In Hope,590,6X0pV,Lullaby,Low,https://getsongbpm.com/song/lullaby/6X0pV,125,4/4,Bm,minor,3m,38,6,1.0000,matched
Radiohead,Everything In Its Right Place,343,NUnXxh5U25Y,https://music.youtube.com/watch?v=NUnXxh5U25Y,Radiohead,Everything In Its Right Place,Kid A,252,kZjE,Everything in Its Right Place,Radiohead,https://getsongbpm.com/song/everything-in-its-right-place/kZjE,124,5/4,Fm,minor,9m,30,70,1.0000,matched
twenty one pilots,Ride,344,w1Smzzw_w7Q,https://music.youtube.com/watch?v=w1Smzzw_w7Q,twenty one pilots,Ride,Blurryface,215,2x6A1j,Ride,twenty one pilots,https://getsongbpm.com/song/ride/2x6A1j,76,4/4,F♯,major,7d,65,1,1.0000,matched
Deftones,Beware,347,FzjaN0gPvaE,https://music.youtube.com/watch?v=FzjaN0gPvaE,Deftones,Beware,Saturday Night Wrist,361,qxpmvk,Beware,Deftones,https://getsongbpm.com/song/beware/qxpmvk,72,4/4,G♯,major,9d,27,1,1.0000,matched
Superheaven,Poor Aileen,348,g8R3mKlBwqE,https://music.youtube.com/watch?v=g8R3mKlBwqE,Superheaven,Poor Aileen,Ours Is Chrome,268,p8GNvr,Poor Aileen,Superheaven,https://getsongbpm.com/song/poor-aileen/p8GNvr,137,4/4,C♯,major,8d,45,1,1.0000,matched
Urfaust,"Dämmert, gelähmt und mit scheinbar erloschenem Geist",351,U61inkmPMzw,https://music.youtube.com/watch?v=U61inkmPMzw,Urfaust,"Dämmert, gelähmt und mit scheinbar erloschenem Geist",Ritual Music for the True Clochard,262,qxppkk,"Dämmert, Gelähmt und mit Scheinbar erloschenem Geist",Urfaust,https://getsongbpm.com/song/daemmert-gelaehmt-und-mit-scheinbar-erloschenem-geist/qxppkk,93,3/4,C,major,1d,12,1,0.9257,matched
Radiohead,How to Disappear Completely,352,6W6HhdqA95w,https://music.youtube.com/watch?v=6W6HhdqA95w,Radiohead,How to Disappear Completely,Kid A,357,nrmE,How to Disappear Completely,Radiohead,https://getsongbpm.com/song/how-to-disappear-completely/nrmE,102,4/4,F♯m,minor,4m,17,32,1.0000,matched
Radiohead,All I Need,354,FM7ALFsOH4g,https://music.youtube.com/watch?v=FM7ALFsOH4g,Radiohead,All I Need,In Rainbows,229,KrNyR8,All I Need,Radiohead,https://getsongbpm.com/song/all-i-need/KrNyR8,178,4/4,Em,minor,2m,67,52,1.0000,matched
Radiohead,High and Dry,355,7fv84nPfTH0,https://music.youtube.com/watch?v=7fv84nPfTH0,Radiohead,High and Dry,The Bends,258,qxygR,High and Dry,Radiohead,https://getsongbpm.com/song/high-and-dry/qxygR,86,4/4,E,major,5d,42,8,1.0000,matched
Lana Del Rey,Brooklyn Baby,356,ubuN28MsRrg,https://music.youtube.com/watch?v=ubuN28MsRrg,Lana Del Rey,Brooklyn Baby,Ultraviolence,352,2xXzrP,Brooklyn Baby,Lana Del Rey,https://getsongbpm.com/song/brooklyn-baby/2xXzrP,107,4/4,C♯,major,8d,41,55,1.0000,matched
Lana Del Rey,Shades Of Cool,357,igC9mcrZlHo,https://music.youtube.com/watch?v=igC9mcrZlHo,Lana Del Rey,Shades Of Cool,Ultraviolence,343,1WMxqo,Shades of Cool,Lana Del Rey,https://getsongbpm.com/song/shades-of-cool/1WMxqo,137,3/4,Dm,minor,12m,27,56,1.0000,matched
Perry Como,Killing Me Softly With Her Song,360,-spotq2kYd4,https://music.youtube.com/watch?v=-spotq2kYd4,Perry Como,Killing Me Softly With Her Song,And I Love You So,271,OYBzVE,Killing Me Softly With Her Song,Perry Como,https://getsongbpm.com/song/killing-me-softly-with-her-song/OYBzVE,103,4/4,G♯m,minor,6m,56,49,1.0000,matched
Nat King Cole,When I Fall In Love,361,jnRzMETUUAI,https://music.youtube.com/watch?v=jnRzMETUUAI,Nat King Cole,When I Fall In Love,Love Is The Thing,191,9QAlN8,When I Fall in Love,Nat King Cole,https://getsongbpm.com/song/when-i-fall-in-love/9QAlN8,81,4/4,C♯,major,8d,17,80,1.0000,matched
Gutalax,Polykání semena z postaršího jelena,370,e1wFWufGKsE,https://music.youtube.com/watch?v=e1wFWufGKsE,Gutalax,Polykání semena z postaršího jelena,Shit Beast,129,OyMvAp,Polykani Semena Z Postarsiho Jelena (Swallowing the Seeds of an Elperly Deer),Gutalax,https://getsongbpm.com/song/polykani-semena-z-postarsiho-jelena-swallowing-the-seeds-of-an-elperly-deer/OyMvAp,154,4/4,Am,minor,1m,40,1,0.9304,matched
Cannibal Corpse,Skewered From Ear To Eye,371,H8VZO7iSBFg,https://music.youtube.com/watch?v=H8VZO7iSBFg,Cannibal Corpse,Skewered From Ear To Eye,Evisceration Plague,229,3l190M,Skewered From Ear to Eye,Cannibal Corpse,https://getsongbpm.com/song/skewered-from-ear-to-eye/3l190M,100,4/4,A♯m,minor,8m,56,1,1.0000,matched
Gutalax,Robocock,374,c4vqvpBiRZA,https://music.youtube.com/watch?v=c4vqvpBiRZA,Gutalax,Robocock,Shit Beast,107,D91Omx,Robocock,Gutalax,https://getsongbpm.com/song/robocock/D91Omx,172,4/4,Em,minor,2m,18,1,1.0000,matched
Matt Monro,The Music Played,380,LsVq_YEsHRY,https://music.youtube.com/watch?v=LsVq_YEsHRY,Matt Monro,The Music Played,Matt Monro - The Best,193,lYwDEJ,Alguien canto (The Music Played),Matt Monro,https://getsongbpm.com/song/alguien-canto-the-music-played/lYwDEJ,81,4/4,F♯m,minor,4m,40,71,0.8824,matched
Cult Of Luna,Dark Side Of The Sun,384,xu7MkvDjWhY,https://music.youtube.com/watch?v=xu7MkvDjWhY,Cult Of Luna,Dark Side Of The Sun,Cult Of Luna,194,WRyZg,Dark Side of the Sun,Cult of Luna,https://getsongbpm.com/song/dark-side-of-the-sun/WRyZg,95,3/4,Cm,minor,10m,15,1,1.0000,matched
Perry Como,And I Love You So,388,Xb6Yw2YqqbY,https://music.youtube.com/watch?v=Xb6Yw2YqqbY,Perry Como,And I Love You So,Slows (Les grands succès),203,NkAyQ8,And I Love You So,Perry Como,https://getsongbpm.com/song/and-i-love-you-so/NkAyQ8,90,4/4,G♯,major,9d,42,88,0.9400,matched
Barry Manilow,Can't Smile Without You,396,l_FNkf-bHnA,https://music.youtube.com/watch?v=l_FNkf-bHnA,Barry Manilow,Can't Smile Without You,Even Now,194,OYmNnG,Can't Smile Without You,Barry Manilow,https://getsongbpm.com/song/can-t-smile-without-you/OYmNnG,97,4/4,G,major,2d,42,50,1.0000,matched
Schammasch,The Empyrean,401,y_-o-HYTxpI,https://music.youtube.com/watch?v=y_-o-HYTxpI,Schammasch,The Empyrean,Triangle,506,pZ1ElV,The Empyrean,Schammasch,https://getsongbpm.com/song/the-empyrean/pZ1ElV,124,4/4,B,major,6d,20,1,1.0000,matched
Urfaust,False Sensorial Impressions,402,x9kn39HdnWM,https://music.youtube.com/watch?v=x9kn39HdnWM,Urfaust,False Sensorial Impressions,The Constellatory Practice,362,PrkKpn,False Sensorial Impressions,Urfaust,https://getsongbpm.com/song/false-sensorial-impressions/PrkKpn,,,m,minor,,,,1.0000,matched
Cocteau Twins,Frou-frou Foxes in Midsummer Fires,408,qgffvFM1J-Q,https://music.youtube.com/watch?v=qgffvFM1J-Q,Cocteau Twins,Frou-frou Foxes in Midsummer Fires,Heaven or Las Vegas,339,zKxx8,Frou-Frou Foxes in Midsummer Fires,Cocteau Twins,https://getsongbpm.com/song/frou-frou-foxes-in-midsummer-fires/zKxx8,160,4/4,A♯,major,11d,41,1,1.0000,matched
Engelbert Humperdinck,The Way It Used To Be,414,9CcOhE2qHzQ,https://music.youtube.com/watch?v=9CcOhE2qHzQ,Engelbert Humperdinck,The Way It Used To Be,Engelbert,194,1rq2lG,The Way It Used to Be,Engelbert Humperdinck,https://getsongbpm.com/song/the-way-it-used-to-be/1rq2lG,98,3/4,G♯,major,9d,40,74,1.0000,matched
Radiohead,Fake Plastic Trees,417,6gDhsUWCHrg,https://music.youtube.com/watch?v=6gDhsUWCHrg,Radiohead,Fake Plastic Trees,The Bends,291,rkzjk,Fake Plastic Trees,Radiohead,https://getsongbpm.com/song/fake-plastic-trees/rkzjk,74,4/4,A,major,4d,46,17,1.0000,matched
Mgła,Exercises in Futility III,418,u8HX_5I83cI,https://music.youtube.com/watch?v=u8HX_5I83cI,Mgła,Exercises in Futility III,Exercises in Futility,278,WQ1ADv,Exercises in Futility III,Mgła,https://getsongbpm.com/song/exercises-in-futility-iii/WQ1ADv,175,4/4,F♯m,minor,4m,10,1,1.0000,matched
Deftones,Drive,422,zWfGYAgqLLI,https://music.youtube.com/watch?v=zWfGYAgqLLI,Deftones,Drive,Saturday Night Wrist,291,BPz0N,Be Quiet and Drive (Far Away),Deftones,https://getsongbpm.com/song/be-quiet-and-drive-far-away/BPz0N,92,4/4,C♯,major,8d,21,1,0.8664,matched
Deftones,Xerces,428,4zFWCybibv0,https://music.youtube.com/watch?v=4zFWCybibv0,Deftones,Xerces,Saturday Night Wrist,222,xkzwDE,Xerces,Deftones,https://getsongbpm.com/song/xerces/xkzwDE,117,4/4,Gm,minor,11m,55,1,1.0000,matched
Andy Williams,(Where Do I Begin) Love Story,429,_ek7ZdZbovM,https://music.youtube.com/watch?v=_ek7ZdZbovM,Andy Williams,(Where Do I Begin) Love Story,Greatest Hits Volume II,194,KEW9n,(Where Do I Begin) Love Story,Andy Williams,https://getsongbpm.com/song/where-do-i-begin-love-story/KEW9n,84,4/4,F♯,major,7d,26,52,0.9394,matched
Frank Sinatra,This Is My Love,430,emBtrO0cHM4,https://music.youtube.com/watch?v=emBtrO0cHM4,Frank Sinatra,This Is My Love,The World We Knew,217,pY6N4N,This Is My Love,Frank Sinatra,https://getsongbpm.com/song/this-is-my-love/pY6N4N,80,4/4,B,major,6d,17,95,1.0000,matched
Deftones,Around the Fur,433,AFVNrox01SM,https://music.youtube.com/watch?v=AFVNrox01SM,Deftones,Around the Fur,Around the Fur,212,z70jm,Around the Fur,Deftones,https://getsongbpm.com/song/around-the-fur/z70jm,79,4/4,Fm,minor,9m,45,1,1.0000,matched
The Veils,Total Depravity,435,aNFnmj8qqXE,https://music.youtube.com/watch?v=aNFnmj8qqXE,The Veils,Total Depravity,Total Depravity,305,qQEBVD,Total Depravity,The Veils,https://getsongbpm.com/song/total-depravity/qQEBVD,105,3/4,C,major,1d,62,1,1.0000,matched
KMFDM,I Am What I Am,436,k0OdQfWZmoQ,https://music.youtube.com/watch?v=k0OdQfWZmoQ,KMFDM,I Am What I Am,Tohuvabohu,292,gJWoRr,I Am What I Am,KMFDM,https://getsongbpm.com/song/i-am-what-i-am/gJWoRr,147,4/4,Bm,minor,3m,49,1,1.0000,matched
Rob Zombie,Meet The Creeper,437,x0ztEcBMBfo,https://music.youtube.com/watch?v=x0ztEcBMBfo,Rob Zombie,Meet The Creeper,Hellbilly Deluxe,194,KOgR,Meet the Creeper,Rob Zombie,https://getsongbpm.com/song/meet-the-creeper/KOgR,117,4/4,Cm,minor,10m,53,1,1.0000,matched
My Chemical Romance,The Ghost of You,440,D66_NiTJSTc,https://music.youtube.com/watch?v=D66_NiTJSTc,My Chemical Romance,The Ghost of You,Three Cheers for Sweet Revenge,195,ZnP56,The Ghost of You,My Chemical Romance,https://getsongbpm.com/song/the-ghost-of-you/ZnP56,144,4/4,Bm,minor,3m,21,3,1.0000,matched
Slipknot,Diluted,441,2wfNavmIDdk,https://music.youtube.com/watch?v=2wfNavmIDdk,Slipknot,Diluted,Slipknot,204,Rgp2Y,Diluted,Slipknot,https://getsongbpm.com/song/diluted/Rgp2Y,158,4/4,C♯,major,8d,30,2,1.0000,matched
System Of A Down,Revenga,442,qOl7m52TQk8,https://music.youtube.com/watch?v=qOl7m52TQk8,System Of A Down,Revenga,Mezmerize,229,p4lWX,Revenga,System of a Down,https://getsongbpm.com/song/revenga/p4lWX,140,4/4,G♯,major,9d,51,1,1.0000,matched
Behemoth,In the Absence Ov Light,443,H89p3nTCxUg,https://music.youtube.com/watch?v=H89p3nTCxUg,Behemoth,In the Absence Ov Light,The Satanist,299,2xO4QA,In the Absence Ov Light,Behemoth,https://getsongbpm.com/song/in-the-absence-ov-light/2xO4QA,127,4/4,F,major,12d,27,1,1.0000,matched
HIM,Sweet Pandemonium,444,F6Hp3kHC0Pw,https://music.youtube.com/watch?v=F6Hp3kHC0Pw,HIM,Sweet Pandemonium,Love Metal,346,jO3o4,Sweet Pandemonium,HIM,https://getsongbpm.com/song/sweet-pandemonium/jO3o4,74,4/4,Am,minor,1m,41,1,1.0000,matched
Deftones,Sextape,445,ygSxsbZPG90,https://music.youtube.com/watch?v=ygSxsbZPG90,Deftones,Sextape,Diamond Eyes (Deluxe),242,pg6MZ6,Sextape,Deftones,https://getsongbpm.com/song/sextape/pg6MZ6,89,4/4,F,major,12d,37,1,0.9904,matched
Deftones,Be Quiet and Drive (Far Away),446,_t1vqLwqbyA,https://music.youtube.com/watch?v=_t1vqLwqbyA,Deftones,Be Quiet and Drive (Far Away),Around the Fur,300,BPz0N,Be Quiet and Drive (Far Away),Deftones,https://getsongbpm.com/song/be-quiet-and-drive-far-away/BPz0N,92,4/4,C♯,major,8d,21,1,1.0000,matched
Rob Zombie,Iron Head (feat. Ozzy Osbourne),447,CQYh0ZnDN1s,https://music.youtube.com/watch?v=CQYh0ZnDN1s,Rob Zombie,Iron Head (feat. Ozzy Osbourne),The Sinister Urge,252,1yyAq,Iron Head,Rob Zombie,https://getsongbpm.com/song/iron-head/1yyAq,102,4/4,F♯,major,7d,53,1,1.0000,matched
Lana Del Rey,Dark Paradise,449,dvSZQ4oMHGM,https://music.youtube.com/watch?v=dvSZQ4oMHGM,Lana Del Rey,Dark Paradise,Born To Die - The Paradise Edition (Special Version),244,PZ8Q92,Dark Paradise,Lana Del Rey,https://getsongbpm.com/song/dark-paradise/PZ8Q92,117,4/4,C♯m,minor,5m,60,10,0.9904,matched
Lana Del Rey,Ultraviolence,450,qycR5RkVa04,https://music.youtube.com/watch?v=qycR5RkVa04,Lana Del Rey,Ultraviolence,Ultraviolence,252,ZYgqyE,Ultraviolence,Lana Del Rey,https://getsongbpm.com/song/ultraviolence/ZYgqyE,79,3/4,Dm,minor,12m,15,28,1.0000,matched
bôa,Duvet (Acoustic),451,KQiz9Wjwh-I,https://music.youtube.com/watch?v=KQiz9Wjwh-I,bôa,Duvet (Acoustic),Twilight,315,NYrZz,Duvet (acoustic),Bôa,https://getsongbpm.com/song/duvet-acoustic/NYrZz,172,4/4,G,major,2d,48,40,1.0000,matched
Deftones,Entombed,452,gEXbHKAuHSg,https://music.youtube.com/watch?v=gEXbHKAuHSg,Deftones,Entombed,Koi No Yokan,300,32gKPr,Entombed,Deftones,https://getsongbpm.com/song/entombed/32gKPr,130,4/4,A♯,major,11d,40,1,1.0000,matched
Basement,Covet,453,LVn5k88DmUM,https://music.youtube.com/watch?v=LVn5k88DmUM,Basement,Covet,Colourmeinkindness,228,AP5gv3,Covet,Basement,https://getsongbpm.com/song/covet/AP5gv3,139,4/4,E,major,5d,43,1,1.0000,matched
The Cranberries,I Still Do,455,vovVgQ2BsTo,https://music.youtube.com/watch?v=vovVgQ2BsTo,The Cranberries,I Still Do,"Everybody Else Is Doing It, So Why Can't We? (The Complete Sessions 1991-1993)",197,6RXgPO,I Still Do,The Cranberries,https://getsongbpm.com/song/i-still-do/6RXgPO,117,4/4,Em,minor,2m,43,27,0.9904,matched
The Smiths,What Difference Does It Make?,456,VH5BSkVQLsw,https://music.youtube.com/watch?v=VH5BSkVQLsw,The Smiths,What Difference Does It Make?,The Smiths,230,OyEW6g,What Difference Does It Make?,The Smiths,https://getsongbpm.com/song/what-difference-does-it-makequestion/OyEW6g,163,4/4,C♯m,minor,5m,39,1,1.0000,matched
Slipknot,Spit It Out,457,pH4PkaN3eVA,https://music.youtube.com/watch?v=pH4PkaN3eVA,Slipknot,Spit It Out,Slipknot,160,KOgWJ,Spit It Out,Slipknot,https://getsongbpm.com/song/spit-it-out/KOgWJ,139,4/4,G,major,2d,34,4,1.0000,matched
Mudvayne,(k)Now F(orever),458,Iyj_NoUXnpM,https://music.youtube.com/watch?v=Iyj_NoUXnpM,Mudvayne,(k)Now F(orever),L.D. 50,427,DRMvx,(K)now F(orever),Mudvayne,https://getsongbpm.com/song/k-now-f-orever/DRMvx,173,4/4,F♯m,minor,4m,51,1,1.0000,matched
Mudvayne,Under My Skin,459,Sr4mvflTr-Q,https://music.youtube.com/watch?v=Sr4mvflTr-Q,Mudvayne,Under My Skin,L.D. 50,228,BgKqX,Under My Skin,Mudvayne,https://getsongbpm.com/song/under-my-skin/BgKqX,120,4/4,C♯,major,8d,65,1,1.0000,matched
Mudvayne,Pharmaecopia,460,Mtqd6qGnOsU,https://music.youtube.com/watch?v=Mtqd6qGnOsU,Mudvayne,Pharmaecopia,L.D. 50,335,AnJpO,Pharmaecopia,Mudvayne,https://getsongbpm.com/song/pharmaecopia/AnJpO,196,4/4,F♯,major,7d,47,1,1.0000,matched
Mudvayne,Severed,461,3FA4Uu35IVQ,https://music.youtube.com/watch?v=3FA4Uu35IVQ,Mudvayne,Severed,L.D. 50,390,xGZg9,Severed,Mudvayne,https://getsongbpm.com/song/severed/xGZg9,144,4/4,Bm,minor,3m,54,1,1.0000,matched
Mudvayne,Everything And Nothing,462,gPLMmBvKVhw,https://music.youtube.com/watch?v=gPLMmBvKVhw,Mudvayne,Everything And Nothing,L.D. 50,196,wjY1R,Everything and Nothing,Mudvayne,https://getsongbpm.com/song/everything-and-nothing/wjY1R,200,4/4,G,major,2d,48,1,1.0000,matched
Mudvayne,Death Blooms,463,Stw20G0sfh0,https://music.youtube.com/watch?v=Stw20G0sfh0,Mudvayne,Death Blooms,L.D. 50,292,oYN1j,Death Blooms,Mudvayne,https://getsongbpm.com/song/death-blooms/oYN1j,174,4/4,F♯m,minor,4m,28,1,1.0000,matched
Mudvayne,-1,464,ueAYt6DwsuU,https://music.youtube.com/watch?v=ueAYt6DwsuU,Mudvayne,-1,L.D. 50,239,nZM1R,-1,Mudvayne,https://getsongbpm.com/song/1/nZM1R,100,4/4,Fm,minor,9m,55,1,1.0000,matched
Godsmack,Awake,465,R8pj2y39_jc,https://music.youtube.com/watch?v=R8pj2y39_jc,Godsmack,Awake,Awake,305,8MYo,Awake,Godsmack,https://getsongbpm.com/song/awake/8MYo,112,4/4,G,major,2d,39,1,1.0000,matched
Marilyn Manson,SAY10,466,0CczcnAMj5Q,https://music.youtube.com/watch?v=0CczcnAMj5Q,Marilyn Manson,SAY10,Heaven Upside Down,259,ywEj9W,SAY10,Marilyn Manson,https://getsongbpm.com/song/say10/ywEj9W,126,4/4,D,major,3d,61,1,1.0000,matched
Korn,Wake Up Hate,467,VbCJGCG7F-0,https://music.youtube.com/watch?v=VbCJGCG7F-0,Korn,Wake Up Hate,Untouchables,193,BPXJN,Wake Up Hate,Korn,https://getsongbpm.com/song/wake-up-hate/BPXJN,146,4/4,C♯,major,8d,62,1,1.0000,matched
Judas Priest,No Surrender,469,0RotWp2o02g,https://music.youtube.com/watch?v=0RotWp2o02g,Judas Priest,No Surrender,Firepower,174,jYzKmy,No Surrender,Judas Priest,https://getsongbpm.com/song/no-surrender/jYzKmy,130,4/4,G,major,2d,61,1,1.0000,matched
Avatar,Hail the Apocalypse,471,QCE_0o-kmp8,https://music.youtube.com/watch?v=QCE_0o-kmp8,Avatar,Hail the Apocalypse,Hail the Apocalypse,254,BNvJ9Y,Hail the Apocalypse,Avatar,https://getsongbpm.com/song/hail-the-apocalypse/BNvJ9Y,93,4/4,F♯,major,7d,43,1,1.0000,matched
Dope,No Way Out,472,jfdNA_OTpBY,https://music.youtube.com/watch?v=jfdNA_OTpBY,Dope,No Way Out,American Apathy,208,kRwk6Y,No Way Out,Dope,https://getsongbpm.com/song/no-way-out/kRwk6Y,120,4/4,G♯,major,9d,47,1,1.0000,matched
Septicflesh,Anubis,476,iag9MpjSULU,https://music.youtube.com/watch?v=iag9MpjSULU,Septicflesh,Anubis,Communion,258,pQjXD2,Anubis,Septicflesh,https://getsongbpm.com/song/anubis/pQjXD2,79,3/4,G,major,2d,37,1,1.0000,matched
The Neighbourhood,Sweater Weather,477,Ao81ziiXHhs,https://music.youtube.com/watch?v=Ao81ziiXHhs,The Neighbourhood,Sweater Weather,I'm Sorry...,241,7LN80r,Sweater Weather,The Neighbourhood,https://getsongbpm.com/song/sweater-weather/7LN80r,123,4/4,A♯,major,11d,62,5,0.9556,matched
The Cranberries,Never Grow Old,478,wBjdVKGrHtg,https://music.youtube.com/watch?v=wBjdVKGrHtg,The Cranberries,Never Grow Old,Wake Up And Smell The Coffee,156,oV0PX,Never Grow Old,The Cranberries,https://getsongbpm.com/song/never-grow-old/oV0PX,96,4/4,G♯,major,9d,53,38,1.0000,matched
Toto Cutugno,L'italiano,479,rL1svMa518w,https://music.youtube.com/watch?v=rL1svMa518w,Toto Cutugno,L'italiano,L'Italiano,237,ggJ6k,L'Italiano,Toto Cutugno,https://getsongbpm.com/song/l-italiano/ggJ6k,121,4/4,A♯m,minor,8m,62,30,1.0000,matched
Ricchi E Poveri,Sarà perché ti amo,480,jrI9zLeuizE,https://music.youtube.com/watch?v=jrI9zLeuizE,Ricchi E Poveri,Sarà perché ti amo,...E Penso A Te,185,Qk3KxZ,Sarà perché ti amo,Ricchi e Poveri,https://getsongbpm.com/song/sara-perche-ti-amo/Qk3KxZ,120,4/4,E,major,5d,83,9,1.0000,matched
Lou Monte,Lazy Mary (Luna Mezza Mare) (feat. Joe Reisman & His Orchestra),482,M1rCJvzbFr8,https://music.youtube.com/watch?v=M1rCJvzbFr8,Lou Monte,Lazy Mary (Luna Mezza Mare) (feat. Joe Reisman & His Orchestra),Lou Monte Sings For You,162,XDrwj8,Lazy Mary (Luna Mezza Mare),Lou Monte,https://getsongbpm.com/song/lazy-mary-luna-mezza-mare/XDrwj8,121,4/4,A♯,major,11d,75,27,0.9904,matched
Don McLean,Vincent,483,AGIUnZLr5T4,https://music.youtube.com/watch?v=AGIUnZLr5T4,Don McLean,Vincent,The Best Of Don McLean,241,j5E6l,Vincent,Don McLean,https://getsongbpm.com/song/vincent/j5E6l,91,3/4,G,major,2d,42,91,0.9413,matched
Slipknot,(sic),487,X6QIC2wS7R8,https://music.youtube.com/watch?v=X6QIC2wS7R8,Slipknot,(sic),Slipknot (10th Anniversary Edition),200,DRXM5,(Sic),Slipknot,https://getsongbpm.com/song/sic/DRXM5,192,4/4,G,major,2d,38,1,0.9904,matched
Disturbed,Decadence,488,WVggAoXfBc4,https://music.youtube.com/watch?v=WVggAoXfBc4,Disturbed,Decadence,Ten Thousand Fists,205,o2RQ8z,Decadence,Disturbed,https://getsongbpm.com/song/decadence/o2RQ8z,92,4/4,G♯,major,9d,46,1,1.0000,matched
Frank Sinatra,Maybe You'll Be There,489,xEPPQxHR1S4,https://music.youtube.com/watch?v=xEPPQxHR1S4,Frank Sinatra,Maybe You'll Be There,Where Are You? (Remastered / Expanded Edition),188,oQ8jA,Maybe You'll Be There,Frank Sinatra,https://getsongbpm.com/song/maybe-you-ll-be-there/oQ8jA,174,3/4,C,major,1d,18,91,0.9904,matched
Carpenters,We've Only Just Begun,490,xeBoRF5tgDo,https://music.youtube.com/watch?v=xeBoRF5tgDo,Carpenters,We've Only Just Begun,Gold - Greatest Hits,186,9LZYP,We've Only Just Begun,Carpenters,https://getsongbpm.com/song/we-ve-only-just-begun/9LZYP,89,4/4,A,major,4d,24,79,0.9413,matched
Mgła,Age of Excuse I,497,zgUyt-T36Y0,https://music.youtube.com/watch?v=zgUyt-T36Y0,Mgła,Age of Excuse I,Age of Excuse,450,k7pR5x,Age of Excuse I,Mgła,https://getsongbpm.com/song/age-of-excuse-i/k7pR5x,144,4/4,Gm,minor,11m,30,1,1.0000,matched
Frank Sinatra,Drinking Again,499,DN5tT7PzQyQ,https://music.youtube.com/watch?v=DN5tT7PzQyQ,Frank Sinatra,Drinking Again,The World We Knew,191,yPOZZP,Drinking Again,Frank Sinatra,https://getsongbpm.com/song/drinking-again/yPOZZP,76,3/4,Cm,minor,10m,31,91,1.0000,matched
Engelbert Humperdinck,Can't Take My Eyes Off You,502,VTSgGCgpeN0,https://music.youtube.com/watch?v=VTSgGCgpeN0,Engelbert Humperdinck,Can't Take My Eyes Off You,A Man Without Love,222,0Vp1k3,Can't Take My Eyes Off You,Engelbert Humperdinck,https://getsongbpm.com/song/can-t-take-my-eyes-off-you/0Vp1k3,119,4/4,D♯,major,10d,54,48,1.0000,matched
Europe,Carrie,510,upH1x4TsGNQ,https://music.youtube.com/watch?v=upH1x4TsGNQ,Europe,Carrie,The Final Countdown (Expanded Edition),273,gpVNj,Carrie,Europe,https://getsongbpm.com/song/carrie/gpVNj,68,4/4,G,major,2d,46,12,0.9904,matched
Cocteau Twins,Pandora (for Cindy),511,LCaNDUcqHlQ,https://music.youtube.com/watch?v=LCaNDUcqHlQ,Cocteau Twins,Pandora (for Cindy),Treasure,336,pY0py,Pandora (For Cindy),Cocteau Twins,https://getsongbpm.com/song/pandora-for-cindy/pY0py,158,3/4,C,major,1d,45,26,1.0000,matched
Behemoth,God = Dog,513,F3AElY9gCSM,https://music.youtube.com/watch?v=F3AElY9gCSM,Behemoth,God = Dog,I Loved You at Your Darkest,239,oZGQoA,God = Dog,Behemoth,https://getsongbpm.com/song/god-dog/oZGQoA,130,4/4,F♯,major,7d,39,1,1.0000,matched
Disturbed,Stricken,515,VVLAnjtpXeM,https://music.youtube.com/watch?v=VVLAnjtpXeM,Disturbed,Stricken,Ten Thousand Fists,246,kRQZBx,Stricken,Disturbed,https://getsongbpm.com/song/stricken/kRQZBx,86,4/4,Cm,minor,10m,41,1,1.0000,matched
Powerwolf,In the Name of God (Deus Vult),520,EKOXzF8jSsA,https://music.youtube.com/watch?v=EKOXzF8jSsA,Powerwolf,In the Name of God (Deus Vult),Preachers of the Night,196,jZRwo5,In the Name of God (Deus Vult),Powerwolf,https://getsongbpm.com/song/in-the-name-of-god-deus-vult/jZRwo5,149,4/4,A♯m,minor,8m,31,1,1.0000,matched
Pastel Ghost,Dark Beach,540,g78_lRoomcE,https://music.youtube.com/watch?v=g78_lRoomcE,Pastel Ghost,Dark Beach,Abyss,222,mOKwEn,DARK BEACH,PASTEL GHOST,https://getsongbpm.com/song/dark-beach/mOKwEn,130,4/4,G,major,2d,53,34,1.0000,matched
Trevor Something,The Ghost,544,AGa0kwNBLo0,https://music.youtube.com/watch?v=AGa0kwNBLo0,Trevor Something,The Ghost,Deep Wave Data Dark Web Daemons,243,162553,The Ghost,Trevor Something,https://getsongbpm.com/song/the-ghost/162553,131,4/4,C♯,major,8d,63,15,1.0000,matched
The Doors,The Spy,546,eyjZUR5-tdY,https://music.youtube.com/watch?v=eyjZUR5-tdY,The Doors,The Spy,Morrison Hotel,256,yrRG5W,The Spy,The Doors,https://getsongbpm.com/song/the-spy/yrRG5W,80,4/4,D,major,3d,48,22,1.0000,matched
Meshuggah,Obzen,549,bzZbTOhoOfM,https://music.youtube.com/watch?v=bzZbTOhoOfM,Meshuggah,Obzen,ObZen,265,QWMkq5,obZen,Meshuggah,https://getsongbpm.com/song/obzen/QWMkq5,85,4/4,F,major,12d,17,1,1.0000,matched
Dope,Always,551,b8mo2TJFIQ0,https://music.youtube.com/watch?v=b8mo2TJFIQ0,Dope,Always,American Apathy,197,lYvl8J,Always,Dope,https://getsongbpm.com/song/always/lYvl8J,99,4/4,F♯,major,7d,40,1,1.0000,matched
Dope,Slipping Away,554,pQZvDAyr2qw,https://music.youtube.com/watch?v=pQZvDAyr2qw,Dope,Slipping Away,Life,183,8M3Lr,Slipping Away,Dope,https://getsongbpm.com/song/slipping-away/8M3Lr,130,4/4,G♯,major,9d,55,1,1.0000,matched
Dope,I'm Back,555,S-uzJDL7Pdc,https://music.youtube.com/watch?v=S-uzJDL7Pdc,Dope,I'm Back,American Apathy,206,gJxO7l,I'm Back,Dope,https://getsongbpm.com/song/i-m-back/gJxO7l,129,4/4,C,major,1d,57,1,1.0000,matched
Queen,The Show Must Go On,562,3O0D6MvWFf4,https://music.youtube.com/watch?v=3O0D6MvWFf4,Queen,The Show Must Go On,Greatest Hits II,264,g5X4D,The Show Must Go On,Queen,https://getsongbpm.com/song/the-show-must-go-on/g5X4D,83,4/4,Bm,minor,3m,43,43,0.9267,matched
Pink Floyd,Hey You,567,MN09OQZ2ZoQ,https://music.youtube.com/watch?v=MN09OQZ2ZoQ,Pink Floyd,Hey You,Echoes: The Best of Pink Floyd,280,nZ2vED,Hey You,Celtic Pink Floyd,https://getsongbpm.com/song/hey-you/nZ2vED,112,4/4,Em,minor,2m,52,13,0.9287,matched
Mariah Carey,Without You,572,v8H-MXjRB2Y,https://music.youtube.com/watch?v=v8H-MXjRB2Y,Mariah Carey,Without You,Music Box,216,JZ21g,Without You,Mariah Carey,https://getsongbpm.com/song/without-you/JZ21g,62,4/4,F♯,major,7d,58,33,1.0000,matched
Enigma,Invisible Love,574,X_Aygw6fWpY,https://music.youtube.com/watch?v=X_Aygw6fWpY,Enigma,Invisible Love,A Posteriori,296,wpgwpz,Invisible Love,Enigma,https://getsongbpm.com/song/invisible-love/wpgwpz,95,4/4,Am,minor,1m,68,73,1.0000,matched
Snowy White; The White Flames,Riding the Blues,576,-9Teye6IHYM,https://music.youtube.com/watch?v=-9Teye6IHYM,Snowy White; The White Flames,Riding the Blues,Realistic,227,1j0XrZ,Riding the Blues,Snowy White & The White Flames,https://getsongbpm.com/song/riding-the-blues/1j0XrZ,127,4/4,Em,minor,2m,44,51,0.9592,matched
Urfaust,Trail of Conscience of the Dead,579,iY_uUmjJJ68,https://music.youtube.com/watch?v=iY_uUmjJJ68,Urfaust,Trail of Conscience of the Dead,The Constellatory Practice,765,QvlKqY,Trail of Conscience of the Dead,Urfaust,https://getsongbpm.com/song/trail-of-conscience-of-the-dead/QvlKqY,,,m,minor,,,,1.0000,matched
Killswitch Engage,Unleashed,581,QLNYibN7098,https://music.youtube.com/watch?v=QLNYibN7098,Killswitch Engage,Unleashed,Atonement,276,Rlp0wL,Unleashed,Killswitch Engage,https://getsongbpm.com/song/unleashed/Rlp0wL,120,4/4,G,major,2d,54,1,1.0000,matched
Frank Sinatra; Luciano Pavarotti,My Way,591,qkesWsIqP0Y,https://music.youtube.com/watch?v=qkesWsIqP0Y,Frank Sinatra; Luciano Pavarotti,My Way,My Way (50th Anniversary Edition),213,rPwrk,My Way,Frank Sinatra,https://getsongbpm.com/song/my-way/rPwrk,150,4/4,D,major,3d,28,40,0.9904,matched
Rotting Christ,Devadevam,592,1KJa-8UInos,https://music.youtube.com/watch?v=1KJa-8UInos,Rotting Christ,Devadevam,Rituals,319,pZLj3m,देवदेवं (Devadevam),Rotting Christ,https://getsongbpm.com/song/tha-vatha-va-devadevam/pZLj3m,,,m,minor,,,,0.9304,matched
Queen,A Kind Of Magic,594,ETIXhgZWHgg,https://music.youtube.com/watch?v=ETIXhgZWHgg,Queen,A Kind Of Magic,A Kind Of Magic,265,oYJoA,A Kind of Magic,Queen,https://getsongbpm.com/song/a-kind-of-magic/oYJoA,129,4/4,A,major,4d,68,3,1.0000,matched
Laura Branigan,Self Control,595,Ucmo6hDZRSY,https://music.youtube.com/watch?v=Ucmo6hDZRSY,Laura Branigan,Self Control,Self Control,247,qAo1y,Self Control,Laura Branigan,https://getsongbpm.com/song/self-control/qAo1y,108,4/4,F♯m,minor,4m,82,22,1.0000,matched
Korn,Twist,596,bIIFmhtceDA,https://music.youtube.com/watch?v=bIIFmhtceDA,Korn,Twist,Life Is Peachy,50,O7gjr,Twist,Korn,https://getsongbpm.com/song/twist/O7gjr,83,4/4,C♯m,minor,5m,56,40,1.0000,matched
The HU,Wolf Totem,601,jpsUPdNthGY,https://music.youtube.com/watch?v=jpsUPdNthGY,The HU,Wolf Totem,The Gereg (Deluxe Edition),338,08w51L,Wolf Totem,The HU,https://getsongbpm.com/song/wolf-totem/08w51L,172,4/4,G♯,major,9d,56,9,0.9904,matched
Gennadi Tumat,Sygyt,602,WvpzhQC9ohI,https://music.youtube.com/watch?v=WvpzhQC9ohI,pansdelight,Gennadi Tumat - Sygyt,,189,Q0k4V9,Sygyt,Gennadi Tumat,https://getsongbpm.com/song/sygyt/Q0k4V9,113,4/4,F,major,12d,35,99,1.0000,matched
Tame Impala,Breathe Deeper,606,ucrhTx1hGJQ,https://music.youtube.com/watch?v=ucrhTx1hGJQ,Tame Impala,Breathe Deeper,The Slow Rush,373,J8LnJD,Breathe Deeper,Tame Impala,https://getsongbpm.com/song/breathe-deeper/J8LnJD,104,4/4,Bm,minor,3m,67,3,1.0000,matched
Deftones,Passenger,614,uTen4lcHVAo,https://music.youtube.com/watch?v=uTen4lcHVAo,Deftones,Passenger,White Pony,369,Bg1GW,Passenger,Deftones,https://getsongbpm.com/song/passenger/Bg1GW,117,4/4,C,major,1d,35,1,1.0000,matched
Behemoth,"Alas, Lord Is Upon Me",616,5aQxOpqPyD0,https://music.youtube.com/watch?v=5aQxOpqPyD0,Behemoth,"Alas, Lord Is Upon Me",Evangelion,196,GZR1kL,"Alas, Lord Is Upon Me",Behemoth,https://getsongbpm.com/song/alas-lord-is-upon-me/GZR1kL,130,4/4,G♯,major,9d,45,1,1.0000,matched
Vaya Con Dios,Nah Neh Nah,623,hPXCwmZd9-o,https://music.youtube.com/watch?v=hPXCwmZd9-o,Vaya Con Dios,Nah Neh Nah,Night Owls,175,O7gZp,Nah Neh Nah,Vaya Con Dios,https://getsongbpm.com/song/nah-neh-nah/O7gZp,111,4/4,F♯,major,7d,67,47,1.0000,matched
Behemoth,O Father O Satan O Sun!,624,NfFSl2DUojc,https://music.youtube.com/watch?v=NfFSl2DUojc,Behemoth,O Father O Satan O Sun!,The Satanist,434,3QORPp,O Father O Satan O Sun!,Behemoth,https://getsongbpm.com/song/o-father-o-satan-o-sunexclamation/3QORPp,83,4/4,C♯,major,8d,16,1,1.0000,matched
Daft Punk; Panda Bear,Doin' it Right (feat. Panda Bear),626,wmSkU6R9Zi8,https://music.youtube.com/watch?v=wmSkU6R9Zi8,Daft Punk; Panda Bear,Doin' it Right (feat. Panda Bear),Random Access Memories,252,L8NZ0j,Doin' It Right,Daft Punk,https://getsongbpm.com/song/doin-it-right/L8NZ0j,178,4/4,F♯,major,7d,81,39,1.0000,matched
Ratatat,Loud Pipes,629,BcoPKWzLjrE,https://music.youtube.com/watch?v=BcoPKWzLjrE,Ratatat,Loud Pipes,Classics,227,qx69gy,Loud Pipes,Ratatat,https://getsongbpm.com/song/loud-pipes/qx69gy,87,4/4,Gm,minor,11m,72,11,1.0000,matched
Tears For Fears,Everybody Wants To Rule The World,633,64dNZCSAe3o,https://music.youtube.com/watch?v=64dNZCSAe3o,Tears For Fears,Everybody Wants To Rule The World,Classic 80's,252,rXL8L,Everybody Wants to Rule the World,Tears for Fears,https://getsongbpm.com/song/everybody-wants-to-rule-the-world/rXL8L,112,4/4,D,major,3d,64,38,0.9355,matched
Freddie Mercury; Montserrat Caballé,How Can I Go On (Single Version),634,Zp1NTxsPJZc,https://music.youtube.com/watch?v=Zp1NTxsPJZc,Freddie Mercury; Montserrat Caballé,How Can I Go On (Single Version),Messenger Of The Gods: The Singles Collection,243,l8YKg,How Can I Go On,Freddie Mercury,https://getsongbpm.com/song/how-can-i-go-on/l8YKg,82,4/4,G,major,2d,40,50,0.8646,matched
Supertramp,The Logical Song,635,1E5zQcZzJpE,https://music.youtube.com/watch?v=1E5zQcZzJpE,Supertramp,The Logical Song,Retrospectacle - The Supertramp Anthology,249,JZ56g,The Logical Song,Supertramp,https://getsongbpm.com/song/the-logical-song/JZ56g,119,4/4,Cm,minor,10m,63,52,0.9404,matched
Daft Punk,Around the World,639,Jb6gcoR266U,https://music.youtube.com/watch?v=Jb6gcoR266U,Daft Punk,Around the World,Homework,430,j2PvW,Around the World,Daft Punk,https://getsongbpm.com/song/around-the-world/j2PvW,122,4/4,G,major,2d,96,1,1.0000,matched
The Weeknd,Save Your Tears,640,tEeK40cjmkw,https://music.youtube.com/watch?v=tEeK40cjmkw,The Weeknd,Save Your Tears,After Hours,216,79jOOj,Save Your Tears,The Weeknd,https://getsongbpm.com/song/save-your-tears/79jOOj,117,4/4,C,major,1d,68,3,1.0000,matched
Daft Punk; Pharrell Williams; Nile Rodgers,Get Lucky (feat. Pharrell Williams and Nile Rodgers),641,4D7u5KF7SP8,https://music.youtube.com/watch?v=4D7u5KF7SP8,Daft Punk; Pharrell Williams; Nile Rodgers,Get Lucky (feat. Pharrell Williams and Nile Rodgers),Random Access Memories,370,E9Dq14,Get Lucky,Daft Punk,https://getsongbpm.com/song/get-lucky/E9Dq14,116,4/4,F♯m,minor,4m,80,5,1.0000,matched
Kansas,Dust in the Wind,647,9fNrJMkTWEE,https://music.youtube.com/watch?v=9fNrJMkTWEE,Kansas,Dust in the Wind,Point Of Know Return (Expanded Edition),207,L8vyw,Dust in the Wind,Kansas,https://getsongbpm.com/song/dust-in-the-wind/L8vyw,186,4/4,G,major,2d,48,37,0.9904,matched
Home,Resonance,652,aBhrEv5Z7uc,https://music.youtube.com/watch?v=aBhrEv5Z7uc,Home,Resonance,Odyssey,213,GRW2ny,Resonance,HOME,https://getsongbpm.com/song/resonance/GRW2ny,170,5/4,G♯,major,9d,57,4,1.0000,matched
The Drums,Money,653,q5go1dovoeM,https://music.youtube.com/watch?v=q5go1dovoeM,The Drums,Money,Portamento,234,66kroO,Money,The Drums,https://getsongbpm.com/song/money/66kroO,103,4/4,Em,minor,2m,61,22,1.0000,matched
Billy Idol,Eyes Without A Face,655,e7U1YZNgwnY,https://music.youtube.com/watch?v=e7U1YZNgwnY,Billy Idol,Eyes Without A Face,Rebel Yell,300,mEoR3,Eyes Without a Face,Billy Idol,https://getsongbpm.com/song/eyes-without-a-face/mEoR3,84,4/4,G♯m,minor,6m,40,2,1.0000,matched
Wolfheart,Born from Fire,658,3Lhe4uYEW2g,https://music.youtube.com/watch?v=3Lhe4uYEW2g,Wolfheart,Born from Fire,Wolves of Karelia,313,NON1Vm,Born from Fire,Wolfheart,https://getsongbpm.com/song/born-from-fire/NON1Vm,89,4/4,D,major,3d,18,1,1.0000,matched
Bag Raiders,Shooting Stars,660,mllzzUjMezU,https://music.youtube.com/watch?v=mllzzUjMezU,Bag Raiders,Shooting Stars,Bag Raiders (Deluxe),236,VmMD91,Shooting Stars,Bag Raiders,https://getsongbpm.com/song/shooting-stars/VmMD91,123,4/4,G♯m,minor,6m,64,10,0.9904,matched
Junior Jack,E Samba,661,Ww1WMaeIJks,https://music.youtube.com/watch?v=Ww1WMaeIJks,Junior Jack,E Samba,Trust It,397,w8GAX,E Samba,Junior Jack,https://getsongbpm.com/song/e-samba/w8GAX,124,4/4,G,major,2d,64,1,1.0000,matched
Billy Idol,Rebel Yell,662,seHlHzYpWBU,https://music.youtube.com/watch?v=seHlHzYpWBU,Billy Idol,Rebel Yell,Rebel Yell,289,komQv,Rebel Yell,Billy Idol,https://getsongbpm.com/song/rebel-yell/komQv,166,4/4,Bm,minor,3m,53,1,1.0000,matched
Modjo,Lady (Hear Me Tonight),669,MR3uP7IYz44,https://music.youtube.com/watch?v=MR3uP7IYz44,Modjo,Lady (Hear Me Tonight),Modjo,308,G6vJ98,Lady (Hear Me Tonight),Modjo,https://getsongbpm.com/song/lady-hear-me-tonight/G6vJ98,126,4/4,A♯m,minor,8m,74,1,1.0000,matched
Coldplay,Yellow,672,9qnqYL0eNNI,https://music.youtube.com/watch?v=9qnqYL0eNNI,Coldplay,Yellow,Parachutes,267,E9o7OK,Yellow,Coldplay,https://getsongbpm.com/song/yellow/E9o7OK,86,4/4,B,major,6d,43,1,1.0000,matched
Korn,Rotting In Vain,673,3N6YbsRxTf8,https://music.youtube.com/watch?v=3N6YbsRxTf8,Korn,Rotting In Vain,The Serenity of Suffering,213,A6z2Y3,Rotting in Vain,Korn,https://getsongbpm.com/song/rotting-in-vain/A6z2Y3,106,4/4,A,major,4d,47,1,1.0000,matched
Rotting Christ,Threnody,674,oUC5fwFBoMk,https://music.youtube.com/watch?v=oUC5fwFBoMk,Rotting Christ,Threnody,Theogonia,319,mZ6mMp,Threnody,Rotting Christ,https://getsongbpm.com/song/threnody/mZ6mMp,91,4/4,G,major,2d,40,1,1.0000,matched
Infant Annihilator,Neutered in Utero,675,L6nGeCAIIuk,https://music.youtube.com/watch?v=L6nGeCAIIuk,Infant Annihilator,Neutered in Utero,The Elysian Grandeval Galèriarch,287,qQqWny,Neutered in Utero,Infant Annihilator,https://getsongbpm.com/song/neutered-in-utero/qQqWny,117,4/4,Bm,minor,3m,28,1,1.0000,matched
Meshuggah,Behind the Sun,679,gGE0PJ0OHrQ,https://music.youtube.com/watch?v=gGE0PJ0OHrQ,Meshuggah,Behind the Sun,Koloss,375,Xo7vM5,Behind the Sun,Meshuggah,https://getsongbpm.com/song/behind-the-sun/Xo7vM5,96,4/4,Fm,minor,9m,18,1,1.0000,matched
Infant Annihilator,Flayed and Consumed (feat. Lucas Mann),680,rmiTpFO-Vis,https://music.youtube.com/watch?v=rmiTpFO-Vis,Infant Annihilator,Flayed and Consumed (feat. Lucas Mann),The Palpable Leprosy of Pollution,173,5922Xq,Flayed and Consumed,Infant Annihilator,https://getsongbpm.com/song/flayed-and-consumed/5922Xq,120,4/4,B,major,6d,29,1,1.0000,matched
Frank Sinatra,My Way Of Life,682,X3r7GD0R56s,https://music.youtube.com/watch?v=X3r7GD0R56s,Frank Sinatra,My Way Of Life,Cycles,188,APjomO,My Way of Life,Frank Sinatra,https://getsongbpm.com/song/my-way-of-life/APjomO,88,4/4,A♯m,minor,8m,30,50,1.0000,matched
Engelbert Humperdinck,A Man Without Love,683,o0WWaA3oFa4,https://music.youtube.com/watch?v=o0WWaA3oFa4,Engelbert Humperdinck,A Man Without Love,A Man Without Love,204,9QBlwY,A Man Without Love,Engelbert Humperdinck,https://getsongbpm.com/song/a-man-without-love/9QBlwY,111,4/4,D,major,3d,54,64,1.0000,matched
Ben E. King,Stand By Me,684,eJ4i-QbXG54,https://music.youtube.com/watch?v=eJ4i-QbXG54,Ben E. King,Stand By Me,The Very Best of Ben E. King,175,QW5qY7,Stand by Me,Ben E. King,https://getsongbpm.com/song/stand-by-me/QW5qY7,116,4/4,A,major,4d,65,57,0.9467,matched
Frank Sinatra,The World We Knew (Over And Over),685,dthgRdTf0Ds,https://music.youtube.com/watch?v=dthgRdTf0Ds,Frank Sinatra,The World We Knew (Over And Over),The World We Knew,168,n5VL2E,The World We Knew (Over and Over),Frank Sinatra,https://getsongbpm.com/song/the-world-we-knew-over-and-over/n5VL2E,93,3/4,A♯m,minor,8m,29,78,1.0000,matched
Julee Cruise,Falling,686,KkR6Jd0Agi4,https://music.youtube.com/watch?v=KkR6Jd0Agi4,Julee Cruise,Falling,Soundtrack From Twin Peaks,322,D1ADy,Falling,Julee Cruise,https://getsongbpm.com/song/falling/D1ADy,72,4/4,F,major,12d,20,90,0.9378,matched
Mudvayne,Skrying,687,KAsdhAwQefk,https://music.youtube.com/watch?v=KAsdhAwQefk,Mudvayne,Skrying,The End Of All Things To Come,338,LJKw4,Skrying,Mudvayne,https://getsongbpm.com/song/skrying/LJKw4,94,4/4,G♯,major,9d,36,1,1.0000,matched
HIM,For You,690,wtF58gte6Zo,https://music.youtube.com/watch?v=wtF58gte6Zo,HIM,For You,Greatest Love Songs Vol. 666,239,ARBxB,For You,HIM,https://getsongbpm.com/song/for-you/ARBxB,200,4/4,Em,minor,2m,19,2,0.9985,matched
Rammstein,Ohne dich,691,60ZFYYqIzIQ,https://music.youtube.com/watch?v=60ZFYYqIzIQ,Rammstein,Ohne dich,"Reise, Reise",272,5kDAX,Ohne dich,Rammstein,https://getsongbpm.com/song/ohne-dich/5kDAX,136,4/4,Dm,minor,12m,41,1,1.0000,matched
Deftones,Change (In the House of Flies),693,hzRltUL5M3k,https://music.youtube.com/watch?v=hzRltUL5M3k,Deftones,Change (In the House of Flies),White Pony,300,DRwK5,Change (In the House of Flies),Deftones,https://getsongbpm.com/song/change-in-the-house-of-flies/DRwK5,70,4/4,Gm,minor,11m,27,1,1.0000,matched
Bon Jovi,I'll Be There For You,694,fhnfcHSPrfw,https://music.youtube.com/watch?v=fhnfcHSPrfw,Bon Jovi,I'll Be There For You,New Jersey,347,xGmBl,I'll Be There for You,Bon Jovi,https://getsongbpm.com/song/i-ll-be-there-for-you/xGmBl,73,4/4,D,major,3d,44,6,1.0000,matched
Cutting Crew,(I Just) Died In Your Arms,695,2wf-MNzSbpA,https://music.youtube.com/watch?v=2wf-MNzSbpA,Cutting Crew,(I Just) Died In Your Arms,Broadcast,281,pRBgN,(I Just) Died in Your Arms,Cutting Crew,https://getsongbpm.com/song/i-just-died-in-your-arms/pRBgN,123,4/4,Bm,minor,3m,64,2,1.0000,matched
HIM,Wicked game,699,aMHhkiPPnXE,https://music.youtube.com/watch?v=aMHhkiPPnXE,HIM,Wicked game,Razorblade Romance,245,qgO93,Wicked Game,HIM,https://getsongbpm.com/song/wicked-game/qgO93,117,4/4,A,major,4d,52,1,0.9382,matched
ABBA,Dancing Queen,704,YkLLcIKhJ64,https://music.youtube.com/watch?v=YkLLcIKhJ64,ABBA,Dancing Queen,Arrival,231,RoGw0E,Dancing Queen,ABBA,https://getsongbpm.com/song/dancing-queen/RoGw0E,99,4/4,A,major,4d,54,39,1.0000,matched
Journey,Don't Stop Believin,709,oZHJP14BVRs,https://music.youtube.com/watch?v=oZHJP14BVRs,Journey,Don't Stop Believin',BBQ Classics,250,J8Bryl,Don't Stop Believin',Journey,https://getsongbpm.com/song/don-t-stop-believin/J8Bryl,119,4/4,E,major,5d,50,25,1.0000,matched
Foreigner,Cold as Ice,710,a0T4nyB9k88,https://music.youtube.com/watch?v=a0T4nyB9k88,Foreigner,Cold as Ice,Foreigner (Expanded),204,j2wJW,Cold as Ice,Foreigner,https://getsongbpm.com/song/cold-as-ice/j2wJW,129,4/4,D♯m,minor,7m,52,10,0.9904,matched
Gojira,Oroborus,719,BfDaJREgrw0,https://music.youtube.com/watch?v=BfDaJREgrw0,Gojira,Oroborus,The Way of All Flesh,322,n5Lq8D,Oroborus,Gojira,https://getsongbpm.com/song/oroborus/n5Lq8D,136,4/4,Gm,minor,11m,40,1,1.0000,matched
Arctic Monkeys,Do I Wanna Know?,720,pqrUQrAcfo4,https://music.youtube.com/watch?v=pqrUQrAcfo4,Arctic Monkeys,Do I Wanna Know?,AM,273,yolxzE,Do I Wanna Know?,Arctic Monkeys,https://getsongbpm.com/song/do-i-wanna-knowquestion/yolxzE,86,4/4,Gm,minor,11m,55,19,1.0000,matched
Men At Work,Who Can It Be Now?,725,Lc1Ll-euRSg,https://music.youtube.com/watch?v=Lc1Ll-euRSg,Men At Work,Who Can It Be Now?,Business As Usual,202,WP13n,Who Can It Be Now?,Men at Work,https://getsongbpm.com/song/who-can-it-be-nowquestion/WP13n,129,4/4,C♯m,minor,5m,81,5,1.0000,matched
Tame Impala,Is It True,739,JbKr2jRN3rQ,https://music.youtube.com/watch?v=JbKr2jRN3rQ,Tame Impala,Is It True,The Slow Rush,240,NOPrNL,Is It True,Tame Impala,https://getsongbpm.com/song/is-it-true/NOPrNL,117,4/4,C,major,1d,74,1,1.0000,matched
Tame Impala,Let It Happen,741,NMRhx71bGo4,https://music.youtube.com/watch?v=NMRhx71bGo4,Tame Impala,Let It Happen,Currents,468,OM10qR,Let It Happen,Tame Impala,https://getsongbpm.com/song/let-it-happen/OM10qR,123,4/4,C♯m,minor,5m,61,1,1.0000,matched
The Stranglers,Golden Brown,742,UZJFFStQemI,https://music.youtube.com/watch?v=UZJFFStQemI,The Stranglers,Golden Brown,La Folie,207,xv4kyn,Golden Brown,The Stranglers,https://getsongbpm.com/song/golden-brown/xv4kyn,93,3/4,F♯,major,7d,57,15,1.0000,matched
Dreaming Cooper,Crystal Cave,756,hK6mpUXTIGE,https://music.youtube.com/watch?v=hK6mpUXTIGE,Dreaming Cooper,Crystal Cave,Mysterious Places,453,z6DK5q,Crystal Cave,Dreaming Cooper,https://getsongbpm.com/song/crystal-cave/z6DK5q,170,4/4,F♯m,minor,4m,47,36,1.0000,matched
Cream,Sunshine Of Your Love,759,y_u1eu6Lpds,https://music.youtube.com/watch?v=y_u1eu6Lpds,Cream,Sunshine Of Your Love,Disraeli Gears (Deluxe Edition),251,YE2Kp,Sunshine of Your Love,Cream,https://getsongbpm.com/song/sunshine-of-your-love/YE2Kp,117,4/4,D,major,3d,69,48,0.9904,matched
E-Mantra,Silence,761,6rTcdOeedSg,https://music.youtube.com/watch?v=6rTcdOeedSg,E-Mantra,Silence,Silence,345,1rOBEV,Silence,e-mantra,https://getsongbpm.com/song/silence/1rOBEV,159,4/4,G,major,2d,54,52,1.0000,matched
Foreigner,That Was Yesterday,763,nrqPZFNrqCA,https://music.youtube.com/watch?v=nrqPZFNrqCA,Foreigner,That Was Yesterday,Agent Provocateur,230,MQEJL3,That Was Yesterday,Foreigner,https://getsongbpm.com/song/that-was-yesterday/MQEJL3,114,4/4,G♯m,minor,6m,44,5,1.0000,matched
Dojo Cuts,I'd Rather Go Blind (feat. Roxie Ray),764,xEyqEIYJnYk,https://music.youtube.com/watch?v=xEyqEIYJnYk,Dojo Cuts,I'd Rather Go Blind (feat. Roxie Ray),Take from Me (feat. Roxie Ray),187,4R4xvx,I'd Rather Go Blind,Dojo Cuts,https://getsongbpm.com/song/i-d-rather-go-blind/4R4xvx,148,3/4,Bm,minor,3m,67,52,1.0000,matched
Amy Winehouse,Back To Black,765,rbBbQ-jldvQ,https://music.youtube.com/watch?v=rbBbQ-jldvQ,Amy Winehouse,Back To Black,Back To Black,241,qxpOvD,Back to Black,Amy Winehouse,https://getsongbpm.com/song/back-to-black/qxpOvD,124,4/4,Dm,minor,12m,49,13,1.0000,matched
Kings Of Leon,Sex on Fire,766,EOjm4SEDMu8,https://music.youtube.com/watch?v=EOjm4SEDMu8,Kings Of Leon,Sex on Fire,Only By The Night,204,G6LQD3,Sex on Fire,Kings of Leon,https://getsongbpm.com/song/sex-on-fire/G6LQD3,152,4/4,E,major,5d,55,1,1.0000,matched
Amy Winehouse,You Know I'm No Good,767,Pr3g9TPPuH4,https://music.youtube.com/watch?v=Pr3g9TPPuH4,Amy Winehouse,You Know I'm No Good,Back To Black,257,n5mLpY,You Know I'm No Good,Amy Winehouse,https://getsongbpm.com/song/you-know-i-m-no-good/n5mLpY,103,4/4,Dm,minor,12m,71,2,1.0000,matched
System Of A Down,Lonely Day,769,Jc6-WXt5iKA,https://music.youtube.com/watch?v=Jc6-WXt5iKA,System Of A Down,Lonely Day,Lonely Day,169,280QzP,Lonely Day,System of a Down,https://getsongbpm.com/song/lonely-day/280QzP,112,3/4,G♯m,minor,6m,47,37,0.9368,matched
Sam Smith,I'm Not The Only One,779,67ibXO8viXE,https://music.youtube.com/watch?v=67ibXO8viXE,Sam Smith,I'm Not The Only One,In The Lonely Hour,240,OMkNWp,I'm Not the Only One,Sam Smith,https://getsongbpm.com/song/i-m-not-the-only-one/OMkNWp,83,4/4,F,major,12d,46,56,1.0000,matched
Cigarettes After Sex,Sunsetz,780,eVRbaYq5Aw4,https://music.youtube.com/watch?v=eVRbaYq5Aw4,Cigarettes After Sex,Sunsetz,Cigarettes After Sex,215,NOvPyp,Sunsetz,Cigarettes After Sex,https://getsongbpm.com/song/sunsetz/NOvPyp,75,4/4,Am,minor,1m,42,6,1.0000,matched
Foreigner,Waiting for a Girl Like You,782,jyQoJZ7-iac,https://music.youtube.com/watch?v=jyQoJZ7-iac,Foreigner,Waiting for a Girl Like You,Soft Summer Rock,290,z677Y,Waiting for a Girl Like You,Foreigner,https://getsongbpm.com/song/waiting-for-a-girl-like-you/z677Y,103,4/4,A♯m,minor,8m,33,31,1.0000,matched
Twelve Titans Music,Ten Thousand Times Before,784,K_IOd7IUglY,https://music.youtube.com/watch?v=K_IOd7IUglY,Twelve Titans Music,Ten Thousand Times Before,Ascend the Starless Sky,228,jYxgRy,Ten Thousand Times Before,Twelve Titans Music,https://getsongbpm.com/song/ten-thousand-times-before/jYxgRy,111,4/4,Dm,minor,12m,17,50,0.9429,matched
Bloodbath,Chainsaw Lullaby,785,04U4GjeuUIg,https://music.youtube.com/watch?v=04U4GjeuUIg,Bloodbath,Chainsaw Lullaby,The Arrow of Satan is Drawn,200,qQKAqp,Chainsaw Lullaby,Bloodbath,https://getsongbpm.com/song/chainsaw-lullaby/qQKAqp,130,4/4,C,major,1d,36,1,1.0000,matched
Rivers of Nihil,Capricorn / Agoratopia,786,2pjeaFlB-Jo,https://music.youtube.com/watch?v=2pjeaFlB-Jo,Rivers of Nihil,Capricorn / Agoratopia,Where Owls Know My Name,471,QkDQMq,Capricorn / Agoratopia,Rivers of Nihil,https://getsongbpm.com/song/capricorn-agoratopia/QkDQMq,110,4/4,A,major,4d,43,1,1.0000,matched
Frank Sinatra,Strangers In The Night,787,BTOeRwIUnG0,https://music.youtube.com/watch?v=BTOeRwIUnG0,Frank Sinatra,Strangers In The Night,Strangers In The Night (Expanded Edition),158,NjAK8,Strangers in the Night,Frank Sinatra,https://getsongbpm.com/song/strangers-in-the-night/NjAK8,80,4/4,F,major,12d,23,64,0.9904,matched
Godsmack,Serenity,793,GxAvNgOVQNE,https://music.youtube.com/watch?v=GxAvNgOVQNE,Godsmack,Serenity,Faceless,275,nGj9R,Serenity,Godsmack,https://getsongbpm.com/song/serenity/nGj9R,110,4/4,F♯m,minor,4m,70,3,1.0000,matched
Foreigner,Starrider,796,UNkwrKjYUmo,https://music.youtube.com/watch?v=UNkwrKjYUmo,Foreigner,Starrider,Foreigner (Expanded),243,k5xMx,Starrider,Foreigner,https://getsongbpm.com/song/starrider/k5xMx,145,4/4,C,major,1d,39,4,0.9904,matched
Rag'n'Bone Man,Human,797,52vehHn8KfQ,https://music.youtube.com/watch?v=52vehHn8KfQ,Rag'n'Bone Man,Human,Human,200,nR1JgR,Human,Rag'n'Bone Man,https://getsongbpm.com/song/human/nR1JgR,76,4/4,A♯m,minor,8m,61,40,1.0000,matched
Adele,Hello,800,Ei8UnOPJX7w,https://music.youtube.com/watch?v=Ei8UnOPJX7w,Adele,Hello,25,296,Z8wOkE,Hello,Adele,https://getsongbpm.com/song/hello/Z8wOkE,78,4/4,Fm,minor,9m,49,34,1.0000,matched
Conchita Wurst,Pure,802,dS3Y4_H87OM,https://music.youtube.com/watch?v=dS3Y4_H87OM,Conchita Wurst,Pure,Conchita,238,RO4Enq,Pure,Conchita Wurst,https://getsongbpm.com/song/pure/RO4Enq,184,3/4,D♯m,minor,7m,26,58,1.0000,matched
Conchita Wurst,Firestorm,803,jUJ9-BUg9s4,https://music.youtube.com/watch?v=jUJ9-BUg9s4,Conchita Wurst,Firestorm,Conchita,224,Qn3Dml,Firestorm,Conchita Wurst,https://getsongbpm.com/song/firestorm/Qn3Dml,122,4/4,F♯,major,7d,70,3,1.0000,matched
Conchita Wurst,Colours of Your Love,804,UmCiX3PsBZs,https://music.youtube.com/watch?v=UmCiX3PsBZs,Conchita Wurst,Colours of Your Love,Conchita,213,MwYygA,Colours of Your Love,Conchita Wurst,https://getsongbpm.com/song/colours-of-your-love/MwYygA,125,4/4,Dm,minor,12m,58,31,1.0000,matched
Clawfinger,Nigger,805,Ln8dxzCkACg,https://music.youtube.com/watch?v=Ln8dxzCkACg,Clawfinger,Nigger,Deaf Dumb Blind,228,mQ54O,Nigger,Clawfinger,https://getsongbpm.com/song/nigger/mQ54O,94,4/4,D,major,3d,58,3,1.0000,matched
Deftones,Cherry Waves,810,jtBmowJLc94,https://music.youtube.com/watch?v=jtBmowJLc94,Deftones,Cherry Waves,Saturday Night Wrist,318,rkqnwW,Cherry Waves,Deftones,https://getsongbpm.com/song/cherry-waves/rkqnwW,123,4/4,D,major,3d,47,1,1.0000,matched
Rivers of Nihil,The Silent Life,811,Ya-w5Qx1tzc,https://music.youtube.com/watch?v=Ya-w5Qx1tzc,Rivers of Nihil,The Silent Life,Where Owls Know My Name,395,GRpD0Q,The Silent Life,Rivers of Nihil,https://getsongbpm.com/song/the-silent-life/GRpD0Q,99,4/4,C♯m,minor,5m,44,1,1.0000,matched
The Doors,You're Lost Little Girl,823,ZuWqrBaq9xE,https://music.youtube.com/watch?v=ZuWqrBaq9xE,The Doors,You're Lost Little Girl,Strange Days,181,MQnN6O,You're Lost Little Girl,The Doors,https://getsongbpm.com/song/you-re-lost-little-girl/MQnN6O,111,4/4,Em,minor,2m,51,63,1.0000,matched
The Doors,Spanish Caravan,824,6zrwCjjUqs0,https://music.youtube.com/watch?v=6zrwCjjUqs0,The Doors,Spanish Caravan,Waiting for the Sun,179,oQWMz3,Spanish Caravan,The Doors,https://getsongbpm.com/song/spanish-caravan/oQWMz3,139,4/4,Em,minor,2m,38,29,1.0000,matched
The Doors,Alabama Song (Whisky Bar),825,nbtEkZIvMAg,https://music.youtube.com/watch?v=nbtEkZIvMAg,The Doors,Alabama Song (Whisky Bar),The Doors,198,ZVJ5vE,Alabama Song (Whisky Bar),The Doors,https://getsongbpm.com/song/alabama-song-whisky-bar/ZVJ5vE,170,4/4,Am,minor,1m,57,55,1.0000,matched
Adele,Rumour Has It,839,C1G3jmtoOfk,https://music.youtube.com/watch?v=C1G3jmtoOfk,Adele,Rumour Has It,21,224,kZWX2E,Rumour Has It,Adele,https://getsongbpm.com/song/rumour-has-it/kZWX2E,117,4/4,Gm,minor,11m,62,64,1.0000,matched
Superheaven,Youngest Daughter,843,r-P1pcayiZk,https://music.youtube.com/watch?v=r-P1pcayiZk,Superheaven,Youngest Daughter,Jar,250,7Lv2qG,Youngest Daughter,Superheaven,https://getsongbpm.com/song/youngest-daughter/7Lv2qG,129,4/4,G♯,major,9d,50,1,1.0000,matched
Tracy Chapman; Luciano Pavarotti; Orchestra Sinfonica Italiana; José Molina,Baby Can I Hold You,844,PfWgfUYSv8s,https://music.youtube.com/watch?v=PfWgfUYSv8s,Tracy Chapman; Luciano Pavarotti; Orchestra Sinfonica Italiana; José Molina,Baby Can I Hold You,Pavarotti & Friends for Cambodia and Tibet,212,VPE4GM,Baby Can I Hold You,Tracy Chapman,https://getsongbpm.com/song/baby-can-i-hold-you/VPE4GM,74,4/4,D,major,3d,70,9,0.9284,matched
Rammstein,Ich tu dir weh,845,6HGwX-nk7tc,https://music.youtube.com/watch?v=6HGwX-nk7tc,Rammstein,Ich tu dir weh,Liebe ist für alle da (Special Edition),302,DRYmE6,Ich tu dir weh,Rammstein,https://getsongbpm.com/song/ich-tu-dir-weh/DRYmE6,82,3/4,Dm,minor,12m,30,1,0.9904,matched
Rammstein,Mein Teil,847,ITcj8mePex0,https://music.youtube.com/watch?v=ITcj8mePex0,Rammstein,Mein Teil,"Reise, Reise",273,WrGWo,Mein Teil,Rammstein,https://getsongbpm.com/song/mein-teil/WrGWo,89,4/4,Dm,minor,12m,47,1,1.0000,matched
Rammstein,Engel,848,jQjdEDWDeQ8,https://music.youtube.com/watch?v=jQjdEDWDeQ8,Rammstein,Engel,Sehnsucht,265,Z6K5w,Engel,Rammstein,https://getsongbpm.com/song/engel/Z6K5w,96,4/4,Dm,minor,12m,64,1,1.0000,matched
Rammstein,Sehnsucht,849,ZXjNjuLOi_k,https://music.youtube.com/watch?v=ZXjNjuLOi_k,Rammstein,Sehnsucht,Sehnsucht,245,YEJ4M,Sehnsucht,Rammstein,https://getsongbpm.com/song/sehnsucht/YEJ4M,144,4/4,E,major,5d,51,1,1.0000,matched
Lucie; Lenka Dusilova,Sen,853,76wVsssLA4E,https://music.youtube.com/watch?v=76wVsssLA4E,Lucie; Lenka Dusilova,Sen,Cerny kocky mokry zaby,297,23DYz,Sen,Lucie,https://getsongbpm.com/song/sen/23DYz,140,3/4,A,major,4d,63,94,1.0000,matched
Marilyn Manson,Tattooed In Reverse,859,Ag0Y8pgwYEM,https://music.youtube.com/watch?v=Ag0Y8pgwYEM,Marilyn Manson,Tattooed In Reverse,Heaven Upside Down,265,w0B1Kw,Tattooed In Reverse,Marilyn Manson,https://getsongbpm.com/song/tattooed-in-reverse/w0B1Kw,68,4/4,D,major,3d,49,1,1.0000,matched
HIM,Gone With The Sin,861,9fr5W0WAFwU,https://music.youtube.com/watch?v=9fr5W0WAFwU,HIM,Gone With The Sin,Razorblade Romance,262,VP4EOo,Gone With the Sin,HIM,https://getsongbpm.com/song/gone-with-the-sin/VP4EOo,91,4/4,Am,minor,1m,60,24,1.0000,matched
HIM,In Joy And Sorrow,862,BiV-t3uZZwc,https://music.youtube.com/watch?v=BiV-t3uZZwc,HIM,In Joy And Sorrow,Deep Shadows And Brilliant Highlights,239,6RNBn,In Joy and Sorrow,HIM,https://getsongbpm.com/song/in-joy-and-sorrow/6RNBn,113,4/4,G,major,2d,50,3,1.0000,matched
Metallica,One,865,tlO3lZhDukU,https://music.youtube.com/watch?v=tlO3lZhDukU,Metallica,One,...And Justice For All,448,nrgZmE,One,Metallica,https://getsongbpm.com/song/one/nrgZmE,108,3/4,Bm,minor,3m,44,1,1.0000,matched
Rammstein,Mutter,870,hzZcc611C2A,https://music.youtube.com/watch?v=hzZcc611C2A,Rammstein,Mutter,Mutter,269,RgVZV,Mutter,Rammstein,https://getsongbpm.com/song/mutter/RgVZV,117,4/4,E,major,5d,47,2,1.0000,matched
Dire Straits,You And Your Friend,876,kox6DUtSdAM,https://music.youtube.com/watch?v=kox6DUtSdAM,Dire Straits,You And Your Friend,On Every Street,358,lYVlyJ,You and Your Friend,Dire Straits,https://getsongbpm.com/song/you-and-your-friend/lYVlyJ,83,4/4,G,major,2d,57,48,1.0000,matched
Queen,Who Wants To Live Forever,877,zaCbInoHK8I,https://music.youtube.com/watch?v=zaCbInoHK8I,Queen,Who Wants To Live Forever,A Kind Of Magic,316,vgJyL,Who Wants to Live Forever,Queen,https://getsongbpm.com/song/who-wants-to-live-forever/vgJyL,92,5/4,Em,minor,2m,14,58,1.0000,matched
Pink Floyd,Keep Talking,878,IQMvqGqsZHg,https://music.youtube.com/watch?v=IQMvqGqsZHg,Pink Floyd,Keep Talking,The Division Bell,371,73G4A,Keep Talking,Pink Floyd,https://getsongbpm.com/song/keep-talking/73G4A,99,4/4,Em,minor,2m,50,19,1.0000,matched
Scorpions,Send Me An Angel,880,K9RKlz1qpQY,https://music.youtube.com/watch?v=K9RKlz1qpQY,Scorpions,Send Me An Angel,Crazy World,274,wj8nr,Send Me an Angel,Scorpions,https://getsongbpm.com/song/send-me-an-angel/wj8nr,107,4/4,D♯m,minor,7m,35,47,1.0000,matched
HIM,Wings of a Butterfly,881,A9-Dsni6slE,https://music.youtube.com/watch?v=A9-Dsni6slE,HIM,Wings of a Butterfly,Dark Light,212,zppjV2,Rip Out the Wings of a Butterfly,HIM,https://getsongbpm.com/song/rip-out-the-wings-of-a-butterfly/zppjV2,131,4/4,A♯m,minor,8m,45,1,0.9304,matched
Ozzy Osbourne,Ordinary Man (feat. Elton John),882,EJeEvRv1xjI,https://music.youtube.com/watch?v=EJeEvRv1xjI,Ozzy Osbourne,Ordinary Man (feat. Elton John),Ordinary Man,302,PjREvA,Ordinary Man (feat. Elton John),Ozzy Osbourne,https://getsongbpm.com/song/ordinary-man-featpoint-elton-john/PjREvA,125,4/4,E,major,5d,43,7,1.0000,matched
Rammstein,Spieluhr,883,bWtYzU40N-M,https://music.youtube.com/watch?v=bWtYzU40N-M,Rammstein,Spieluhr,Mutter,287,VmV4z,Spieluhr,Rammstein,https://getsongbpm.com/song/spieluhr/VmV4z,129,4/4,Dm,minor,12m,65,1,1.0000,matched
Metallica,Welcome Home (Sanitarium),884,ZiIc0HuJ78Q,https://music.youtube.com/watch?v=ZiIc0HuJ78Q,Metallica,Welcome Home (Sanitarium),Master of Puppets,388,qx0ry,Welcome Home (Sanitarium),Metallica,https://getsongbpm.com/song/welcome-home-sanitarium/qx0ry,104,4/4,Em,minor,2m,34,1,1.0000,matched
Chris Isaak,Wicked Game,885,G8Hq9UB8zB8,https://music.youtube.com/watch?v=G8Hq9UB8zB8,Chris Isaak,Wicked Game,Heart Shaped World,290,KrgjJ,Wicked Game,Chris Isaak,https://getsongbpm.com/song/wicked-game/KrgjJ,112,4/4,Bm,minor,3m,67,75,1.0000,matched
Harry Nilsson,Without You,886,gQfeNSl6Xck,https://music.youtube.com/watch?v=gQfeNSl6Xck,Harry Nilsson,Without You,Ultimate 70's Party,199,OM3kN,Without You,Harry Nilsson,https://getsongbpm.com/song/without-you/OM3kN,65,4/4,E,major,5d,45,56,0.9333,matched
Duran Duran,Come Undone,889,5X5KweDhsaI,https://music.youtube.com/watch?v=5X5KweDhsaI,Duran Duran,Come Undone,Duran Duran,257,1rArG,Come Undone,Duran Duran,https://getsongbpm.com/song/come-undone/1rArG,86,4/4,G♯,major,9d,55,5,1.0000,matched
U2,With Or Without You,890,oNvWDP_GkiY,https://music.youtube.com/watch?v=oNvWDP_GkiY,U2,With Or Without You,The Joshua Tree (Super Deluxe),296,5y5lK,With or Without You,U2,https://getsongbpm.com/song/with-or-without-you/5y5lK,112,4/4,D,major,3d,54,1,0.9904,matched
The Beatles,Something (Remastered 2009),892,VWO3nEuWo4k,https://music.youtube.com/watch?v=VWO3nEuWo4k,The Beatles,Something (Remastered 2009),Abbey Road,183,xGQ9lJ,Something,The Beatles,https://getsongbpm.com/song/something/xGQ9lJ,66,4/4,C,major,1d,40,20,0.9304,matched
Rob Zombie,Demon Speeding,895,xKSOqLPp16I,https://music.youtube.com/watch?v=xKSOqLPp16I,Rob Zombie,Demon Speeding,The Sinister Urge,225,XJJOV,Demon Speeding,Rob Zombie,https://getsongbpm.com/song/demon-speeding/XJJOV,134,4/4,G♯m,minor,6m,56,1,1.0000,matched
Immortal,Sons of Northern Darkness,896,QH6i7AkdtFQ,https://music.youtube.com/watch?v=QH6i7AkdtFQ,Immortal,Sons of Northern Darkness,Sons of Northern Darkness,286,3PND4,Sons of Northern Darkness,Immortal,https://getsongbpm.com/song/sons-of-northern-darkness/3PND4,111,4/4,D,major,3d,22,0,1.0000,matched
Paul Stanley,Live To Win,897,vuHS9NI_xwY,https://music.youtube.com/watch?v=vuHS9NI_xwY,Paul Stanley,Live To Win,Live To Win,188,jR6lvl,Live to Win,Paul Stanley,https://getsongbpm.com/song/live-to-win/jR6lvl,127,4/4,Fm,minor,9m,54,2,1.0000,matched
Korn,Got the Life,898,FChMHEfzOLI,https://music.youtube.com/watch?v=FChMHEfzOLI,Korn,Got the Life,Follow The Leader,226,nrBGl,Got the Life,Korn,https://getsongbpm.com/song/got-the-life/nrBGl,123,4/4,Bm,minor,3m,51,1,1.0000,matched
Killswitch Engage,The Arms of Sorrow,899,gX9BwBWGTS8,https://music.youtube.com/watch?v=gX9BwBWGTS8,Killswitch Engage,The Arms of Sorrow,As Daylight Dies (Special Edition),225,lYkLLg,The Arms of Sorrow,Killswitch Engage,https://getsongbpm.com/song/the-arms-of-sorrow/lYkLLg,123,4/4,Fm,minor,9m,50,1,0.9904,matched
Immortal,Tyrants,903,CNjewKOXqf8,https://music.youtube.com/watch?v=CNjewKOXqf8,Immortal,Tyrants,Sons of Northern Darkness,377,4PO0g,Tyrants,Immortal,https://getsongbpm.com/song/tyrants/4PO0g,90,4/4,D,major,3d,39,1,1.0000,matched
Immortal,Beyond the North Waves,904,8JQDONbHBsQ,https://music.youtube.com/watch?v=8JQDONbHBsQ,Immortal,Beyond the North Waves,Sons of Northern Darkness,487,9PWZ8,Beyond the North Waves,Immortal,https://getsongbpm.com/song/beyond-the-north-waves/9PWZ8,126,4/4,G,major,2d,32,1,1.0000,matched
Thy Art Is Murder,The Son of Misery,906,15v38qJPdeY,https://music.youtube.com/watch?v=15v38qJPdeY,Thy Art Is Murder,The Son of Misery,Dear Desolation,259,2852GA,The Son of Misery,Thy Art Is Murder,https://getsongbpm.com/song/the-son-of-misery/2852GA,130,4/4,A,major,4d,47,1,1.0000,matched
Ghost,Per Aspera Ad Inferi,915,j1bxQW4jyro,https://music.youtube.com/watch?v=j1bxQW4jyro,Ghost,Per Aspera Ad Inferi,Infestissumam,250,59mO78,Per Aspera Ad Inferi,Ghost,https://getsongbpm.com/song/per-aspera-ad-inferi/59mO78,128,4/4,D♯m,minor,7m,57,1,1.0000,matched
Ghost,Depth Of Satan's Eyes,924,_8-GtS7PcKg,https://music.youtube.com/watch?v=_8-GtS7PcKg,Ghost,Depth Of Satan's Eyes,Infestissumam,326,jqEoYv,Depth of Satan's Eyes,Ghost,https://getsongbpm.com/song/depth-of-satan-s-eyes/jqEoYv,125,4/4,D,major,3d,56,7,1.0000,matched
Ghost,Year Zero,925,wUu5cAFpDjI,https://music.youtube.com/watch?v=wUu5cAFpDjI,Ghost,Year Zero,Infestissumam,351,9QqV9D,Year Zero,Ghost,https://getsongbpm.com/song/year-zero/9QqV9D,122,4/4,G,major,2d,48,3,1.0000,matched
Rob Zombie,Living Dead Girl,927,MwnY8aLSxqE,https://music.youtube.com/watch?v=MwnY8aLSxqE,Rob Zombie,Living Dead Girl,Hellbilly Deluxe,202,BgVX,Living Dead Girl,Rob Zombie,https://getsongbpm.com/song/living-dead-girl/BgVX,103,4/4,F♯m,minor,4m,52,1,1.0000,matched
The Kovenant,The Perfect End,928,T9UjRsggOGg,https://music.youtube.com/watch?v=T9UjRsggOGg,The Kovenant,The Perfect End,Seti,411,W6XRXQ,The Perfect End,The Kovenant,https://getsongbpm.com/song/the-perfect-end/W6XRXQ,160,4/4,A,major,4d,44,2,1.0000,matched
Ghost,Ritual,929,izi7IfTDSEs,https://music.youtube.com/watch?v=izi7IfTDSEs,Ghost,Ritual,Opus Eponymous,269,lOw1g7,Ritual,Ghost,https://getsongbpm.com/song/ritual/lOw1g7,132,4/4,Cm,minor,10m,68,9,1.0000,matched
My Dad Is Dead,Sometimes I Feel,932,wwpft_uQC8Q,https://music.youtube.com/watch?v=wwpft_uQC8Q,My Dad Is Dead,Sometimes I Feel,A New Clear Route,255,l55Rn1,Sometimes I Feel,My Dad Is Dead,https://getsongbpm.com/song/sometimes-i-feel/l55Rn1,95,4/4,Dm,minor,12m,52,12,1.0000,matched
My Dad Is Dead,Nothing Special,933,YWzkJ1RM8Kk,https://music.youtube.com/watch?v=YWzkJ1RM8Kk,My Dad Is Dead,Nothing Special,Shine(r),287,qYYrKr,Nothing Special,My Dad Is Dead,https://getsongbpm.com/song/nothing-special/qYYrKr,107,4/4,F♯,major,7d,52,1,0.9378,matched
My Dad Is Dead,The Well,934,2GhcH8pwPa0,https://music.youtube.com/watch?v=2GhcH8pwPa0,My Dad Is Dead,The Well,A Divided House,300,L9DX5D,The Well,My Dad Is Dead,https://getsongbpm.com/song/the-well/L9DX5D,142,3/4,C,major,1d,45,6,1.0000,matched
My Dad Is Dead,Novocain,935,QtvZsDrIq_0,https://music.youtube.com/watch?v=QtvZsDrIq_0,My Dad Is Dead,Novocain,A Divided House,356,ERvN6W,Novocain,My Dad Is Dead,https://getsongbpm.com/song/novocain/ERvN6W,82,4/4,D,major,3d,38,1,1.0000,matched
Coal Chamber,Rowboat,941,3-81h8r2_LQ,https://music.youtube.com/watch?v=3-81h8r2_LQ,Coal Chamber,Rowboat,Dark Days,290,oVDoz,Rowboat,Coal Chamber,https://getsongbpm.com/song/rowboat/oVDoz,122,4/4,Fm,minor,9m,50,1,1.0000,matched
Coal Chamber,Shock the Monkey,942,ezrRfEEuQ7A,https://music.youtube.com/watch?v=ezrRfEEuQ7A,Coal Chamber,Shock the Monkey,Chamber Music,223,Pzp0A,Shock the Monkey,Coal Chamber,https://getsongbpm.com/song/shock-the-monkey/Pzp0A,148,4/4,Cm,minor,10m,60,1,1.0000,matched
Korn,Blind,943,x81SMw8qUh0,https://music.youtube.com/watch?v=x81SMw8qUh0,Korn,Blind,Korn,259,R6m6q,Blind,Korn,https://getsongbpm.com/song/blind/R6m6q,92,4/4,D,major,3d,29,1,1.0000,matched
Harry Styles,Sign of the Times,950,oHVVoe2Vj8s,https://music.youtube.com/watch?v=oHVVoe2Vj8s,Harry Styles,Sign of the Times,Harry Styles,341,K8pVMx,Sign of the Times,Harry Styles,https://getsongbpm.com/song/sign-of-the-times/K8pVMx,60,4/4,F,major,12d,52,3,1.0000,matched
Frank Sinatra,It Was A Very Good Year,951,Hei1IN-XXvM,https://music.youtube.com/watch?v=Hei1IN-XXvM,Frank Sinatra,It Was A Very Good Year,September Of My Years,268,GZq4Q,It Was a Very Good Year,Frank Sinatra,https://getsongbpm.com/song/it-was-a-very-good-year/GZq4Q,88,4/4,A♯,major,11d,21,87,1.0000,matched
Mgła,Age of Excuse II,952,RuKR-Q_iuK4,https://music.youtube.com/watch?v=RuKR-Q_iuK4,Mgła,Age of Excuse II,Age of Excuse,418,myrZwp,Age of Excuse II,Mgła,https://getsongbpm.com/song/age-of-excuse-ii/myrZwp,144,4/4,Gm,minor,11m,30,1,1.0000,matched
Rotting Christ,The Raven,953,5JsjLEVEshM,https://music.youtube.com/watch?v=5JsjLEVEshM,Rotting Christ,The Raven,The Heretics,324,MZyLXR,The Raven,Rotting Christ,https://getsongbpm.com/song/the-raven/MZyLXR,104,4/4,D,major,3d,22,1,1.0000,matched
Ghost,He Is,968,X0P6mqN3Qg0,https://music.youtube.com/watch?v=X0P6mqN3Qg0,Ghost,He Is,Meliora,254,zvV16r,He Is,Ghost,https://getsongbpm.com/song/he-is/zvV16r,100,4/4,G,major,2d,50,1,1.0000,matched
Ginuwine,Pony,972,ahLY3U2B_lU,https://music.youtube.com/watch?v=ahLY3U2B_lU,Ginuwine,Pony,,215,PNg4G6,Pony,Ginuwine,https://getsongbpm.com/song/pony/PNg4G6,72,4/4,C♯,major,8d,75,1,1.0000,matched
Ghost,Ghuleh / Zombie Queen,979,mbNkj4qa5ZI,https://music.youtube.com/watch?v=mbNkj4qa5ZI,Ghost,Ghuleh / Zombie Queen,Infestissumam,450,86pR33,Ghuleh / Zombie Queen,Ghost,https://getsongbpm.com/song/ghuleh-zombie-queen/86pR33,157,4/4,Em,minor,2m,33,1,1.0000,matched
Enej,Bilia Topoli,980,6iA8MyGFgkg,https://music.youtube.com/watch?v=6iA8MyGFgkg,Enej,Bilia Topoli,Paparanoja,412,OggPAp,Bilia Topoli,Enej,https://getsongbpm.com/song/bilia-topoli/OggPAp,124,4/4,Am,minor,1m,61,52,1.0000,matched
Rotting Christ,Hallowed Be Thy Name,989,FyANB_pq6oY,https://music.youtube.com/watch?v=FyANB_pq6oY,Rotting Christ,Hallowed Be Thy Name,The Heretics,307,Dqmyx5,Hallowed Be Thy Name,Rotting Christ,https://getsongbpm.com/song/hallowed-be-thy-name/Dqmyx5,112,4/4,B,major,6d,48,1,1.0000,matched
Батюшка,Песнь 3,990,pitt7D8jv-Y,https://music.youtube.com/watch?v=pitt7D8jv-Y,Батюшка,Песнь 3,Панихида,276,Ogm1NL,Песнь 3,Батюшка,https://getsongbpm.com/song/pesn-3/Ogm1NL,,,m,minor,,,,0.9413,matched
Wardruna,Skugge,1002,bCOpgZLAwmE,https://music.youtube.com/watch?v=bCOpgZLAwmE,Wardruna,Skugge,Kvitravn,399,46E9mx,Skugge,Wardruna,https://getsongbpm.com/song/skugge/46E9mx,100,4/4,C,major,1d,23,10,1.0000,matched
Munknörr,Thurisaz,1003,G5KLFdwSNog,https://music.youtube.com/watch?v=G5KLFdwSNog,Munknörr,Thurisaz,Futharuna,238,283pPJ,Thurisaz,Munknörr,https://getsongbpm.com/song/thurisaz/283pPJ,66,4/4,G,major,2d,15,15,1.0000,matched
Estas Tonne,The Song of the Golden Dragon,1005,WtgKTT-G6do,https://music.youtube.com/watch?v=WtgKTT-G6do,Estas Tonne,The Song of the Golden Dragon,Bohemian Skies,346,28k1pM,The Song of the Golden Dragon,Estas Tonne,https://getsongbpm.com/song/the-song-of-the-golden-dragon/28k1pM,89,4/4,Em,minor,2m,24,68,1.0000,matched
Lil Peep; Lil Tracy,witchblades,1006,3UfR5HZaMKU,https://music.youtube.com/watch?v=3UfR5HZaMKU,Lil Peep; Lil Tracy,witchblades,CASTLES II,150,Vv4Yj9,witchblades,LiL PEEP,https://getsongbpm.com/song/witchblades/Vv4Yj9,143,4/4,G♯,major,9d,65,3,0.9406,matched
Rotting Christ,Ze Nigmar,1020,qWluEv5pzyU,https://music.youtube.com/watch?v=qWluEv5pzyU,Rotting Christ,Ze Nigmar,Rituals,284,gpM93D,זה נגמר (Ze Nigmar),Rotting Christ,https://getsongbpm.com/song/ze-nigmar/gpM93D,,,m,minor,,,,0.9304,matched
Rotting Christ,In the Name of God,1021,Qxbqka6bO2Q,https://music.youtube.com/watch?v=Qxbqka6bO2Q,Rotting Christ,In the Name of God,The Heretics,254,z6LWAO,In the Name of God,Rotting Christ,https://getsongbpm.com/song/in-the-name-of-god/z6LWAO,173,3/4,F,major,12d,37,3,1.0000,matched
Burzum,Dunkelheit,1022,-ZENtivAi6I,https://music.youtube.com/watch?v=-ZENtivAi6I,Burzum,Dunkelheit,Filosofem,426,R1NqyY,Dunkelheit,Burzum,https://getsongbpm.com/song/dunkelheit/R1NqyY,54,4/4,Em,minor,2m,30,1,1.0000,matched
Death,Symbolic,1023,ZVtpax8gJGU,https://music.youtube.com/watch?v=ZVtpax8gJGU,Death,Symbolic,Symbolic,393,q2xKp,Symbolic,Death,https://getsongbpm.com/song/symbolic/q2xKp,226,4/4,F♯m,minor,4m,37,1,1.0000,matched
Immortal,One by One,1024,rFMqrVNpw9U,https://music.youtube.com/watch?v=rFMqrVNpw9U,Immortal,One by One,Sons of Northern Darkness,299,2QMBj,One by One,Immortal,https://getsongbpm.com/song/one-by-one/2QMBj,80,4/4,G,major,2d,11,0,1.0000,matched
Urfaust,Behind the Veil of Trance,1025,ZgQAhGwbeiE,https://music.youtube.com/watch?v=ZgQAhGwbeiE,Urfaust,Behind the Veil of Trance,The Constellatory Practice,468,NpgKnz,Behind the Veil of Trance,Urfaust,https://getsongbpm.com/song/behind-the-veil-of-trance/NpgKnz,,,m,minor,,,,1.0000,matched
Andrea Bocelli,Con Te Partirò,1032,vF2crB_RcLc,https://music.youtube.com/watch?v=vF2crB_RcLc,Andrea Bocelli,Con Te Partirò,Bocelli,251,gLlvKG,Con te partirò,Andrea Bocelli,https://getsongbpm.com/song/con-te-partiro/gLlvKG,135,5/4,G,major,2d,25,85,1.0000,matched
Metallica,Nothing Else Matters,1033,pTYIf2pkxzQ,https://music.youtube.com/watch?v=pTYIf2pkxzQ,Metallica,Nothing Else Matters,Metallica,389,pYAZm,Nothing Else Matters,Metallica,https://getsongbpm.com/song/nothing-else-matters/pYAZm,46,3/4,Em,minor,2m,56,6,1.0000,matched
Korn,Coming Undone,1034,Qf1FHLjoRRc,https://music.youtube.com/watch?v=Qf1FHLjoRRc,Korn,Coming Undone,See You On the Other Side,200,lY5yvM,Coming Undone,Korn,https://getsongbpm.com/song/coming-undone/lY5yvM,75,4/4,D,major,3d,69,1,1.0000,matched
Marilyn Manson,The Fight Song,1036,YMHKxCnl4k4,https://music.youtube.com/watch?v=YMHKxCnl4k4,Marilyn Manson,The Fight Song,Holy Wood,176,gqgWj,The Fight Song,Marilyn Manson,https://getsongbpm.com/song/the-fight-song/gqgWj,130,4/4,C♯m,minor,5m,46,1,0.9904,matched
Dope,Violence,1037,B2-QlpI_B5U,https://music.youtube.com/watch?v=B2-QlpI_B5U,Dope,Violence,No Regrets,172,zKgBB7,Violence,Dope,https://getsongbpm.com/song/violence/zKgBB7,120,4/4,C♯m,minor,5m,48,1,1.0000,matched
Dope,No Regrets,1038,Fhuc_F_K8nk,https://music.youtube.com/watch?v=Fhuc_F_K8nk,Dope,No Regrets,No Regrets,211,rRWEEk,No Regrets,Dope,https://getsongbpm.com/song/no-regrets/rRWEEk,169,4/4,C♯,major,8d,41,1,1.0000,matched
Dope,Sick,1040,u823XXTBZt4,https://music.youtube.com/watch?v=u823XXTBZt4,Dope,Sick,Felons And Revolutionaries,189,nO6JD,Sick,Dope,https://getsongbpm.com/song/sick/nO6JD,116,4/4,C♯m,minor,5m,51,1,1.0000,matched
Marilyn Manson,PAINT YOU WITH MY LOVE,1043,fm4A4htlTZ8,https://music.youtube.com/watch?v=fm4A4htlTZ8,Marilyn Manson,PAINT YOU WITH MY LOVE,WE ARE CHAOS,270,6B8L5N,PAINT YOU WITH MY LOVE,Marilyn Manson,https://getsongbpm.com/song/paint-you-with-my-love/6B8L5N,130,4/4,G,major,2d,47,2,1.0000,matched
Marilyn Manson,DON'T CHASE THE DEAD,1044,AzGqz21BNkM,https://music.youtube.com/watch?v=AzGqz21BNkM,Marilyn Manson,DON'T CHASE THE DEAD,WE ARE CHAOS,258,5RyJ5X,DON'T CHASE THE DEAD,Marilyn Manson,https://getsongbpm.com/song/don-t-chase-the-dead/5RyJ5X,114,4/4,Em,minor,2m,51,1,1.0000,matched
Marilyn Manson,Coma White,1047,Uv_BzHMtT8E,https://music.youtube.com/watch?v=Uv_BzHMtT8E,Marilyn Manson,Coma White,Mechanical Animals,339,Wngv6v,Coma White,Marilyn Manson,https://getsongbpm.com/song/coma-white/Wngv6v,161,4/4,C,major,1d,35,1,1.0000,matched
Marilyn Manson,WE ARE CHAOS,1049,wIVmZt0sSjM,https://music.youtube.com/watch?v=wIVmZt0sSjM,Marilyn Manson,WE ARE CHAOS,WE ARE CHAOS,241,4zxE7J,WE ARE CHAOS,Marilyn Manson,https://getsongbpm.com/song/we-are-chaos/4zxE7J,137,4/4,C,major,1d,38,1,1.0000,matched
System Of A Down,Sad Statue,1050,8IH1JFoiGqU,https://music.youtube.com/watch?v=8IH1JFoiGqU,System Of A Down,Sad Statue,Mezmerize,206,jXNWB,Sad Statue,System of a Down,https://getsongbpm.com/song/sad-statue/jXNWB,167,4/4,F♯m,minor,4m,26,1,1.0000,matched
Steve Vai,For the Love of God,1060,XvHgs4mBz9w,https://music.youtube.com/watch?v=XvHgs4mBz9w,Steve Vai,For the Love of God,Passion And Warfare,364,8qpGm,For the Love of God,Steve Vai,https://getsongbpm.com/song/for-the-love-of-god/8qpGm,95,4/4,Am,minor,1m,16,1,1.0000,matched
Gary Moore,Still Got The Blues,1061,JmsUkutNnI0,https://music.youtube.com/watch?v=JmsUkutNnI0,Gary Moore,Still Got The Blues,Still Got The Blues,371,58xoX,Still Got the Blues,Gary Moore,https://getsongbpm.com/song/still-got-the-blues/58xoX,84,3/4,Am,minor,1m,19,26,1.0000,matched
Blues Delight,If I Had Money,1062,9_2FrmeV_Yg,https://music.youtube.com/watch?v=9_2FrmeV_Yg,Blues Delight,If I Had Money,Open All Night,407,rmm3y4,If I Had Money,Blues Delight,https://getsongbpm.com/song/if-i-had-money/rmm3y4,144,3/4,Em,minor,2m,46,77,1.0000,matched
Wardruna,Kvitravn,1069,o9wSLUuZh8U,https://music.youtube.com/watch?v=o9wSLUuZh8U,Wardruna,Kvitravn,Kvitravn,378,36B9RR,Kvitravn,Wardruna,https://getsongbpm.com/song/kvitravn/36B9RR,62,4/4,C♯,major,8d,39,7,1.0000,matched
Iron Maiden,Wasting Love,1070,bf0XwX0Bc-0,https://music.youtube.com/watch?v=bf0XwX0Bc-0,Iron Maiden,Wasting Love,Fear of the Dark,352,p81mr,Wasting Love,Iron Maiden,https://getsongbpm.com/song/wasting-love/p81mr,71,4/4,Em,minor,2m,32,1,1.0000,matched
Guns N' Roses,Don't Cry,1071,G-oRhCHID_4,https://music.youtube.com/watch?v=G-oRhCHID_4,Guns N' Roses,Don't Cry,Use Your Illusion I,284,mZxRp,Don't Cry,Guns N' Roses,https://getsongbpm.com/song/don-t-cry/mZxRp,124,4/4,G♯m,minor,6m,46,1,1.0000,matched
Metallica,Carpe Diem Baby,1075,5M652yX6ecE,https://music.youtube.com/watch?v=5M652yX6ecE,Metallica,Carpe Diem Baby,Reload,373,PNyz2,Carpe Diem Baby,Metallica,https://getsongbpm.com/song/carpe-diem-baby/PNyz2,142,4/4,D♯m,minor,7m,39,1,1.0000,matched
Metallica,Sad But True,1076,TpohVYomw2o,https://music.youtube.com/watch?v=TpohVYomw2o,Metallica,Sad But True,Metallica (Remastered Deluxe Box Set),325,jRrYB,Sad but True,Metallica,https://getsongbpm.com/song/sad-but-true/jRrYB,86,4/4,D,major,3d,64,1,0.9904,matched
Grizzly Bear,Two Weeks,1077,VuDcPZl-SY0,https://music.youtube.com/watch?v=VuDcPZl-SY0,Grizzly Bear,Two Weeks,Veckatimest,247,MjjvN5,Two Weeks,Grizzly Bear,https://getsongbpm.com/song/two-weeks/MjjvN5,159,4/4,F,major,12d,54,29,1.0000,matched
Metallica,Fixxxer,1079,jDXqEMB2v2g,https://music.youtube.com/watch?v=jDXqEMB2v2g,Metallica,Fixxxer,Reload,495,YEL5W,Fixxxer,Metallica,https://getsongbpm.com/song/fixxxer/YEL5W,132,4/4,C♯,major,8d,48,1,1.0000,matched
Metallica,Slither,1080,Kl_ToFZQv2Q,https://music.youtube.com/watch?v=Kl_ToFZQv2Q,Metallica,Slither,Reload,314,OYxPQ,Slither,Metallica,https://getsongbpm.com/song/slither/OYxPQ,110,4/4,G♯,major,9d,51,1,1.0000,matched
Metallica,The Unforgiven II,1081,zjy5sq26hTc,https://music.youtube.com/watch?v=zjy5sq26hTc,Metallica,The Unforgiven II,Reload,397,M8vJR,The Unforgiven II,Metallica,https://getsongbpm.com/song/the-unforgiven-ii/M8vJR,132,4/4,G♯m,minor,6m,49,1,1.0000,matched
Metallica,The Memory Remains (feat. Marianne Faithfull),1082,r-tKBorVGbg,https://music.youtube.com/watch?v=r-tKBorVGbg,Metallica,The Memory Remains (feat. Marianne Faithfull),Reload,280,KrqLJ,The Memory Remains,Metallica,https://getsongbpm.com/song/the-memory-remains/KrqLJ,144,4/4,A♯m,minor,8m,44,1,1.0000,matched
Metallica,Fuel,1083,ttNSr4Ecdzo,https://music.youtube.com/watch?v=ttNSr4Ecdzo,Metallica,Fuel,Reload,270,J6pNv,Fuel,Metallica,https://getsongbpm.com/song/fuel/J6pNv,212,4/4,C♯,major,8d,50,1,1.0000,matched
Korn,Twisted Transistor,1084,msTVnawtLVw,https://music.youtube.com/watch?v=msTVnawtLVw,Korn,Twisted Transistor,See You On the Other Side,189,68RwmR,Twisted Transistor,Korn,https://getsongbpm.com/song/twisted-transistor/68RwmR,110,4/4,Fm,minor,9m,58,1,1.0000,matched
Enigma,From East To West,1088,AURCaf4T00A,https://music.youtube.com/watch?v=AURCaf4T00A,Enigma,From East To West,Voyageur,252,0D0y3,From East to West,Enigma,https://getsongbpm.com/song/from-east-to-west/0D0y3,121,4/4,Gm,minor,11m,66,31,1.0000,matched
Enigma,Silent Warrior,1091,JpGVFxG8UkA,https://music.youtube.com/watch?v=JpGVFxG8UkA,Enigma,Silent Warrior,The Cross Of Changes,370,9QZrYz,Silent Warrior,Enigma,https://getsongbpm.com/song/silent-warrior/9QZrYz,170,4/4,D♯m,minor,7m,54,10,1.0000,matched
Enigma,Gravity Of Love,1094,MExoMS5uHnk,https://music.youtube.com/watch?v=MExoMS5uHnk,Enigma,Gravity Of Love,The Screen Behind The Mirror,239,pY5n6,Gravity of Love,Enigma,https://getsongbpm.com/song/gravity-of-love/pY5n6,140,4/4,C♯m,minor,5m,58,14,1.0000,matched
Moby,One of These Mornings,1101,eUJGFv7AgdI,https://music.youtube.com/watch?v=eUJGFv7AgdI,Moby,One of These Mornings,18,193,w027r,One of These Mornings,Moby,https://getsongbpm.com/song/one-of-these-mornings/w027r,91,4/4,Bm,minor,3m,44,17,1.0000,matched
Depeche Mode,Enjoy the Silence,1102,Vd_nkokQwnQ,https://music.youtube.com/watch?v=Vd_nkokQwnQ,Depeche Mode,Enjoy the Silence,Violator (Deluxe),373,DkD1n,Enjoy the Silence,Depeche Mode,https://getsongbpm.com/song/enjoy-the-silence/DkD1n,112,4/4,Cm,minor,10m,65,16,0.9904,matched
Moby,Porcelain,1103,Mw3LlFb0rRA,https://music.youtube.com/watch?v=Mw3LlFb0rRA,Moby,Porcelain,Play,242,OYDGE,Porcelain,Moby,https://getsongbpm.com/song/porcelain/OYDGE,96,4/4,A♯,major,11d,30,1,1.0000,matched
Enigma,Almost Full Moon,1104,L1iGXe5bQ2M,https://music.youtube.com/watch?v=L1iGXe5bQ2M,Enigma,Almost Full Moon,"Le Roi Est Mort, Vive Le Roi!",207,86Z2Yj,Almost Full Moon,Enigma,https://getsongbpm.com/song/almost-full-moon/86Z2Yj,62,4/4,Em,minor,2m,40,8,1.0000,matched
Enigma,The Screen Behind The Mirror,1105,qQI3Zs6-fRY,https://music.youtube.com/watch?v=qQI3Zs6-fRY,Enigma,The Screen Behind The Mirror,The Screen Behind The Mirror,239,wp4xw,The Screen Behind the Mirror,Enigma,https://getsongbpm.com/song/the-screen-behind-the-mirror/wp4xw,187,4/4,C♯m,minor,5m,53,2,1.0000,matched
Enigma,Voyageur,1106,x-KbNstmJKc,https://music.youtube.com/watch?v=x-KbNstmJKc,Enigma,Voyageur,Voyageur,277,gMnVD,Voyageur,Enigma,https://getsongbpm.com/song/voyageur/gMnVD,106,4/4,Am,minor,1m,73,31,1.0000,matched
Enigma,T.N.T. For The Brain,1107,tBOm6Een0sw,https://music.youtube.com/watch?v=tBOm6Een0sw,Enigma,T.N.T. For The Brain,"Le Roi Est Mort, Vive Le Roi!",267,7LZ3JQ,T.N.T. for the Brain,Enigma,https://getsongbpm.com/song/tpointnpointtpoint-for-the-brain/7LZ3JQ,110,4/4,Em,minor,2m,56,1,1.0000,matched
Enigma,Silence Must Be Heard,1109,tCUran3CDFg,https://music.youtube.com/watch?v=tCUran3CDFg,Enigma,Silence Must Be Heard,The Screen Behind The Mirror,320,lY40l,Silence Must Be Heard,Enigma,https://getsongbpm.com/song/silence-must-be-heard/lY40l,102,4/4,Em,minor,2m,58,1,1.0000,matched
Enigma,Prism Of Life,1110,7ZGlPBkXOHI,https://music.youtube.com/watch?v=7ZGlPBkXOHI,Enigma,Prism Of Life,"Le Roi Est Mort, Vive Le Roi!",296,0VZR35,Prism of Life,Enigma,https://getsongbpm.com/song/prism-of-life/0VZR35,113,4/4,G,major,2d,51,78,1.0000,matched
America,A Horse with No Name,1112,mSZXWdKSQNM,https://music.youtube.com/watch?v=mSZXWdKSQNM,America,A Horse with No Name,America,253,5yrWAY,A Horse With No Name,America,https://getsongbpm.com/song/a-horse-with-no-name/5yrWAY,122,4/4,Bm,minor,3m,66,69,0.9453,matched
Radiohead,Karma Police,1116,nbCOAPR33ME,https://music.youtube.com/watch?v=nbCOAPR33ME,Radiohead,Karma Police,OK Computer OKNOTOK 1997 2017,262,3lGgx,Karma Police,Radiohead,https://getsongbpm.com/song/karma-police/3lGgx,74,4/4,G,major,2d,36,7,0.9904,matched
Wardruna,Helvegen,1118,g1RJv-27i6Q,https://music.youtube.com/watch?v=g1RJv-27i6Q,Wardruna,Helvegen,Runaljod – Yggdrasil,432,1rXQRV,Helvegen,Wardruna,https://getsongbpm.com/song/helvegen/1rXQRV,100,4/4,F,major,12d,24,66,1.0000,matched
Enigma,20.000 Miles Over The Sea,1119,FGr0GbAbloU,https://music.youtube.com/watch?v=FGr0GbAbloU,Enigma,20.000 Miles Over The Sea,A Posteriori,264,zplzpO,20.000 Miles Over the Sea,Enigma,https://getsongbpm.com/song/20point000-miles-over-the-sea/zplzpO,148,4/4,Em,minor,2m,59,88,1.0000,matched
Enigma,Push The Limits,1123,YhQ5zYxmCzo,https://music.youtube.com/watch?v=YhQ5zYxmCzo,Enigma,Push The Limits,The Screen Behind The Mirror,387,o24mK,Push the Limits,Enigma,https://getsongbpm.com/song/push-the-limits/o24mK,98,4/4,D,major,3d,57,2,1.0000,matched
Umberto Tozzi,Ti Amo,1125,kjvSAaRgt5I,https://music.youtube.com/watch?v=kjvSAaRgt5I,Umberto Tozzi,Ti Amo,E' nell' aria…ti amo,246,Dm076,Ti amo,Umberto Tozzi,https://getsongbpm.com/song/ti-amo/Dm076,185,3/4,A,major,4d,29,62,0.9953,matched
Wardruna,Solringen,1132,kAKTQ6t7pzE,https://music.youtube.com/watch?v=kAKTQ6t7pzE,Wardruna,Solringen,Runaljod – Yggdrasil,391,Yv10gM,Solringen,Wardruna,https://getsongbpm.com/song/solringen/Yv10gM,124,4/4,Cm,minor,10m,37,43,1.0000,matched
РУСЛАНА,Wild Energy,1147,yxXdQWcsh8o,https://music.youtube.com/watch?v=yxXdQWcsh8o,РУСЛАНА,Wild Energy,Wild Energy,243,Q0BO1L,Wild Energy,Руслана,https://getsongbpm.com/song/wild-energy/Q0BO1L,150,4/4,C♯,major,8d,73,28,1.0000,matched
Funeral Mist,Metamorphosis,1159,P-c78Ol5VPk,https://music.youtube.com/watch?v=P-c78Ol5VPk,Funeral Mist,Metamorphosis,Hekatomb,455,Qk4y39,Metamorphosis,Funeral Mist,https://getsongbpm.com/song/metamorphosis/Qk4y39,45,4/4,A,major,4d,13,1,1.0000,matched
Батюшка,Песнь 1,1168,jVO6sY_CVYc,https://music.youtube.com/watch?v=jVO6sY_CVYc,Батюшка,Песнь 1,Панихида,249,MZkYL5,Песнь 1 (Молитва),Батюшка,https://getsongbpm.com/song/pesn-1-molitva/MZkYL5,,,m,minor,,,,0.8717,matched
Sidewalks and Skeletons,White Light,1169,QAmvQeyTAOI,https://music.youtube.com/watch?v=QAmvQeyTAOI,Sidewalks and Skeletons,White Light,White Light,265,1WgB5q,White Light,Sidewalks and Skeletons,https://getsongbpm.com/song/white-light/1WgB5q,124,4/4,C,major,1d,22,1,1.0000,matched
System Of A Down,Streamline,1171,WkCeY4HK1xk,https://music.youtube.com/watch?v=WkCeY4HK1xk,System Of A Down,Streamline,Steal This Album!,218,09RnG,Streamline,System of a Down,https://getsongbpm.com/song/streamline/09RnG,130,3/4,C,major,1d,40,1,1.0000,matched
The HU,The Great Chinggis Khaan,1176,dPZSApUiQuU,https://music.youtube.com/watch?v=dPZSApUiQuU,The HU,The Great Chinggis Khaan,The Gereg (Deluxe Edition),273,gpRArk,The Great Chinggis Khaan,The HU,https://getsongbpm.com/song/the-great-chinggis-khaan/gpRArk,177,3/4,G♯,major,9d,43,5,0.9904,matched
Mr.Kitty,Hold Me Down,1178,vfmvwFL7iaw,https://music.youtube.com/watch?v=vfmvwFL7iaw,Mr.Kitty,Hold Me Down,Time,237,mO5qzr,Hold Me Down,Mr.Kitty,https://getsongbpm.com/song/hold-me-down/mO5qzr,134,4/4,D♯,major,10d,47,1,1.0000,matched
Johnny Cash,Hurt,1181,gSS2IgnnBo8,https://music.youtube.com/watch?v=gSS2IgnnBo8,Johnny Cash,Hurt,American IV: The Man Comes Around,217,l7G45,Hurt,Johnny Cash,https://getsongbpm.com/song/hurt/l7G45,92,4/4,Am,minor,1m,55,72,1.0000,matched
Mgła,Exercises in Futility IV,1183,HN7-DmTtNdM,https://music.youtube.com/watch?v=HN7-DmTtNdM,Mgła,Exercises in Futility IV,Exercises in Futility,286,XrPBEA,Exercises in Futility IV,Mgła,https://getsongbpm.com/song/exercises-in-futility-iv/XrPBEA,150,4/4,Gm,minor,11m,28,1,1.0000,matched
DakhaBrakha,Baby,1201,h7wB8qWdmcA,https://music.youtube.com/watch?v=h7wB8qWdmcA,DakhaBrakha,Baby,Light,444,r01Qj4,Baby,DakhaBrakha,https://getsongbpm.com/song/baby/r01Qj4,130,4/4,G,major,2d,38,58,1.0000,matched
Joe Dassin,L'été indien,1220,V1T5sewxgYk,https://music.youtube.com/watch?v=V1T5sewxgYk,Joe Dassin,L'été indien,Taka Takata,271,pg0R51,L'été indien,Joe Dassin,https://getsongbpm.com/song/l-ete-indien/pg0R51,121,4/4,Gm,minor,11m,48,17,1.0000,matched
Beach House,Space Song,1223,uSDWUx7S8dw,https://music.youtube.com/watch?v=uSDWUx7S8dw,Beach House,Space Song,Depression Cherry,321,VAgGwz,Space Song,Beach House,https://getsongbpm.com/song/space-song/VAgGwz,73,4/4,Cm,minor,10m,51,22,1.0000,matched
Adriano Celentano,Confessa,1226,7uyX3xMc0Do,https://music.youtube.com/watch?v=7uyX3xMc0Do,Adriano Celentano,Confessa,Per Sempre,311,7Xl3G,Confessa,Adriano Celentano,https://getsongbpm.com/song/confessa/7Xl3G,119,4/4,Bm,minor,3m,59,7,1.0000,matched
Adriano Celentano,Susanna,1232,_jz7Csk0fCs,https://music.youtube.com/watch?v=_jz7Csk0fCs,Adriano Celentano,Susanna,I Miei Americani (Tre Puntini),288,gp70XZ,Susanna,Adriano Celentano,https://getsongbpm.com/song/susanna/gp70XZ,93,4/4,Am,minor,1m,66,72,1.0000,matched
Igorrr,Himalaya Massive Ritual,1235,-VmaTdnL0ek,https://music.youtube.com/watch?v=-VmaTdnL0ek,Igorrr,Himalaya Massive Ritual,Spirituality and Distortion,427,jYxvkR,Himalaya Massive Ritual,Igorrr,https://getsongbpm.com/song/himalaya-massive-ritual/jYxvkR,,,m,minor,,,,1.0000,matched
Al Bano & Romina Power,Libertà,1241,s9keQh_dcnU,https://music.youtube.com/watch?v=s9keQh_dcnU,Al Bano & Romina Power,Libertà,Liberta,267,DkMrPx,Libertà!,Al Bano & Romina Power,https://getsongbpm.com/song/libertaexclamation/DkMrPx,186,4/4,Gm,minor,11m,35,42,1.0000,matched
I Monster,Who Is She ?,1245,4WJoY2aZuVk,https://music.youtube.com/watch?v=4WJoY2aZuVk,I Monster,Who Is She ?,Neveroddoreven,214,j0AK64,Who Is She ?,I Monster,https://getsongbpm.com/song/who-is-she-question/j0AK64,152,4/4,C♯m,minor,5m,40,8,1.0000,matched
Mr.Kitty,XIII,1247,PF4mPa6MBKw,https://music.youtube.com/watch?v=PF4mPa6MBKw,Mr.Kitty,XIII,Time,217,3QN6qx,XIII,Mr.Kitty,https://getsongbpm.com/song/xiii/3QN6qx,130,3/4,Bm,minor,3m,48,1,1.0000,matched
Radiohead,House Of Cards,1249,Nng0aSsq_XE,https://music.youtube.com/watch?v=Nng0aSsq_XE,Radiohead,House Of Cards,In Rainbows,329,NkgBR8,House of Cards,Radiohead,https://getsongbpm.com/song/house-of-cards/NkgBR8,111,4/4,F,major,12d,71,28,1.0000,matched
Radiohead,No Surprises,1250,7374CZQoS2Y,https://music.youtube.com/watch?v=7374CZQoS2Y,Radiohead,No Surprises,OK Computer OKNOTOK 1997 2017,229,76kmr,No Surprises,Radiohead,https://getsongbpm.com/song/no-surprises/76kmr,74,4/4,F,major,12d,26,6,0.9904,matched
Lana Del Rey,Lust For Life (feat. The Weeknd),1252,LCQ_1RyoD5Y,https://music.youtube.com/watch?v=LCQ_1RyoD5Y,Lana Del Rey,Lust For Life (feat. The Weeknd),Lust For Life,265,GRj9QL,Lust For Life (with The Weeknd),Lana Del Rey,https://getsongbpm.com/song/lust-for-life-with-the-weeknd/GRj9QL,99,4/4,Cm,minor,10m,51,61,0.9304,matched
Lana Del Rey,Video Games,1254,mhr4YecSV_Y,https://music.youtube.com/watch?v=mhr4YecSV_Y,Lana Del Rey,Video Games,Born To Die - The Paradise Edition (Special Version),282,MQ612R,Video Games (remastered),Lana Del Rey,https://getsongbpm.com/song/video-games-remastered/MQ612R,41,5/4,F♯m,minor,4m,26,82,0.9208,matched
Lana Del Rey,Born To Die,1255,pOm2JieAuCA,https://music.youtube.com/watch?v=pOm2JieAuCA,Lana Del Rey,Born To Die,Born To Die - The Paradise Edition,286,JqRQ2v,Born to Die,Lana Del Rey,https://getsongbpm.com/song/born-to-die/JqRQ2v,86,4/4,Em,minor,2m,43,23,0.9904,matched
Sade,Smooth Operator (Single Version),1261,mRNcPbCJNJ8,https://music.youtube.com/watch?v=mRNcPbCJNJ8,Sade,Smooth Operator (Single Version),The Best of Sade,259,P1njP1,Smooth Operator,Sade,https://getsongbpm.com/song/smooth-operator/P1njP1,119,4/4,Am,minor,1m,69,8,0.8675,matched
Garou,Gitan,1279,m_OrlxQaKlA,https://music.youtube.com/watch?v=m_OrlxQaKlA,Garou,Gitan,Seul,246,0VjKP3,Gitan,Garou,https://getsongbpm.com/song/gitan/0VjKP3,158,4/4,Bm,minor,3m,49,5,1.0000,matched
Igorrr,Problème d'émotion,1281,mzv3hfcTGCU,https://music.youtube.com/watch?v=mzv3hfcTGCU,Igorrr,Problème d'émotion,Savage Sinusoid,279,k2mQZK,Problème d'émotion,Igorrr,https://getsongbpm.com/song/probleme-d-emotion/k2mQZK,76,3/4,G♯m,minor,6m,22,15,1.0000,matched
Satyricon,Black Crow on a Tombstone,1282,1GXY4tSgCp0,https://music.youtube.com/watch?v=1GXY4tSgCp0,Satyricon,Black Crow on a Tombstone,The Age Of Nero,233,ADyoEz,Black Crow on a Tombstone,Satyricon,https://getsongbpm.com/song/black-crow-on-a-tombstone/ADyoEz,119,4/4,G,major,2d,63,1,1.0000,matched
Батюшка,Песнь 5,1283,XVBkYi7FoPs,https://music.youtube.com/watch?v=XVBkYi7FoPs,Батюшка,Песнь 5,Панихида,334,Qko3PL,Песнь 5,Батюшка,https://getsongbpm.com/song/pesn-5/Qko3PL,,,m,minor,,,,0.9413,matched
Moby,Extreme Ways,1287,FmHxcFkajw0,https://music.youtube.com/watch?v=FmHxcFkajw0,Moby,Extreme Ways,18,238,z6QYq,Extreme Ways,Moby,https://getsongbpm.com/song/extreme-ways/z6QYq,99,4/4,Am,minor,1m,52,1,1.0000,matched
Rivers of Nihil,Sand Baptism,1299,BaT6qUGKLbg,https://music.youtube.com/watch?v=BaT6qUGKLbg,Rivers of Nihil,Sand Baptism,Monarchy,290,QkWWR0,Sand Baptism,Rivers of Nihil,https://getsongbpm.com/song/sand-baptism/QkWWR0,120,4/4,C♯,major,8d,43,1,1.0000,matched
Океан Ельзи,911,1324,dbq3tILUPmg,https://music.youtube.com/watch?v=dbq3tILUPmg,Океан Ельзи,911,Модель,210,5KD58,911,Океан Ельзи,https://getsongbpm.com/song/911/5KD58,120,4/4,Cm,minor,10m,79,19,1.0000,matched
Moby,Why Does My Heart Feel So Bad?,1326,DLQoFcEF6Ws,https://music.youtube.com/watch?v=DLQoFcEF6Ws,Moby,Why Does My Heart Feel So Bad?,Play,265,PNEG6,Why Does My Heart Feel So Bad?,Moby,https://getsongbpm.com/song/why-does-my-heart-feel-so-badquestion/PNEG6,98,4/4,G,major,2d,60,1,1.0000,matched
Dying Fetus,Second Skin,1330,gWBbtwdvw4A,https://music.youtube.com/watch?v=gWBbtwdvw4A,Dying Fetus,Second Skin,Reign Supreme (Deluxe Version),283,L8WEvw,Second Skin,Dying Fetus,https://getsongbpm.com/song/second-skin/L8WEvw,109,4/4,C♯,major,8d,31,1,0.9904,matched
Satyricon,To Your Brethren in the Dark,1331,KpvGI-JmV-c,https://music.youtube.com/watch?v=KpvGI-JmV-c,Satyricon,To Your Brethren in the Dark,Deep Calleth Upon Deep,368,WPD0PJ,To Your Brethren In The Dark,Satyricon,https://getsongbpm.com/song/to-your-brethren-in-the-dark/WPD0PJ,109,4/4,Gm,minor,11m,43,1,1.0000,matched
Loreena McKennitt,The Mystic's Dream,1341,7hhV4nrs7gk,https://music.youtube.com/watch?v=7hhV4nrs7gk,Loreena McKennitt,The Mystic's Dream,The Mask and Mirror,464,ADMmzB,The Mystic's Dream,Loreena McKennitt,https://getsongbpm.com/song/the-mystic-s-dream/ADMmzB,112,4/4,G,major,2d,30,67,1.0000,matched
Sting,Desert Rose (feat. Cheb Mami),1342,FiApCJWwgOs,https://music.youtube.com/watch?v=FiApCJWwgOs,Sting,Desert Rose (feat. Cheb Mami),Brand New Day,286,KOR5z,Desert Rose,Sting,https://getsongbpm.com/song/desert-rose/KOR5z,111,4/4,Cm,minor,10m,59,2,1.0000,matched
System Of A Down,Violent Pornography,1343,KP_fR-Uh4OI,https://music.youtube.com/watch?v=KP_fR-Uh4OI,System Of A Down,Violent Pornography,Mezmerize,212,wov6g,Violent Pornography,System of a Down,https://getsongbpm.com/song/violent-pornography/wov6g,144,4/4,F♯,major,7d,46,3,1.0000,matched
System Of A Down,ATWA,1345,Ph8Qt3DHVwo,https://music.youtube.com/watch?v=Ph8Qt3DHVwo,System Of A Down,ATWA,Toxicity,177,RwPyO,ATWA,System of a Down,https://getsongbpm.com/song/atwa/RwPyO,87,4/4,Fm,minor,9m,38,1,1.0000,matched
Батюшка,Песнь 2,1350,-W0aJf5rjEk,https://music.youtube.com/watch?v=-W0aJf5rjEk,Батюшка,Песнь 2,Панихида,461,NOlZMp,Песнь 2,Батюшка,https://getsongbpm.com/song/pesn-2/NOlZMp,,,m,minor,,,,0.9413,matched
Radiohead,Black Star,1356,d7lbzUUXj0k,https://music.youtube.com/watch?v=d7lbzUUXj0k,Radiohead,Black Star,The Bends,248,AD0R1,Black Star,Radiohead,https://getsongbpm.com/song/black-star/AD0R1,158,4/4,G,major,2d,29,1,1.0000,matched
Radiohead,Street Spirit (Fade Out),1357,2y6kop0VTXY,https://music.youtube.com/watch?v=2y6kop0VTXY,Radiohead,Street Spirit (Fade Out),The Bends,254,DkmXY,Street Spirit (Fade Out),Radiohead,https://getsongbpm.com/song/street-spirit-fade-out/DkmXY,69,4/4,Am,minor,1m,49,32,1.0000,matched
Fear Factory,Linchpin,1362,NCt5LqvZKbM,https://music.youtube.com/watch?v=NCt5LqvZKbM,Fear Factory,Linchpin,Digimortal,205,28M4z,Linchpin,Fear Factory,https://getsongbpm.com/song/linchpin/28M4z,111,4/4,C,major,1d,70,1,1.0000,matched
Advent Sorrow,Pestilence Shall Come,1366,yEeXq5Rn320,https://music.youtube.com/watch?v=yEeXq5Rn320,Advent Sorrow,Pestilence Shall Come,Pestilence Shall Come,354,r2joR6,Pestilence Shall Come,Advent Sorrow,https://getsongbpm.com/song/pestilence-shall-come/r2joR6,149,4/4,C♯m,minor,5m,12,1,0.9422,matched
Mastodon,Steambreather,1367,RlBVgsZ6Y-w,https://music.youtube.com/watch?v=RlBVgsZ6Y-w,Mastodon,Steambreather,Emperor of Sand,304,PjL9Bn,Steambreather,Mastodon,https://getsongbpm.com/song/steambreather/PjL9Bn,165,4/4,D,major,3d,36,1,1.0000,matched
Dimmu Borgir,Interdimensional Summit,1374,XT-4NaqJTb8,https://music.youtube.com/watch?v=XT-4NaqJTb8,Dimmu Borgir,Interdimensional Summit,Eonian,280,VvLkjX,Interdimensional Summit,Dimmu Borgir,https://getsongbpm.com/song/interdimensional-summit/VvLkjX,141,3/4,F♯,major,7d,44,1,1.0000,matched
Batushka,Yekteníya 5,1382,6lZUwd7rmOE,https://music.youtube.com/watch?v=6lZUwd7rmOE,Batushka,Yekteníya 5,Litourgiya,361,vQD8JV,Yekteníya 5,Batushka,https://getsongbpm.com/song/yekteniya-5/vQD8JV,,,m,minor,,,,1.0000,matched
Andrea Bocelli; Jennifer Lopez,"Quizás, Quizás, Quizás",1392,PwXBA6XTAUY,https://music.youtube.com/watch?v=PwXBA6XTAUY,Andrea Bocelli; Jennifer Lopez,"Quizás, Quizás, Quizás",Passione,198,l53A5V,"Quizás, quizás, quizás",Andrea Bocelli,https://getsongbpm.com/song/quizas-quizas-quizas/l53A5V,112,4/4,Em,minor,2m,61,88,1.0000,matched
"Plácido Domingo, Bebu Silvetti, & The VVC Symphonic Orchestra",La malagueña,1396,13yJ1ZdxHAk,https://music.youtube.com/watch?v=13yJ1ZdxHAk,"Plácido Domingo, Bebu Silvetti, & The VVC Symphonic Orchestra",La malagueña,Plácido Domingo - The Latin Album Collection,231,Q6gJq,La malagueña,Plácido Domingo,https://getsongbpm.com/song/la-malaguena/Q6gJq,100,3/4,Dm,minor,12m,46,84,0.9283,matched
Dio,Holy Diver,1405,uDtgnYZsw7A,https://music.youtube.com/watch?v=uDtgnYZsw7A,Dio,Holy Diver,Holy Diver (Deluxe Edition),351,JqvOD,Holy Diver,Dio,https://getsongbpm.com/song/holy-diver/JqvOD,92,4/4,Cm,minor,10m,48,7,0.9904,matched
Meshuggah,Dancers to a Discordant System,1406,_YOhKnPq4lU,https://music.youtube.com/watch?v=_YOhKnPq4lU,Meshuggah,Dancers to a Discordant System,ObZen,577,XDWQAV,Dancers to a Discordant System,Meshuggah,https://getsongbpm.com/song/dancers-to-a-discordant-system/XDWQAV,88,3/4,Gm,minor,11m,17,1,1.0000,matched
Meshuggah,Do Not Look Down,1407,NDstOkt5ibo,https://music.youtube.com/watch?v=NDstOkt5ibo,Meshuggah,Do Not Look Down,Koloss,284,W7wr8Q,Do Not Look Down,Meshuggah,https://getsongbpm.com/song/do-not-look-down/W7wr8Q,161,4/4,C♯,major,8d,47,1,1.0000,matched
Queensrÿche,I Don't Believe In Love (Remastered 2003),1408,_It_k1Ftj1I,https://music.youtube.com/watch?v=_It_k1Ftj1I,Queensrÿche,I Don't Believe In Love (Remastered 2003),Operation: Mindcrime (Deluxe Edition),264,D6w3K,I Don't Believe in Love,Queensrÿche,https://getsongbpm.com/song/i-don-t-believe-in-love/D6w3K,118,4/4,G,major,2d,57,4,0.9208,matched
Andrea Bocelli,Vivo Per Lei (feat. Giorgia),1425,-L6RtIEUqGE,https://music.youtube.com/watch?v=-L6RtIEUqGE,Andrea Bocelli,Vivo Per Lei (feat. Giorgia),The Best of Andrea Bocelli - 'Vivere',267,oQwEKB,Vivo per lei - Ich lebe für sie,Andrea Bocelli,https://getsongbpm.com/song/vivo-per-lei-ich-lebe-fuer-sie/oQwEKB,138,4/4,E,major,5d,59,40,0.9208,matched
Rainbow,Catch The Rainbow,1426,V5QukAC-jqE,https://music.youtube.com/watch?v=V5QukAC-jqE,Rainbow,Catch The Rainbow,Ritchie Blackmore's Rainbow,397,lxoy5,Catch the Rainbow,Rainbow,https://getsongbpm.com/song/catch-the-rainbow/lxoy5,66,4/4,Em,minor,2m,32,19,1.0000,matched
Hozier,Take Me To Church,1428,JKlYOUfviXM,https://music.youtube.com/watch?v=JKlYOUfviXM,Hozier,Take Me To Church,Hozier,242,wVvqLX,Take Me to Church,Hozier,https://getsongbpm.com/song/take-me-to-church/wVvqLX,128,4/4,Em,minor,2m,57,64,1.0000,matched
Violet Cold,Space Funeral,1431,5VxBq8BkYk8,https://music.youtube.com/watch?v=5VxBq8BkYk8,Violet Cold,Space Funeral,Kosmik,328,MoPPAm,Space Funeral,Violet Cold,https://getsongbpm.com/song/space-funeral/MoPPAm,,,m,minor,,,,1.0000,matched
The Beatles,With A Little Help From My Friends (Remastered 2009),1445,0C58ttB2-Qg,https://music.youtube.com/watch?v=0C58ttB2-Qg,The Beatles,With A Little Help From My Friends (Remastered 2009),Sgt. Pepper's Lonely Hearts Club Band,165,W7DNZW,With a Little Help From My Friends,The Beatles,https://getsongbpm.com/song/with-a-little-help-from-my-friends/W7DNZW,112,4/4,E,major,5d,71,37,0.9304,matched
The Doors,When the Music's Over,1447,nOJSmXSFCWk,https://music.youtube.com/watch?v=nOJSmXSFCWk,The Doors,When the Music's Over,Strange Days,660,XoBq25,When the Music's Over,The Doors,https://getsongbpm.com/song/when-the-music-s-over/XoBq25,98,4/4,A,major,4d,54,18,1.0000,matched
TOOL,Sober,1448,DhMv5WVOli4,https://music.youtube.com/watch?v=DhMv5WVOli4,TOOL,Sober,Undertow,307,D9o23y,Sober,Tool,https://getsongbpm.com/song/sober/D9o23y,152,4/4,Dm,minor,12m,72,1,1.0000,matched
Igorrr,Absolute Psalm,1459,MPhq3C4friw,https://music.youtube.com/watch?v=MPhq3C4friw,Igorrr,Absolute Psalm,Hallelujah,232,KZDOoz,Absolute Psalm,Igorrr,https://getsongbpm.com/song/absolute-psalm/KZDOoz,159,4/4,Em,minor,2m,29,1,1.0000,matched
Igorrr,Unpleasant Sonata,1460,xDc26K8NmnA,https://music.youtube.com/watch?v=xDc26K8NmnA,Igorrr,Unpleasant Sonata,Nostril,133,48O0kx,Unpleasant Sonata,Igorrr,https://getsongbpm.com/song/unpleasant-sonata/48O0kx,112,3/4,C♯,major,8d,59,1,1.0000,matched
Igorrr,Overweight Poesy,1461,g-ZEqNKOC3Q,https://music.youtube.com/watch?v=g-ZEqNKOC3Q,Igorrr,Overweight Poesy,Spirituality and Distortion,351,lRzvm5,Overweight Poesy,Igorrr,https://getsongbpm.com/song/overweight-poesy/lRzvm5,,,m,minor,,,,1.0000,matched
Igorrr,Very Noise,1462,XDHROtG2sXE,https://music.youtube.com/watch?v=XDHROtG2sXE,Igorrr,Very Noise,Spirituality and Distortion,108,79jn7j,Very Noise,Igorrr,https://getsongbpm.com/song/very-noise/79jn7j,178,3/4,C♯,major,8d,35,1,1.0000,matched
Igorrr,Viande,1463,AUPm-1FKLd8,https://music.youtube.com/watch?v=AUPm-1FKLd8,Igorrr,Viande,Savage Sinusoid,116,vQAqoL,Viande,Igorrr,https://getsongbpm.com/song/viande/vQAqoL,74,3/4,C♯,major,8d,46,1,1.0000,matched
Igorrr,Houmous,1464,SLhFOMywgIc,https://music.youtube.com/watch?v=SLhFOMywgIc,Igorrr,Houmous,Savage Sinusoid,212,gpgYLD,Houmous,Igorrr,https://getsongbpm.com/song/houmous/gpgYLD,114,4/4,F♯,major,7d,66,2,1.0000,matched
Igorrr,ieuD,1465,Wu2nfnbF9wA,https://music.youtube.com/watch?v=Wu2nfnbF9wA,Igorrr,ieuD,ieuD,236,w0B9mg,ieuD,Igorrr,https://getsongbpm.com/song/ieud/w0B9mg,89,4/4,D,major,3d,44,1,0.9453,matched
Igorrr,Cheval,1466,jYI1smPTq9A,https://music.youtube.com/watch?v=jYI1smPTq9A,Igorrr,Cheval,Cheval,187,mqoRQn,Cheval,Igorrr,https://getsongbpm.com/song/cheval/mqoRQn,105,3/4,F,major,12d,61,3,0.9352,matched
Igorrr,Downgrade Desert,1467,kNafgdJ5K6g,https://music.youtube.com/watch?v=kNafgdJ5K6g,Igorrr,Downgrade Desert,Spirituality and Distortion,264,576lEB,Downgrade Desert,Igorrr,https://getsongbpm.com/song/downgrade-desert/576lEB,,,m,minor,,,,1.0000,matched
Helloween,Hold Me in Your Arms,1471,0JqKAXeM88w,https://music.youtube.com/watch?v=0JqKAXeM88w,Helloween,Hold Me in Your Arms,Straight out of Hell,313,voP2qr,Hold Me in Your Arms,Helloween,https://getsongbpm.com/song/hold-me-in-your-arms/voP2qr,109,4/4,Am,minor,1m,47,4,1.0000,matched
Helloween,Keeper of the Seven Keys,1475,iDpAahKUNB4,https://music.youtube.com/watch?v=iDpAahKUNB4,Helloween,Keeper of the Seven Keys,"Keeper of the Seven Keys, Pt. 2 (Expanded Edition)",818,1jkrR,Keeper of the Seven Keys,Helloween,https://getsongbpm.com/song/keeper-of-the-seven-keys/1jkrR,126,4/4,Am,minor,1m,29,1,0.9794,matched
The Beatles,Let It Be (Remastered 2009),1477,QDYfEBY9NM4,https://music.youtube.com/watch?v=QDYfEBY9NM4,The Beatles,Let It Be (Remastered 2009),Let It Be,244,mwB9mO,Let It Be,The Beatles,https://getsongbpm.com/song/let-it-be/mwB9mO,72,4/4,C,major,1d,45,64,0.9304,matched
Pink Floyd,Us and Them,1478,5wth9BScmGY,https://music.youtube.com/watch?v=5wth9BScmGY,Pink Floyd,Us and Them,The Dark Side of the Moon,470,661jz,Us and Them,Pink Floyd,https://getsongbpm.com/song/us-and-them/661jz,72,4/4,D,major,3d,36,87,1.0000,matched
Frank Sinatra,That's Life,1481,XvfImv9NseY,https://music.youtube.com/watch?v=XvfImv9NseY,Frank Sinatra,That's Life,That's Life,188,1V17R,That's Life,Frank Sinatra,https://getsongbpm.com/song/that-s-life/1V17R,56,4/4,G,major,2d,46,46,1.0000,matched
Mudvayne,TV Radio,1488,_wn-TsHJ5x4,https://music.youtube.com/watch?v=_wn-TsHJ5x4,Mudvayne,TV Radio,Lost and Found,207,74mQr,TV Radio,Mudvayne,https://getsongbpm.com/song/tv-radio/74mQr,176,4/4,G♯,major,9d,42,1,1.0000,matched
Adele,When We Were Young,1489,a1IuJLebHgM,https://music.youtube.com/watch?v=a1IuJLebHgM,Adele,When We Were Young,25,291,36jRkn,When We Were Young,Adele,https://getsongbpm.com/song/when-we-were-young/36jRkn,72,4/4,D♯,major,10d,39,35,1.0000,matched
System Of A Down,Tentative,1492,Qxxum5ungsA,https://music.youtube.com/watch?v=Qxxum5ungsA,System Of A Down,Tentative,Hypnotize,217,WPGXkX,Tentative,System of a Down,https://getsongbpm.com/song/tentative/WPGXkX,158,4/4,C♯m,minor,5m,31,5,1.0000,matched
System Of A Down,Stealing Society,1493,8gDJglYeCDU,https://music.youtube.com/watch?v=8gDJglYeCDU,System Of A Down,Stealing Society,Hypnotize,178,VvEKg9,Stealing Society - Explicit Album Version,System of a Down,https://getsongbpm.com/song/stealing-society-explicit-album-version/VvEKg9,93,4/4,D,major,3d,28,1,0.9304,matched
System Of A Down,Soldier Side,1494,JXFtLaWXIY0,https://music.youtube.com/watch?v=JXFtLaWXIY0,System Of A Down,Soldier Side,Hypnotize,221,36APBn,Soldier Side,System of a Down,https://getsongbpm.com/song/soldier-side/36APBn,153,4/4,C♯m,minor,5m,29,27,1.0000,matched
Sibylle Baier,I Lost Something in the Hills,1495,N-oERBst8L0,https://music.youtube.com/watch?v=N-oERBst8L0,Sibylle Baier,I Lost Something in the Hills,Colour Green,209,0RLMB7,I Lost Something in the Hills,Sibylle Baier,https://getsongbpm.com/song/i-lost-something-in-the-hills/0RLMB7,117,3/4,G♯,major,9d,64,97,1.0000,matched
Lana Del Rey,Summertime Sadness,1498,fRQg_9ulGuI,https://music.youtube.com/watch?v=fRQg_9ulGuI,Lana Del Rey,Summertime Sadness,Born To Die - The Paradise Edition (Special Version),265,W7RqRn,Summertime Sadness,Lana Del Rey,https://getsongbpm.com/song/summertime-sadness/W7RqRn,61,4/4,C♯m,minor,5m,57,2,0.9904,matched
Lana Del Rey,Blue Jeans,1499,hqQeRUg6U3w,https://music.youtube.com/watch?v=hqQeRUg6U3w,Lana Del Rey,Blue Jeans,Born To Die - The Paradise Edition,210,L8RJ2j,Blue Jeans (remastered),Lana Del Rey,https://getsongbpm.com/song/blue-jeans-remastered/L8RJ2j,117,4/4,D♯,major,10d,56,44,0.9208,matched
System Of A Down,Hypnotize,1500,pvP_YJTpt44,https://music.youtube.com/watch?v=pvP_YJTpt44,System Of A Down,Hypnotize,Hypnotize,190,RlzD20,Hypnotize,System of a Down,https://getsongbpm.com/song/hypnotize/RlzD20,153,4/4,F♯,major,7d,28,4,1.0000,matched
Beware Of Darkness,Muthafucka,1501,Ej66mw0rmuY,https://music.youtube.com/watch?v=Ej66mw0rmuY,Beware Of Darkness,Muthafucka,Are You Real?,213,6WwqmV,Muthafucka,Beware of Darkness,https://getsongbpm.com/song/muthafucka/6WwqmV,139,4/4,A,major,4d,36,1,1.0000,matched
Beware Of Darkness,Howl,1502,2MgEIaqZanM,https://music.youtube.com/watch?v=2MgEIaqZanM,Beware Of Darkness,Howl,Orthodox,244,PZPn2z,Howl,Beware of Darkness,https://getsongbpm.com/song/howl/PZPn2z,90,4/4,D,major,3d,24,1,1.0000,matched
Ozzy Osbourne,"Mama, I'm Coming Home",1503,GL_SEtGA1ag,https://music.youtube.com/watch?v=GL_SEtGA1ag,Ozzy Osbourne,"Mama, I'm Coming Home",No More Tears (Expanded Edition),252,voNGr,"Mama, I'm Coming Home",Ozzy Osbourne,https://getsongbpm.com/song/mama-i-m-coming-home/voNGr,72,4/4,D♯,major,10d,29,2,0.9904,matched
Behemoth,Messe Noire,1507,tevtn3KCNc8,https://music.youtube.com/watch?v=tevtn3KCNc8,Behemoth,Messe Noire,The Satanist,245,WLmOXo,Messe Noire,Behemoth,https://getsongbpm.com/song/messe-noire/WLmOXo,125,4/4,G♯,major,9d,18,1,1.0000,matched
Adele,All I Ask,1510,jb5g4UFHmfQ,https://music.youtube.com/watch?v=jb5g4UFHmfQ,Adele,All I Ask,25,272,99p6q4,All I Ask,Adele,https://getsongbpm.com/song/all-i-ask/99p6q4,70,4/4,E,major,5d,59,89,1.0000,matched
Adele,Someone Like You,1513,XqoanTj5pNY,https://music.youtube.com/watch?v=XqoanTj5pNY,Adele,Someone Like You,21,286,wm670M,Someone Like You,Adele,https://getsongbpm.com/song/someone-like-you/wm670M,67,4/4,A,major,4d,56,90,1.0000,matched
Mudvayne,Prod,1530,FY34b96b6Qo,https://music.youtube.com/watch?v=FY34b96b6Qo,Mudvayne,Prod,L.D. 50,365,zm2kY,Prod,Mudvayne,https://getsongbpm.com/song/prod/zm2kY,159,4/4,C♯,major,8d,38,1,1.0000,matched
Sting,Shape Of My Heart,1533,RVfGFmBFgoc,https://music.youtube.com/watch?v=RVfGFmBFgoc,Sting,Shape Of My Heart,Ten Summoner's Tales (Expanded Edition),280,BgR4o,Shape of My Heart,Sting,https://getsongbpm.com/song/shape-of-my-heart/BgR4o,83,4/4,F♯m,minor,4m,53,73,0.9904,matched
Queen,Don't Stop Me Now,1535,CczcMarUoVk,https://music.youtube.com/watch?v=CczcMarUoVk,Queen,Don't Stop Me Now,Jazz,210,5Lxjq,Don't Stop Me Now,Queen,https://getsongbpm.com/song/don-t-stop-me-now/5Lxjq,80,4/4,F,major,12d,56,5,1.0000,matched
Oasis,Wonderwall,1536,rj5wZqReXQE,https://music.youtube.com/watch?v=rj5wZqReXQE,Oasis,Wonderwall,(What's The Story) Morning Glory? (Remastered),259,Jqn3VJ,Wonderwall,Oasis,https://getsongbpm.com/song/wonderwall/Jqn3VJ,87,4/4,F♯m,minor,4m,38,1,0.9904,matched
Céline Dion,All By Myself,1538,OO6rx2YTAyk,https://music.youtube.com/watch?v=OO6rx2YTAyk,Céline Dion,All By Myself,Falling into You,313,mw34E,All by Myself,Céline Dion,https://getsongbpm.com/song/all-by-myself/mw34E,120,4/4,Bm,minor,3m,35,35,1.0000,matched
Behemoth,Ora Pro Nobis Lucifer,1543,ll9j1bJPwjg,https://music.youtube.com/watch?v=ll9j1bJPwjg,Behemoth,Ora Pro Nobis Lucifer,The Satanist,336,XLnx2V,Ora Pro Nobis Lucifer,Behemoth,https://getsongbpm.com/song/ora-pro-nobis-lucifer/XLnx2V,175,4/4,C♯,major,8d,11,1,1.0000,matched
Townes Van Zandt,St. John the Gambler,1552,QVi8Z6jFEwI,https://music.youtube.com/watch?v=QVi8Z6jFEwI,Townes Van Zandt,St. John the Gambler,Our Mother the Mountain,186,KYYMJ,St. John the Gambler,Townes Van Zandt,https://getsongbpm.com/song/stpoint-john-the-gambler/KYYMJ,87,5/4,C♯m,minor,5m,25,81,1.0000,matched
Radiohead,Daydreaming,1566,TkiyWhETiJw,https://music.youtube.com/watch?v=TkiyWhETiJw,Radiohead,Daydreaming,A Moon Shaped Pool,385,Z8Nqqw,Daydreaming,Radiohead,https://getsongbpm.com/song/daydreaming/Z8Nqqw,68,3/4,Am,minor,1m,30,97,1.0000,matched
Jinjer,Pisces,1567,sq7DG1NFXAw,https://music.youtube.com/watch?v=sq7DG1NFXAw,Jinjer,Pisces,King of Everything,306,57DVXY,Pisces,Jinjer,https://getsongbpm.com/song/pisces/57DVXY,140,1/4,Am,minor,1m,60,2,1.0000,matched
System Of A Down,Mr. Jack,1576,J3XnZyz__oU,https://music.youtube.com/watch?v=J3XnZyz__oU,System Of A Down,Mr. Jack,Steal This Album!,250,19woo,Mr. Jack,System of a Down,https://getsongbpm.com/song/mrpoint-jack/19woo,154,4/4,C,major,1d,31,1,1.0000,matched
System Of A Down,Psycho,1577,-n90NojU8O0,https://music.youtube.com/watch?v=-n90NojU8O0,System Of A Down,Psycho,Toxicity,226,Y0yJM,Psycho,System of a Down,https://getsongbpm.com/song/psycho/Y0yJM,146,4/4,G,major,2d,47,1,1.0000,matched
The Cranberries,Animal Instinct,1580,PSuLP1wUFmM,https://music.youtube.com/watch?v=PSuLP1wUFmM,The Cranberries,Animal Instinct,Bury The Hatchet,212,xvl9Qz,Animal Instinct,The Cranberries,https://getsongbpm.com/song/animal-instinct/xvl9Qz,132,4/4,Em,minor,2m,63,10,1.0000,matched
Adele,Love In The Dark,1582,-hzFTJDJGkQ,https://music.youtube.com/watch?v=-hzFTJDJGkQ,Adele,Love In The Dark,25,286,79n8oG,Love in the Dark,Adele,https://getsongbpm.com/song/love-in-the-dark/79n8oG,109,4/4,Am,minor,1m,34,54,1.0000,matched
Adele,Set Fire to the Rain,1583,a2giXO6eyuI,https://music.youtube.com/watch?v=a2giXO6eyuI,Adele,Set Fire to the Rain,21,243,nrW6RE,Set Fire to the Rain,Adele,https://getsongbpm.com/song/set-fire-to-the-rain/nrW6RE,108,4/4,Dm,minor,12m,61,1,1.0000,matched
Queen,Under Pressure (feat. David Bowie),1594,MkQK83Tf9so,https://music.youtube.com/watch?v=MkQK83Tf9so,Queen,Under Pressure (feat. David Bowie),Hot Space (Deluxe Edition 2011 Remaster),249,qYgO3p,Under Pressure,Queen,https://getsongbpm.com/song/under-pressure/qYgO3p,112,4/4,D,major,3d,67,45,0.9904,matched
Andrea Bocelli,E chiove,1596,ELiZUxuZWyI,https://music.youtube.com/watch?v=ELiZUxuZWyI,Andrea Bocelli,E chiove,,283,l5qALg,E chiove,Andrea Bocelli,https://getsongbpm.com/song/e-chiove/l5qALg,143,4/4,F♯,major,7d,43,56,1.0000,matched
George Michael,They Won't Go When I Go,1610,3PY6APTq43s,https://music.youtube.com/watch?v=3PY6APTq43s,George Michael,They Won't Go When I Go,Listen Without Prejudice / MTV Unplugged (Deluxe),307,mw61O,They Won't Go When I Go,George Michael,https://getsongbpm.com/song/they-won-t-go-when-i-go/mw61O,122,3/4,Fm,minor,9m,34,93,0.9815,matched
HIM,When Love and Death Embrace,1614,3SQoWq4yevY,https://music.youtube.com/watch?v=3SQoWq4yevY,HIM,When Love and Death Embrace,Greatest Love Songs Vol. 666,368,xpYmJ,When Love and Death Embrace,HIM,https://getsongbpm.com/song/when-love-and-death-embrace/xpYmJ,160,4/4,G,major,2d,32,1,0.9985,matched
Element Eighty,Broken Promises,1616,RpWaE6vW8tc,https://music.youtube.com/watch?v=RpWaE6vW8tc,Element Eighty,Broken Promises,Element Eighty,198,QX3Ll,Broken Promises,Element Eighty,https://getsongbpm.com/song/broken-promises/QX3Ll,173,4/4,C♯m,minor,5m,45,1,1.0000,matched
Killswitch Engage,My Curse,1620,B4vTwppAfDg,https://music.youtube.com/watch?v=B4vTwppAfDg,Killswitch Engage,My Curse,As Daylight Dies (Special Edition),245,n5mXXW,My Curse,Killswitch Engage,https://getsongbpm.com/song/my-curse/n5mXXW,176,3/4,A♯m,minor,8m,20,1,0.9904,matched
Gojira,Stranded,1621,zgychWIo6UA,https://music.youtube.com/watch?v=zgychWIo6UA,Gojira,Stranded,Magma,270,8306m2,Stranded,Gojira,https://getsongbpm.com/song/stranded/8306m2,92,4/4,Gm,minor,11m,52,1,1.0000,matched
Rivers of Nihil,Where Owls Know My Name,1622,n7oAPPKtka4,https://music.youtube.com/watch?v=n7oAPPKtka4,Rivers of Nihil,Where Owls Know My Name,Where Owls Know My Name,403,PjBPLl,Where Owls Know My Name,Rivers of Nihil,https://getsongbpm.com/song/where-owls-know-my-name/PjBPLl,159,4/4,D,major,3d,40,1,1.0000,matched
Machine Head,Locust,1627,xLW422XCCIs,https://music.youtube.com/watch?v=xLW422XCCIs,Machine Head,Locust,Unto the Locust,457,RlWZjq,Locust,Machine Head,https://getsongbpm.com/song/locust/RlWZjq,122,4/4,G,major,2d,36,1,1.0000,matched
Gojira,Magma,1628,QkjKyr5PqsU,https://music.youtube.com/watch?v=QkjKyr5PqsU,Gojira,Magma,Magma,403,08PV4V,Magma,Gojira,https://getsongbpm.com/song/magma/08PV4V,66,4/4,C,major,1d,38,1,1.0000,matched
Shadow of Intent,Barren and Breathless Macrocosm,1629,-y9THpbYZfQ,https://music.youtube.com/watch?v=-y9THpbYZfQ,Shadow of Intent,Barren and Breathless Macrocosm,Barren and Breathless Macrocosm,297,jYXrOv,Barren and Breathless Macrocosm,Shadow of Intent,https://getsongbpm.com/song/barren-and-breathless-macrocosm/jYXrOv,109,4/4,D,major,3d,26,1,0.9395,matched
Mastodon,The Motherload,1630,_3_nu2aVsOs,https://music.youtube.com/watch?v=_3_nu2aVsOs,Mastodon,The Motherload,Once More 'Round the Sun,300,vl50O0,The Motherload,Mastodon,https://getsongbpm.com/song/the-motherload/vl50O0,148,4/4,Fm,minor,9m,37,1,1.0000,matched
Behemoth,Bartzabel,1631,jATkgqJ4BHI,https://music.youtube.com/watch?v=jATkgqJ4BHI,Behemoth,Bartzabel,I Loved You at Your Darkest,302,qQKYqD,Bartzabel,Behemoth,https://getsongbpm.com/song/bartzabel/qQKYqD,109,4/4,F♯,major,7d,47,3,1.0000,matched
Gojira,Silvera,1634,-ABqhtOH7TM,https://music.youtube.com/watch?v=-ABqhtOH7TM,Gojira,Silvera,Magma,213,6W4RgL,Silvera,Gojira,https://getsongbpm.com/song/silvera/6W4RgL,136,4/4,D,major,3d,34,1,1.0000,matched
Meshuggah,Break Those Bones Whose Sinews Gave It Motion,1635,oqHunVqNaJA,https://music.youtube.com/watch?v=oqHunVqNaJA,Meshuggah,Break Those Bones Whose Sinews Gave It Motion,Koloss,416,1rYO9V,Break Those Bones Whose Sinews Gave It Motion,Meshuggah,https://getsongbpm.com/song/break-those-bones-whose-sinews-gave-it-motion/1rYO9V,136,4/4,F♯,major,7d,52,1,1.0000,matched
Mudvayne,Dig,1638,cXeP210nwwo,https://music.youtube.com/watch?v=cXeP210nwwo,Mudvayne,Dig,L.D. 50,163,lOK15,Dig,Mudvayne,https://getsongbpm.com/song/dig/lOK15,134,4/4,Bm,minor,3m,63,1,1.0000,matched
Infant Annihilator,Blasphemian,1644,gu0yb9r7CtU,https://music.youtube.com/watch?v=gu0yb9r7CtU,Infant Annihilator,Blasphemian,The Elysian Grandeval Galèriarch,445,vQy6vn,Blasphemian,Infant Annihilator,https://getsongbpm.com/song/blasphemian/vQy6vn,160,4/4,A♯m,minor,8m,18,1,1.0000,matched
Bring Me The Horizon,Can You Feel My Heart,1645,H8Wx8GV1Oiw,https://music.youtube.com/watch?v=H8Wx8GV1Oiw,Bring Me The Horizon,Can You Feel My Heart,Sempiternal (Expanded Edition),229,qYO3v0,Can You Feel My Heart,Bring Me the Horizon,https://getsongbpm.com/song/can-you-feel-my-heart/qYO3v0,128,4/4,Em,minor,2m,24,1,0.9904,matched
Thy Art Is Murder,Child of Sorrow,1652,-QR0gAFDOHo,https://music.youtube.com/watch?v=-QR0gAFDOHo,Thy Art Is Murder,Child of Sorrow,Holy War,214,RO4YBY,Child of Sorrow,Thy Art Is Murder,https://getsongbpm.com/song/child-of-sorrow/RO4YBY,131,4/4,D,major,3d,29,1,1.0000,matched
The Doors,Touch Me,1653,EZaQyYgAGfQ,https://music.youtube.com/watch?v=EZaQyYgAGfQ,The Doors,Touch Me,The Soft Parade,191,l5WJ35,Touch Me,The Doors,https://getsongbpm.com/song/touch-me/l5WJ35,108,4/4,C♯,major,8d,43,41,1.0000,matched
The Doors,End of the Night,1654,sO6ouK39mf8,https://music.youtube.com/watch?v=sO6ouK39mf8,The Doors,End of the Night,The Doors,171,4R7gV0,End of the Night,The Doors,https://getsongbpm.com/song/end-of-the-night/4R7gV0,72,4/4,Bm,minor,3m,41,91,1.0000,matched
George Michael,One More Try,1660,gQn2xzLLSyo,https://music.youtube.com/watch?v=gQn2xzLLSyo,George Michael,One More Try,Faith,351,NkVJ66,One More Try,George Michael,https://getsongbpm.com/song/one-more-try/NkVJ66,70,4/4,F,major,12d,24,61,1.0000,matched
Rob Zombie,Dragula,1662,SOctyXxCm-4,https://music.youtube.com/watch?v=SOctyXxCm-4,Rob Zombie,Dragula,Hellbilly Deluxe,223,AnRO,Dragula,Rob Zombie,https://getsongbpm.com/song/dragula/AnRO,123,4/4,Cm,minor,10m,57,1,1.0000,matched
Frank Sinatra,It Had To Be You,1669,BXmEJL1mnuU,https://music.youtube.com/watch?v=BXmEJL1mnuU,Frank Sinatra,It Had To Be You,"Trilogy: Past, Present & Future",235,LZMPpX,It Had To Be You,Frank Sinatra,https://getsongbpm.com/song/it-had-to-be-you/LZMPpX,101,4/4,Cm,minor,10m,24,86,0.9945,matched
Elton John,Sacrifice,1672,RvbjcIQNZJ8,https://music.youtube.com/watch?v=RvbjcIQNZJ8,Elton John,Sacrifice,Sleeping With The Past,305,7L33A,Sacrifice,Elton John,https://getsongbpm.com/song/sacrifice/7L33A,112,4/4,Bm,minor,3m,76,2,1.0000,matched
Michael Jackson,Give In to Me,1674,dqjP5rTOQFc,https://music.youtube.com/watch?v=dqjP5rTOQFc,Michael Jackson,Give In to Me,Dangerous,329,q7Xx3,Give In to Me,Michael Jackson,https://getsongbpm.com/song/give-in-to-me/q7Xx3,86,4/4,Bm,minor,3m,51,16,1.0000,matched
Michael Jackson,You Are Not Alone,1682,02dMNQxwy48,https://music.youtube.com/watch?v=02dMNQxwy48,Michael Jackson,You Are Not Alone,"HIStory: PAST, PRESENT AND FUTURE, BOOK I",346,Pjnyml,You Are Not Alone / I Just Can't Stop Loving You - Immortal Version,Michael Jackson,https://getsongbpm.com/song/you-are-not-alone-i-just-can-t-stop-loving-you-immortal-version/Pjnyml,100,4/4,F♯,major,7d,38,41,0.8643,matched
Rammstein,Ich will,1688,6BkbHk0iKZc,https://music.youtube.com/watch?v=6BkbHk0iKZc,Rammstein,Ich will,Mutter,218,P1V0A,Ich will,Rammstein,https://getsongbpm.com/song/ich-will/P1V0A,129,4/4,D,major,3d,65,1,1.0000,matched
Marilyn Manson,Third Day Of A Seven Day Binge,1691,UzvzjIvH2ig,https://music.youtube.com/watch?v=UzvzjIvH2ig,Marilyn Manson,Third Day Of A Seven Day Binge,The Pale Emperor,267,NLJ8Ym,Third Day of a Seven Day Binge,Marilyn Manson,https://getsongbpm.com/song/third-day-of-a-seven-day-binge/NLJ8Ym,110,4/4,C,major,1d,61,1,1.0000,matched
Enigma,Modern Crusaders,1704,F48mtaFOccg,https://music.youtube.com/watch?v=F48mtaFOccg,Enigma,Modern Crusaders,The Screen Behind The Mirror,231,rk4p6,Modern Crusaders,Enigma,https://getsongbpm.com/song/modern-crusaders/rk4p6,114,4/4,Bm,minor,3m,62,1,1.0000,matched
George Michael,Mothers Pride,1706,33tfXEi9x18,https://music.youtube.com/watch?v=33tfXEi9x18,George Michael,Mothers Pride,Listen Without Prejudice / MTV Unplugged (Deluxe),240,qj5g2,Mothers Pride,George Michael,https://getsongbpm.com/song/mothers-pride/qj5g2,158,4/4,B,major,6d,36,97,0.9815,matched
Thy Art Is Murder,The Purest Strain Of Hate,1716,7xIF-8LiJAo,https://music.youtube.com/watch?v=7xIF-8LiJAo,Thy Art Is Murder,The Purest Strain Of Hate,Hate,206,oQBlk3,The Purest Strain of Hate,Thy Art Is Murder,https://getsongbpm.com/song/the-purest-strain-of-hate/oQBlk3,135,4/4,B,major,6d,47,1,1.0000,matched
Infant Annihilator,A Rape of Sirens (feat. Alex Terrible),1725,jFhsMAQJLIs,https://music.youtube.com/watch?v=jFhsMAQJLIs,Infant Annihilator,A Rape of Sirens (feat. Alex Terrible),The Battle of Yaldabaoth,280,k2YyrX,A Rape of Sirens,Infant Annihilator,https://getsongbpm.com/song/a-rape-of-sirens/k2YyrX,110,4/4,D♯,major,10d,29,1,1.0000,matched
Infant Annihilator,Empusa: Queen of the Damned,1726,6RE0wVAO1Rs,https://music.youtube.com/watch?v=6RE0wVAO1Rs,Infant Annihilator,Empusa: Queen of the Damned,The Battle of Yaldabaoth,307,lRZz26,Empusa: Queen of the Damned,Infant Annihilator,https://getsongbpm.com/song/empusa-queen-of-the-damned/lRZz26,124,4/4,C,major,1d,31,1,1.0000,matched
Infant Annihilator,Three Bastards,1732,-pk5miFbS5s,https://music.youtube.com/watch?v=-pk5miFbS5s,Infant Annihilator,Three Bastards,The Battle of Yaldabaoth,258,79EjpA,Three Bastards,Infant Annihilator,https://getsongbpm.com/song/three-bastards/79EjpA,140,4/4,D,major,3d,46,1,1.0000,matched
Infant Annihilator,Decapitation Fornication,1733,eR11sbtmisM,https://music.youtube.com/watch?v=eR11sbtmisM,Infant Annihilator,Decapitation Fornication,The Palpable Leprosy of Pollution,208,86jjN2,Decapitation Fornication,Infant Annihilator,https://getsongbpm.com/song/decapitation-fornication/86jjN2,136,4/4,A♯m,minor,8m,20,1,1.0000,matched
Infant Annihilator,Pelt of Innocent Flesh,1734,67wlg_NlxWw,https://music.youtube.com/watch?v=67wlg_NlxWw,Infant Annihilator,Pelt of Innocent Flesh,The Elysian Grandeval Galèriarch,425,r2rWoL,Pelt of Innocent Flesh,Infant Annihilator,https://getsongbpm.com/song/pelt-of-innocent-flesh/r2rWoL,119,4/4,B,major,6d,28,1,1.0000,matched
Infant Annihilator,Cuntcrusher,1735,WjOZiRlCFCU,https://music.youtube.com/watch?v=WjOZiRlCFCU,Infant Annihilator,Cuntcrusher,The Palpable Leprosy of Pollution (Instrumental),299,32ZZP4,Cuntcrusher,Infant Annihilator,https://getsongbpm.com/song/cuntcrusher/32ZZP4,236,4/4,A♯m,minor,8m,28,1,0.9904,matched
Infant Annihilator,Immeasurable Foetal Mutilation,1738,Es5arL6M_bQ,https://music.youtube.com/watch?v=Es5arL6M_bQ,Infant Annihilator,Immeasurable Foetal Mutilation,The Palpable Leprosy of Pollution,218,1rXXP0,Immeasurable Foetal Mutilation,Infant Annihilator,https://getsongbpm.com/song/immeasurable-foetal-mutilation/1rXXP0,81,4/4,F,major,12d,37,1,1.0000,matched
Infant Annihilator,The Battle of Yaldabaoth (feat. Alex Teyen),1741,ChOk4g5v_SI,https://music.youtube.com/watch?v=ChOk4g5v_SI,Infant Annihilator,The Battle of Yaldabaoth (feat. Alex Teyen),The Battle of Yaldabaoth,366,oZ3DjK,The Battle of Yaldabaoth,Infant Annihilator,https://getsongbpm.com/song/the-battle-of-yaldabaoth/oZ3DjK,130,4/4,F♯,major,7d,46,1,1.0000,matched
The Mamas & The Papas,California Dreamin' (Single Version),1744,oU6uUEwZ8FM,https://music.youtube.com/watch?v=oU6uUEwZ8FM,The Mamas & The Papas,California Dreamin' (Single Version),If You Can Believe Your Eyes & Ears,163,L8LQ0X,California Dreamin',The Mamas & the Papas,https://getsongbpm.com/song/california-dreamin/L8LQ0X,112,4/4,C♯m,minor,5m,56,36,0.9304,matched
Enigma,Principles Of Lust,1747,HhhprPW_iZo,https://music.youtube.com/watch?v=HhhprPW_iZo,Enigma,Principles Of Lust,Love Sensuality Devotion: The Greatest Hits,189,z7WY0y,Principles Of Lust: Sadeness / Find Love / Sadeness (Reprise),Enigma,https://getsongbpm.com/song/principles-of-lust-sadeness-find-love-sadeness-reprise/z7WY0y,95,4/4,G,major,2d,62,13,0.8608,matched
Massive Attack,Teardrop (feat. Elizabeth Fraser),1748,3h-JYx76QNM,https://music.youtube.com/watch?v=3h-JYx76QNM,Massive Attack,Teardrop (feat. Elizabeth Fraser),Mezzanine,331,5Nq,Teardrop,Massive Attack,https://getsongbpm.com/song/teardrop/5Nq,76,4/4,Bm,minor,3m,62,2,1.0000,matched
Enya,Only Time,1750,YArQ641o8V8,https://music.youtube.com/watch?v=YArQ641o8V8,Enya,Only Time,A Day Without Rain,219,BLR3J,Only Time,Enya,https://getsongbpm.com/song/only-time/BLR3J,82,4/4,D♯,major,10d,42,85,1.0000,matched
Karunesh,Solitude,1751,Dl7hwzQ6YoA,https://music.youtube.com/watch?v=Dl7hwzQ6YoA,Karunesh,Solitude,Global Spirit,435,wRA4J,Solitude,Karunesh,https://getsongbpm.com/song/solitude/wRA4J,135,4/4,Cm,minor,10m,62,1,1.0000,matched
Enigma,Endless Quest,1753,oI5QPk-PZUU,https://music.youtube.com/watch?v=oI5QPk-PZUU,Enigma,Endless Quest,The Screen Behind The Mirror,187,gJ4y9,Endless Quest,Enigma,https://getsongbpm.com/song/endless-quest/gJ4y9,129,4/4,G♯m,minor,6m,61,29,1.0000,matched
Dying Fetus,From Womb to Waste,1754,bD11cJp2usM,https://music.youtube.com/watch?v=bD11cJp2usM,Dying Fetus,From Womb to Waste,Reign Supreme (Deluxe Version),297,MQWGJA,From Womb to Waste,Dying Fetus,https://getsongbpm.com/song/from-womb-to-waste/MQWGJA,109,4/4,G♯,major,9d,30,1,0.9904,matched
Enigma,Principles Of Lust: Sadeness / Find Love / Sadeness (Reprise),1755,ZvQcX5yfTD8,https://music.youtube.com/watch?v=ZvQcX5yfTD8,Enigma,Principles Of Lust: Sadeness / Find Love / Sadeness (Reprise),MCMXC a.D.,704,z7WY0y,Principles Of Lust: Sadeness / Find Love / Sadeness (Reprise),Enigma,https://getsongbpm.com/song/principles-of-lust-sadeness-find-love-sadeness-reprise/z7WY0y,95,4/4,G,major,2d,62,13,1.0000,matched
Jacek Kaczmarski,Kara Barabasza,1766,_iUQk2ulUgk,https://music.youtube.com/watch?v=_iUQk2ulUgk,Jacek Kaczmarski,Kara Barabasza,Glupi Jasio,185,n51RY4,Kara Barabasza,Jacek Kaczmarski,https://getsongbpm.com/song/kara-barabasza/n51RY4,93,4/4,Fm,minor,9m,43,76,0.9927,matched
Death Grips,No Love,1783,1GL9l1DXTsQ,https://music.youtube.com/watch?v=1GL9l1DXTsQ,Death Grips,No Love,No Love Deep Web,304,mQ9950,No Love,Death Grips,https://getsongbpm.com/song/no-love/mQ9950,146,3/4,G♯,major,9d,55,3,1.0000,matched
Infant Annihilator,Soil the Stillborn,1784,-8B2Ok16gzs,https://music.youtube.com/watch?v=-8B2Ok16gzs,Infant Annihilator,Soil the Stillborn,The Elysian Grandeval Galèriarch,240,oZoWlL,Soil the Stillborn,Infant Annihilator,https://getsongbpm.com/song/soil-the-stillborn/oZoWlL,160,4/4,F♯,major,7d,24,1,1.0000,matched
The Beatles,I Want You (She's So Heavy) (Remastered 2009),1786,tAe2Q_LhY8g,https://music.youtube.com/watch?v=tAe2Q_LhY8g,The Beatles,I Want You (She's So Heavy) (Remastered 2009),Abbey Road,468,BgzQnx,I Want You (She's So Heavy),The Beatles,https://getsongbpm.com/song/i-want-you-she-s-so-heavy/BgzQnx,117,4/4,Dm,minor,12m,37,3,0.9304,matched
Pantera,5 Minutes Alone,1787,vvhJXgYfgy8,https://music.youtube.com/watch?v=vvhJXgYfgy8,Pantera,5 Minutes Alone,Far Beyond Driven,348,ADZO3,5 Minutes Alone,Pantera,https://getsongbpm.com/song/5-minutes-alone/ADZO3,96,4/4,G,major,2d,51,1,1.0000,matched
Rage Against The Machine,Killing In the Name,1788,2o9aoL0NWpw,https://music.youtube.com/watch?v=2o9aoL0NWpw,Rage Against The Machine,Killing In the Name,Rage Against The Machine,314,kZ3wyJ,Killing in the Name,Rage Against the Machine,https://getsongbpm.com/song/killing-in-the-name/kZ3wyJ,88,4/4,G,major,2d,47,3,1.0000,matched
Deftones,My Own Summer (Shove It),1789,PIF4So6xcU8,https://music.youtube.com/watch?v=PIF4So6xcU8,Deftones,My Own Summer (Shove It),Around the Fur,215,wKPDM,My Own Summer (Shove It),Deftones,https://getsongbpm.com/song/my-own-summer-shove-it/wKPDM,71,4/4,C♯,major,8d,45,1,1.0000,matched
Frank Sinatra,There's No You,1791,5NYYv_x3jmQ,https://music.youtube.com/watch?v=5NYYv_x3jmQ,Frank Sinatra,There's No You,Where Are You? (Remastered / Expanded Edition),228,jq50B,There's No You,Frank Sinatra,https://getsongbpm.com/song/there-s-no-you/jq50B,83,4/4,A,major,4d,20,82,0.9904,matched
Frank Sinatra,I'm A Fool To Want You (Remastered 1999),1796,wV9OcYhk4CU,https://music.youtube.com/watch?v=wV9OcYhk4CU,Frank Sinatra,I'm A Fool To Want You (Remastered 1999),Where Are You? (Remastered / Expanded Edition),292,voR8L,I'm a Fool to Want You,Frank Sinatra,https://getsongbpm.com/song/i-m-a-fool-to-want-you/voR8L,85,5/4,D♯m,minor,7m,16,93,0.9208,matched
Neil Young,Harvest Moon,1799,HDzHhqWZMD0,https://music.youtube.com/watch?v=HDzHhqWZMD0,Neil Young,Harvest Moon,Harvest Moon,304,J6Oko,Harvest Moon,Neil Young,https://getsongbpm.com/song/harvest-moon/J6Oko,56,4/4,D,major,3d,65,53,1.0000,matched
Infant Annihilator,I. Infant Annihilator,1803,ZP1lSYV5ENs,https://music.youtube.com/watch?v=ZP1lSYV5ENs,Infant Annihilator,I. Infant Annihilator,The Palpable Leprosy of Pollution,174,VPXXKB,I. Infant Annihilator,Infant Annihilator,https://getsongbpm.com/song/ipoint-infant-annihilator/VPXXKB,138,3/4,B,major,6d,30,1,1.0000,matched
ЕвГЕНИЙ Понасенков поёт Rammstein,Ich Will,1813,_wGxcRg2W2w,https://music.youtube.com/watch?v=_wGxcRg2W2w,oselish,ЕвГЕНИЙ Понасенков поёт Rammstein - Ich Will,,16,P1V0A,Ich will,Rammstein,https://getsongbpm.com/song/ich-will/P1V0A,129,4/4,D,major,3d,65,1,0.9568,matched
The Righteous Brothers,Unchained Melody,1818,te51eVrFWEc,https://music.youtube.com/watch?v=te51eVrFWEc,The Righteous Brothers,Unchained Melody,The Very Best Of The Righteous Brothers - Unchained Melody,217,GRGOyL,Unchained Melody,The Righteous Brothers,https://getsongbpm.com/song/unchained-melody/GRGOyL,98,3/4,C,major,1d,37,57,0.9904,matched
Tanita Tikaram,Twist in My Sobriety,1819,QbD5tGj3KW4,https://music.youtube.com/watch?v=QbD5tGj3KW4,Tanita Tikaram,Twist in My Sobriety,Ancient Heart,293,8107l,Twist in My Sobriety,Tanita Tikaram,https://getsongbpm.com/song/twist-in-my-sobriety/8107l,114,4/4,A♯m,minor,8m,78,7,1.0000,matched
The Beatles,While My Guitar Gently Weeps (Remastered 2009),1822,bI8P6ZSHSvE,https://music.youtube.com/watch?v=bI8P6ZSHSvE,The Beatles,While My Guitar Gently Weeps (Remastered 2009),The Beatles,285,mQo4Ap,While My Guitar Gently Weeps,The Beatles,https://getsongbpm.com/song/while-my-guitar-gently-weeps/mQo4Ap,116,4/4,Am,minor,1m,46,3,0.9304,matched
Radiohead,Creep,1825,9RfVp-GhKfs,https://music.youtube.com/watch?v=9RfVp-GhKfs,Radiohead,Creep,Creep,239,KZE3Vr,Creep,Radiohead,https://getsongbpm.com/song/creep/KZE3Vr,92,4/4,G,major,2d,52,2,0.9300,matched
Limp Bizkit,Behind Blue Eyes,1826,ozllPih3hOk,https://music.youtube.com/watch?v=ozllPih3hOk,Limp Bizkit,Behind Blue Eyes,Results May Vary,270,AKKjj,Behind Blue Eyes,Limp Bizkit,https://getsongbpm.com/song/behind-blue-eyes/AKKjj,58,4/4,Am,minor,1m,59,50,1.0000,matched
Staind,It's Been Awhile,1827,RNDWIh3Z_zo,https://music.youtube.com/watch?v=RNDWIh3Z_zo,Staind,It's Been Awhile,Break the Cycle,265,yX6O6,It's Been Awhile,Staind,https://getsongbpm.com/song/it-s-been-awhile/yX6O6,117,4/4,F♯,major,7d,51,1,1.0000,matched
Staind,Outside,1828,2j8SyixzzQY,https://music.youtube.com/watch?v=2j8SyixzzQY,Staind,Outside,Break the Cycle,294,JQYjK,Outside,Staind,https://getsongbpm.com/song/outside/JQYjK,144,4/4,C♯,major,8d,52,1,1.0000,matched
Mr.Kitty,After Dark,1829,Cl5Vkd4N03Q,https://music.youtube.com/watch?v=Cl5Vkd4N03Q,Mr.Kitty,After Dark,Time,260,gZ0pq3,After Dark,Mr.Kitty,https://getsongbpm.com/song/after-dark/gZ0pq3,144,4/4,Gm,minor,11m,59,7,1.0000,matched
Kavinsky,Nightcall,1831,LfgNorryffc,https://music.youtube.com/watch?v=LfgNorryffc,Kavinsky,Nightcall,OutRun,258,kZqm5J,Nightcall,Kavinsky,https://getsongbpm.com/song/nightcall/kZqm5J,92,4/4,Fm,minor,9m,54,2,1.0000,matched
Devin Townsend Project,Supercrush!,1832,HGe0giPi8vQ,https://music.youtube.com/watch?v=HGe0giPi8vQ,Devin Townsend Project,Supercrush!,Addicted,312,JZ73Xg,Supercrush!,Devin Townsend Project,https://getsongbpm.com/song/supercrushexclamation/JZ73Xg,120,4/4,G,major,2d,49,1,1.0000,matched
Scorpions,Wind Of Change,1833,Ukh1zoiV304,https://music.youtube.com/watch?v=Ukh1zoiV304,Scorpions,Wind Of Change,Crazy World,313,mwV7R,Wind of Change,Scorpions,https://getsongbpm.com/song/wind-of-change/mwV7R,75,4/4,C,major,1d,48,38,1.0000,matched
Abominable Iron Sloth,Hats Made Of Veal and That New Car Scent,1835,PnR5-ctMXqw,https://music.youtube.com/watch?v=PnR5-ctMXqw,Abominable Iron Sloth,Hats Made Of Veal and That New Car Scent,Abominable Iron Sloth,196,ADXY5P,Hats Made of Veal and That New Car Scent,The Abominable Iron Sloth,https://getsongbpm.com/song/hats-made-of-veal-and-that-new-car-scent/ADXY5P,62,4/4,G,major,2d,33,85,1.0000,matched
The Moody Blues,Nights In White Satin (Single Version / Mono),1836,iVusUjyby18,https://music.youtube.com/watch?v=iVusUjyby18,The Moody Blues,Nights In White Satin (Single Version / Mono),Days Of Future Passed (Deluxe Version),270,Og1kor,Nights In White Satin - Single Version / Mono Mix,The Moody Blues,https://getsongbpm.com/song/nights-in-white-satin-single-version-mono-mix/Og1kor,84,4/4,Em,minor,2m,20,47,0.9388,matched
Jim Croce,Time in a Bottle,1837,gnrSpwb2Ax4,https://music.youtube.com/watch?v=gnrSpwb2Ax4,Jim Croce,Time in a Bottle,You Don't Mess Around With Jim,149,gLXBND,Time in a Bottle,Jim Croce,https://getsongbpm.com/song/time-in-a-bottle/gLXBND,136,3/4,D,major,3d,55,86,1.0000,matched
Thy Art Is Murder,Light Bearer,1849,RVMQSZ3sAno,https://music.youtube.com/watch?v=RVMQSZ3sAno,Thy Art Is Murder,Light Bearer,Holy War,236,K1WX9J,Light Bearer,Thy Art Is Murder,https://getsongbpm.com/song/light-bearer/K1WX9J,139,4/4,F♯,major,7d,45,1,1.0000,matched
Carnifex,Die Without Hope,1850,0VtjYeVJ-mc,https://music.youtube.com/watch?v=0VtjYeVJ-mc,Carnifex,Die Without Hope,Die Without Hope,324,k8OBxx,Die Without Hope,Carnifex,https://getsongbpm.com/song/die-without-hope/k8OBxx,114,4/4,E,major,5d,48,1,1.0000,matched
Conchita Wurst,Rise Like a Phoenix,1851,0FUo6EWDB2E,https://music.youtube.com/watch?v=0FUo6EWDB2E,Conchita Wurst,Rise Like a Phoenix,Conchita,183,WLgMvJ,Rise Like a Phoenix,Conchita Wurst,https://getsongbpm.com/song/rise-like-a-phoenix/WLgMvJ,82,4/4,Dm,minor,12m,43,8,1.0000,matched
Billy Joel,Piano Man,1853,LLbew85exp0,https://music.youtube.com/watch?v=LLbew85exp0,Billy Joel,Piano Man,Piano Man (Legacy Edition),339,nZVlR,Piano Man,Billy Joel,https://getsongbpm.com/song/piano-man/nZVlR,176,3/4,C,major,1d,34,60,0.9904,matched
Nick Cave,Higgs Boson Blues,1859,1GWsdqCYvgw,https://music.youtube.com/watch?v=1GWsdqCYvgw,Nick Cave,Higgs Boson Blues,,555,XoND1l,Higgs Boson Blues,Nick Cave & The Bad Seeds,https://getsongbpm.com/song/higgs-boson-blues/XoND1l,123,4/4,Bm,minor,3m,40,84,0.9568,matched
The Cure,Pictures Of You,1860,YHXWRoFCyS8,https://music.youtube.com/watch?v=YHXWRoFCyS8,The Cure,Pictures Of You,Valentine Disaster (International Version),289,NkgQ2,Pictures of You,The Cure,https://getsongbpm.com/song/pictures-of-you/NkgQ2,86,4/4,A,major,4d,49,1,0.9585,matched
Killswitch Engage,The End of Heartache,1865,h4QGc06KnBE,https://music.youtube.com/watch?v=h4QGc06KnBE,Killswitch Engage,The End of Heartache,The End of Heartache,299,jk3gv,The End of Heartache,Killswitch Engage,https://getsongbpm.com/song/the-end-of-heartache/jk3gv,124,4/4,Cm,minor,10m,47,1,1.0000,matched
Staind,Epiphany,1895,ej2BBjPqu0Q,https://music.youtube.com/watch?v=ej2BBjPqu0Q,Staind,Epiphany,Break the Cycle,257,B687Q,Epiphany,Staind,https://getsongbpm.com/song/epiphany/B687Q,149,4/4,F♯,major,7d,56,4,1.0000,matched
Mudvayne,Cradle,1911,KQggDNA7Jfw,https://music.youtube.com/watch?v=KQggDNA7Jfw,Mudvayne,Cradle,L.D. 50,316,qjP12,Cradle,Mudvayne,https://getsongbpm.com/song/cradle/qjP12,159,4/4,Em,minor,2m,35,1,1.0000,matched
Mudvayne,Internal Primates Forever,1912,_hsYarRL1sY,https://music.youtube.com/watch?v=_hsYarRL1sY,Mudvayne,Internal Primates Forever,L.D. 50,266,mwL5O,Internal Primates Forever,Mudvayne,https://getsongbpm.com/song/internal-primates-forever/mwL5O,194,4/4,C♯,major,8d,47,1,1.0000,matched
STRAPPING YOUNG LAD,All Hail The New Flesh (Album Track),1938,FfQe1TZOImQ,https://music.youtube.com/watch?v=FfQe1TZOImQ,Century Media Records,STRAPPING YOUNG LAD - All Hail The New Flesh (Album Track),,334,xvQJq,All Hail the New Flesh,Strapping Young Lad,https://getsongbpm.com/song/all-hail-the-new-flesh/xvQJq,98,4/4,Fm,minor,9m,30,1,0.9232,matched
Benighted,Forgive Me Father (feat. Trevor Strnad),1949,7OIZQgXU8Ag,https://music.youtube.com/watch?v=7OIZQgXU8Ag,Benighted,Forgive Me Father (feat. Trevor Strnad),Forgive Me Father,257,08xAv7,Forgive Me Father (feat. Trevor Strnad),Benighted,https://getsongbpm.com/song/forgive-me-father-featpoint-trevor-strnad/08xAv7,109,4/4,Dm,minor,12m,39,1,0.9437,matched
Thy Art Is Murder,Slaves Beyond Death,1957,sJES-d1Qriw,https://music.youtube.com/watch?v=sJES-d1Qriw,Thy Art Is Murder,Slaves Beyond Death,Dear Desolation,225,168EVq,Slaves Beyond Death,Thy Art Is Murder,https://getsongbpm.com/song/slaves-beyond-death/168EVq,99,4/4,E,major,5d,30,1,1.0000,matched
Whitechapel,The Saw Is the Law,1959,rQqgjVAklHQ,https://music.youtube.com/watch?v=rQqgjVAklHQ,Whitechapel,The Saw Is the Law,Our Endless War,268,oVX0EA,The Saw Is the Law,Whitechapel,https://getsongbpm.com/song/the-saw-is-the-law/oVX0EA,115,4/4,Bm,minor,3m,48,1,1.0000,matched
Lorna Shore,King Ov Deception,1960,-ls-UC6OQBM,https://music.youtube.com/watch?v=-ls-UC6OQBM,Lorna Shore,King Ov Deception,Immortal,234,k2G9gY,King Ov Deception,Lorna Shore,https://getsongbpm.com/song/king-ov-deception/k2G9gY,130,4/4,D♯m,minor,7m,43,1,1.0000,matched
Dawn of Demise,Juggernaut,1961,Ab9fN1XEFDE,https://music.youtube.com/watch?v=Ab9fN1XEFDE,Dawn of Demise,Juggernaut,Dawn of Demise,187,MjmJBQ,Juggernaut,Dawn of Demise,https://getsongbpm.com/song/juggernaut/MjmJBQ,155,4/4,G♯,major,9d,59,1,0.9394,matched
Infant Annihilator,Feast Ov Goreglutton,1975,M7S_5qUHd28,https://music.youtube.com/watch?v=M7S_5qUHd28,Infant Annihilator,Feast Ov Goreglutton,The Battle of Yaldabaoth,143,08w10X,Feast Ov Goreglutton,Infant Annihilator,https://getsongbpm.com/song/feast-ov-goreglutton/08w10X,175,4/4,C♯,major,8d,43,1,1.0000,matched
Infant Annihilator,The Kingdom Sitteth Lonely Beneath Thine Hollowed Heavens (feat. Trevor Strnad),1976,gfL2mV94F-0,https://music.youtube.com/watch?v=gfL2mV94F-0,Infant Annihilator,The Kingdom Sitteth Lonely Beneath Thine Hollowed Heavens (feat. Trevor Strnad),The Battle of Yaldabaoth,427,83GkMo,The Kingdom Sitteth Lonely Beneath Thine Hollowed Heavens,Infant Annihilator,https://getsongbpm.com/song/the-kingdom-sitteth-lonely-beneath-thine-hollowed-heavens/83GkMo,99,4/4,F♯,major,7d,29,1,1.0000,matched
Acrania,Servants of Hypocrisy,1981,uygFRMVQroI,https://music.youtube.com/watch?v=uygFRMVQroI,Acrania,Servants of Hypocrisy,Totalitarian Dystopia,223,GvGKoJ,Servants of Hypocrisy,Acrania,https://getsongbpm.com/song/servants-of-hypocrisy/GvGKoJ,145,4/4,G♯,major,9d,44,1,1.0000,matched
Mudvayne,(Per)Version of a Truth,1983,4Wp71PHqcPo,https://music.youtube.com/watch?v=4Wp71PHqcPo,Mudvayne,(Per)Version of a Truth,The End Of All Things To Come,280,Exzmk,(Per)Version of a Truth,Mudvayne,https://getsongbpm.com/song/per-version-of-a-truth/Exzmk,114,5/4,Fm,minor,9m,34,1,1.0000,matched
Mudvayne,Trapped In the Wake of a Dream,1984,fB8nGDkYdR4,https://music.youtube.com/watch?v=fB8nGDkYdR4,Mudvayne,Trapped In the Wake of a Dream,The End Of All Things To Come,282,B6wjJ,Trapped in the Wake of a Dream,Mudvayne,https://getsongbpm.com/song/trapped-in-the-wake-of-a-dream/B6wjJ,182,4/4,C♯,major,8d,63,1,1.0000,matched
Napalm Death,Short-Lived,1992,5iMowRINf-E,https://music.youtube.com/watch?v=5iMowRINf-E,Napalm Death,Short-Lived,Smear Campaign,187,73Y5BA,Short-Lived,Napalm Death,https://getsongbpm.com/song/short-lived/73Y5BA,118,4/4,A,major,4d,21,1,1.0000,matched
Alexandr Misko,Careless Whisper,2004,SocOo_N40PA,https://music.youtube.com/watch?v=SocOo_N40PA,Alexandr Misko,Careless Whisper,Beyond the Box,250,XQy30o,Careless Whisper,Alexandr Misko,https://getsongbpm.com/song/careless-whisper/XQy30o,77,4/4,Em,minor,2m,61,57,1.0000,matched
Devin Townsend Project,Stormbending,2010,FjDm4U2RmDQ,https://music.youtube.com/watch?v=FjDm4U2RmDQ,Devin Townsend Project,Stormbending,Transcendence (Deluxe Edition),323,mqp33R,Stormbending,Devin Townsend Project,https://getsongbpm.com/song/stormbending/mqp33R,113,4/4,G,major,2d,42,1,0.9904,matched
Estas Tonne,Internal Flight,2011,uI2mUctUIuQ,https://music.youtube.com/watch?v=uI2mUctUIuQ,Estas Tonne,Internal Flight,Internal Flight,3877,LnpJ8g,Internal Flight - Remastered,Estas Tonne,https://getsongbpm.com/song/internal-flight-remastered/LnpJ8g,,,m,minor,,,,0.9304,matched
Devin Townsend Project,Failure,2029,8nHBXtvAJVQ,https://music.youtube.com/watch?v=8nHBXtvAJVQ,Devin Townsend Project,Failure,Transcendence (Deluxe Edition),363,nRq335,Failure,Devin Townsend Project,https://getsongbpm.com/song/failure/nRq335,128,3/4,Gm,minor,11m,58,1,0.9904,matched
Brushy One String,Chicken In The Corn,2048,EqZ1fi-M6RM,https://music.youtube.com/watch?v=EqZ1fi-M6RM,Brushy One String,Chicken In The Corn,The King of One String (Acoustic),172,2vmZPP,Chicken in the Corn (RiseUp original version),Brushy One String,https://getsongbpm.com/song/chicken-in-the-corn-riseup-original-version/2vmZPP,128,4/4,F,major,12d,80,85,0.9304,matched
Korn,Here to Stay,2058,BaFJpIFKjmE,https://music.youtube.com/watch?v=BaFJpIFKjmE,Korn,Here to Stay,Untouchables,271,ngm0E,Here to Stay,Korn,https://getsongbpm.com/song/here-to-stay/ngm0E,100,4/4,D,major,3d,57,1,1.0000,matched
Korn,Did My Time,2059,VkNt-7xdquQ,https://music.youtube.com/watch?v=VkNt-7xdquQ,Korn,Did My Time,Take A Look In The Mirror,245,L76zgw,Did My Time,Korn,https://getsongbpm.com/song/did-my-time/L76zgw,92,4/4,C♯,major,8d,55,1,1.0000,matched
Godsmack,Sick Of Life,2085,-Ljv-XVwqTA,https://music.youtube.com/watch?v=-Ljv-XVwqTA,Godsmack,Sick Of Life,Awake,233,7pJA,Sick of Life,Godsmack,https://getsongbpm.com/song/sick-of-life/7pJA,91,4/4,Em,minor,2m,54,1,1.0000,matched
System Of A Down,Dreaming,2086,wVO7zmHfedw,https://music.youtube.com/watch?v=wVO7zmHfedw,System Of A Down,Dreaming,Hypnotize,240,PjxAXl,Dreaming,System of a Down,https://getsongbpm.com/song/dreaming/PjxAXl,181,4/4,Fm,minor,9m,19,1,1.0000,matched
Devin Townsend Project,Higher,2105,oVaseuH2aUA,https://music.youtube.com/watch?v=oVaseuH2aUA,Devin Townsend Project,Higher,Transcendence (Deluxe Edition),581,pZv33Q,Higher,Devin Townsend Project,https://getsongbpm.com/song/higher/pZv33Q,137,4/4,C,major,1d,25,1,0.9904,matched
Cannibal Corpse,A Cauldron Of Hate,2126,UYDkzsF5jVY,https://music.youtube.com/watch?v=UYDkzsF5jVY,Cannibal Corpse,A Cauldron Of Hate,Evisceration Plague,300,Rg6Lrq,A Cauldron of Hate,Cannibal Corpse,https://getsongbpm.com/song/a-cauldron-of-hate/Rg6Lrq,92,4/4,F♯,major,7d,52,1,1.0000,matched
Royal Blood,Out of the Black,2127,Ob5qbhPBUEQ,https://music.youtube.com/watch?v=Ob5qbhPBUEQ,Royal Blood,Out of the Black,Royal Blood,241,91PLVZ,Out of the Black,Royal Blood,https://getsongbpm.com/song/out-of-the-black/91PLVZ,158,4/4,D,major,3d,52,1,1.0000,matched
neil young,love to burn,2132,TjhstCOoauc,https://music.youtube.com/watch?v=TjhstCOoauc,ntnvigo309,neil young - love to burn,,1307,Npp2L,Love to Burn,Neil Young,https://getsongbpm.com/song/love-to-burn/Npp2L,113,4/4,D,major,3d,54,1,1.0000,matched
Soen,Lucidity,2135,M9uf3W2764A,https://music.youtube.com/watch?v=M9uf3W2764A,Soen,Lucidity,Lykaia,395,XQWAq8,Lucidity,Soen,https://getsongbpm.com/song/lucidity/XQWAq8,136,3/4,Am,minor,1m,28,9,1.0000,matched
Leprous,Below,2136,zJrG0B3Pdm8,https://music.youtube.com/watch?v=zJrG0B3Pdm8,Leprous,Below,Pitfalls,353,36k9Nn,Below,Leprous,https://getsongbpm.com/song/below/36k9Nn,99,4/4,Gm,minor,11m,31,7,1.0000,matched
Porcupine Tree,Russia On Ice,2137,wwTbL1ZD_yk,https://music.youtube.com/watch?v=wwTbL1ZD_yk,Porcupine Tree,Russia On Ice,Lightbulb Sun,786,36BKNn,Russia On Ice,Porcupine Tree,https://getsongbpm.com/song/russia-on-ice/36BKNn,168,4/4,Em,minor,2m,33,12,1.0000,matched
Devin Townsend,Spirits Will Collide,2143,kNPhi1gfMgw,https://music.youtube.com/watch?v=kNPhi1gfMgw,Devin Townsend,Spirits Will Collide,Empath,280,VvXMA9,Spirits Will Collide,Devin Townsend,https://getsongbpm.com/song/spirits-will-collide/VvXMA9,168,4/4,D♯,major,10d,36,1,1.0000,matched
Modern Talking,Brother Louie,2145,b5EZp76Oxhw,https://music.youtube.com/watch?v=b5EZp76Oxhw,Modern Talking,Brother Louie,Ready For Romance,223,x86QJ,Brother Louie,Modern Talking,https://getsongbpm.com/song/brother-louie/x86QJ,108,4/4,Cm,minor,10m,78,32,0.9904,matched
Modern Talking,Atlantis Is Calling (S.O.S. for Love),2146,iw9jkZyNrvY,https://music.youtube.com/watch?v=iw9jkZyNrvY,Modern Talking,Atlantis Is Calling (S.O.S. for Love),Ready For Romance,230,D6qBB,Atlantis Is Calling (S.O.S. for Love),Modern Talking,https://getsongbpm.com/song/atlantis-is-calling-spointopointspoint-for-love/D6qBB,113,4/4,A♯m,minor,8m,71,26,0.9904,matched
The Police,Every Breath You Take,2147,-SaUrDhp034,https://music.youtube.com/watch?v=-SaUrDhp034,The Police,Every Breath You Take,Synchronicity (Remastered 2003),254,6RA7,Every Breath You Take,The Police,https://getsongbpm.com/song/every-breath-you-take/6RA7,117,4/4,G♯,major,9d,82,57,0.9904,matched
Men At Work,Down Under,2148,hfmxO-HQ5rU,https://music.youtube.com/watch?v=hfmxO-HQ5rU,Men At Work,Down Under,Business As Usual,223,Y7Z3W,Down Under,Men at Work,https://getsongbpm.com/song/down-under/Y7Z3W,54,4/4,Bm,minor,3m,75,5,1.0000,matched
Ace of Base,All That She Wants,2149,FpkawF5GWMI,https://music.youtube.com/watch?v=FpkawF5GWMI,Ace of Base,All That She Wants,Happy Nation,212,W67VN4,All That She Wants,Ace of Base,https://getsongbpm.com/song/all-that-she-wants/W67VN4,187,4/4,B,major,6d,71,1,1.0000,matched
Modern Talking,Jet Airliner,2150,kXQBY8T8pIQ,https://music.youtube.com/watch?v=kXQBY8T8pIQ,Modern Talking,Jet Airliner,Romantic Warriors,263,L0ZXg,Jet Airliner,Modern Talking,https://getsongbpm.com/song/jet-airliner/L0ZXg,123,4/4,A,major,4d,64,1,0.9904,matched
Bad Boys Blue,I Wanna Hear Your Heartbeat (Sunday Girl),2151,MSaacmyYQhU,https://music.youtube.com/watch?v=MSaacmyYQhU,Bad Boys Blue,I Wanna Hear Your Heartbeat (Sunday Girl),Heartbeat,244,YLkP9,I Wanna Hear Your Heartbeat (Sunday Girl),Bad Boys Blue,https://getsongbpm.com/song/i-wanna-hear-your-heartbeat-sunday-girl/YLkP9,112,4/4,A♯,major,11d,68,6,1.0000,matched
Bad Boys Blue,You're a Woman,2152,m08O1uD-Ra4,https://music.youtube.com/watch?v=m08O1uD-Ra4,Bad Boys Blue,You're a Woman,"Hot Girls, Bad Boys",322,4xJvZn,You're a Woman,Bad Boys Blue,https://getsongbpm.com/song/you-re-a-woman/4xJvZn,117,4/4,Cm,minor,10m,71,5,1.0000,matched
Devin Townsend Project,Kingdom,2158,9pq3w12McyM,https://music.youtube.com/watch?v=9pq3w12McyM,Devin Townsend Project,Kingdom,Epicloud,330,nrP1Rl,Kingdom,Devin Townsend Project,https://getsongbpm.com/song/kingdom/nrP1Rl,169,4/4,C♯,major,8d,33,1,1.0000,matched
Six Feet Under,Seed Of Filth,2159,NT8g6kdcsmY,https://music.youtube.com/watch?v=NT8g6kdcsmY,Six Feet Under,Seed Of Filth,Death Rituals,298,1w5N5G,Seed of Filth,Six Feet Under,https://getsongbpm.com/song/seed-of-filth/1w5N5G,95,4/4,G,major,2d,43,1,1.0000,matched
Dying Fetus,Conceived into Enslavement,2161,5ZukGrmGexU,https://music.youtube.com/watch?v=5ZukGrmGexU,Dying Fetus,Conceived into Enslavement,Descend into Depravity (Deluxe Version),265,pgRNWr,Conceived Into Enslavement,Dying Fetus,https://getsongbpm.com/song/conceived-into-enslavement/pgRNWr,124,4/4,A,major,4d,32,1,0.9904,matched
Death,Pull the Plug,2162,pbQsHtqDkIY,https://music.youtube.com/watch?v=pbQsHtqDkIY,Death,Pull the Plug,Leprosy,267,Dk46y,Pull the Plug,Death,https://getsongbpm.com/song/pull-the-plug/Dk46y,204,4/4,A,major,4d,23,1,1.0000,matched
Dying Fetus,Atrocious by Nature,2163,-ZiTQNdFQ6E,https://music.youtube.com/watch?v=-ZiTQNdFQ6E,Dying Fetus,Atrocious by Nature,Descend into Depravity (Deluxe Version),233,qjVOER,Atrocious by Nature,Dying Fetus,https://getsongbpm.com/song/atrocious-by-nature/qjVOER,109,4/4,E,major,5d,29,1,0.9904,matched
Dying Fetus,Shepherd's Commandment,2164,CU40wMhxpmQ,https://music.youtube.com/watch?v=CU40wMhxpmQ,Dying Fetus,Shepherd's Commandment,Descend into Depravity (Deluxe Version),269,nZYLWD,Shepherd's Commandment,Dying Fetus,https://getsongbpm.com/song/shepherd-s-commandment/nZYLWD,85,4/4,G♯,major,9d,23,1,0.9904,matched
Cannibal Corpse,Death Walking Terror,2166,7qqcZIHxyRI,https://music.youtube.com/watch?v=7qqcZIHxyRI,Cannibal Corpse,Death Walking Terror,Kill,212,pYR2kp,Death Walking Terror,Cannibal Corpse,https://getsongbpm.com/song/death-walking-terror/pYR2kp,97,4/4,C♯m,minor,5m,38,1,1.0000,matched
Beyond Creation,Omnipresent Perception,2167,UFeOgwFxYnE,https://music.youtube.com/watch?v=UFeOgwFxYnE,Beyond Creation,Omnipresent Perception,The Aura,372,mQ3zO0,Omnipresent Perception,Beyond Creation,https://getsongbpm.com/song/omnipresent-perception/mQ3zO0,204,3/4,C♯m,minor,5m,24,1,1.0000,matched
Death,Lack of Comprehension,2168,_Qpn6ePQsxc,https://music.youtube.com/watch?v=_Qpn6ePQsxc,Death,Lack of Comprehension,Human (Deluxe Version),224,Zznyw,Lack of Comprehension,Death,https://getsongbpm.com/song/lack-of-comprehension/Zznyw,89,4/4,F,major,12d,30,1,0.9904,matched
Dying Fetus,Reveling in the Abyss,2170,exygNjOvdtY,https://music.youtube.com/watch?v=exygNjOvdtY,Dying Fetus,Reveling in the Abyss,Wrong One to Fuck With,390,mq313O,Reveling in the Abyss,Dying Fetus,https://getsongbpm.com/song/reveling-in-the-abyss/mq313O,120,4/4,F♯m,minor,4m,33,1,1.0000,matched
Entombed,Left Hand Path,2171,knQEA9D-Qq0,https://music.youtube.com/watch?v=knQEA9D-Qq0,Entombed,Left Hand Path,Left Hand Path,400,rk51B,Left Hand Path,Entombed,https://getsongbpm.com/song/left-hand-path/rk51B,136,4/4,G,major,2d,17,1,1.0000,matched
Dawn of Demise,Intent to Kill,2172,an3YVWK-jq0,https://music.youtube.com/watch?v=an3YVWK-jq0,Dawn of Demise,Intent to Kill,Hate Takes Its Form,223,pY0PYN,Intent to Kill,Dawn of Demise,https://getsongbpm.com/song/intent-to-kill/pY0PYN,89,4/4,G,major,2d,53,1,1.0000,matched
Dying Fetus,In the Trenches,2173,0n3kHpQv0eM,https://music.youtube.com/watch?v=0n3kHpQv0eM,Dying Fetus,In the Trenches,Reign Supreme (Deluxe Version),225,Oy6KPp,In the Trenches,Dying Fetus,https://getsongbpm.com/song/in-the-trenches/Oy6KPp,103,4/4,F♯m,minor,4m,30,1,0.9904,matched
Cryptopsy,Crown of Horns,2174,3UHKlfywGig,https://music.youtube.com/watch?v=3UHKlfywGig,Cryptopsy,Crown of Horns,None So Vile,238,7y3zO,Crown of Horns,Cryptopsy,https://getsongbpm.com/song/crown-of-horns/7y3zO,108,3/4,B,major,6d,29,1,1.0000,matched
Gruesome,A Waste of Life,2175,FjixGgPmrPQ,https://music.youtube.com/watch?v=FjixGgPmrPQ,Gruesome,A Waste of Life,Twisted Prayers,361,46MmGx,A Waste of Life,Gruesome,https://getsongbpm.com/song/a-waste-of-life/46MmGx,135,4/4,D,major,3d,30,1,1.0000,matched
Dying Fetus,Die with Integrity,2176,53q6LUFjjlk,https://music.youtube.com/watch?v=53q6LUFjjlk,Dying Fetus,Die with Integrity,Wrong One to Fuck With,315,lR3Z35,Die with Integrity,Dying Fetus,https://getsongbpm.com/song/die-with-integrity/lR3Z35,119,4/4,Fm,minor,9m,32,1,1.0000,matched
Obituary,Visions in My Head,2177,IuzFyjBgk6U,https://music.youtube.com/watch?v=IuzFyjBgk6U,Obituary,Visions in My Head,Inked in Blood,255,mOgKp9,Visions in My Head,Obituary,https://getsongbpm.com/song/visions-in-my-head/mOgKp9,130,4/4,F♯m,minor,4m,50,1,1.0000,matched
Dying Fetus,Subjected to a Beating,2178,Z46G70ZbisA,https://music.youtube.com/watch?v=Z46G70ZbisA,Dying Fetus,Subjected to a Beating,Reign Supreme (Deluxe Version),294,KZ9DLR,Subjected to a Beating,Dying Fetus,https://getsongbpm.com/song/subjected-to-a-beating/KZ9DLR,161,4/4,G♯,major,9d,24,1,0.9904,matched
Dying Fetus,Wrong One to Fuck With,2179,gqnnbk7Tu_o,https://music.youtube.com/watch?v=gqnnbk7Tu_o,Dying Fetus,Wrong One to Fuck With,Wrong One to Fuck With,293,vQ3n3m,Wrong One to Fuck With,Dying Fetus,https://getsongbpm.com/song/wrong-one-to-fuck-with/vQ3n3m,121,4/4,C♯,major,8d,32,1,1.0000,matched
Visceral Disgorge,Colostomy Bag Asphyxiation,2180,bdAU-Od4258,https://music.youtube.com/watch?v=bdAU-Od4258,Visceral Disgorge,Colostomy Bag Asphyxiation,Ingesting Putridity,302,oj2o2z,Colostomy Bag Asphyxiation,Visceral Disgorge,https://getsongbpm.com/song/colostomy-bag-asphyxiation/oj2o2z,119,4/4,Bm,minor,3m,63,1,1.0000,matched
Psycroptic,Carriers of the Plague,2181,pqyagau130s,https://music.youtube.com/watch?v=pqyagau130s,Psycroptic,Carriers of the Plague,The Inherited Repression,368,W7Qm7v,Carriers of the Plague,Psycroptic,https://getsongbpm.com/song/carriers-of-the-plague/W7Qm7v,119,3/4,G,major,2d,27,1,1.0000,matched
Death,Flesh and the Power It Holds,2182,wK4VPM-0ssU,https://music.youtube.com/watch?v=wK4VPM-0ssU,Death,Flesh and the Power It Holds,The Sound of Perseverance,507,9QYYY,Flesh and the Power It Holds,Death,https://getsongbpm.com/song/flesh-and-the-power-it-holds/9QYYY,95,4/4,G,major,2d,33,1,1.0000,matched
Death,Without Judgement,2183,_JkK0IlEDB4,https://music.youtube.com/watch?v=_JkK0IlEDB4,Death,Without Judgement,Symbolic,329,ymPVn,Without Judgement,Death,https://getsongbpm.com/song/without-judgement/ymPVn,101,4/4,D,major,3d,34,1,1.0000,matched
Cannibal Corpse,Scourge of Iron,2186,uaFzmZrKKKw,https://music.youtube.com/watch?v=uaFzmZrKKKw,Cannibal Corpse,Scourge of Iron,Torture,285,OyZ7gG,Scourge of Iron,Cannibal Corpse,https://getsongbpm.com/song/scourge-of-iron/OyZ7gG,172,4/4,A♯m,minor,8m,45,1,1.0000,matched
Infant Annihilator,Motherless Miscarriage,2198,HzN8PyZRnlI,https://music.youtube.com/watch?v=HzN8PyZRnlI,Infant Annihilator,Motherless Miscarriage,The Elysian Grandeval Galèriarch,139,lRlWg1,Motherless Miscarriage,Infant Annihilator,https://getsongbpm.com/song/motherless-miscarriage/lRlWg1,184,3/4,C,major,1d,28,1,1.0000,matched
Devin Townsend,Genesis,2200,jKvbChCrLsM,https://music.youtube.com/watch?v=jKvbChCrLsM,Devin Townsend,Genesis,Empath,366,RlQGO0,Genesis,Devin Townsend,https://getsongbpm.com/song/genesis/RlQGO0,128,4/4,A,major,4d,54,1,1.0000,matched
Paganini,Caprice No.24,2217,f6mJ5G5mxvg,https://music.youtube.com/watch?v=f6mJ5G5mxvg,HMFPAC07,Caprice No.24 N.Paganini played by Su Meng,,419,An6zyz,Caprice No.24 in A minor,Niccolò Paganini,https://getsongbpm.com/song/caprice-nopoint24-in-a-minor/An6zyz,141,4/4,Am,minor,1m,44,99,0.8800,matched
Inferi,Behold the Bearer of Light (feat. Trevor Strnad),2226,DgLeSK6bI8A,https://music.youtube.com/watch?v=DgLeSK6bI8A,Inferi,Behold the Bearer of Light (feat. Trevor Strnad),Behold the Bearer of Light,392,r2LNKw,Behold the Bearer of Light,Inferi,https://getsongbpm.com/song/behold-the-bearer-of-light/r2LNKw,95,3/4,A♯m,minor,8m,22,1,0.9360,matched
Carpenters,I Won't Last A Day Without You,2229,tZxtqfHNUjQ,https://music.youtube.com/watch?v=tZxtqfHNUjQ,Carpenters,I Won't Last A Day Without You,Singles 1969-1981,270,pmJrN,I Won't Last a Day Without You,Carpenters,https://getsongbpm.com/song/i-won-t-last-a-day-without-you/pmJrN,84,4/4,D,major,3d,48,78,0.9413,matched
Gianna Nannini,Ti voglio tanto bene,2233,8bxabSpAMoI,https://music.youtube.com/watch?v=8bxabSpAMoI,Gianna Nannini,Ti voglio tanto bene,Io E Te,203,76j1BG,Ti voglio tanto bene,Gianna Nannini,https://getsongbpm.com/song/ti-voglio-tanto-bene/76j1BG,171,4/4,Bm,minor,3m,25,11,1.0000,matched
System Of A Down,Chop Suey!,2238,-cid1qHuy_U,https://music.youtube.com/watch?v=-cid1qHuy_U,System Of A Down,Chop Suey!,Chop Suey!,211,OqPvY,Chop Suey!,System of a Down,https://getsongbpm.com/song/chop-sueyexclamation/OqPvY,128,4/4,Gm,minor,11m,42,1,0.9388,matched
All Angels,Agnus Dei,2241,RGbfmhfv4c8,https://music.youtube.com/watch?v=RGbfmhfv4c8,uzugabuzuga,All Angels- Agnus Dei,,592,L9GlYD,Agnus Dei,All Angels,https://getsongbpm.com/song/agnus-dei/L9GlYD,,,m,minor,,,,1.0000,matched
Andrea Bocelli; Matteo Bocelli,Fall On Me,2247,FEnzRk8nP3o,https://music.youtube.com/watch?v=FEnzRk8nP3o,Andrea Bocelli; Matteo Bocelli,Fall On Me,Fall On Me,259,jYoKkl,Fall On Me,Andrea Bocelli,https://getsongbpm.com/song/fall-on-me/jYoKkl,83,3/4,F♯,major,7d,35,65,1.0000,matched
Staind,Falling,2251,XzSHHqmspx0,https://music.youtube.com/watch?v=XzSHHqmspx0,Staind,Falling,Chapter V,261,7lYyB,Falling,Staind,https://getsongbpm.com/song/falling/7lYyB,168,4/4,C♯,major,8d,46,1,1.0000,matched
Death,Crystal Mountain,2261,dRx2qP8yXuY,https://music.youtube.com/watch?v=dRx2qP8yXuY,Death,Crystal Mountain,Symbolic,308,znpWy,Crystal Mountain,Death,https://getsongbpm.com/song/crystal-mountain/znpWy,172,4/4,G,major,2d,27,1,1.0000,matched
Death,Sacred Serenity,2262,Xf2x7PQ8l1E,https://music.youtube.com/watch?v=Xf2x7PQ8l1E,Death,Sacred Serenity,Symbolic,268,wkpQ8,Sacred Serenity,Death,https://getsongbpm.com/song/sacred-serenity/wkpQ8,139,4/4,D,major,3d,46,1,1.0000,matched
Ozzy Osbourne,See You on the Other Side,2269,IiZ7tpjac-g,https://music.youtube.com/watch?v=IiZ7tpjac-g,Ozzy Osbourne,See You on the Other Side,Ozzmosis (Expanded Edition),371,jRXEl,See You on the Other Side,Ozzy Osbourne,https://getsongbpm.com/song/see-you-on-the-other-side/jRXEl,110,5/4,F♯,major,7d,37,1,0.9904,matched
Last Days Of Humanity,A Divine Proclamation of Finishing the Present Existence,2272,ZW6lnrUpX1o,https://music.youtube.com/watch?v=ZW6lnrUpX1o,Last Days Of Humanity,A Divine Proclamation of Finishing the Present Existence,Putrefaction in Progress,192,31vRBM,A Divine Proclamation of Finishing the Present Existence,Last Days of Humanity,https://getsongbpm.com/song/a-divine-proclamation-of-finishing-the-present-existence/31vRBM,118,4/4,Fm,minor,9m,17,1,1.0000,matched
Ozzy Osbourne,I Just Want You,2276,p95jkEd40x4,https://music.youtube.com/watch?v=p95jkEd40x4,Ozzy Osbourne,I Just Want You,Ozzmosis (Expanded Edition),297,v2nW0,I Just Want You,Ozzy Osbourne,https://getsongbpm.com/song/i-just-want-you/v2nW0,171,4/4,A♯m,minor,8m,26,1,0.9904,matched
Ozzy Osbourne,No More Tears,2278,5foQanhdArA,https://music.youtube.com/watch?v=5foQanhdArA,Ozzy Osbourne,No More Tears,No More Tears (Expanded Edition),444,xvPKr,No More Tears,Ozzy Osbourne,https://getsongbpm.com/song/no-more-tears/xvPKr,102,4/4,F♯,major,7d,35,1,0.9904,matched
Metallica,The Unforgiven,2280,IKhscaE_9Ks,https://music.youtube.com/watch?v=IKhscaE_9Ks,Metallica,The Unforgiven,Metallica,388,lYwRV,The Unforgiven,Metallica,https://getsongbpm.com/song/the-unforgiven/lYwRV,70,4/4,Am,minor,1m,54,2,1.0000,matched
Ozzy Osbourne,Shot in the Dark,2281,Mzyz2egx_0c,https://music.youtube.com/watch?v=Mzyz2egx_0c,Ozzy Osbourne,Shot in the Dark,The Ultimate Sin,257,71WKG,Shot in the Dark,Ozzy Osbourne,https://getsongbpm.com/song/shot-in-the-dark/71WKG,123,3/4,F♯,major,7d,59,1,1.0000,matched
Ozzy Osbourne,Goodbye to Romance,2282,WCA0LyJ9r2g,https://music.youtube.com/watch?v=WCA0LyJ9r2g,Ozzy Osbourne,Goodbye to Romance,Blizzard Of Ozz (40th Anniversary Expanded Edition),336,1wX6m,Goodbye to Romance,Ozzy Osbourne,https://getsongbpm.com/song/goodbye-to-romance/1wX6m,68,4/4,D,major,3d,47,72,0.9904,matched
Dying Fetus,"One Shot, One Kill",2285,J7vT2-dNx_0,https://music.youtube.com/watch?v=J7vT2-dNx_0,Dying Fetus,"One Shot, One Kill",Stop At Nothing,266,ZXV7E,"One Shot, One Kill",Dying Fetus,https://getsongbpm.com/song/one-shot-one-kill/ZXV7E,95,3/4,Fm,minor,9m,29,1,1.0000,matched
Cattle Decapitation,The Prophets of Loss,2286,PVii-tCu3V8,https://music.youtube.com/watch?v=PVii-tCu3V8,Cattle Decapitation,The Prophets of Loss,The Anthropocene Extinction,248,pZgO0N,The Prophets of Loss,Cattle Decapitation,https://getsongbpm.com/song/the-prophets-of-loss/pZgO0N,116,4/4,B,major,6d,29,1,1.0000,matched
Dying Fetus,Fixated on Devastation,2287,UhJ-0a-CM_Y,https://music.youtube.com/watch?v=UhJ-0a-CM_Y,Dying Fetus,Fixated on Devastation,Wrong One to Fuck With,246,jY3X3R,Fixated on Devastation,Dying Fetus,https://getsongbpm.com/song/fixated-on-devastation/jY3X3R,91,4/4,D,major,3d,37,1,1.0000,matched
Behemoth,Blow Your Trumpets Gabriel,2289,Txgv6IaD4kk,https://music.youtube.com/watch?v=Txgv6IaD4kk,Behemoth,Blow Your Trumpets Gabriel,The Satanist,266,ROwYDw,Blow Your Trumpets Gabriel,Behemoth,https://getsongbpm.com/song/blow-your-trumpets-gabriel/ROwYDw,118,4/4,F♯,major,7d,18,1,1.0000,matched
The Doors,"Yes, the River Knows",2294,VFCCvaghUnU,https://music.youtube.com/watch?v=VFCCvaghUnU,The Doors,"Yes, the River Knows",Waiting for the Sun,155,rRWPDK,"Yes, the River Knows",The Doors,https://getsongbpm.com/song/yes-the-river-knows/rRWPDK,75,4/4,F♯m,minor,4m,56,86,1.0000,matched
Modern Talking,"You're My Heart, You're My Soul",2295,VR0_hgiDCk0,https://music.youtube.com/watch?v=VR0_hgiDCk0,Modern Talking,"You're My Heart, You're My Soul",The First Album,333,3ODJx,"You're My Heart, You're My Soul",Modern Talking,https://getsongbpm.com/song/you-re-my-heart-you-re-my-soul/3ODJx,117,4/4,C♯m,minor,5m,85,6,0.9840,matched
Limp Bizkit,Rollin' (Air Raid Vehicle),2303,f6z2dS5KHgc,https://music.youtube.com/watch?v=f6z2dS5KHgc,Limp Bizkit,Rollin' (Air Raid Vehicle),Chocolate Starfish And The Hot Dog Flavored Water,214,xn26P,Rollin' (Air Raid Vehicle),Limp Bizkit,https://getsongbpm.com/song/rollin-air-raid-vehicle/xn26P,90,4/4,A,major,4d,60,1,1.0000,matched
Pink Guy,Stfu,2314,GhJ043zp8hI,https://music.youtube.com/watch?v=GhJ043zp8hI,Pink Guy,Stfu,Pink Season,225,w037r1,Stfu,Pink Guy,https://getsongbpm.com/song/stfu/w037r1,136,4/4,A♯,major,11d,83,56,1.0000,matched
Acrania,Disillusion in a Discordant System,2316,S1jpivGF2xk,https://music.youtube.com/watch?v=S1jpivGF2xk,Acrania,Disillusion in a Discordant System,Totalitarian Dystopia,174,OMQ9zr,Disillusion in a Discordant System,Acrania,https://getsongbpm.com/song/disillusion-in-a-discordant-system/OMQ9zr,139,4/4,D,major,3d,30,1,1.0000,matched
Five Finger Death Punch,Wrong Side of Heaven,2324,3vPo2ADzJKo,https://music.youtube.com/watch?v=3vPo2ADzJKo,Five Finger Death Punch,Wrong Side of Heaven,"The Wrong Side Of Heaven And The Righteous Side Of Hell, Volume 1 (Deluxe)",271,1W16r0,Wrong Side of Heaven,Five Finger Death Punch,https://getsongbpm.com/song/wrong-side-of-heaven/1W16r0,150,4/4,Em,minor,2m,48,1,0.9911,matched
Mudvayne,Nothing To Gein,2328,2Bukkhhy8qs,https://music.youtube.com/watch?v=2Bukkhhy8qs,Mudvayne,Nothing To Gein,L.D. 50,329,r0Q1E,Nothing to Gein,Mudvayne,https://getsongbpm.com/song/nothing-to-gein/r0Q1E,112,3/4,Bm,minor,3m,75,2,1.0000,matched
Lich King,Combat Mosh,2339,IopCxEnVgYg,https://music.youtube.com/watch?v=IopCxEnVgYg,Lich King,Combat Mosh,Born Of The Bomb,280,7LN7zA,Combat Mosh,Lich King,https://getsongbpm.com/song/combat-mosh/7LN7zA,101,4/4,G♯,major,9d,26,1,1.0000,matched
Visceral Disgorge,Force Fed Shredded Genetalia,2340,unWJPknC0ZU,https://music.youtube.com/watch?v=unWJPknC0ZU,Visceral Disgorge,Force Fed Shredded Genetalia,Ingesting Putridity,293,j0RjRW,Force Fed Shredded Genetalia,Visceral Disgorge,https://getsongbpm.com/song/force-fed-shredded-genetalia/j0RjRW,111,4/4,F♯m,minor,4m,39,1,1.0000,matched
Saxon,Princess of the Night,2341,RPmkv4ochsI,https://music.youtube.com/watch?v=RPmkv4ochsI,Saxon,Princess of the Night,The Best of Saxon,243,qZvBR,Princess of the Night,Saxon,https://getsongbpm.com/song/princess-of-the-night/qZvBR,106,4/4,C♯,major,8d,33,1,0.9307,matched
My Chemical Romance,I'm Not Okay (I Promise),2348,UgmY2sB71Hc,https://music.youtube.com/watch?v=UgmY2sB71Hc,My Chemical Romance,I'm Not Okay (I Promise),Three Cheers for Sweet Revenge,187,YmO4p,I'm Not Okay (I Promise),My Chemical Romance,https://getsongbpm.com/song/i-m-not-okay-i-promise/YmO4p,178,4/4,D,major,3d,21,1,1.0000,matched
LINKIN PARK,BURN IT DOWN,2356,vIOO_7DLr3M,https://music.youtube.com/watch?v=vIOO_7DLr3M,LINKIN PARK,BURN IT DOWN,LIVING THINGS,231,wmPnMz,Burn It Down,Linkin Park,https://getsongbpm.com/song/burn-it-down/wmPnMz,56,4/4,Am,minor,1m,59,2,1.0000,matched
Linkin Park,One More Light,2357,H1LdQntDnFY,https://music.youtube.com/watch?v=H1LdQntDnFY,Linkin Park,One More Light,One More Light,256,08xGQy,One More Light,Linkin Park,https://getsongbpm.com/song/one-more-light/08xGQy,83,4/4,G♯,major,9d,60,91,1.0000,matched
Linkin Park,Given Up,2359,iw35Pfqf4U8,https://music.youtube.com/watch?v=iw35Pfqf4U8,Linkin Park,Given Up,Minutes to Midnight,190,pYl5m2,Given Up,Linkin Park,https://getsongbpm.com/song/given-up/pYl5m2,100,4/4,G,major,2d,66,1,1.0000,matched
Motionless In White,Disguise,2360,PFqxon3HwsQ,https://music.youtube.com/watch?v=PFqxon3HwsQ,Motionless In White,Disguise,Disguise,238,57BRgv,Disguise,Motionless in White,https://getsongbpm.com/song/disguise/57BRgv,104,4/4,F♯,major,7d,50,1,1.0000,matched
"Yes, The River Knows",The Doors,2365,8RyC-azVYX8,https://music.youtube.com/watch?v=8RyC-azVYX8,Charl Basurto,"Yes, The River Knows - The Doors (lyrics)",,163,w01q01,At the Doors,Cyesm,https://getsongbpm.com/song/at-the-doors/w01q01,66,3/4,Em,minor,2m,47,82,0.8800,matched
PainKiller,Hostage,2368,hhlHPwbm_NY,https://music.youtube.com/watch?v=hhlHPwbm_NY,215Days,PainKiller - Hostage,,143,M3KoA,Hostage,Painkiller,https://getsongbpm.com/song/hostage/M3KoA,143,4/4,E,major,5d,14,1,1.0000,matched
a-ha,Take on Me,2380,HzdD8kbDzZA,https://music.youtube.com/watch?v=HzdD8kbDzZA,a-ha,Take on Me,Hunting High and Low,226,GvQPL,Take on Me,a-ha,https://getsongbpm.com/song/take-on-me/GvQPL,172,4/4,A,major,4d,58,2,1.0000,matched
Green Day,Boulevard of Broken Dreams,2382,0-q83p_o-Lg,https://music.youtube.com/watch?v=0-q83p_o-Lg,Green Day,Boulevard of Broken Dreams,Oh Love,263,598nYZ,Boulevard of Broken Dreams,Green Day,https://getsongbpm.com/song/boulevard-of-broken-dreams/598nYZ,82,4/4,Fm,minor,9m,29,1,0.9276,matched
My Chemical Romance,Helena,2383,a_1tA0bpDQs,https://music.youtube.com/watch?v=a_1tA0bpDQs,My Chemical Romance,Helena,Three Cheers for Sweet Revenge,205,RJERR,Helena,My Chemical Romance,https://getsongbpm.com/song/helena/RJERR,123,4/4,E,major,5d,36,2,1.0000,matched
Painkiller,Morning of Balachaturdasi,2384,3VdZThb9UgY,https://music.youtube.com/watch?v=3VdZThb9UgY,Dana “Dane” Paton,Painkiller - Morning of Balachaturdasi,,879,1Qkp6Z,Morning of Balachaturdasi,Painkiller,https://getsongbpm.com/song/morning-of-balachaturdasi/1Qkp6Z,118,4/4,C,major,1d,38,2,1.0000,matched
PainKiller,Damage To The Mask,2385,S9s5dF2RhYs,https://music.youtube.com/watch?v=S9s5dF2RhYs,215Days,PainKiller - Damage To The Mask,,160,G3Xg7,Damage to the Mask,Painkiller,https://getsongbpm.com/song/damage-to-the-mask/G3Xg7,101,4/4,A,major,4d,33,1,1.0000,matched
Rammstein,Deutschland,2387,vGtaDvhSxaI,https://music.youtube.com/watch?v=vGtaDvhSxaI,Rammstein,Deutschland,Rammstein,323,DqypGY,Deutschland,Rammstein,https://getsongbpm.com/song/deutschland/DqypGY,120,4/4,G,major,2d,52,1,1.0000,matched
Coal Chamber,Amir of the Desert,2390,Aj8YuHcuTps,https://music.youtube.com/watch?v=Aj8YuHcuTps,Coal Chamber,Amir of the Desert,Coal Chamber,46,yPG4n,Amir of the Desert,Coal Chamber,https://getsongbpm.com/song/amir-of-the-desert/yPG4n,138,3/4,G♯,major,9d,61,46,1.0000,matched
Gotye,Somebody That I Used To Know (feat. Kimbra),2410,xOazTYPrt64,https://music.youtube.com/watch?v=xOazTYPrt64,Gotye,Somebody That I Used To Know (feat. Kimbra),Making Mirrors,245,lOKOG5,Somebody That I Used to Know,Gotye,https://getsongbpm.com/song/somebody-that-i-used-to-know/lOKOG5,128,4/4,Dm,minor,12m,86,57,1.0000,matched
The Cranberries,When You're Gone,2412,xkbVRGxsd8E,https://music.youtube.com/watch?v=xkbVRGxsd8E,The Cranberries,When You're Gone,To The Faithful Departed,297,7LAOEw,When You're Gone,The Cranberries,https://getsongbpm.com/song/when-you-re-gone/7LAOEw,96,3/4,D♯,major,10d,44,51,1.0000,matched
The Cranberries,Ode To My Family,2428,0MBIlOaIfmY,https://music.youtube.com/watch?v=0MBIlOaIfmY,The Cranberries,Ode To My Family,No Need to Argue (The Complete Sessions 1994–1995),272,1r9Ejq,Ode to My Family,The Cranberries,https://getsongbpm.com/song/ode-to-my-family/1r9Ejq,96,4/4,G,major,2d,38,8,0.9904,matched
Alexandr Misko,Russian Christmas Carol,2437,YjZkgvcZAGc,https://music.youtube.com/watch?v=YjZkgvcZAGc,Alexandr Misko,Russian Christmas Carol,"Covers and New Versions, Vol. 1",77,gpAmX6,Russian Christmas Carol,Alexandr Misko,https://getsongbpm.com/song/russian-christmas-carol/gpAmX6,160,4/4,A♯,major,11d,56,70,1.0000,matched
Beware Of Darkness,All Who Remain,2440,kh8PEUoL130,https://music.youtube.com/watch?v=kh8PEUoL130,Beware Of Darkness,All Who Remain,Orthodox,225,W7ZxgW,All Who Remain,Beware of Darkness,https://getsongbpm.com/song/all-who-remain/W7ZxgW,108,4/4,A,major,4d,63,4,1.0000,matched
Beware Of Darkness,Heart Attack,2441,TRT22PS4oKA,https://music.youtube.com/watch?v=TRT22PS4oKA,Beware Of Darkness,Heart Attack,Orthodox,215,Xo1yjk,Heart Attack,Beware of Darkness,https://getsongbpm.com/song/heart-attack/Xo1yjk,94,4/4,D,major,3d,28,1,1.0000,matched
Diabarha,Dead Zone,2444,9pRpkbJdqVg,https://music.youtube.com/watch?v=9pRpkbJdqVg,Diabarha,Splittercore: [Cyberpunk Machine] 16. Diabarha - Dead Zone,,467,2x3zkz,Dead Zone,Diabarha,https://getsongbpm.com/song/dead-zone/2x3zkz,700,,m,minor,,,,1.0000,matched
Blur,Song 2,2447,SQrKCytWbj8,https://music.youtube.com/watch?v=SQrKCytWbj8,Blur,Song 2,Blur,122,0REG,Song 2,Blur,https://getsongbpm.com/song/song-2/0REG,129,4/4,G♯,major,9d,68,1,1.0000,matched
The Cranberries,Dreams,2448,SezuFrHm8f0,https://music.youtube.com/watch?v=SezuFrHm8f0,The Cranberries,Dreams,"Everybody Else Is Doing It, So Why Can't We?",272,7L1jQQ,Dreams,The Cranberries,https://getsongbpm.com/song/dreams/7L1jQQ,129,4/4,E,major,5d,56,1,1.0000,matched
The Doors,The Crystal Ship,2450,GKa1W4a_5mI,https://music.youtube.com/watch?v=GKa1W4a_5mI,The Doors,The Crystal Ship,The Doors,152,XoE3ql,The Crystal Ship,The Doors,https://getsongbpm.com/song/the-crystal-ship/XoE3ql,178,4/4,F,major,12d,32,80,1.0000,matched
The Cranberries,Shattered,2454,11JjCLoKHlg,https://music.youtube.com/watch?v=11JjCLoKHlg,The Cranberries,Shattered,Bury The Hatchet (The Complete Sessions 1998-1999),223,D90PBA,Shattered,The Cranberries,https://getsongbpm.com/song/shattered/D90PBA,125,4/4,Cm,minor,10m,48,64,0.9904,matched
The Doors,The End,2458,BXqPNlng6uI,https://music.youtube.com/watch?v=BXqPNlng6uI,The Doors,The End,The Doors,704,6R5kGQ,The End,The Doors,https://getsongbpm.com/song/the-end/6R5kGQ,105,4/4,C,major,1d,35,17,1.0000,matched
Rage Against The Machine,Take the Power Back,2462,rMXlAJOQsss,https://music.youtube.com/watch?v=rMXlAJOQsss,Rage Against The Machine,Take the Power Back,Rage Against The Machine,336,l53vzj,Take the Power Back,Rage Against the Machine,https://getsongbpm.com/song/take-the-power-back/l53vzj,106,4/4,C♯,major,8d,62,8,1.0000,matched
The Cranberries,Just My Imagination,2463,A0JMejMGA0M,https://music.youtube.com/watch?v=A0JMejMGA0M,The Cranberries,Just My Imagination,Bury The Hatchet (The Complete Sessions 1998-1999),222,BLnQz2,Just My Imagination,The Cranberries,https://getsongbpm.com/song/just-my-imagination/BLnQz2,99,4/4,A♯,major,11d,55,27,0.9904,matched
Aerosmith,Dream On,2464,EcKnq50F0pE,https://music.youtube.com/watch?v=EcKnq50F0pE,Aerosmith,Dream On,Greatest Hits (Deluxe),266,OyPKN,Dream On,Aerosmith,https://getsongbpm.com/song/dream-on/OyPKN,78,4/4,Fm,minor,9m,31,39,0.9421,matched
The Police,Every Breath You Take (Remastered 2003),2465,G9Pag6dbsjc,https://music.youtube.com/watch?v=G9Pag6dbsjc,The Police,Every Breath You Take (Remastered 2003),The Police,255,6RA7,Every Breath You Take,The Police,https://getsongbpm.com/song/every-breath-you-take/6RA7,117,4/4,G♯,major,9d,82,57,0.8757,matched
The Cranberries,Promises,2468,nB7N4AKt35g,https://music.youtube.com/watch?v=nB7N4AKt35g,The Cranberries,Promises,Bury The Hatchet (The Complete Sessions 1998-1999),328,zKn905,Promises,The Cranberries,https://getsongbpm.com/song/promises/zKn905,129,4/4,Em,minor,2m,51,7,0.9904,matched
4 Non Blondes,What's Up?,2469,B6GdsRIbTSk,https://music.youtube.com/watch?v=B6GdsRIbTSk,4 Non Blondes,What's Up?,"Bigger, Better, Faster, More !",296,gL5XZ,What's Up?,4 Non Blondes,https://getsongbpm.com/song/what-s-upquestion/gL5XZ,68,4/4,A,major,4d,57,16,1.0000,matched
Guns N' Roses,Sweet Child O' Mine,2470,jq_FWScqyG8,https://music.youtube.com/watch?v=jq_FWScqyG8,Guns N' Roses,Sweet Child O' Mine,Appetite For Destruction,355,L9zxp,Sweet Child o' Mine,Guns N' Roses,https://getsongbpm.com/song/sweet-child-o-mine/L9zxp,123,4/4,C♯,major,8d,45,10,1.0000,matched
Linkin Park,Numb,2472,5qZQEq_C3vc,https://music.youtube.com/watch?v=5qZQEq_C3vc,Linkin Park,Numb,Meteora (Bonus Edition),188,pQk716,Numb,Linkin Park,https://getsongbpm.com/song/numb/pQk716,56,4/4,F♯m,minor,4m,50,1,0.9904,matched
R.E.M.,Losing My Religion,2474,Efa6BAWPm9o,https://music.youtube.com/watch?v=Efa6BAWPm9o,R.E.M.,Losing My Religion,Out Of Time,269,0R4jN,Losing My Religion,R.E.M.,https://getsongbpm.com/song/losing-my-religion/0R4jN,123,4/4,Am,minor,1m,67,9,1.0000,matched
The Cranberries,Zombie,2475,yGxHDmHoqXc,https://music.youtube.com/watch?v=yGxHDmHoqXc,The Cranberries,Zombie,No Need to Argue (The Complete Sessions 1994–1995),307,4R9V8J,Zombie,The Cranberries,https://getsongbpm.com/song/zombie/4R9V8J,84,4/4,G,major,2d,31,2,0.9904,matched
Alexandr Misko,He's a Pirate,2480,1xhOJ86Mmts,https://music.youtube.com/watch?v=1xhOJ86Mmts,Alexandr Misko,He's a Pirate,"Covers and New Versions, Vol. 1",89,28jKJv,He's a Pirate,Alexandr Misko,https://getsongbpm.com/song/he-s-a-pirate/28jKJv,100,3/4,C♯,major,8d,73,35,1.0000,matched
Nirvana,Come As You Are,2498,ZEMBDKMtHqM,https://music.youtube.com/watch?v=ZEMBDKMtHqM,Nirvana,Come As You Are,Nevermind,219,wpoo1,Come as You Are,Nirvana,https://getsongbpm.com/song/come-as-you-are/wpoo1,117,4/4,Em,minor,2m,51,1,1.0000,matched
Nirvana,Heart-Shaped Box,2499,8eGY-4OALgM,https://music.youtube.com/watch?v=8eGY-4OALgM,Nirvana,Heart-Shaped Box,In Utero (20th Anniversary Remaster),282,Gv8nGy,Heart-Shaped Box,Nirvana,https://getsongbpm.com/song/heart-shaped-box/Gv8nGy,99,4/4,F♯,major,7d,50,19,0.9904,matched
Dead Or Alive,You Spin Me Round (Like a Record),2501,BUYLdVeny5g,https://music.youtube.com/watch?v=BUYLdVeny5g,Dead Or Alive,You Spin Me Round (Like a Record),You Spin Me Round,197,6yNBO,You Spin Me Round (Like a Record),Dead or Alive,https://getsongbpm.com/song/you-spin-me-round-like-a-record/6yNBO,128,4/4,F♯m,minor,4m,56,1,0.9437,matched
The Police,King Of Pain,2514,SZlRX03BzeA,https://music.youtube.com/watch?v=SZlRX03BzeA,The Police,King Of Pain,Synchronicity (Remastered 2003),300,7LBw,King of Pain,The Police,https://getsongbpm.com/song/king-of-pain/7LBw,123,4/4,D,major,3d,54,42,0.9904,matched
Dying Fetus,Your Treachery Will Die with You,2527,A239nkeBM1k,https://music.youtube.com/watch?v=A239nkeBM1k,Dying Fetus,Your Treachery Will Die with You,Descend into Depravity (Deluxe Version),215,mw2KWA,Your Treachery Will Die With You,Dying Fetus,https://getsongbpm.com/song/your-treachery-will-die-with-you/mw2KWA,118,4/4,D,major,3d,35,1,0.9904,matched
The Doors,Love Me Two Times,2529,DMYRXBsIOxs,https://music.youtube.com/watch?v=DMYRXBsIOxs,The Doors,Love Me Two Times,"Alive, She Cried",197,N9oXyD,Love Me Two Times,The Doors,https://getsongbpm.com/song/love-me-two-times/N9oXyD,136,4/4,A,major,4d,69,34,0.9437,matched
Alexandr Misko,Treasured Memory,2537,UKS0Xm-WpZA,https://music.youtube.com/watch?v=UKS0Xm-WpZA,Alexandr Misko,Treasured Memory,Beyond the Box,260,MZk0mR,Treasured Memory,Alexandr Misko,https://getsongbpm.com/song/treasured-memory/MZk0mR,160,4/4,F,major,12d,34,84,1.0000,matched
HELLYEAH,Hush,2544,-cyqPSE_83k,https://music.youtube.com/watch?v=-cyqPSE_83k,HELLYEAH,Hush,Blood For Blood,234,VAogmW,Hush,Hellyeah,https://getsongbpm.com/song/hush/VAogmW,93,4/4,Am,minor,1m,56,3,1.0000,matched
Audiotopsy,LYLAB,2558,87tXE1N_f8o,https://music.youtube.com/watch?v=87tXE1N_f8o,Audiotopsy,LYLAB,Natural Causes,259,x6xXlr,LYLAB,Audiotopsy,https://getsongbpm.com/song/lylab/x6xXlr,162,4/4,D,major,3d,38,1,1.0000,matched
Rage Against The Machine,Testify,2565,DVB3upn54AY,https://music.youtube.com/watch?v=DVB3upn54AY,Rage Against The Machine,Testify,The Battle Of Los Angeles,211,mw0n9,Testify,Rage Against the Machine,https://getsongbpm.com/song/testify/mw0n9,117,4/4,G,major,2d,47,3,1.0000,matched
Dope,1999,2566,B67jwszx2J0,https://music.youtube.com/watch?v=B67jwszx2J0,Dope,1999,Blood Money,223,lR40N7,1999,Dope,https://getsongbpm.com/song/1999/lR40N7,169,4/4,C♯m,minor,5m,44,1,1.0000,matched
HELLYEAH,Human,2570,e7fa6snnX8s,https://music.youtube.com/watch?v=e7fa6snnX8s,HELLYEAH,Human,UNDEN!ABLE,214,LZR4Rr,Human,Hellyeah,https://getsongbpm.com/song/human/LZR4Rr,135,4/4,Cm,minor,10m,51,1,1.0000,matched
Breaking Benjamin,Red Cold River,2588,3DGdtKWLNaA,https://music.youtube.com/watch?v=3DGdtKWLNaA,Breaking Benjamin,Red Cold River,Ember,201,83jljW,Red Cold River,Breaking Benjamin,https://getsongbpm.com/song/red-cold-river/83jljW,91,4/4,D♯m,minor,7m,38,1,1.0000,matched
Asking Alexandria,The Black,2598,TTKcCni5G4M,https://music.youtube.com/watch?v=TTKcCni5G4M,Asking Alexandria,The Black,The Black,282,BrXorX,The Black,Asking Alexandria,https://getsongbpm.com/song/the-black/BrXorX,96,4/4,Bm,minor,3m,42,1,1.0000,matched
Coal Chamber,Fiend,2600,vxjAe9OUw9M,https://music.youtube.com/watch?v=vxjAe9OUw9M,Coal Chamber,Fiend,Dark Days,181,91loP,Fiend,Coal Chamber,https://getsongbpm.com/song/fiend/91loP,139,4/4,Bm,minor,3m,53,3,1.0000,matched
Peter Gabriel,Shock The Monkey,2606,4Z9ZHcyCpxM,https://music.youtube.com/watch?v=4Z9ZHcyCpxM,Peter Gabriel,Shock The Monkey,Peter Gabriel 4: Security,329,1jPgj,Shock the Monkey,Peter Gabriel,https://getsongbpm.com/song/shock-the-monkey/1jPgj,152,4/4,Dm,minor,12m,56,15,0.9904,matched
Alexandr Misko,Billie Jean,2609,Jx4okVd3K14,https://music.youtube.com/watch?v=Jx4okVd3K14,Alexandr Misko,Billie Jean,,234,OgmQoQ,Billie Jean,Alexandr Misko,https://getsongbpm.com/song/billie-jean/OgmQoQ,120,4/4,Bm,minor,3m,76,57,1.0000,matched
Alexandr Misko,Guitar + Pen Tapping Song,2610,F1V3Pt7aFnI,https://music.youtube.com/watch?v=F1V3Pt7aFnI,Alexandr Misko,Guitar + Pen Tapping Song,,146,r2jKNW,Guitar + Pen Tapping Song,Alexandr Misko,https://getsongbpm.com/song/guitar-plus-pen-tapping-song/r2jKNW,167,4/4,Am,minor,1m,50,37,1.0000,matched
Mudvayne,Not Falling,2613,u9KR6liceOM,https://music.youtube.com/watch?v=u9KR6liceOM,Mudvayne,Not Falling,The End Of All Things To Come,244,D8yln,Not Falling,Mudvayne,https://getsongbpm.com/song/not-falling/D8yln,129,4/4,G♯,major,9d,44,1,1.0000,matched
Mudvayne,Happy?,2614,gYED_UYMaXQ,https://music.youtube.com/watch?v=gYED_UYMaXQ,Mudvayne,Happy?,Lost and Found,217,1ROKP,Happy?,Mudvayne,https://getsongbpm.com/song/happyquestion/1ROKP,100,4/4,Fm,minor,9m,55,1,1.0000,matched
Ghost,SECULAR HAZE,2615,oLF4B6R76vo,https://music.youtube.com/watch?v=oLF4B6R76vo,Ghost,SECULAR HAZE,Infestissumam,312,6RnPWR,Secular Haze,Ghost,https://getsongbpm.com/song/secular-haze/6RnPWR,199,3/4,A♯,major,11d,30,1,1.0000,matched
RAMMELHOF,Wladimir (Put Put Putin),2619,ElZ2P8Xdr7c,https://music.youtube.com/watch?v=ElZ2P8Xdr7c,RAMMELHOF,Wladimir (Put Put Putin),Die ganze Welt ist ein RAMMELHOF,223,Rl8P5L,Wladimir (Put Put Putin),Rammelhof,https://getsongbpm.com/song/wladimir-put-put-putin/Rl8P5L,164,4/4,Dm,minor,,74,10,1.0000,matched
2CELLOS,Thunderstruck,2629,w4uprzkSXfc,https://music.youtube.com/watch?v=w4uprzkSXfc,2CELLOS,Thunderstruck,Celloverse,221,VAXD11,Thunderstruck,2CELLOS,https://getsongbpm.com/song/thunderstruck/VAXD11,157,4/4,D,major,3d,52,9,1.0000,matched
Smash Mouth,All Star,2638,8ay_BkRuv-o,https://music.youtube.com/watch?v=8ay_BkRuv-o,Smash Mouth,All Star,Astro Lounge,201,vVg,All Star,Smash Mouth,https://getsongbpm.com/song/all-star/vVg,103,4/4,F♯,major,7d,74,4,1.0000,matched
Remy Zero,Save Me,2641,Qu0dIn3_2Zc,https://music.youtube.com/watch?v=Qu0dIn3_2Zc,Remy Zero,Save Me,The Golden Hum,240,P77gl,Save Me,Remy Zero,https://getsongbpm.com/song/save-me/P77gl,96,4/4,F♯,major,7d,43,1,1.0000,matched
Leo Moracchioli,Hello (feat. Pete Cottrell),2645,LtQUJMBH8uE,https://music.youtube.com/watch?v=LtQUJMBH8uE,Leo Moracchioli,Hello (feat. Pete Cottrell),,363,lRm9qJ,Hello,Leo Moracchioli,https://getsongbpm.com/song/hello/lRm9qJ,95,4/4,G♯,major,9d,65,2,1.0000,matched
System Of A Down,B.Y.O.B.,2646,OMtq6JzREcA,https://music.youtube.com/watch?v=OMtq6JzREcA,System Of A Down,B.Y.O.B.,Mezmerize,256,o3kWA,B.Y.O.B.,System of a Down,https://getsongbpm.com/song/bpointypointopointbpoint/o3kWA,206,4/4,C♯m,minor,5m,56,1,1.0000,matched
Powerwolf,We Drink Your Blood,2649,iCKYetNYR2M,https://music.youtube.com/watch?v=iCKYetNYR2M,Powerwolf,We Drink Your Blood,Blood of the Saints,223,KOMA88,We Drink Your Blood,Powerwolf,https://getsongbpm.com/song/we-drink-your-blood/KOMA88,112,4/4,C♯m,minor,5m,35,1,1.0000,matched
PHARAOH,Фосфор,2657,lqoCZ5k45A8,https://music.youtube.com/watch?v=lqoCZ5k45A8,PHARAOH,Фосфор,PHOSPHOR,159,oZxQrL,Фосфор,Pharaoh,https://getsongbpm.com/song/fosfor/oZxQrL,179,4/4,B,major,6d,45,15,1.0000,matched
Stellamara,Kyrie Eleison,2680,R4C3JsanB08,https://music.youtube.com/watch?v=R4C3JsanB08,Stellamara,Kyrie Eleison,The Seven Valleys,344,mZNAq0,Kyrie Eleison,Stellamara,https://getsongbpm.com/song/kyrie-eleison/mZNAq0,138,5/4,Bm,minor,3m,17,97,1.0000,matched
Rick Astley,Never Gonna Give You Up,2697,lYBUbBu4W08,https://music.youtube.com/watch?v=lYBUbBu4W08,Rick Astley,Never Gonna Give You Up,Whenever You Need Somebody,214,qZPp7,Never Gonna Give You Up,Rick Astley,https://getsongbpm.com/song/never-gonna-give-you-up/qZPp7,112,4/4,A♯m,minor,8m,73,14,1.0000,matched
Disturbed,The Vengeful One,2699,O_ItSLCZWb0,https://music.youtube.com/watch?v=O_ItSLCZWb0,Disturbed,The Vengeful One,Immortalized (Deluxe Edition),253,oZ2gPN,The Vengeful One,Disturbed,https://getsongbpm.com/song/the-vengeful-one/oZ2gPN,170,4/4,Em,minor,2m,24,1,0.9904,matched
Slipknot,Psychosocial,2700,-XlW-cyAdiw,https://music.youtube.com/watch?v=-XlW-cyAdiw,Slipknot,Psychosocial,All Hope Is Gone,284,QWoxgM,Psychosocial,Slipknot,https://getsongbpm.com/song/psychosocial/QWoxgM,140,4/4,A,major,4d,58,1,1.0000,matched
Marilyn Manson,The Beautiful People,2705,aFIwUqEiEnw,https://music.youtube.com/watch?v=aFIwUqEiEnw,Marilyn Manson,The Beautiful People,Antichrist Superstar,219,yrJNzz,The Beautiful People,Marilyn Manson,https://getsongbpm.com/song/the-beautiful-people/yrJNzz,144,4/4,A,major,4d,63,1,1.0000,matched
Marilyn Manson,This Is The New Shit,2709,NefPxlL5o8g,https://music.youtube.com/watch?v=NefPxlL5o8g,Marilyn Manson,This Is The New Shit,This Is The New Shit,261,mEL2G,This Is the New Shit,Marilyn Manson,https://getsongbpm.com/song/this-is-the-new-shit/mEL2G,178,4/4,D,major,3d,58,1,0.9323,matched
Linkin Park,In the End,2715,BLZWkjBXfN8,https://music.youtube.com/watch?v=BLZWkjBXfN8,Linkin Park,In the End,Hybrid Theory (Bonus Edition),217,VPqqMz,In the End,Linkin Park,https://getsongbpm.com/song/in-the-end/VPqqMz,102,4/4,D♯m,minor,7m,55,2,0.9904,matched
Skillet,Hero,2717,EDNZ2zubuKg,https://music.youtube.com/watch?v=EDNZ2zubuKg,Skillet,Hero,Awake,187,Bg8nKW,Hero,Skillet,https://getsongbpm.com/song/hero/Bg8nKW,144,4/4,C♯,major,8d,54,1,1.0000,matched
System Of A Down,Aerials,2719,e-2251_at-k,https://music.youtube.com/watch?v=e-2251_at-k,System Of A Down,Aerials,Toxicity,236,ZpzKw,Aerials / Arto,System of a Down,https://getsongbpm.com/song/aerials-arto/ZpzKw,200,,Cm,minor,10m,,,0.9304,matched
Depeche Mode,Personal Jesus,2720,pm3sP0n7F-M,https://music.youtube.com/watch?v=pm3sP0n7F-M,Depeche Mode,Personal Jesus,Violator (Deluxe),296,zpDv8,Personal Jesus,Depeche Mode,https://getsongbpm.com/song/personal-jesus/zpDv8,129,4/4,F♯m,minor,4m,64,2,0.9904,matched
nirvana,rape me,2723,3rS6mZUo3fg,https://music.youtube.com/watch?v=3rS6mZUo3fg,Martin Flaa,nirvana - rape me,,171,JyQDVD,Rape Me,Nirvana,https://getsongbpm.com/song/rape-me/JyQDVD,112,4/4,G♯,major,9d,42,3,1.0000,matched
Nirvana,Smells Like Teen Spirit,2724,ljUtuoFt-8c,https://music.youtube.com/watch?v=ljUtuoFt-8c,Nirvana,Smells Like Teen Spirit,Nevermind,302,rkjj4,Smells Like Teen Spirit,Nirvana,https://getsongbpm.com/song/smells-like-teen-spirit/rkjj4,117,4/4,Fm,minor,9m,52,1,1.0000,matched
System Of A Down,Toxicity,2728,mUEsqQpact0,https://music.youtube.com/watch?v=mUEsqQpact0,System Of A Down,Toxicity,Toxicity,219,XnrG5,Toxicity,System of a Down,https://getsongbpm.com/song/toxicity/XnrG5,112,3/4,Cm,minor,10m,42,1,1.0000,matched
Motörhead,God Was Never on Your Side,2732,o1hSSuc42P8,https://music.youtube.com/watch?v=o1hSSuc42P8,Motörhead,God Was Never on Your Side,Kiss of Death,262,M8NrZ1,God Was Never on Your Side,Motörhead,https://getsongbpm.com/song/god-was-never-on-your-side/M8NrZ1,175,4/4,D♯m,minor,7m,30,17,1.0000,matched
Justin Bieber,Baby (feat. Ludacris),2734,GqWYJT-iMTw,https://music.youtube.com/watch?v=GqWYJT-iMTw,Justin Bieber,Baby (feat. Ludacris),My World 2.0,215,Bg7y42,Baby,Justin Bieber,https://getsongbpm.com/song/baby/Bg7y42,130,4/4,Em,minor,2m,66,6,1.0000,matched
Miley Cyrus,Wrecking Ball,2736,iqXxfOnk-Z4,https://music.youtube.com/watch?v=iqXxfOnk-Z4,Miley Cyrus,Wrecking Ball,Bangerz (Deluxe Version),222,lxxDAr,Wrecking Ball,Miley Cyrus,https://getsongbpm.com/song/wrecking-ball/lxxDAr,117,4/4,F,major,12d,53,41,0.9904,matched
Hypnogaja; ShyBoy,They Don't Care,2746,ERmILnpJ0Io,https://music.youtube.com/watch?v=ERmILnpJ0Io,Hypnogaja; ShyBoy,They Don't Care,Below Sunset,235,lOBvz7,They Don't Care,Hypnogaja,https://getsongbpm.com/song/they-don-t-care/lOBvz7,187,4/4,E,major,5d,50,3,1.0000,matched
Meghan Trainor,All About That Bass,2774,phEyvmvIvZs,https://music.youtube.com/watch?v=phEyvmvIvZs,Meghan Trainor,All About That Bass,Title,188,MwvwJ5,All About That Bass,Meghan Trainor,https://getsongbpm.com/song/all-about-that-bass/MwvwJ5,134,4/4,A,major,4d,82,5,1.0000,matched
ERA,Reborn,2779,RQGRP5FrL1w,https://music.youtube.com/watch?v=RQGRP5FrL1w,ERA,Reborn,,210,R698ZY,Reborn,Era,https://getsongbpm.com/song/reborn/R698ZY,116,5/4,G♯,major,9d,45,81,1.0000,matched
Edith Piaf,"Non, je ne regrette rien",2805,t6wjCcWC2aE,https://music.youtube.com/watch?v=t6wjCcWC2aE,Edith Piaf,"Non, je ne regrette rien",Eternelle,143,5QyOPA,"Non, je ne regrette rien",Édith Piaf,https://getsongbpm.com/song/non-je-ne-regrette-rien/5QyOPA,87,4/4,G,major,2d,39,86,0.9467,matched
